reference_date,target,horizon,target_end_date,location,output_type,output_type_id,value
2026-10-03,wk flu hosp rate change,0,2026-10-03,01,pmf,decrease,0.0273227768544
2026-10-03,wk flu hosp rate change,0,2026-10-03,01,pmf,increase,0.176256586369
2026-10-03,wk flu hosp rate change,0,2026-10-03,01,pmf,large_decrease,0.00115020922931
2026-10-03,wk flu hosp rate change,0,2026-10-03,01,pmf,large_increase,0.0109417325541
2026-10-03,wk flu hosp rate change,0,2026-10-03,01,pmf,stable,0.784328694993
2026-10-03,wk flu hosp rate change,1,2026-10-10,01,pmf,decrease,0.0167779469003
2026-10-03,wk flu hosp rate change,1,2026-10-10,01,pmf,increase,0.180807356896
2026-10-03,wk flu hosp rate change,1,2026-10-10,01,pmf,large_decrease,0.000622778419222
2026-10-03,wk flu hosp rate change,1,2026-10-10,01,pmf,large_increase,0.00869756861204
2026-10-03,wk flu hosp rate change,1,2026-10-10,01,pmf,stable,0.793094349172
2026-10-03,wk flu hosp rate change,2,2026-10-17,01,pmf,decrease,0.0126552989698
2026-10-03,wk flu hosp rate change,2,2026-10-17,01,pmf,increase,0.201961685421
2026-10-03,wk flu hosp rate change,2,2026-10-17,01,pmf,large_decrease,0.000482409320714
2026-10-03,wk flu hosp rate change,2,2026-10-17,01,pmf,large_increase,0.0130449059567
2026-10-03,wk flu hosp rate change,2,2026-10-17,01,pmf,stable,0.771855700331
2026-10-03,wk flu hosp rate change,3,2026-10-24,01,pmf,decrease,0.00983458824752
2026-10-03,wk flu hosp rate change,3,2026-10-24,01,pmf,increase,0.204795634914
2026-10-03,wk flu hosp rate change,3,2026-10-24,01,pmf,large_decrease,0.000418603878659
2026-10-03,wk flu hosp rate change,3,2026-10-24,01,pmf,large_increase,0.0166856744748
2026-10-03,wk flu hosp rate change,3,2026-10-24,01,pmf,stable,0.768265498485
2026-10-03,wk flu hosp rate change,0,2026-10-03,02,pmf,decrease,0.0388900090169
2026-10-03,wk flu hosp rate change,0,2026-10-03,02,pmf,increase,0.164587022462
2026-10-03,wk flu hosp rate change,0,2026-10-03,02,pmf,large_decrease,0.000989788948539
2026-10-03,wk flu hosp rate change,0,2026-10-03,02,pmf,large_increase,0.036564362101
2026-10-03,wk flu hosp rate change,0,2026-10-03,02,pmf,stable,0.758968817471
2026-10-03,wk flu hosp rate change,1,2026-10-10,02,pmf,decrease,0.0436642822762
2026-10-03,wk flu hosp rate change,1,2026-10-10,02,pmf,increase,0.220131332322
2026-10-03,wk flu hosp rate change,1,2026-10-10,02,pmf,large_decrease,0.000579424001942
2026-10-03,wk flu hosp rate change,1,2026-10-10,02,pmf,large_increase,0.0294942715061
2026-10-03,wk flu hosp rate change,1,2026-10-10,02,pmf,stable,0.706130689893
2026-10-03,wk flu hosp rate change,2,2026-10-17,02,pmf,decrease,0.0557986358413
2026-10-03,wk flu hosp rate change,2,2026-10-17,02,pmf,increase,0.286664268827
2026-10-03,wk flu hosp rate change,2,2026-10-17,02,pmf,large_decrease,0.000436449967587
2026-10-03,wk flu hosp rate change,2,2026-10-17,02,pmf,large_increase,0.0431672581045
2026-10-03,wk flu hosp rate change,2,2026-10-17,02,pmf,stable,0.61393338726
2026-10-03,wk flu hosp rate change,3,2026-10-24,02,pmf,decrease,0.0705475296195
2026-10-03,wk flu hosp rate change,3,2026-10-24,02,pmf,increase,0.291893826465
2026-10-03,wk flu hosp rate change,3,2026-10-24,02,pmf,large_decrease,0.000373743267718
2026-10-03,wk flu hosp rate change,3,2026-10-24,02,pmf,large_increase,0.0549650683632
2026-10-03,wk flu hosp rate change,3,2026-10-24,02,pmf,stable,0.582219832285
2026-10-03,wk flu hosp rate change,0,2026-10-03,04,pmf,decrease,0.0186945568874
2026-10-03,wk flu hosp rate change,0,2026-10-03,04,pmf,increase,0.140757523698
2026-10-03,wk flu hosp rate change,0,2026-10-03,04,pmf,large_decrease,0.000617596195968
2026-10-03,wk flu hosp rate change,0,2026-10-03,04,pmf,large_increase,0.00778612367369
2026-10-03,wk flu hosp rate change,0,2026-10-03,04,pmf,stable,0.832144199545
2026-10-03,wk flu hosp rate change,1,2026-10-10,04,pmf,decrease,0.0109968035197
2026-10-03,wk flu hosp rate change,1,2026-10-10,04,pmf,increase,0.145000672384
2026-10-03,wk flu hosp rate change,1,2026-10-10,04,pmf,large_decrease,0.00033292039329
2026-10-03,wk flu hosp rate change,1,2026-10-10,04,pmf,large_increase,0.00603526778642
2026-10-03,wk flu hosp rate change,1,2026-10-10,04,pmf,stable,0.837634335917
2026-10-03,wk flu hosp rate change,2,2026-10-17,04,pmf,decrease,0.00843128381843
2026-10-03,wk flu hosp rate change,2,2026-10-17,04,pmf,increase,0.162056162386
2026-10-03,wk flu hosp rate change,2,2026-10-17,04,pmf,large_decrease,0.00025793646549
2026-10-03,wk flu hosp rate change,2,2026-10-17,04,pmf,large_increase,0.00892003667796
2026-10-03,wk flu hosp rate change,2,2026-10-17,04,pmf,stable,0.820334580652
2026-10-03,wk flu hosp rate change,3,2026-10-24,04,pmf,decrease,0.00666171986444
2026-10-03,wk flu hosp rate change,3,2026-10-24,04,pmf,increase,0.16483749451
2026-10-03,wk flu hosp rate change,3,2026-10-24,04,pmf,large_decrease,0.000228231625429
2026-10-03,wk flu hosp rate change,3,2026-10-24,04,pmf,large_increase,0.0120583018681
2026-10-03,wk flu hosp rate change,3,2026-10-24,04,pmf,stable,0.816214252132
2026-10-03,wk flu hosp rate change,0,2026-10-03,05,pmf,decrease,0.0081968171706
2026-10-03,wk flu hosp rate change,0,2026-10-03,05,pmf,increase,0.10543006137
2026-10-03,wk flu hosp rate change,0,2026-10-03,05,pmf,large_decrease,0.000866060397214
2026-10-03,wk flu hosp rate change,0,2026-10-03,05,pmf,large_increase,0.0205465641602
2026-10-03,wk flu hosp rate change,0,2026-10-03,05,pmf,stable,0.864960496902
2026-10-03,wk flu hosp rate change,1,2026-10-10,05,pmf,decrease,0.00557802040461
2026-10-03,wk flu hosp rate change,1,2026-10-10,05,pmf,increase,0.144792753053
2026-10-03,wk flu hosp rate change,1,2026-10-10,05,pmf,large_decrease,0.000505221566604
2026-10-03,wk flu hosp rate change,1,2026-10-10,05,pmf,large_increase,0.0136744562796
2026-10-03,wk flu hosp rate change,1,2026-10-10,05,pmf,stable,0.835449548697
2026-10-03,wk flu hosp rate change,2,2026-10-17,05,pmf,decrease,0.00481515063967
2026-10-03,wk flu hosp rate change,2,2026-10-17,05,pmf,increase,0.186169143415
2026-10-03,wk flu hosp rate change,2,2026-10-17,05,pmf,large_decrease,0.000414065645732
2026-10-03,wk flu hosp rate change,2,2026-10-17,05,pmf,large_increase,0.0202460701325
2026-10-03,wk flu hosp rate change,2,2026-10-17,05,pmf,stable,0.788355570167
2026-10-03,wk flu hosp rate change,3,2026-10-24,05,pmf,decrease,0.00399004929676
2026-10-03,wk flu hosp rate change,3,2026-10-24,05,pmf,increase,0.199269120993
2026-10-03,wk flu hosp rate change,3,2026-10-24,05,pmf,large_decrease,0.000367172052825
2026-10-03,wk flu hosp rate change,3,2026-10-24,05,pmf,large_increase,0.0269808210527
2026-10-03,wk flu hosp rate change,3,2026-10-24,05,pmf,stable,0.769392836604
2026-10-03,wk flu hosp rate change,0,2026-10-03,06,pmf,decrease,0.0196924685568
2026-10-03,wk flu hosp rate change,0,2026-10-03,06,pmf,increase,0.117551932398
2026-10-03,wk flu hosp rate change,0,2026-10-03,06,pmf,large_decrease,0.00224667944111
2026-10-03,wk flu hosp rate change,0,2026-10-03,06,pmf,large_increase,0.00836051808603
2026-10-03,wk flu hosp rate change,0,2026-10-03,06,pmf,stable,0.852148401518
2026-10-03,wk flu hosp rate change,1,2026-10-10,06,pmf,decrease,0.0163405607156
2026-10-03,wk flu hosp rate change,1,2026-10-10,06,pmf,increase,0.122553260267
2026-10-03,wk flu hosp rate change,1,2026-10-10,06,pmf,large_decrease,0.00145245759996
2026-10-03,wk flu hosp rate change,1,2026-10-10,06,pmf,large_increase,0.00681906293863
2026-10-03,wk flu hosp rate change,1,2026-10-10,06,pmf,stable,0.852834658479
2026-10-03,wk flu hosp rate change,2,2026-10-17,06,pmf,decrease,0.0142542272997
2026-10-03,wk flu hosp rate change,2,2026-10-17,06,pmf,increase,0.134451357319
2026-10-03,wk flu hosp rate change,2,2026-10-17,06,pmf,large_decrease,0.00122265318709
2026-10-03,wk flu hosp rate change,2,2026-10-17,06,pmf,large_increase,0.00875758296801
2026-10-03,wk flu hosp rate change,2,2026-10-17,06,pmf,stable,0.841314179226
2026-10-03,wk flu hosp rate change,3,2026-10-24,06,pmf,decrease,0.0134284701874
2026-10-03,wk flu hosp rate change,3,2026-10-24,06,pmf,increase,0.136142717268
2026-10-03,wk flu hosp rate change,3,2026-10-24,06,pmf,large_decrease,0.0011400937747
2026-10-03,wk flu hosp rate change,3,2026-10-24,06,pmf,large_increase,0.0110906395455
2026-10-03,wk flu hosp rate change,3,2026-10-24,06,pmf,stable,0.838198079224
2026-10-03,wk flu hosp rate change,0,2026-10-03,08,pmf,decrease,0.0626207602068
2026-10-03,wk flu hosp rate change,0,2026-10-03,08,pmf,increase,0.132380477474
2026-10-03,wk flu hosp rate change,0,2026-10-03,08,pmf,large_decrease,0.00167225957663
2026-10-03,wk flu hosp rate change,0,2026-10-03,08,pmf,large_increase,0.0221032379544
2026-10-03,wk flu hosp rate change,0,2026-10-03,08,pmf,stable,0.781223264788
2026-10-03,wk flu hosp rate change,1,2026-10-10,08,pmf,decrease,0.0401289321396
2026-10-03,wk flu hosp rate change,1,2026-10-10,08,pmf,increase,0.168664660539
2026-10-03,wk flu hosp rate change,1,2026-10-10,08,pmf,large_decrease,0.000857616555214
2026-10-03,wk flu hosp rate change,1,2026-10-10,08,pmf,large_increase,0.0193151895577
2026-10-03,wk flu hosp rate change,1,2026-10-10,08,pmf,stable,0.771033601209
2026-10-03,wk flu hosp rate change,2,2026-10-17,08,pmf,decrease,0.0320323728224
2026-10-03,wk flu hosp rate change,2,2026-10-17,08,pmf,increase,0.206714083067
2026-10-03,wk flu hosp rate change,2,2026-10-17,08,pmf,large_decrease,0.00061445719623
2026-10-03,wk flu hosp rate change,2,2026-10-17,08,pmf,large_increase,0.0303764235663
2026-10-03,wk flu hosp rate change,2,2026-10-17,08,pmf,stable,0.730262663348
2026-10-03,wk flu hosp rate change,3,2026-10-24,08,pmf,decrease,0.0248593320905
2026-10-03,wk flu hosp rate change,3,2026-10-24,08,pmf,increase,0.216591684641
2026-10-03,wk flu hosp rate change,3,2026-10-24,08,pmf,large_decrease,0.000543828528542
2026-10-03,wk flu hosp rate change,3,2026-10-24,08,pmf,large_increase,0.0390965996097
2026-10-03,wk flu hosp rate change,3,2026-10-24,08,pmf,stable,0.718908555131
2026-10-03,wk flu hosp rate change,0,2026-10-03,09,pmf,decrease,0.00207261592854
2026-10-03,wk flu hosp rate change,0,2026-10-03,09,pmf,increase,0.0939106563206
2026-10-03,wk flu hosp rate change,0,2026-10-03,09,pmf,large_decrease,0.000371293204332
2026-10-03,wk flu hosp rate change,0,2026-10-03,09,pmf,large_increase,0.0107387047415
2026-10-03,wk flu hosp rate change,0,2026-10-03,09,pmf,stable,0.892906729805
2026-10-03,wk flu hosp rate change,1,2026-10-10,09,pmf,decrease,0.00158965259678
2026-10-03,wk flu hosp rate change,1,2026-10-10,09,pmf,increase,0.126195980768
2026-10-03,wk flu hosp rate change,1,2026-10-10,09,pmf,large_decrease,0.00021720846632
2026-10-03,wk flu hosp rate change,1,2026-10-10,09,pmf,large_increase,0.00778527852961
2026-10-03,wk flu hosp rate change,1,2026-10-10,09,pmf,stable,0.864211879639
2026-10-03,wk flu hosp rate change,2,2026-10-17,09,pmf,decrease,0.00155292493182
2026-10-03,wk flu hosp rate change,2,2026-10-17,09,pmf,increase,0.165214844696
2026-10-03,wk flu hosp rate change,2,2026-10-17,09,pmf,large_decrease,0.000186682732695
2026-10-03,wk flu hosp rate change,2,2026-10-17,09,pmf,large_increase,0.0111024385905
2026-10-03,wk flu hosp rate change,2,2026-10-17,09,pmf,stable,0.821943109049
2026-10-03,wk flu hosp rate change,3,2026-10-24,09,pmf,decrease,0.00133279714835
2026-10-03,wk flu hosp rate change,3,2026-10-24,09,pmf,increase,0.172295247887
2026-10-03,wk flu hosp rate change,3,2026-10-24,09,pmf,large_decrease,0.000168737229322
2026-10-03,wk flu hosp rate change,3,2026-10-24,09,pmf,large_increase,0.0146195294356
2026-10-03,wk flu hosp rate change,3,2026-10-24,09,pmf,stable,0.8115836883
2026-10-03,wk flu hosp rate change,0,2026-10-03,10,pmf,decrease,3.15840404116e-05
2026-10-03,wk flu hosp rate change,0,2026-10-03,10,pmf,increase,0.0209659843345
2026-10-03,wk flu hosp rate change,0,2026-10-03,10,pmf,large_decrease,4.15138925329e-05
2026-10-03,wk flu hosp rate change,0,2026-10-03,10,pmf,large_increase,0.00390260974254
2026-10-03,wk flu hosp rate change,0,2026-10-03,10,pmf,stable,0.97505830799
2026-10-03,wk flu hosp rate change,1,2026-10-10,10,pmf,decrease,3.28734735665e-05
2026-10-03,wk flu hosp rate change,1,2026-10-10,10,pmf,increase,0.0356749534261
2026-10-03,wk flu hosp rate change,1,2026-10-10,10,pmf,large_decrease,2.90679820636e-05
2026-10-03,wk flu hosp rate change,1,2026-10-10,10,pmf,large_increase,0.00268739766876
2026-10-03,wk flu hosp rate change,1,2026-10-10,10,pmf,stable,0.96157570745
2026-10-03,wk flu hosp rate change,2,2026-10-17,10,pmf,decrease,4.28672728211e-05
2026-10-03,wk flu hosp rate change,2,2026-10-17,10,pmf,increase,0.0597804512091
2026-10-03,wk flu hosp rate change,2,2026-10-17,10,pmf,large_decrease,3.2264858023e-05
2026-10-03,wk flu hosp rate change,2,2026-10-17,10,pmf,large_increase,0.00435913677957
2026-10-03,wk flu hosp rate change,2,2026-10-17,10,pmf,stable,0.935785279881
2026-10-03,wk flu hosp rate change,3,2026-10-24,10,pmf,decrease,4.32639026564e-05
2026-10-03,wk flu hosp rate change,3,2026-10-24,10,pmf,increase,0.0667160013988
2026-10-03,wk flu hosp rate change,3,2026-10-24,10,pmf,large_decrease,3.12785035882e-05
2026-10-03,wk flu hosp rate change,3,2026-10-24,10,pmf,large_increase,0.00590029535699
2026-10-03,wk flu hosp rate change,3,2026-10-24,10,pmf,stable,0.927309160838
2026-10-03,wk flu hosp rate change,0,2026-10-03,11,pmf,decrease,0.00071333289773
2026-10-03,wk flu hosp rate change,0,2026-10-03,11,pmf,increase,0.0233678407421
2026-10-03,wk flu hosp rate change,0,2026-10-03,11,pmf,large_decrease,0.000535794614753
2026-10-03,wk flu hosp rate change,0,2026-10-03,11,pmf,large_increase,0.00963790204707
2026-10-03,wk flu hosp rate change,0,2026-10-03,11,pmf,stable,0.965745129698
2026-10-03,wk flu hosp rate change,1,2026-10-10,11,pmf,decrease,0.000701755510203
2026-10-03,wk flu hosp rate change,1,2026-10-10,11,pmf,increase,0.0423217053776
2026-10-03,wk flu hosp rate change,1,2026-10-10,11,pmf,large_decrease,0.000401753494981
2026-10-03,wk flu hosp rate change,1,2026-10-10,11,pmf,large_increase,0.00794255699833
2026-10-03,wk flu hosp rate change,1,2026-10-10,11,pmf,stable,0.948632228619
2026-10-03,wk flu hosp rate change,2,2026-10-17,11,pmf,decrease,0.000774332748602
2026-10-03,wk flu hosp rate change,2,2026-10-17,11,pmf,increase,0.0682852831824
2026-10-03,wk flu hosp rate change,2,2026-10-17,11,pmf,large_decrease,0.00039581188148
2026-10-03,wk flu hosp rate change,2,2026-10-17,11,pmf,large_increase,0.0151795028824
2026-10-03,wk flu hosp rate change,2,2026-10-17,11,pmf,stable,0.915365069305
2026-10-03,wk flu hosp rate change,3,2026-10-24,11,pmf,decrease,0.000851605680684
2026-10-03,wk flu hosp rate change,3,2026-10-24,11,pmf,increase,0.0763109847389
2026-10-03,wk flu hosp rate change,3,2026-10-24,11,pmf,large_decrease,0.000365213131501
2026-10-03,wk flu hosp rate change,3,2026-10-24,11,pmf,large_increase,0.021966397582
2026-10-03,wk flu hosp rate change,3,2026-10-24,11,pmf,stable,0.900505798867
2026-10-03,wk flu hosp rate change,0,2026-10-03,12,pmf,decrease,0.0480847183282
2026-10-03,wk flu hosp rate change,0,2026-10-03,12,pmf,increase,0.503686298548
2026-10-03,wk flu hosp rate change,0,2026-10-03,12,pmf,large_decrease,0.00785426110499
2026-10-03,wk flu hosp rate change,0,2026-10-03,12,pmf,large_increase,0.0252078774178
2026-10-03,wk flu hosp rate change,0,2026-10-03,12,pmf,stable,0.415166844601
2026-10-03,wk flu hosp rate change,1,2026-10-10,12,pmf,decrease,0.0388061315853
2026-10-03,wk flu hosp rate change,1,2026-10-10,12,pmf,increase,0.529563525813
2026-10-03,wk flu hosp rate change,1,2026-10-10,12,pmf,large_decrease,0.00475054462427
2026-10-03,wk flu hosp rate change,1,2026-10-10,12,pmf,large_increase,0.0190451066833
2026-10-03,wk flu hosp rate change,1,2026-10-10,12,pmf,stable,0.407834691295
2026-10-03,wk flu hosp rate change,2,2026-10-17,12,pmf,decrease,0.0298435852895
2026-10-03,wk flu hosp rate change,2,2026-10-17,12,pmf,increase,0.554559265378
2026-10-03,wk flu hosp rate change,2,2026-10-17,12,pmf,large_decrease,0.00379170172198
2026-10-03,wk flu hosp rate change,2,2026-10-17,12,pmf,large_increase,0.0258896662442
2026-10-03,wk flu hosp rate change,2,2026-10-17,12,pmf,stable,0.385915781366
2026-10-03,wk flu hosp rate change,3,2026-10-24,12,pmf,decrease,0.0275528173373
2026-10-03,wk flu hosp rate change,3,2026-10-24,12,pmf,increase,0.547567032852
2026-10-03,wk flu hosp rate change,3,2026-10-24,12,pmf,large_decrease,0.003457365507
2026-10-03,wk flu hosp rate change,3,2026-10-24,12,pmf,large_increase,0.0307234345543
2026-10-03,wk flu hosp rate change,3,2026-10-24,12,pmf,stable,0.39069934975
2026-10-03,wk flu hosp rate change,0,2026-10-03,13,pmf,decrease,0.00746575999324
2026-10-03,wk flu hosp rate change,0,2026-10-03,13,pmf,increase,0.108289760054
2026-10-03,wk flu hosp rate change,0,2026-10-03,13,pmf,large_decrease,0.000306722510559
2026-10-03,wk flu hosp rate change,0,2026-10-03,13,pmf,large_increase,0.00184114716229
2026-10-03,wk flu hosp rate change,0,2026-10-03,13,pmf,stable,0.88209661028
2026-10-03,wk flu hosp rate change,1,2026-10-10,13,pmf,decrease,0.00464839508624
2026-10-03,wk flu hosp rate change,1,2026-10-10,13,pmf,increase,0.112238680255
2026-10-03,wk flu hosp rate change,1,2026-10-10,13,pmf,large_decrease,0.000170835999408
2026-10-03,wk flu hosp rate change,1,2026-10-10,13,pmf,large_increase,0.00145263333779
2026-10-03,wk flu hosp rate change,1,2026-10-10,13,pmf,stable,0.881489455321
2026-10-03,wk flu hosp rate change,2,2026-10-17,13,pmf,decrease,0.00378831223473
2026-10-03,wk flu hosp rate change,2,2026-10-17,13,pmf,increase,0.124932072092
2026-10-03,wk flu hosp rate change,2,2026-10-17,13,pmf,large_decrease,0.000137581421071
2026-10-03,wk flu hosp rate change,2,2026-10-17,13,pmf,large_increase,0.00219406239407
2026-10-03,wk flu hosp rate change,2,2026-10-17,13,pmf,stable,0.868947971858
2026-10-03,wk flu hosp rate change,3,2026-10-24,13,pmf,decrease,0.00329127373062
2026-10-03,wk flu hosp rate change,3,2026-10-24,13,pmf,increase,0.130508971552
2026-10-03,wk flu hosp rate change,3,2026-10-24,13,pmf,large_decrease,0.000126940835808
2026-10-03,wk flu hosp rate change,3,2026-10-24,13,pmf,large_increase,0.00293312489217
2026-10-03,wk flu hosp rate change,3,2026-10-24,13,pmf,stable,0.863139688989
2026-10-03,wk flu hosp rate change,0,2026-10-03,15,pmf,decrease,0.131497450656
2026-10-03,wk flu hosp rate change,0,2026-10-03,15,pmf,increase,0.156230032938
2026-10-03,wk flu hosp rate change,0,2026-10-03,15,pmf,large_decrease,0.00293790462918
2026-10-03,wk flu hosp rate change,0,2026-10-03,15,pmf,large_increase,0.0200050101879
2026-10-03,wk flu hosp rate change,0,2026-10-03,15,pmf,stable,0.689329601589
2026-10-03,wk flu hosp rate change,1,2026-10-10,15,pmf,decrease,0.103648834152
2026-10-03,wk flu hosp rate change,1,2026-10-10,15,pmf,increase,0.215583776551
2026-10-03,wk flu hosp rate change,1,2026-10-10,15,pmf,large_decrease,0.00152812150808
2026-10-03,wk flu hosp rate change,1,2026-10-10,15,pmf,large_increase,0.00947352879942
2026-10-03,wk flu hosp rate change,1,2026-10-10,15,pmf,stable,0.669765738989
2026-10-03,wk flu hosp rate change,2,2026-10-17,15,pmf,decrease,0.0835719178619
2026-10-03,wk flu hosp rate change,2,2026-10-17,15,pmf,increase,0.255966694244
2026-10-03,wk flu hosp rate change,2,2026-10-17,15,pmf,large_decrease,0.00104249441246
2026-10-03,wk flu hosp rate change,2,2026-10-17,15,pmf,large_increase,0.0152231417517
2026-10-03,wk flu hosp rate change,2,2026-10-17,15,pmf,stable,0.64419575173
2026-10-03,wk flu hosp rate change,3,2026-10-24,15,pmf,decrease,0.0629164141061
2026-10-03,wk flu hosp rate change,3,2026-10-24,15,pmf,increase,0.26898288956
2026-10-03,wk flu hosp rate change,3,2026-10-24,15,pmf,large_decrease,0.000893580836208
2026-10-03,wk flu hosp rate change,3,2026-10-24,15,pmf,large_increase,0.0197953632497
2026-10-03,wk flu hosp rate change,3,2026-10-24,15,pmf,stable,0.647411752248
2026-10-03,wk flu hosp rate change,0,2026-10-03,16,pmf,decrease,0.018866631804
2026-10-03,wk flu hosp rate change,0,2026-10-03,16,pmf,increase,0.132111439126
2026-10-03,wk flu hosp rate change,0,2026-10-03,16,pmf,large_decrease,0.000859753408667
2026-10-03,wk flu hosp rate change,0,2026-10-03,16,pmf,large_increase,0.0261015452604
2026-10-03,wk flu hosp rate change,0,2026-10-03,16,pmf,stable,0.822060630401
2026-10-03,wk flu hosp rate change,1,2026-10-10,16,pmf,decrease,0.0137801645766
2026-10-03,wk flu hosp rate change,1,2026-10-10,16,pmf,increase,0.17736338648
2026-10-03,wk flu hosp rate change,1,2026-10-10,16,pmf,large_decrease,0.000465126654257
2026-10-03,wk flu hosp rate change,1,2026-10-10,16,pmf,large_increase,0.0192608060584
2026-10-03,wk flu hosp rate change,1,2026-10-10,16,pmf,stable,0.789130516231
2026-10-03,wk flu hosp rate change,2,2026-10-17,16,pmf,decrease,0.0113042598238
2026-10-03,wk flu hosp rate change,2,2026-10-17,16,pmf,increase,0.225424414114
2026-10-03,wk flu hosp rate change,2,2026-10-17,16,pmf,large_decrease,0.000364673893128
2026-10-03,wk flu hosp rate change,2,2026-10-17,16,pmf,large_increase,0.0277347426906
2026-10-03,wk flu hosp rate change,2,2026-10-17,16,pmf,stable,0.735171909478
2026-10-03,wk flu hosp rate change,3,2026-10-24,16,pmf,decrease,0.0090910303915
2026-10-03,wk flu hosp rate change,3,2026-10-24,16,pmf,increase,0.233415569177
2026-10-03,wk flu hosp rate change,3,2026-10-24,16,pmf,large_decrease,0.000320416641159
2026-10-03,wk flu hosp rate change,3,2026-10-24,16,pmf,large_increase,0.037301661336
2026-10-03,wk flu hosp rate change,3,2026-10-24,16,pmf,stable,0.719871322454
2026-10-03,wk flu hosp rate change,0,2026-10-03,17,pmf,decrease,0.0636020515328
2026-10-03,wk flu hosp rate change,0,2026-10-03,17,pmf,increase,0.221673608844
2026-10-03,wk flu hosp rate change,0,2026-10-03,17,pmf,large_decrease,0.00738361368321
2026-10-03,wk flu hosp rate change,0,2026-10-03,17,pmf,large_increase,0.029043146334
2026-10-03,wk flu hosp rate change,0,2026-10-03,17,pmf,stable,0.678297579606
2026-10-03,wk flu hosp rate change,1,2026-10-10,17,pmf,decrease,0.0506562184288
2026-10-03,wk flu hosp rate change,1,2026-10-10,17,pmf,increase,0.229947418607
2026-10-03,wk flu hosp rate change,1,2026-10-10,17,pmf,large_decrease,0.00394889730449
2026-10-03,wk flu hosp rate change,1,2026-10-10,17,pmf,large_increase,0.0241807391449
2026-10-03,wk flu hosp rate change,1,2026-10-10,17,pmf,stable,0.691266726515
2026-10-03,wk flu hosp rate change,2,2026-10-17,17,pmf,decrease,0.0419840235705
2026-10-03,wk flu hosp rate change,2,2026-10-17,17,pmf,increase,0.24850197704
2026-10-03,wk flu hosp rate change,2,2026-10-17,17,pmf,large_decrease,0.00306826715113
2026-10-03,wk flu hosp rate change,2,2026-10-17,17,pmf,large_increase,0.0356972767618
2026-10-03,wk flu hosp rate change,2,2026-10-17,17,pmf,stable,0.670748455476
2026-10-03,wk flu hosp rate change,3,2026-10-24,17,pmf,decrease,0.033933879651
2026-10-03,wk flu hosp rate change,3,2026-10-24,17,pmf,increase,0.243804565682
2026-10-03,wk flu hosp rate change,3,2026-10-24,17,pmf,large_decrease,0.00258023524716
2026-10-03,wk flu hosp rate change,3,2026-10-24,17,pmf,large_increase,0.043871018346
2026-10-03,wk flu hosp rate change,3,2026-10-24,17,pmf,stable,0.675810301073
2026-10-03,wk flu hosp rate change,0,2026-10-03,18,pmf,decrease,0.0854428389451
2026-10-03,wk flu hosp rate change,0,2026-10-03,18,pmf,increase,0.174590125355
2026-10-03,wk flu hosp rate change,0,2026-10-03,18,pmf,large_decrease,0.00470788163542
2026-10-03,wk flu hosp rate change,0,2026-10-03,18,pmf,large_increase,0.0205356438356
2026-10-03,wk flu hosp rate change,0,2026-10-03,18,pmf,stable,0.714723510229
2026-10-03,wk flu hosp rate change,1,2026-10-10,18,pmf,decrease,0.0535634767074
2026-10-03,wk flu hosp rate change,1,2026-10-10,18,pmf,increase,0.194831785523
2026-10-03,wk flu hosp rate change,1,2026-10-10,18,pmf,large_decrease,0.00235183218432
2026-10-03,wk flu hosp rate change,1,2026-10-10,18,pmf,large_increase,0.0170746315755
2026-10-03,wk flu hosp rate change,1,2026-10-10,18,pmf,stable,0.73217827401
2026-10-03,wk flu hosp rate change,2,2026-10-17,18,pmf,decrease,0.0395038865304
2026-10-03,wk flu hosp rate change,2,2026-10-17,18,pmf,increase,0.218304453678
2026-10-03,wk flu hosp rate change,2,2026-10-17,18,pmf,large_decrease,0.00169398902351
2026-10-03,wk flu hosp rate change,2,2026-10-17,18,pmf,large_increase,0.028917130149
2026-10-03,wk flu hosp rate change,2,2026-10-17,18,pmf,stable,0.711580540619
2026-10-03,wk flu hosp rate change,3,2026-10-24,18,pmf,decrease,0.0296998830706
2026-10-03,wk flu hosp rate change,3,2026-10-24,18,pmf,increase,0.222708540935
2026-10-03,wk flu hosp rate change,3,2026-10-24,18,pmf,large_decrease,0.00145509163634
2026-10-03,wk flu hosp rate change,3,2026-10-24,18,pmf,large_increase,0.0393590159319
2026-10-03,wk flu hosp rate change,3,2026-10-24,18,pmf,stable,0.706777468426
2026-10-03,wk flu hosp rate change,0,2026-10-03,19,pmf,decrease,0.0015908966539
2026-10-03,wk flu hosp rate change,0,2026-10-03,19,pmf,increase,0.0889444982518
2026-10-03,wk flu hosp rate change,0,2026-10-03,19,pmf,large_decrease,0.000290480505934
2026-10-03,wk flu hosp rate change,0,2026-10-03,19,pmf,large_increase,0.0109749447939
2026-10-03,wk flu hosp rate change,0,2026-10-03,19,pmf,stable,0.898199179794
2026-10-03,wk flu hosp rate change,1,2026-10-10,19,pmf,decrease,0.00106995413015
2026-10-03,wk flu hosp rate change,1,2026-10-10,19,pmf,increase,0.093264443061
2026-10-03,wk flu hosp rate change,1,2026-10-10,19,pmf,large_decrease,0.000136543862418
2026-10-03,wk flu hosp rate change,1,2026-10-10,19,pmf,large_increase,0.00679785934925
2026-10-03,wk flu hosp rate change,1,2026-10-10,19,pmf,stable,0.898731199597
2026-10-03,wk flu hosp rate change,2,2026-10-17,19,pmf,decrease,0.000923212796535
2026-10-03,wk flu hosp rate change,2,2026-10-17,19,pmf,increase,0.115115631998
2026-10-03,wk flu hosp rate change,2,2026-10-17,19,pmf,large_decrease,0.000110304875958
2026-10-03,wk flu hosp rate change,2,2026-10-17,19,pmf,large_increase,0.00921309188805
2026-10-03,wk flu hosp rate change,2,2026-10-17,19,pmf,stable,0.874637758441
2026-10-03,wk flu hosp rate change,3,2026-10-24,19,pmf,decrease,0.000829746653087
2026-10-03,wk flu hosp rate change,3,2026-10-24,19,pmf,increase,0.120207322869
2026-10-03,wk flu hosp rate change,3,2026-10-24,19,pmf,large_decrease,0.000100420386409
2026-10-03,wk flu hosp rate change,3,2026-10-24,19,pmf,large_increase,0.011789309432
2026-10-03,wk flu hosp rate change,3,2026-10-24,19,pmf,stable,0.86707320066
2026-10-03,wk flu hosp rate change,0,2026-10-03,20,pmf,decrease,0.000754413717307
2026-10-03,wk flu hosp rate change,0,2026-10-03,20,pmf,increase,0.0645843701466
2026-10-03,wk flu hosp rate change,0,2026-10-03,20,pmf,large_decrease,0.000199044260376
2026-10-03,wk flu hosp rate change,0,2026-10-03,20,pmf,large_increase,0.00357142142029
2026-10-03,wk flu hosp rate change,0,2026-10-03,20,pmf,stable,0.930890750455
2026-10-03,wk flu hosp rate change,1,2026-10-10,20,pmf,decrease,0.000605634540372
2026-10-03,wk flu hosp rate change,1,2026-10-10,20,pmf,increase,0.0898583922483
2026-10-03,wk flu hosp rate change,1,2026-10-10,20,pmf,large_decrease,0.000118351978051
2026-10-03,wk flu hosp rate change,1,2026-10-10,20,pmf,large_increase,0.00267891296279
2026-10-03,wk flu hosp rate change,1,2026-10-10,20,pmf,stable,0.906738708271
2026-10-03,wk flu hosp rate change,2,2026-10-17,20,pmf,decrease,0.000614589397117
2026-10-03,wk flu hosp rate change,2,2026-10-17,20,pmf,increase,0.1205144931
2026-10-03,wk flu hosp rate change,2,2026-10-17,20,pmf,large_decrease,0.000104350868826
2026-10-03,wk flu hosp rate change,2,2026-10-17,20,pmf,large_increase,0.0040011050563
2026-10-03,wk flu hosp rate change,2,2026-10-17,20,pmf,stable,0.874765461578
2026-10-03,wk flu hosp rate change,3,2026-10-24,20,pmf,decrease,0.000562491447337
2026-10-03,wk flu hosp rate change,3,2026-10-24,20,pmf,increase,0.127706403882
2026-10-03,wk flu hosp rate change,3,2026-10-24,20,pmf,large_decrease,9.7006109996e-05
2026-10-03,wk flu hosp rate change,3,2026-10-24,20,pmf,large_increase,0.00532607258353
2026-10-03,wk flu hosp rate change,3,2026-10-24,20,pmf,stable,0.866308025977
2026-10-03,wk flu hosp rate change,0,2026-10-03,21,pmf,decrease,0.00434583413899
2026-10-03,wk flu hosp rate change,0,2026-10-03,21,pmf,increase,0.219298352428
2026-10-03,wk flu hosp rate change,0,2026-10-03,21,pmf,large_decrease,0.000246902548875
2026-10-03,wk flu hosp rate change,0,2026-10-03,21,pmf,large_increase,0.00880899643702
2026-10-03,wk flu hosp rate change,0,2026-10-03,21,pmf,stable,0.767299914447
2026-10-03,wk flu hosp rate change,1,2026-10-10,21,pmf,decrease,0.00278869687279
2026-10-03,wk flu hosp rate change,1,2026-10-10,21,pmf,increase,0.224229145818
2026-10-03,wk flu hosp rate change,1,2026-10-10,21,pmf,large_decrease,0.000132410696181
2026-10-03,wk flu hosp rate change,1,2026-10-10,21,pmf,large_increase,0.00609571381251
2026-10-03,wk flu hosp rate change,1,2026-10-10,21,pmf,stable,0.7667540328
2026-10-03,wk flu hosp rate change,2,2026-10-17,21,pmf,decrease,0.00233818467998
2026-10-03,wk flu hosp rate change,2,2026-10-17,21,pmf,increase,0.239900558381
2026-10-03,wk flu hosp rate change,2,2026-10-17,21,pmf,large_decrease,0.000106743149498
2026-10-03,wk flu hosp rate change,2,2026-10-17,21,pmf,large_increase,0.0084555383673
2026-10-03,wk flu hosp rate change,2,2026-10-17,21,pmf,stable,0.749198975422
2026-10-03,wk flu hosp rate change,3,2026-10-24,21,pmf,decrease,0.00194054359373
2026-10-03,wk flu hosp rate change,3,2026-10-24,21,pmf,increase,0.24265830996
2026-10-03,wk flu hosp rate change,3,2026-10-24,21,pmf,large_decrease,9.6200824249e-05
2026-10-03,wk flu hosp rate change,3,2026-10-24,21,pmf,large_increase,0.0110334072023
2026-10-03,wk flu hosp rate change,3,2026-10-24,21,pmf,stable,0.744271538419
2026-10-03,wk flu hosp rate change,0,2026-10-03,22,pmf,decrease,0.0580743710399
2026-10-03,wk flu hosp rate change,0,2026-10-03,22,pmf,increase,0.337995361785
2026-10-03,wk flu hosp rate change,0,2026-10-03,22,pmf,large_decrease,0.00217326497488
2026-10-03,wk flu hosp rate change,0,2026-10-03,22,pmf,large_increase,0.0136280616966
2026-10-03,wk flu hosp rate change,0,2026-10-03,22,pmf,stable,0.588128940503
2026-10-03,wk flu hosp rate change,1,2026-10-10,22,pmf,decrease,0.035194717073
2026-10-03,wk flu hosp rate change,1,2026-10-10,22,pmf,increase,0.378269963594
2026-10-03,wk flu hosp rate change,1,2026-10-10,22,pmf,large_decrease,0.00117044234837
2026-10-03,wk flu hosp rate change,1,2026-10-10,22,pmf,large_increase,0.0111704249027
2026-10-03,wk flu hosp rate change,1,2026-10-10,22,pmf,stable,0.574194452082
2026-10-03,wk flu hosp rate change,2,2026-10-17,22,pmf,decrease,0.0239149933188
2026-10-03,wk flu hosp rate change,2,2026-10-17,22,pmf,increase,0.412780871799
2026-10-03,wk flu hosp rate change,2,2026-10-17,22,pmf,large_decrease,0.000898655150341
2026-10-03,wk flu hosp rate change,2,2026-10-17,22,pmf,large_increase,0.0185597722054
2026-10-03,wk flu hosp rate change,2,2026-10-17,22,pmf,stable,0.543845707527
2026-10-03,wk flu hosp rate change,3,2026-10-24,22,pmf,decrease,0.0178727232976
2026-10-03,wk flu hosp rate change,3,2026-10-24,22,pmf,increase,0.415402976768
2026-10-03,wk flu hosp rate change,3,2026-10-24,22,pmf,large_decrease,0.000770908384
2026-10-03,wk flu hosp rate change,3,2026-10-24,22,pmf,large_increase,0.0238204754598
2026-10-03,wk flu hosp rate change,3,2026-10-24,22,pmf,stable,0.542132916091
2026-10-03,wk flu hosp rate change,0,2026-10-03,23,pmf,decrease,0.00101735434932
2026-10-03,wk flu hosp rate change,0,2026-10-03,23,pmf,increase,0.0502746932623
2026-10-03,wk flu hosp rate change,0,2026-10-03,23,pmf,large_decrease,0.000352200381626
2026-10-03,wk flu hosp rate change,0,2026-10-03,23,pmf,large_increase,0.0141779012183
2026-10-03,wk flu hosp rate change,0,2026-10-03,23,pmf,stable,0.934177850788
2026-10-03,wk flu hosp rate change,1,2026-10-10,23,pmf,decrease,0.00121281492258
2026-10-03,wk flu hosp rate change,1,2026-10-10,23,pmf,increase,0.09793364763
2026-10-03,wk flu hosp rate change,1,2026-10-10,23,pmf,large_decrease,0.000239870273882
2026-10-03,wk flu hosp rate change,1,2026-10-10,23,pmf,large_increase,0.0116430658844
2026-10-03,wk flu hosp rate change,1,2026-10-10,23,pmf,stable,0.888970601289
2026-10-03,wk flu hosp rate change,2,2026-10-17,23,pmf,decrease,0.00123869886075
2026-10-03,wk flu hosp rate change,2,2026-10-17,23,pmf,increase,0.143354167587
2026-10-03,wk flu hosp rate change,2,2026-10-17,23,pmf,large_decrease,0.000200095928159
2026-10-03,wk flu hosp rate change,2,2026-10-17,23,pmf,large_increase,0.0171483363978
2026-10-03,wk flu hosp rate change,2,2026-10-17,23,pmf,stable,0.838058701226
2026-10-03,wk flu hosp rate change,3,2026-10-24,23,pmf,decrease,0.00109870755196
2026-10-03,wk flu hosp rate change,3,2026-10-24,23,pmf,increase,0.156417672783
2026-10-03,wk flu hosp rate change,3,2026-10-24,23,pmf,large_decrease,0.000183456410571
2026-10-03,wk flu hosp rate change,3,2026-10-24,23,pmf,large_increase,0.0229872537456
2026-10-03,wk flu hosp rate change,3,2026-10-24,23,pmf,stable,0.819312909509
2026-10-03,wk flu hosp rate change,0,2026-10-03,24,pmf,decrease,0.0223443885766
2026-10-03,wk flu hosp rate change,0,2026-10-03,24,pmf,increase,0.148277287745
2026-10-03,wk flu hosp rate change,0,2026-10-03,24,pmf,large_decrease,0.000666595924615
2026-10-03,wk flu hosp rate change,0,2026-10-03,24,pmf,large_increase,0.0126452679732
2026-10-03,wk flu hosp rate change,0,2026-10-03,24,pmf,stable,0.816066459781
2026-10-03,wk flu hosp rate change,1,2026-10-10,24,pmf,decrease,0.015837439471
2026-10-03,wk flu hosp rate change,1,2026-10-10,24,pmf,increase,0.168140664447
2026-10-03,wk flu hosp rate change,1,2026-10-10,24,pmf,large_decrease,0.000370493804146
2026-10-03,wk flu hosp rate change,1,2026-10-10,24,pmf,large_increase,0.00993969078002
2026-10-03,wk flu hosp rate change,1,2026-10-10,24,pmf,stable,0.805711711498
2026-10-03,wk flu hosp rate change,2,2026-10-17,24,pmf,decrease,0.0137731034241
2026-10-03,wk flu hosp rate change,2,2026-10-17,24,pmf,increase,0.191705039772
2026-10-03,wk flu hosp rate change,2,2026-10-17,24,pmf,large_decrease,0.000291764110644
2026-10-03,wk flu hosp rate change,2,2026-10-17,24,pmf,large_increase,0.0154468582249
2026-10-03,wk flu hosp rate change,2,2026-10-17,24,pmf,stable,0.778783234468
2026-10-03,wk flu hosp rate change,3,2026-10-24,24,pmf,decrease,0.0113418707333
2026-10-03,wk flu hosp rate change,3,2026-10-24,24,pmf,increase,0.197045929554
2026-10-03,wk flu hosp rate change,3,2026-10-24,24,pmf,large_decrease,0.000257889979898
2026-10-03,wk flu hosp rate change,3,2026-10-24,24,pmf,large_increase,0.0209845222141
2026-10-03,wk flu hosp rate change,3,2026-10-24,24,pmf,stable,0.770369787519
2026-10-03,wk flu hosp rate change,0,2026-10-03,25,pmf,decrease,0.00135454996587
2026-10-03,wk flu hosp rate change,0,2026-10-03,25,pmf,increase,0.0411878608603
2026-10-03,wk flu hosp rate change,0,2026-10-03,25,pmf,large_decrease,0.000148235848088
2026-10-03,wk flu hosp rate change,0,2026-10-03,25,pmf,large_increase,0.00493433560176
2026-10-03,wk flu hosp rate change,0,2026-10-03,25,pmf,stable,0.952375017724
2026-10-03,wk flu hosp rate change,1,2026-10-10,25,pmf,decrease,0.00101612170459
2026-10-03,wk flu hosp rate change,1,2026-10-10,25,pmf,increase,0.057801154707
2026-10-03,wk flu hosp rate change,1,2026-10-10,25,pmf,large_decrease,9.07282894197e-05
2026-10-03,wk flu hosp rate change,1,2026-10-10,25,pmf,large_increase,0.00350856707172
2026-10-03,wk flu hosp rate change,1,2026-10-10,25,pmf,stable,0.937583428227
2026-10-03,wk flu hosp rate change,2,2026-10-17,25,pmf,decrease,0.000977756048413
2026-10-03,wk flu hosp rate change,2,2026-10-17,25,pmf,increase,0.080609343575
2026-10-03,wk flu hosp rate change,2,2026-10-17,25,pmf,large_decrease,8.03635503327e-05
2026-10-03,wk flu hosp rate change,2,2026-10-17,25,pmf,large_increase,0.00581997793949
2026-10-03,wk flu hosp rate change,2,2026-10-17,25,pmf,stable,0.912512558887
2026-10-03,wk flu hosp rate change,3,2026-10-24,25,pmf,decrease,0.000796292440088
2026-10-03,wk flu hosp rate change,3,2026-10-24,25,pmf,increase,0.0857872972722
2026-10-03,wk flu hosp rate change,3,2026-10-24,25,pmf,large_decrease,7.43509283354e-05
2026-10-03,wk flu hosp rate change,3,2026-10-24,25,pmf,large_increase,0.00800760840134
2026-10-03,wk flu hosp rate change,3,2026-10-24,25,pmf,stable,0.905334450958
2026-10-03,wk flu hosp rate change,0,2026-10-03,26,pmf,decrease,0.0337046193686
2026-10-03,wk flu hosp rate change,0,2026-10-03,26,pmf,increase,0.0769015231165
2026-10-03,wk flu hosp rate change,0,2026-10-03,26,pmf,large_decrease,0.00103174765505
2026-10-03,wk flu hosp rate change,0,2026-10-03,26,pmf,large_increase,0.00651806261626
2026-10-03,wk flu hosp rate change,0,2026-10-03,26,pmf,stable,0.881844047244
2026-10-03,wk flu hosp rate change,1,2026-10-10,26,pmf,decrease,0.017705111642
2026-10-03,wk flu hosp rate change,1,2026-10-10,26,pmf,increase,0.08381717679
2026-10-03,wk flu hosp rate change,1,2026-10-10,26,pmf,large_decrease,0.000494454776428
2026-10-03,wk flu hosp rate change,1,2026-10-10,26,pmf,large_increase,0.00502775410567
2026-10-03,wk flu hosp rate change,1,2026-10-10,26,pmf,stable,0.892955502686
2026-10-03,wk flu hosp rate change,2,2026-10-17,26,pmf,decrease,0.011589258204
2026-10-03,wk flu hosp rate change,2,2026-10-17,26,pmf,increase,0.09730471576
2026-10-03,wk flu hosp rate change,2,2026-10-17,26,pmf,large_decrease,0.000364246771969
2026-10-03,wk flu hosp rate change,2,2026-10-17,26,pmf,large_increase,0.00839498942408
2026-10-03,wk flu hosp rate change,2,2026-10-17,26,pmf,stable,0.88234678984
2026-10-03,wk flu hosp rate change,3,2026-10-24,26,pmf,decrease,0.00865312984938
2026-10-03,wk flu hosp rate change,3,2026-10-24,26,pmf,increase,0.100394666079
2026-10-03,wk flu hosp rate change,3,2026-10-24,26,pmf,large_decrease,0.000322952546984
2026-10-03,wk flu hosp rate change,3,2026-10-24,26,pmf,large_increase,0.0109973076159
2026-10-03,wk flu hosp rate change,3,2026-10-24,26,pmf,stable,0.879631943909
2026-10-03,wk flu hosp rate change,0,2026-10-03,27,pmf,decrease,0.0218932792267
2026-10-03,wk flu hosp rate change,0,2026-10-03,27,pmf,increase,0.130044037217
2026-10-03,wk flu hosp rate change,0,2026-10-03,27,pmf,large_decrease,0.000521491537818
2026-10-03,wk flu hosp rate change,0,2026-10-03,27,pmf,large_increase,0.01634017143
2026-10-03,wk flu hosp rate change,0,2026-10-03,27,pmf,stable,0.831201020588
2026-10-03,wk flu hosp rate change,1,2026-10-10,27,pmf,decrease,0.0142458179968
2026-10-03,wk flu hosp rate change,1,2026-10-10,27,pmf,increase,0.150088880615
2026-10-03,wk flu hosp rate change,1,2026-10-10,27,pmf,large_decrease,0.000295916784947
2026-10-03,wk flu hosp rate change,1,2026-10-10,27,pmf,large_increase,0.0126962171752
2026-10-03,wk flu hosp rate change,1,2026-10-10,27,pmf,stable,0.822673167428
2026-10-03,wk flu hosp rate change,2,2026-10-17,27,pmf,decrease,0.01153531974
2026-10-03,wk flu hosp rate change,2,2026-10-17,27,pmf,increase,0.179854604688
2026-10-03,wk flu hosp rate change,2,2026-10-17,27,pmf,large_decrease,0.000242041855461
2026-10-03,wk flu hosp rate change,2,2026-10-17,27,pmf,large_increase,0.0198320425322
2026-10-03,wk flu hosp rate change,2,2026-10-17,27,pmf,stable,0.788535991184
2026-10-03,wk flu hosp rate change,3,2026-10-24,27,pmf,decrease,0.0090801072572
2026-10-03,wk flu hosp rate change,3,2026-10-24,27,pmf,increase,0.18621270492
2026-10-03,wk flu hosp rate change,3,2026-10-24,27,pmf,large_decrease,0.000216265206687
2026-10-03,wk flu hosp rate change,3,2026-10-24,27,pmf,large_increase,0.0271807682385
2026-10-03,wk flu hosp rate change,3,2026-10-24,27,pmf,stable,0.777310154378
2026-10-03,wk flu hosp rate change,0,2026-10-03,28,pmf,decrease,0.0856804767417
2026-10-03,wk flu hosp rate change,0,2026-10-03,28,pmf,increase,0.131982871417
2026-10-03,wk flu hosp rate change,0,2026-10-03,28,pmf,large_decrease,0.00142549800451
2026-10-03,wk flu hosp rate change,0,2026-10-03,28,pmf,large_increase,0.0144574487181
2026-10-03,wk flu hosp rate change,0,2026-10-03,28,pmf,stable,0.766453705119
2026-10-03,wk flu hosp rate change,1,2026-10-10,28,pmf,decrease,0.0498946780726
2026-10-03,wk flu hosp rate change,1,2026-10-10,28,pmf,increase,0.160738542992
2026-10-03,wk flu hosp rate change,1,2026-10-10,28,pmf,large_decrease,0.000759422916198
2026-10-03,wk flu hosp rate change,1,2026-10-10,28,pmf,large_increase,0.0121892584806
2026-10-03,wk flu hosp rate change,1,2026-10-10,28,pmf,stable,0.776418097539
2026-10-03,wk flu hosp rate change,2,2026-10-17,28,pmf,decrease,0.0358123701703
2026-10-03,wk flu hosp rate change,2,2026-10-17,28,pmf,increase,0.182559453773
2026-10-03,wk flu hosp rate change,2,2026-10-17,28,pmf,large_decrease,0.000536256827881
2026-10-03,wk flu hosp rate change,2,2026-10-17,28,pmf,large_increase,0.0200810862159
2026-10-03,wk flu hosp rate change,2,2026-10-17,28,pmf,stable,0.761010833013
2026-10-03,wk flu hosp rate change,3,2026-10-24,28,pmf,decrease,0.0271379270686
2026-10-03,wk flu hosp rate change,3,2026-10-24,28,pmf,increase,0.18675674757
2026-10-03,wk flu hosp rate change,3,2026-10-24,28,pmf,large_decrease,0.000469183825586
2026-10-03,wk flu hosp rate change,3,2026-10-24,28,pmf,large_increase,0.0271729656976
2026-10-03,wk flu hosp rate change,3,2026-10-24,28,pmf,stable,0.758463175838
2026-10-03,wk flu hosp rate change,0,2026-10-03,29,pmf,decrease,0.0235710158998
2026-10-03,wk flu hosp rate change,0,2026-10-03,29,pmf,increase,0.155498722483
2026-10-03,wk flu hosp rate change,0,2026-10-03,29,pmf,large_decrease,0.000728784558303
2026-10-03,wk flu hosp rate change,0,2026-10-03,29,pmf,large_increase,0.00723183754021
2026-10-03,wk flu hosp rate change,0,2026-10-03,29,pmf,stable,0.812969639519
2026-10-03,wk flu hosp rate change,1,2026-10-10,29,pmf,decrease,0.0129854157686
2026-10-03,wk flu hosp rate change,1,2026-10-10,29,pmf,increase,0.149864136293
2026-10-03,wk flu hosp rate change,1,2026-10-10,29,pmf,large_decrease,0.000355685559887
2026-10-03,wk flu hosp rate change,1,2026-10-10,29,pmf,large_increase,0.00517391892462
2026-10-03,wk flu hosp rate change,1,2026-10-10,29,pmf,stable,0.831620843454
2026-10-03,wk flu hosp rate change,2,2026-10-17,29,pmf,decrease,0.0092666882506
2026-10-03,wk flu hosp rate change,2,2026-10-17,29,pmf,increase,0.16806443907
2026-10-03,wk flu hosp rate change,2,2026-10-17,29,pmf,large_decrease,0.000275838083766
2026-10-03,wk flu hosp rate change,2,2026-10-17,29,pmf,large_increase,0.00774768344156
2026-10-03,wk flu hosp rate change,2,2026-10-17,29,pmf,stable,0.814645351154
2026-10-03,wk flu hosp rate change,3,2026-10-24,29,pmf,decrease,0.00703827941101
2026-10-03,wk flu hosp rate change,3,2026-10-24,29,pmf,increase,0.173379006044
2026-10-03,wk flu hosp rate change,3,2026-10-24,29,pmf,large_decrease,0.000244721104572
2026-10-03,wk flu hosp rate change,3,2026-10-24,29,pmf,large_increase,0.0102252363607
2026-10-03,wk flu hosp rate change,3,2026-10-24,29,pmf,stable,0.809112757079
2026-10-03,wk flu hosp rate change,0,2026-10-03,30,pmf,decrease,0.242824585189
2026-10-03,wk flu hosp rate change,0,2026-10-03,30,pmf,increase,0.152039213824
2026-10-03,wk flu hosp rate change,0,2026-10-03,30,pmf,large_decrease,0.043164752955
2026-10-03,wk flu hosp rate change,0,2026-10-03,30,pmf,large_increase,0.0725305248922
2026-10-03,wk flu hosp rate change,0,2026-10-03,30,pmf,stable,0.489440923139
2026-10-03,wk flu hosp rate change,1,2026-10-10,30,pmf,decrease,0.195714429261
2026-10-03,wk flu hosp rate change,1,2026-10-10,30,pmf,increase,0.212587440016
2026-10-03,wk flu hosp rate change,1,2026-10-10,30,pmf,large_decrease,0.0175546436927
2026-10-03,wk flu hosp rate change,1,2026-10-10,30,pmf,large_increase,0.0546879961266
2026-10-03,wk flu hosp rate change,1,2026-10-10,30,pmf,stable,0.519455490904
2026-10-03,wk flu hosp rate change,2,2026-10-17,30,pmf,decrease,0.175155899457
2026-10-03,wk flu hosp rate change,2,2026-10-17,30,pmf,increase,0.254907733455
2026-10-03,wk flu hosp rate change,2,2026-10-17,30,pmf,large_decrease,0.00784477838749
2026-10-03,wk flu hosp rate change,2,2026-10-17,30,pmf,large_increase,0.0811893718927
2026-10-03,wk flu hosp rate change,2,2026-10-17,30,pmf,stable,0.480902216807
2026-10-03,wk flu hosp rate change,3,2026-10-24,30,pmf,decrease,0.149096357842
2026-10-03,wk flu hosp rate change,3,2026-10-24,30,pmf,increase,0.262979456336
2026-10-03,wk flu hosp rate change,3,2026-10-24,30,pmf,large_decrease,0.00654763659247
2026-10-03,wk flu hosp rate change,3,2026-10-24,30,pmf,large_increase,0.104475444972
2026-10-03,wk flu hosp rate change,3,2026-10-24,30,pmf,stable,0.476901104257
2026-10-03,wk flu hosp rate change,0,2026-10-03,31,pmf,decrease,0.000230852793343
2026-10-03,wk flu hosp rate change,0,2026-10-03,31,pmf,increase,0.0530227848317
2026-10-03,wk flu hosp rate change,0,2026-10-03,31,pmf,large_decrease,0.000110455061012
2026-10-03,wk flu hosp rate change,0,2026-10-03,31,pmf,large_increase,0.0125299997068
2026-10-03,wk flu hosp rate change,0,2026-10-03,31,pmf,stable,0.934105907607
2026-10-03,wk flu hosp rate change,1,2026-10-10,31,pmf,decrease,0.000216344619702
2026-10-03,wk flu hosp rate change,1,2026-10-10,31,pmf,increase,0.0788202970403
2026-10-03,wk flu hosp rate change,1,2026-10-10,31,pmf,large_decrease,6.84764828746e-05
2026-10-03,wk flu hosp rate change,1,2026-10-10,31,pmf,large_increase,0.0082110602616
2026-10-03,wk flu hosp rate change,1,2026-10-10,31,pmf,stable,0.912683821596
2026-10-03,wk flu hosp rate change,2,2026-10-17,31,pmf,decrease,0.000206703215337
2026-10-03,wk flu hosp rate change,2,2026-10-17,31,pmf,increase,0.107710246313
2026-10-03,wk flu hosp rate change,2,2026-10-17,31,pmf,large_decrease,5.87194114807e-05
2026-10-03,wk flu hosp rate change,2,2026-10-17,31,pmf,large_increase,0.0113117208429
2026-10-03,wk flu hosp rate change,2,2026-10-17,31,pmf,stable,0.880712610217
2026-10-03,wk flu hosp rate change,3,2026-10-24,31,pmf,decrease,0.000198545652615
2026-10-03,wk flu hosp rate change,3,2026-10-24,31,pmf,increase,0.117669384119
2026-10-03,wk flu hosp rate change,3,2026-10-24,31,pmf,large_decrease,5.44469201159e-05
2026-10-03,wk flu hosp rate change,3,2026-10-24,31,pmf,large_increase,0.0146513155665
2026-10-03,wk flu hosp rate change,3,2026-10-24,31,pmf,stable,0.867426307742
2026-10-03,wk flu hosp rate change,0,2026-10-03,32,pmf,decrease,0.121903841472
2026-10-03,wk flu hosp rate change,0,2026-10-03,32,pmf,increase,0.134350503083
2026-10-03,wk flu hosp rate change,0,2026-10-03,32,pmf,large_decrease,0.00634870140893
2026-10-03,wk flu hosp rate change,0,2026-10-03,32,pmf,large_increase,0.0150357305041
2026-10-03,wk flu hosp rate change,0,2026-10-03,32,pmf,stable,0.722361223532
2026-10-03,wk flu hosp rate change,1,2026-10-10,32,pmf,decrease,0.070499542475
2026-10-03,wk flu hosp rate change,1,2026-10-10,32,pmf,increase,0.170027380657
2026-10-03,wk flu hosp rate change,1,2026-10-10,32,pmf,large_decrease,0.00296663321222
2026-10-03,wk flu hosp rate change,1,2026-10-10,32,pmf,large_increase,0.0130141711372
2026-10-03,wk flu hosp rate change,1,2026-10-10,32,pmf,stable,0.743492272518
2026-10-03,wk flu hosp rate change,2,2026-10-17,32,pmf,decrease,0.0500072466893
2026-10-03,wk flu hosp rate change,2,2026-10-17,32,pmf,increase,0.200958360388
2026-10-03,wk flu hosp rate change,2,2026-10-17,32,pmf,large_decrease,0.00191286160141
2026-10-03,wk flu hosp rate change,2,2026-10-17,32,pmf,large_increase,0.0214838994814
2026-10-03,wk flu hosp rate change,2,2026-10-17,32,pmf,stable,0.72563763184
2026-10-03,wk flu hosp rate change,3,2026-10-24,32,pmf,decrease,0.0377144351164
2026-10-03,wk flu hosp rate change,3,2026-10-24,32,pmf,increase,0.209061673587
2026-10-03,wk flu hosp rate change,3,2026-10-24,32,pmf,large_decrease,0.0017014401122
2026-10-03,wk flu hosp rate change,3,2026-10-24,32,pmf,large_increase,0.0282799757834
2026-10-03,wk flu hosp rate change,3,2026-10-24,32,pmf,stable,0.723242475401
2026-10-03,wk flu hosp rate change,0,2026-10-03,33,pmf,decrease,0.000174927216449
2026-10-03,wk flu hosp rate change,0,2026-10-03,33,pmf,increase,0.0183656609717
2026-10-03,wk flu hosp rate change,0,2026-10-03,33,pmf,large_decrease,6.11735177556e-05
2026-10-03,wk flu hosp rate change,0,2026-10-03,33,pmf,large_increase,0.00351094330845
2026-10-03,wk flu hosp rate change,0,2026-10-03,33,pmf,stable,0.977887294986
2026-10-03,wk flu hosp rate change,1,2026-10-10,33,pmf,decrease,0.000171403473465
2026-10-03,wk flu hosp rate change,1,2026-10-10,33,pmf,increase,0.0317594174818
2026-10-03,wk flu hosp rate change,1,2026-10-10,33,pmf,large_decrease,4.13689002432e-05
2026-10-03,wk flu hosp rate change,1,2026-10-10,33,pmf,large_increase,0.00266607434908
2026-10-03,wk flu hosp rate change,1,2026-10-10,33,pmf,stable,0.965361735795
2026-10-03,wk flu hosp rate change,2,2026-10-17,33,pmf,decrease,0.000202972587615
2026-10-03,wk flu hosp rate change,2,2026-10-17,33,pmf,increase,0.0503752847106
2026-10-03,wk flu hosp rate change,2,2026-10-17,33,pmf,large_decrease,3.9553857619e-05
2026-10-03,wk flu hosp rate change,2,2026-10-17,33,pmf,large_increase,0.00445730595051
2026-10-03,wk flu hosp rate change,2,2026-10-17,33,pmf,stable,0.944924882894
2026-10-03,wk flu hosp rate change,3,2026-10-24,33,pmf,decrease,0.00019375208528
2026-10-03,wk flu hosp rate change,3,2026-10-24,33,pmf,increase,0.0558138215168
2026-10-03,wk flu hosp rate change,3,2026-10-24,33,pmf,large_decrease,3.71700943279e-05
2026-10-03,wk flu hosp rate change,3,2026-10-24,33,pmf,large_increase,0.00621289526198
2026-10-03,wk flu hosp rate change,3,2026-10-24,33,pmf,stable,0.937742361042
2026-10-03,wk flu hosp rate change,0,2026-10-03,34,pmf,decrease,0.092001354033
2026-10-03,wk flu hosp rate change,0,2026-10-03,34,pmf,increase,0.174059282045
2026-10-03,wk flu hosp rate change,0,2026-10-03,34,pmf,large_decrease,0.00490146725158
2026-10-03,wk flu hosp rate change,0,2026-10-03,34,pmf,large_increase,0.0153195875885
2026-10-03,wk flu hosp rate change,0,2026-10-03,34,pmf,stable,0.713718309082
2026-10-03,wk flu hosp rate change,1,2026-10-10,34,pmf,decrease,0.0619756496661
2026-10-03,wk flu hosp rate change,1,2026-10-10,34,pmf,increase,0.186322625467
2026-10-03,wk flu hosp rate change,1,2026-10-10,34,pmf,large_decrease,0.00244899002554
2026-10-03,wk flu hosp rate change,1,2026-10-10,34,pmf,large_increase,0.0133678887918
2026-10-03,wk flu hosp rate change,1,2026-10-10,34,pmf,stable,0.735884846049
2026-10-03,wk flu hosp rate change,2,2026-10-17,34,pmf,decrease,0.0410030830439
2026-10-03,wk flu hosp rate change,2,2026-10-17,34,pmf,increase,0.207317018329
2026-10-03,wk flu hosp rate change,2,2026-10-17,34,pmf,large_decrease,0.00179853524387
2026-10-03,wk flu hosp rate change,2,2026-10-17,34,pmf,large_increase,0.0254077382825
2026-10-03,wk flu hosp rate change,2,2026-10-17,34,pmf,stable,0.724473625101
2026-10-03,wk flu hosp rate change,3,2026-10-24,34,pmf,decrease,0.0305649585663
2026-10-03,wk flu hosp rate change,3,2026-10-24,34,pmf,increase,0.210231905355
2026-10-03,wk flu hosp rate change,3,2026-10-24,34,pmf,large_decrease,0.00157607033487
2026-10-03,wk flu hosp rate change,3,2026-10-24,34,pmf,large_increase,0.0367749855842
2026-10-03,wk flu hosp rate change,3,2026-10-24,34,pmf,stable,0.720852080159
2026-10-03,wk flu hosp rate change,0,2026-10-03,35,pmf,decrease,0.00563643144334
2026-10-03,wk flu hosp rate change,0,2026-10-03,35,pmf,increase,0.0969817911136
2026-10-03,wk flu hosp rate change,0,2026-10-03,35,pmf,large_decrease,0.000590766936701
2026-10-03,wk flu hosp rate change,0,2026-10-03,35,pmf,large_increase,0.0158953937148
2026-10-03,wk flu hosp rate change,0,2026-10-03,35,pmf,stable,0.880895616792
2026-10-03,wk flu hosp rate change,1,2026-10-10,35,pmf,decrease,0.00444997980265
2026-10-03,wk flu hosp rate change,1,2026-10-10,35,pmf,increase,0.145617801916
2026-10-03,wk flu hosp rate change,1,2026-10-10,35,pmf,large_decrease,0.000342008437661
2026-10-03,wk flu hosp rate change,1,2026-10-10,35,pmf,large_increase,0.0115423664442
2026-10-03,wk flu hosp rate change,1,2026-10-10,35,pmf,stable,0.8380478434
2026-10-03,wk flu hosp rate change,2,2026-10-17,35,pmf,decrease,0.00419139734536
2026-10-03,wk flu hosp rate change,2,2026-10-17,35,pmf,increase,0.19490447068
2026-10-03,wk flu hosp rate change,2,2026-10-17,35,pmf,large_decrease,0.000284686882249
2026-10-03,wk flu hosp rate change,2,2026-10-17,35,pmf,large_increase,0.0182325999838
2026-10-03,wk flu hosp rate change,2,2026-10-17,35,pmf,stable,0.782386845108
2026-10-03,wk flu hosp rate change,3,2026-10-24,35,pmf,decrease,0.00349659572937
2026-10-03,wk flu hosp rate change,3,2026-10-24,35,pmf,increase,0.207966789147
2026-10-03,wk flu hosp rate change,3,2026-10-24,35,pmf,large_decrease,0.000257158309475
2026-10-03,wk flu hosp rate change,3,2026-10-24,35,pmf,large_increase,0.0249357898176
2026-10-03,wk flu hosp rate change,3,2026-10-24,35,pmf,stable,0.763343666996
2026-10-03,wk flu hosp rate change,0,2026-10-03,36,pmf,decrease,0.0297982065396
2026-10-03,wk flu hosp rate change,0,2026-10-03,36,pmf,increase,0.197614793144
2026-10-03,wk flu hosp rate change,0,2026-10-03,36,pmf,large_decrease,0.00264499771748
2026-10-03,wk flu hosp rate change,0,2026-10-03,36,pmf,large_increase,0.0219177072323
2026-10-03,wk flu hosp rate change,0,2026-10-03,36,pmf,stable,0.748024295367
2026-10-03,wk flu hosp rate change,1,2026-10-10,36,pmf,decrease,0.0216536551348
2026-10-03,wk flu hosp rate change,1,2026-10-10,36,pmf,increase,0.203926050544
2026-10-03,wk flu hosp rate change,1,2026-10-10,36,pmf,large_decrease,0.00140263585172
2026-10-03,wk flu hosp rate change,1,2026-10-10,36,pmf,large_increase,0.0183168774143
2026-10-03,wk flu hosp rate change,1,2026-10-10,36,pmf,stable,0.754700781055
2026-10-03,wk flu hosp rate change,2,2026-10-17,36,pmf,decrease,0.0170166350094
2026-10-03,wk flu hosp rate change,2,2026-10-17,36,pmf,increase,0.220239822498
2026-10-03,wk flu hosp rate change,2,2026-10-17,36,pmf,large_decrease,0.00115830690738
2026-10-03,wk flu hosp rate change,2,2026-10-17,36,pmf,large_increase,0.0284418604121
2026-10-03,wk flu hosp rate change,2,2026-10-17,36,pmf,stable,0.733143375173
2026-10-03,wk flu hosp rate change,3,2026-10-24,36,pmf,decrease,0.0138002908229
2026-10-03,wk flu hosp rate change,3,2026-10-24,36,pmf,increase,0.215906718537
2026-10-03,wk flu hosp rate change,3,2026-10-24,36,pmf,large_decrease,0.00102444130537
2026-10-03,wk flu hosp rate change,3,2026-10-24,36,pmf,large_increase,0.0398714335414
2026-10-03,wk flu hosp rate change,3,2026-10-24,36,pmf,stable,0.729397115793
2026-10-03,wk flu hosp rate change,0,2026-10-03,37,pmf,decrease,0.0714753509824
2026-10-03,wk flu hosp rate change,0,2026-10-03,37,pmf,increase,0.202334103718
2026-10-03,wk flu hosp rate change,0,2026-10-03,37,pmf,large_decrease,0.00404133590074
2026-10-03,wk flu hosp rate change,0,2026-10-03,37,pmf,large_increase,0.0182365887126
2026-10-03,wk flu hosp rate change,0,2026-10-03,37,pmf,stable,0.703912620687
2026-10-03,wk flu hosp rate change,1,2026-10-10,37,pmf,decrease,0.0462418447359
2026-10-03,wk flu hosp rate change,1,2026-10-10,37,pmf,increase,0.218396751151
2026-10-03,wk flu hosp rate change,1,2026-10-10,37,pmf,large_decrease,0.00205735852915
2026-10-03,wk flu hosp rate change,1,2026-10-10,37,pmf,large_increase,0.015253737885
2026-10-03,wk flu hosp rate change,1,2026-10-10,37,pmf,stable,0.718050307699
2026-10-03,wk flu hosp rate change,2,2026-10-17,37,pmf,decrease,0.0329453167994
2026-10-03,wk flu hosp rate change,2,2026-10-17,37,pmf,increase,0.240567844233
2026-10-03,wk flu hosp rate change,2,2026-10-17,37,pmf,large_decrease,0.00146837689102
2026-10-03,wk flu hosp rate change,2,2026-10-17,37,pmf,large_increase,0.0262365647058
2026-10-03,wk flu hosp rate change,2,2026-10-17,37,pmf,stable,0.69878189737
2026-10-03,wk flu hosp rate change,3,2026-10-24,37,pmf,decrease,0.0249242493329
2026-10-03,wk flu hosp rate change,3,2026-10-24,37,pmf,increase,0.243362573148
2026-10-03,wk flu hosp rate change,3,2026-10-24,37,pmf,large_decrease,0.00127920517223
2026-10-03,wk flu hosp rate change,3,2026-10-24,37,pmf,large_increase,0.0364170182252
2026-10-03,wk flu hosp rate change,3,2026-10-24,37,pmf,stable,0.694016954121
2026-10-03,wk flu hosp rate change,0,2026-10-03,38,pmf,decrease,0.00106229065431
2026-10-03,wk flu hosp rate change,0,2026-10-03,38,pmf,increase,0.0340618767104
2026-10-03,wk flu hosp rate change,0,2026-10-03,38,pmf,large_decrease,0.000537425106973
2026-10-03,wk flu hosp rate change,0,2026-10-03,38,pmf,large_increase,0.0140336195781
2026-10-03,wk flu hosp rate change,0,2026-10-03,38,pmf,stable,0.95030478795
2026-10-03,wk flu hosp rate change,1,2026-10-10,38,pmf,decrease,0.0010167853399
2026-10-03,wk flu hosp rate change,1,2026-10-10,38,pmf,increase,0.058025405929
2026-10-03,wk flu hosp rate change,1,2026-10-10,38,pmf,large_decrease,0.000309740905033
2026-10-03,wk flu hosp rate change,1,2026-10-10,38,pmf,large_increase,0.00824214436843
2026-10-03,wk flu hosp rate change,1,2026-10-10,38,pmf,stable,0.932405923458
2026-10-03,wk flu hosp rate change,2,2026-10-17,38,pmf,decrease,0.00123373121758
2026-10-03,wk flu hosp rate change,2,2026-10-17,38,pmf,increase,0.0914560961064
2026-10-03,wk flu hosp rate change,2,2026-10-17,38,pmf,large_decrease,0.000294019489995
2026-10-03,wk flu hosp rate change,2,2026-10-17,38,pmf,large_increase,0.0142477361938
2026-10-03,wk flu hosp rate change,2,2026-10-17,38,pmf,stable,0.892768416992
2026-10-03,wk flu hosp rate change,3,2026-10-24,38,pmf,decrease,0.00133305984865
2026-10-03,wk flu hosp rate change,3,2026-10-24,38,pmf,increase,0.10055654517
2026-10-03,wk flu hosp rate change,3,2026-10-24,38,pmf,large_decrease,0.000267979852201
2026-10-03,wk flu hosp rate change,3,2026-10-24,38,pmf,large_increase,0.0191740007952
2026-10-03,wk flu hosp rate change,3,2026-10-24,38,pmf,stable,0.878668414334
2026-10-03,wk flu hosp rate change,0,2026-10-03,39,pmf,decrease,0.0315585451047
2026-10-03,wk flu hosp rate change,0,2026-10-03,39,pmf,increase,0.19736444066
2026-10-03,wk flu hosp rate change,0,2026-10-03,39,pmf,large_decrease,0.00150671924732
2026-10-03,wk flu hosp rate change,0,2026-10-03,39,pmf,large_increase,0.0136420356407
2026-10-03,wk flu hosp rate change,0,2026-10-03,39,pmf,stable,0.755928259347
2026-10-03,wk flu hosp rate change,1,2026-10-10,39,pmf,decrease,0.0207963306313
2026-10-03,wk flu hosp rate change,1,2026-10-10,39,pmf,increase,0.204850431785
2026-10-03,wk flu hosp rate change,1,2026-10-10,39,pmf,large_decrease,0.000806351891092
2026-10-03,wk flu hosp rate change,1,2026-10-10,39,pmf,large_increase,0.0108318199451
2026-10-03,wk flu hosp rate change,1,2026-10-10,39,pmf,stable,0.762715065747
2026-10-03,wk flu hosp rate change,2,2026-10-17,39,pmf,decrease,0.0153929974923
2026-10-03,wk flu hosp rate change,2,2026-10-17,39,pmf,increase,0.226785974115
2026-10-03,wk flu hosp rate change,2,2026-10-17,39,pmf,large_decrease,0.000630092557629
2026-10-03,wk flu hosp rate change,2,2026-10-17,39,pmf,large_increase,0.0163338097486
2026-10-03,wk flu hosp rate change,2,2026-10-17,39,pmf,stable,0.740857126087
2026-10-03,wk flu hosp rate change,3,2026-10-24,39,pmf,decrease,0.0117823852115
2026-10-03,wk flu hosp rate change,3,2026-10-24,39,pmf,increase,0.22785407121
2026-10-03,wk flu hosp rate change,3,2026-10-24,39,pmf,large_decrease,0.000539023870099
2026-10-03,wk flu hosp rate change,3,2026-10-24,39,pmf,large_increase,0.0214791201182
2026-10-03,wk flu hosp rate change,3,2026-10-24,39,pmf,stable,0.73834539959
2026-10-03,wk flu hosp rate change,0,2026-10-03,40,pmf,decrease,0.00344424329373
2026-10-03,wk flu hosp rate change,0,2026-10-03,40,pmf,increase,0.118900666272
2026-10-03,wk flu hosp rate change,0,2026-10-03,40,pmf,large_decrease,0.000350428967515
2026-10-03,wk flu hosp rate change,0,2026-10-03,40,pmf,large_increase,0.00631881581693
2026-10-03,wk flu hosp rate change,0,2026-10-03,40,pmf,stable,0.87098584565
2026-10-03,wk flu hosp rate change,1,2026-10-10,40,pmf,decrease,0.00225237513688
2026-10-03,wk flu hosp rate change,1,2026-10-10,40,pmf,increase,0.135467598955
2026-10-03,wk flu hosp rate change,1,2026-10-10,40,pmf,large_decrease,0.000190050196791
2026-10-03,wk flu hosp rate change,1,2026-10-10,40,pmf,large_increase,0.00471749186436
2026-10-03,wk flu hosp rate change,1,2026-10-10,40,pmf,stable,0.857372483847
2026-10-03,wk flu hosp rate change,2,2026-10-17,40,pmf,decrease,0.00194971730309
2026-10-03,wk flu hosp rate change,2,2026-10-17,40,pmf,increase,0.161634373807
2026-10-03,wk flu hosp rate change,2,2026-10-17,40,pmf,large_decrease,0.000156722624672
2026-10-03,wk flu hosp rate change,2,2026-10-17,40,pmf,large_increase,0.00723550563523
2026-10-03,wk flu hosp rate change,2,2026-10-17,40,pmf,stable,0.82902368063
2026-10-03,wk flu hosp rate change,3,2026-10-24,40,pmf,decrease,0.00160380484778
2026-10-03,wk flu hosp rate change,3,2026-10-24,40,pmf,increase,0.16663230453
2026-10-03,wk flu hosp rate change,3,2026-10-24,40,pmf,large_decrease,0.000140798188024
2026-10-03,wk flu hosp rate change,3,2026-10-24,40,pmf,large_increase,0.00952102356863
2026-10-03,wk flu hosp rate change,3,2026-10-24,40,pmf,stable,0.822102068865
2026-10-03,wk flu hosp rate change,0,2026-10-03,41,pmf,decrease,0.083676080264
2026-10-03,wk flu hosp rate change,0,2026-10-03,41,pmf,increase,0.177531986365
2026-10-03,wk flu hosp rate change,0,2026-10-03,41,pmf,large_decrease,0.00497509859566
2026-10-03,wk flu hosp rate change,0,2026-10-03,41,pmf,large_increase,0.0246074124595
2026-10-03,wk flu hosp rate change,0,2026-10-03,41,pmf,stable,0.709209422316
2026-10-03,wk flu hosp rate change,1,2026-10-10,41,pmf,decrease,0.0605959755249
2026-10-03,wk flu hosp rate change,1,2026-10-10,41,pmf,increase,0.190486612267
2026-10-03,wk flu hosp rate change,1,2026-10-10,41,pmf,large_decrease,0.00269259235658
2026-10-03,wk flu hosp rate change,1,2026-10-10,41,pmf,large_increase,0.0192139724168
2026-10-03,wk flu hosp rate change,1,2026-10-10,41,pmf,stable,0.727010847435
2026-10-03,wk flu hosp rate change,2,2026-10-17,41,pmf,decrease,0.0493496739666
2026-10-03,wk flu hosp rate change,2,2026-10-17,41,pmf,increase,0.216206553206
2026-10-03,wk flu hosp rate change,2,2026-10-17,41,pmf,large_decrease,0.00198735807697
2026-10-03,wk flu hosp rate change,2,2026-10-17,41,pmf,large_increase,0.029169553038
2026-10-03,wk flu hosp rate change,2,2026-10-17,41,pmf,stable,0.703286861713
2026-10-03,wk flu hosp rate change,3,2026-10-24,41,pmf,decrease,0.0389084664608
2026-10-03,wk flu hosp rate change,3,2026-10-24,41,pmf,increase,0.220785047386
2026-10-03,wk flu hosp rate change,3,2026-10-24,41,pmf,large_decrease,0.00164777108435
2026-10-03,wk flu hosp rate change,3,2026-10-24,41,pmf,large_increase,0.0386305003724
2026-10-03,wk flu hosp rate change,3,2026-10-24,41,pmf,stable,0.700028214697
2026-10-03,wk flu hosp rate change,0,2026-10-03,42,pmf,decrease,0.0500732318867
2026-10-03,wk flu hosp rate change,0,2026-10-03,42,pmf,increase,0.245571660896
2026-10-03,wk flu hosp rate change,0,2026-10-03,42,pmf,large_decrease,0.00311675857225
2026-10-03,wk flu hosp rate change,0,2026-10-03,42,pmf,large_increase,0.00615083957891
2026-10-03,wk flu hosp rate change,0,2026-10-03,42,pmf,stable,0.695087509066
2026-10-03,wk flu hosp rate change,1,2026-10-10,42,pmf,decrease,0.0301385965421
2026-10-03,wk flu hosp rate change,1,2026-10-10,42,pmf,increase,0.248155429183
2026-10-03,wk flu hosp rate change,1,2026-10-10,42,pmf,large_decrease,0.00153226986859
2026-10-03,wk flu hosp rate change,1,2026-10-10,42,pmf,large_increase,0.00451102693118
2026-10-03,wk flu hosp rate change,1,2026-10-10,42,pmf,stable,0.715662677475
2026-10-03,wk flu hosp rate change,2,2026-10-17,42,pmf,decrease,0.0215786646462
2026-10-03,wk flu hosp rate change,2,2026-10-17,42,pmf,increase,0.268072292634
2026-10-03,wk flu hosp rate change,2,2026-10-17,42,pmf,large_decrease,0.00127224074107
2026-10-03,wk flu hosp rate change,2,2026-10-17,42,pmf,large_increase,0.00605226569617
2026-10-03,wk flu hosp rate change,2,2026-10-17,42,pmf,stable,0.703024536283
2026-10-03,wk flu hosp rate change,3,2026-10-24,42,pmf,decrease,0.0173722577111
2026-10-03,wk flu hosp rate change,3,2026-10-24,42,pmf,increase,0.265992906324
2026-10-03,wk flu hosp rate change,3,2026-10-24,42,pmf,large_decrease,0.0011622583301
2026-10-03,wk flu hosp rate change,3,2026-10-24,42,pmf,large_increase,0.00770353317265
2026-10-03,wk flu hosp rate change,3,2026-10-24,42,pmf,stable,0.707769044463
2026-10-03,wk flu hosp rate change,0,2026-10-03,44,pmf,decrease,0.000982476727547
2026-10-03,wk flu hosp rate change,0,2026-10-03,44,pmf,increase,0.0296868031433
2026-10-03,wk flu hosp rate change,0,2026-10-03,44,pmf,large_decrease,0.000249845507059
2026-10-03,wk flu hosp rate change,0,2026-10-03,44,pmf,large_increase,0.00672182640528
2026-10-03,wk flu hosp rate change,0,2026-10-03,44,pmf,stable,0.962359048217
2026-10-03,wk flu hosp rate change,1,2026-10-10,44,pmf,decrease,0.000999892058998
2026-10-03,wk flu hosp rate change,1,2026-10-10,44,pmf,increase,0.0503754303792
2026-10-03,wk flu hosp rate change,1,2026-10-10,44,pmf,large_decrease,0.000153157056099
2026-10-03,wk flu hosp rate change,1,2026-10-10,44,pmf,large_increase,0.00500958522542
2026-10-03,wk flu hosp rate change,1,2026-10-10,44,pmf,stable,0.94346193528
2026-10-03,wk flu hosp rate change,2,2026-10-17,44,pmf,decrease,0.00113140594504
2026-10-03,wk flu hosp rate change,2,2026-10-17,44,pmf,increase,0.075909045923
2026-10-03,wk flu hosp rate change,2,2026-10-17,44,pmf,large_decrease,0.000139869465115
2026-10-03,wk flu hosp rate change,2,2026-10-17,44,pmf,large_increase,0.00949344512603
2026-10-03,wk flu hosp rate change,2,2026-10-17,44,pmf,stable,0.913326233541
2026-10-03,wk flu hosp rate change,3,2026-10-24,44,pmf,decrease,0.0010442098617
2026-10-03,wk flu hosp rate change,3,2026-10-24,44,pmf,increase,0.0826836978301
2026-10-03,wk flu hosp rate change,3,2026-10-24,44,pmf,large_decrease,0.000128814348956
2026-10-03,wk flu hosp rate change,3,2026-10-24,44,pmf,large_increase,0.014293271411
2026-10-03,wk flu hosp rate change,3,2026-10-24,44,pmf,stable,0.901850006548
2026-10-03,wk flu hosp rate change,0,2026-10-03,45,pmf,decrease,0.0626970123193
2026-10-03,wk flu hosp rate change,0,2026-10-03,45,pmf,increase,0.178537494967
2026-10-03,wk flu hosp rate change,0,2026-10-03,45,pmf,large_decrease,0.00206252349667
2026-10-03,wk flu hosp rate change,0,2026-10-03,45,pmf,large_increase,0.0167698258374
2026-10-03,wk flu hosp rate change,0,2026-10-03,45,pmf,stable,0.739933143379
2026-10-03,wk flu hosp rate change,1,2026-10-10,45,pmf,decrease,0.0399082147725
2026-10-03,wk flu hosp rate change,1,2026-10-10,45,pmf,increase,0.212058301428
2026-10-03,wk flu hosp rate change,1,2026-10-10,45,pmf,large_decrease,0.00105689091084
2026-10-03,wk flu hosp rate change,1,2026-10-10,45,pmf,large_increase,0.0136076763615
2026-10-03,wk flu hosp rate change,1,2026-10-10,45,pmf,stable,0.733368916527
2026-10-03,wk flu hosp rate change,2,2026-10-17,45,pmf,decrease,0.0311745349147
2026-10-03,wk flu hosp rate change,2,2026-10-17,45,pmf,increase,0.242467337568
2026-10-03,wk flu hosp rate change,2,2026-10-17,45,pmf,large_decrease,0.000785940751415
2026-10-03,wk flu hosp rate change,2,2026-10-17,45,pmf,large_increase,0.0223373672015
2026-10-03,wk flu hosp rate change,2,2026-10-17,45,pmf,stable,0.703234819565
2026-10-03,wk flu hosp rate change,3,2026-10-24,45,pmf,decrease,0.0242737698973
2026-10-03,wk flu hosp rate change,3,2026-10-24,45,pmf,increase,0.248540168737
2026-10-03,wk flu hosp rate change,3,2026-10-24,45,pmf,large_decrease,0.00068471327716
2026-10-03,wk flu hosp rate change,3,2026-10-24,45,pmf,large_increase,0.030986303283
2026-10-03,wk flu hosp rate change,3,2026-10-24,45,pmf,stable,0.695515044806
2026-10-03,wk flu hosp rate change,0,2026-10-03,46,pmf,decrease,0.000143501923522
2026-10-03,wk flu hosp rate change,0,2026-10-03,46,pmf,increase,0.0436272303132
2026-10-03,wk flu hosp rate change,0,2026-10-03,46,pmf,large_decrease,7.84874727824e-05
2026-10-03,wk flu hosp rate change,0,2026-10-03,46,pmf,large_increase,0.00469622708308
2026-10-03,wk flu hosp rate change,0,2026-10-03,46,pmf,stable,0.951454553207
2026-10-03,wk flu hosp rate change,1,2026-10-10,46,pmf,decrease,0.000145763106332
2026-10-03,wk flu hosp rate change,1,2026-10-10,46,pmf,increase,0.0722050171331
2026-10-03,wk flu hosp rate change,1,2026-10-10,46,pmf,large_decrease,5.38354692398e-05
2026-10-03,wk flu hosp rate change,1,2026-10-10,46,pmf,large_increase,0.00317706175564
2026-10-03,wk flu hosp rate change,1,2026-10-10,46,pmf,stable,0.924418322536
2026-10-03,wk flu hosp rate change,2,2026-10-17,46,pmf,decrease,0.000176462485196
2026-10-03,wk flu hosp rate change,2,2026-10-17,46,pmf,increase,0.127073672827
2026-10-03,wk flu hosp rate change,2,2026-10-17,46,pmf,large_decrease,5.79730691116e-05
2026-10-03,wk flu hosp rate change,2,2026-10-17,46,pmf,large_increase,0.00530866694171
2026-10-03,wk flu hosp rate change,2,2026-10-17,46,pmf,stable,0.867383224677
2026-10-03,wk flu hosp rate change,3,2026-10-24,46,pmf,decrease,0.000264630834272
2026-10-03,wk flu hosp rate change,3,2026-10-24,46,pmf,increase,0.177311116104
2026-10-03,wk flu hosp rate change,3,2026-10-24,46,pmf,large_decrease,6.8640240453e-05
2026-10-03,wk flu hosp rate change,3,2026-10-24,46,pmf,large_increase,0.0090403446135
2026-10-03,wk flu hosp rate change,3,2026-10-24,46,pmf,stable,0.813315268208
2026-10-03,wk flu hosp rate change,0,2026-10-03,47,pmf,decrease,0.0641458830239
2026-10-03,wk flu hosp rate change,0,2026-10-03,47,pmf,increase,0.195393304617
2026-10-03,wk flu hosp rate change,0,2026-10-03,47,pmf,large_decrease,0.003678846743
2026-10-03,wk flu hosp rate change,0,2026-10-03,47,pmf,large_increase,0.0136507046963
2026-10-03,wk flu hosp rate change,0,2026-10-03,47,pmf,stable,0.72313126092
2026-10-03,wk flu hosp rate change,1,2026-10-10,47,pmf,decrease,0.0341475754175
2026-10-03,wk flu hosp rate change,1,2026-10-10,47,pmf,increase,0.202901526166
2026-10-03,wk flu hosp rate change,1,2026-10-10,47,pmf,large_decrease,0.00187381979064
2026-10-03,wk flu hosp rate change,1,2026-10-10,47,pmf,large_increase,0.0112750497045
2026-10-03,wk flu hosp rate change,1,2026-10-10,47,pmf,stable,0.749802028921
2026-10-03,wk flu hosp rate change,2,2026-10-17,47,pmf,decrease,0.0225565037415
2026-10-03,wk flu hosp rate change,2,2026-10-17,47,pmf,increase,0.222484962659
2026-10-03,wk flu hosp rate change,2,2026-10-17,47,pmf,large_decrease,0.00145444165337
2026-10-03,wk flu hosp rate change,2,2026-10-17,47,pmf,large_increase,0.0182770276166
2026-10-03,wk flu hosp rate change,2,2026-10-17,47,pmf,stable,0.73522706433
2026-10-03,wk flu hosp rate change,3,2026-10-24,47,pmf,decrease,0.0166562165656
2026-10-03,wk flu hosp rate change,3,2026-10-24,47,pmf,increase,0.223943101333
2026-10-03,wk flu hosp rate change,3,2026-10-24,47,pmf,large_decrease,0.00124260230608
2026-10-03,wk flu hosp rate change,3,2026-10-24,47,pmf,large_increase,0.0243403135658
2026-10-03,wk flu hosp rate change,3,2026-10-24,47,pmf,stable,0.733817766229
2026-10-03,wk flu hosp rate change,0,2026-10-03,48,pmf,decrease,0.050417556932
2026-10-03,wk flu hosp rate change,0,2026-10-03,48,pmf,increase,0.37287372361
2026-10-03,wk flu hosp rate change,0,2026-10-03,48,pmf,large_decrease,0.00461463622612
2026-10-03,wk flu hosp rate change,0,2026-10-03,48,pmf,large_increase,0.016591363094
2026-10-03,wk flu hosp rate change,0,2026-10-03,48,pmf,stable,0.555502720138
2026-10-03,wk flu hosp rate change,1,2026-10-10,48,pmf,decrease,0.0388292441157
2026-10-03,wk flu hosp rate change,1,2026-10-10,48,pmf,increase,0.385545344658
2026-10-03,wk flu hosp rate change,1,2026-10-10,48,pmf,large_decrease,0.00267294035942
2026-10-03,wk flu hosp rate change,1,2026-10-10,48,pmf,large_increase,0.0128890665967
2026-10-03,wk flu hosp rate change,1,2026-10-10,48,pmf,stable,0.56006340427
2026-10-03,wk flu hosp rate change,2,2026-10-17,48,pmf,decrease,0.0299086599523
2026-10-03,wk flu hosp rate change,2,2026-10-17,48,pmf,increase,0.415654978764
2026-10-03,wk flu hosp rate change,2,2026-10-17,48,pmf,large_decrease,0.00227246246529
2026-10-03,wk flu hosp rate change,2,2026-10-17,48,pmf,large_increase,0.0161306872622
2026-10-03,wk flu hosp rate change,2,2026-10-17,48,pmf,stable,0.536033211556
2026-10-03,wk flu hosp rate change,3,2026-10-24,48,pmf,decrease,0.0263466935425
2026-10-03,wk flu hosp rate change,3,2026-10-24,48,pmf,increase,0.42067748431
2026-10-03,wk flu hosp rate change,3,2026-10-24,48,pmf,large_decrease,0.00212345025761
2026-10-03,wk flu hosp rate change,3,2026-10-24,48,pmf,large_increase,0.0195588186826
2026-10-03,wk flu hosp rate change,3,2026-10-24,48,pmf,stable,0.531293553207
2026-10-03,wk flu hosp rate change,0,2026-10-03,49,pmf,decrease,0.018004108181
2026-10-03,wk flu hosp rate change,0,2026-10-03,49,pmf,increase,0.0954328196337
2026-10-03,wk flu hosp rate change,0,2026-10-03,49,pmf,large_decrease,0.000485314534675
2026-10-03,wk flu hosp rate change,0,2026-10-03,49,pmf,large_increase,0.00448142473221
2026-10-03,wk flu hosp rate change,0,2026-10-03,49,pmf,stable,0.881596332918
2026-10-03,wk flu hosp rate change,1,2026-10-10,49,pmf,decrease,0.0137133226464
2026-10-03,wk flu hosp rate change,1,2026-10-10,49,pmf,increase,0.111007397235
2026-10-03,wk flu hosp rate change,1,2026-10-10,49,pmf,large_decrease,0.000278444730005
2026-10-03,wk flu hosp rate change,1,2026-10-10,49,pmf,large_increase,0.00338469028842
2026-10-03,wk flu hosp rate change,1,2026-10-10,49,pmf,stable,0.8716161451
2026-10-03,wk flu hosp rate change,2,2026-10-17,49,pmf,decrease,0.0119956283346
2026-10-03,wk flu hosp rate change,2,2026-10-17,49,pmf,increase,0.132045693008
2026-10-03,wk flu hosp rate change,2,2026-10-17,49,pmf,large_decrease,0.000220550245326
2026-10-03,wk flu hosp rate change,2,2026-10-17,49,pmf,large_increase,0.0048319742833
2026-10-03,wk flu hosp rate change,2,2026-10-17,49,pmf,stable,0.850906154129
2026-10-03,wk flu hosp rate change,3,2026-10-24,49,pmf,decrease,0.00994815326575
2026-10-03,wk flu hosp rate change,3,2026-10-24,49,pmf,increase,0.137527479021
2026-10-03,wk flu hosp rate change,3,2026-10-24,49,pmf,large_decrease,0.000193415708663
2026-10-03,wk flu hosp rate change,3,2026-10-24,49,pmf,large_increase,0.00607053837633
2026-10-03,wk flu hosp rate change,3,2026-10-24,49,pmf,stable,0.846260413628
2026-10-03,wk flu hosp rate change,0,2026-10-03,50,pmf,decrease,0.000668385459483
2026-10-03,wk flu hosp rate change,0,2026-10-03,50,pmf,increase,0.0126294084355
2026-10-03,wk flu hosp rate change,0,2026-10-03,50,pmf,large_decrease,0.000407452681055
2026-10-03,wk flu hosp rate change,0,2026-10-03,50,pmf,large_increase,0.00426827400014
2026-10-03,wk flu hosp rate change,0,2026-10-03,50,pmf,stable,0.982026479424
2026-10-03,wk flu hosp rate change,1,2026-10-10,50,pmf,decrease,0.00059066889918
2026-10-03,wk flu hosp rate change,1,2026-10-10,50,pmf,increase,0.0209066762176
2026-10-03,wk flu hosp rate change,1,2026-10-10,50,pmf,large_decrease,0.000293899888998
2026-10-03,wk flu hosp rate change,1,2026-10-10,50,pmf,large_increase,0.00338207936804
2026-10-03,wk flu hosp rate change,1,2026-10-10,50,pmf,stable,0.974826675626
2026-10-03,wk flu hosp rate change,2,2026-10-17,50,pmf,decrease,0.000658478121975
2026-10-03,wk flu hosp rate change,2,2026-10-17,50,pmf,increase,0.0315949503781
2026-10-03,wk flu hosp rate change,2,2026-10-17,50,pmf,large_decrease,0.000255654892168
2026-10-03,wk flu hosp rate change,2,2026-10-17,50,pmf,large_increase,0.00612730255721
2026-10-03,wk flu hosp rate change,2,2026-10-17,50,pmf,stable,0.961363614051
2026-10-03,wk flu hosp rate change,3,2026-10-24,50,pmf,decrease,0.000866176196594
2026-10-03,wk flu hosp rate change,3,2026-10-24,50,pmf,increase,0.0357197230592
2026-10-03,wk flu hosp rate change,3,2026-10-24,50,pmf,large_decrease,0.000229318594071
2026-10-03,wk flu hosp rate change,3,2026-10-24,50,pmf,large_increase,0.00857373231891
2026-10-03,wk flu hosp rate change,3,2026-10-24,50,pmf,stable,0.954611049831
2026-10-03,wk flu hosp rate change,0,2026-10-03,51,pmf,decrease,0.0390325031196
2026-10-03,wk flu hosp rate change,0,2026-10-03,51,pmf,increase,0.101852806787
2026-10-03,wk flu hosp rate change,0,2026-10-03,51,pmf,large_decrease,0.00117079977694
2026-10-03,wk flu hosp rate change,0,2026-10-03,51,pmf,large_increase,0.00560180482581
2026-10-03,wk flu hosp rate change,0,2026-10-03,51,pmf,stable,0.852342085491
2026-10-03,wk flu hosp rate change,1,2026-10-10,51,pmf,decrease,0.020398434324
2026-10-03,wk flu hosp rate change,1,2026-10-10,51,pmf,increase,0.115503055849
2026-10-03,wk flu hosp rate change,1,2026-10-10,51,pmf,large_decrease,0.000599653105085
2026-10-03,wk flu hosp rate change,1,2026-10-10,51,pmf,large_increase,0.0047832585777
2026-10-03,wk flu hosp rate change,1,2026-10-10,51,pmf,stable,0.858715598144
2026-10-03,wk flu hosp rate change,2,2026-10-17,51,pmf,decrease,0.0136014904019
2026-10-03,wk flu hosp rate change,2,2026-10-17,51,pmf,increase,0.133360486121
2026-10-03,wk flu hosp rate change,2,2026-10-17,51,pmf,large_decrease,0.000427571846539
2026-10-03,wk flu hosp rate change,2,2026-10-17,51,pmf,large_increase,0.00868091070152
2026-10-03,wk flu hosp rate change,2,2026-10-17,51,pmf,stable,0.843929540929
2026-10-03,wk flu hosp rate change,3,2026-10-24,51,pmf,decrease,0.0104582644304
2026-10-03,wk flu hosp rate change,3,2026-10-24,51,pmf,increase,0.136872668265
2026-10-03,wk flu hosp rate change,3,2026-10-24,51,pmf,large_decrease,0.000377924057643
2026-10-03,wk flu hosp rate change,3,2026-10-24,51,pmf,large_increase,0.0119953157013
2026-10-03,wk flu hosp rate change,3,2026-10-24,51,pmf,stable,0.840295827546
2026-10-03,wk flu hosp rate change,0,2026-10-03,53,pmf,decrease,0.135141844785
2026-10-03,wk flu hosp rate change,0,2026-10-03,53,pmf,increase,0.263553453221
2026-10-03,wk flu hosp rate change,0,2026-10-03,53,pmf,large_decrease,0.0136992436084
2026-10-03,wk flu hosp rate change,0,2026-10-03,53,pmf,large_increase,0.0304256076288
2026-10-03,wk flu hosp rate change,0,2026-10-03,53,pmf,stable,0.557179850757
2026-10-03,wk flu hosp rate change,1,2026-10-10,53,pmf,decrease,0.103826864799
2026-10-03,wk flu hosp rate change,1,2026-10-10,53,pmf,increase,0.264901229841
2026-10-03,wk flu hosp rate change,1,2026-10-10,53,pmf,large_decrease,0.00721176564336
2026-10-03,wk flu hosp rate change,1,2026-10-10,53,pmf,large_increase,0.0264410462354
2026-10-03,wk flu hosp rate change,1,2026-10-10,53,pmf,stable,0.597619093481
2026-10-03,wk flu hosp rate change,2,2026-10-17,53,pmf,decrease,0.081804344839
2026-10-03,wk flu hosp rate change,2,2026-10-17,53,pmf,increase,0.26055110737
2026-10-03,wk flu hosp rate change,2,2026-10-17,53,pmf,large_decrease,0.00521324779746
2026-10-03,wk flu hosp rate change,2,2026-10-17,53,pmf,large_increase,0.0363394098463
2026-10-03,wk flu hosp rate change,2,2026-10-17,53,pmf,stable,0.616091890147
2026-10-03,wk flu hosp rate change,3,2026-10-24,53,pmf,decrease,0.0669710134382
2026-10-03,wk flu hosp rate change,3,2026-10-24,53,pmf,increase,0.259094255972
2026-10-03,wk flu hosp rate change,3,2026-10-24,53,pmf,large_decrease,0.00461126177439
2026-10-03,wk flu hosp rate change,3,2026-10-24,53,pmf,large_increase,0.042279119091
2026-10-03,wk flu hosp rate change,3,2026-10-24,53,pmf,stable,0.627044349724
2026-10-03,wk flu hosp rate change,0,2026-10-03,54,pmf,decrease,0.000948485378971
2026-10-03,wk flu hosp rate change,0,2026-10-03,54,pmf,increase,0.035109724146
2026-10-03,wk flu hosp rate change,0,2026-10-03,54,pmf,large_decrease,0.000267477090055
2026-10-03,wk flu hosp rate change,0,2026-10-03,54,pmf,large_increase,0.00699122668119
2026-10-03,wk flu hosp rate change,0,2026-10-03,54,pmf,stable,0.956683086704
2026-10-03,wk flu hosp rate change,1,2026-10-10,54,pmf,decrease,0.000912386207627
2026-10-03,wk flu hosp rate change,1,2026-10-10,54,pmf,increase,0.0622575796592
2026-10-03,wk flu hosp rate change,1,2026-10-10,54,pmf,large_decrease,0.000176503874354
2026-10-03,wk flu hosp rate change,1,2026-10-10,54,pmf,large_increase,0.00606410088353
2026-10-03,wk flu hosp rate change,1,2026-10-10,54,pmf,stable,0.930589429375
2026-10-03,wk flu hosp rate change,2,2026-10-17,54,pmf,decrease,0.000947817108669
2026-10-03,wk flu hosp rate change,2,2026-10-17,54,pmf,increase,0.0928685277506
2026-10-03,wk flu hosp rate change,2,2026-10-17,54,pmf,large_decrease,0.000159965024037
2026-10-03,wk flu hosp rate change,2,2026-10-17,54,pmf,large_increase,0.0106765419697
2026-10-03,wk flu hosp rate change,2,2026-10-17,54,pmf,stable,0.895347148147
2026-10-03,wk flu hosp rate change,3,2026-10-24,54,pmf,decrease,0.000767182966401
2026-10-03,wk flu hosp rate change,3,2026-10-24,54,pmf,increase,0.1005448219
2026-10-03,wk flu hosp rate change,3,2026-10-24,54,pmf,large_decrease,0.000149478435712
2026-10-03,wk flu hosp rate change,3,2026-10-24,54,pmf,large_increase,0.0151191676976
2026-10-03,wk flu hosp rate change,3,2026-10-24,54,pmf,stable,0.883419349001
2026-10-03,wk flu hosp rate change,0,2026-10-03,55,pmf,decrease,0.0486731628532
2026-10-03,wk flu hosp rate change,0,2026-10-03,55,pmf,increase,0.230232117707
2026-10-03,wk flu hosp rate change,0,2026-10-03,55,pmf,large_decrease,0.00149446495549
2026-10-03,wk flu hosp rate change,0,2026-10-03,55,pmf,large_increase,0.0185653470483
2026-10-03,wk flu hosp rate change,0,2026-10-03,55,pmf,stable,0.701034907436
2026-10-03,wk flu hosp rate change,1,2026-10-10,55,pmf,decrease,0.0344784867414
2026-10-03,wk flu hosp rate change,1,2026-10-10,55,pmf,increase,0.241469668007
2026-10-03,wk flu hosp rate change,1,2026-10-10,55,pmf,large_decrease,0.000812208599154
2026-10-03,wk flu hosp rate change,1,2026-10-10,55,pmf,large_increase,0.0147178001698
2026-10-03,wk flu hosp rate change,1,2026-10-10,55,pmf,stable,0.708521836483
2026-10-03,wk flu hosp rate change,2,2026-10-17,55,pmf,decrease,0.0278388438753
2026-10-03,wk flu hosp rate change,2,2026-10-17,55,pmf,increase,0.260651639925
2026-10-03,wk flu hosp rate change,2,2026-10-17,55,pmf,large_decrease,0.000610072887396
2026-10-03,wk flu hosp rate change,2,2026-10-17,55,pmf,large_increase,0.0230796424719
2026-10-03,wk flu hosp rate change,2,2026-10-17,55,pmf,stable,0.687819800841
2026-10-03,wk flu hosp rate change,3,2026-10-24,55,pmf,decrease,0.0218773466352
2026-10-03,wk flu hosp rate change,3,2026-10-24,55,pmf,increase,0.262155973514
2026-10-03,wk flu hosp rate change,3,2026-10-24,55,pmf,large_decrease,0.000521285692487
2026-10-03,wk flu hosp rate change,3,2026-10-24,55,pmf,large_increase,0.0297144513141
2026-10-03,wk flu hosp rate change,3,2026-10-24,55,pmf,stable,0.685730942844
2026-10-03,wk flu hosp rate change,0,2026-10-03,56,pmf,decrease,0.000207159588665
2026-10-03,wk flu hosp rate change,0,2026-10-03,56,pmf,increase,0.0181484542883
2026-10-03,wk flu hosp rate change,0,2026-10-03,56,pmf,large_decrease,0.000412466003359
2026-10-03,wk flu hosp rate change,0,2026-10-03,56,pmf,large_increase,0.0140118852011
2026-10-03,wk flu hosp rate change,0,2026-10-03,56,pmf,stable,0.967220034919
2026-10-03,wk flu hosp rate change,1,2026-10-10,56,pmf,decrease,0.000210990576816
2026-10-03,wk flu hosp rate change,1,2026-10-10,56,pmf,increase,0.0500691879333
2026-10-03,wk flu hosp rate change,1,2026-10-10,56,pmf,large_decrease,0.000234888551728
2026-10-03,wk flu hosp rate change,1,2026-10-10,56,pmf,large_increase,0.00650245207978
2026-10-03,wk flu hosp rate change,1,2026-10-10,56,pmf,stable,0.942982480858
2026-10-03,wk flu hosp rate change,2,2026-10-17,56,pmf,decrease,0.000232798610146
2026-10-03,wk flu hosp rate change,2,2026-10-17,56,pmf,increase,0.0756769479096
2026-10-03,wk flu hosp rate change,2,2026-10-17,56,pmf,large_decrease,0.000211370106322
2026-10-03,wk flu hosp rate change,2,2026-10-17,56,pmf,large_increase,0.00981822815779
2026-10-03,wk flu hosp rate change,2,2026-10-17,56,pmf,stable,0.914060655216
2026-10-03,wk flu hosp rate change,3,2026-10-24,56,pmf,decrease,0.000292091960713
2026-10-03,wk flu hosp rate change,3,2026-10-24,56,pmf,increase,0.088551102031
2026-10-03,wk flu hosp rate change,3,2026-10-24,56,pmf,large_decrease,0.000199712544175
2026-10-03,wk flu hosp rate change,3,2026-10-24,56,pmf,large_increase,0.0136207211518
2026-10-03,wk flu hosp rate change,3,2026-10-24,56,pmf,stable,0.897336372312
2026-10-03,wk flu hosp rate change,0,2026-10-03,72,pmf,decrease,0.148131616677
2026-10-03,wk flu hosp rate change,0,2026-10-03,72,pmf,increase,0.475776746612
2026-10-03,wk flu hosp rate change,0,2026-10-03,72,pmf,large_decrease,0.0178154781623
2026-10-03,wk flu hosp rate change,0,2026-10-03,72,pmf,large_increase,0.061778744929
2026-10-03,wk flu hosp rate change,0,2026-10-03,72,pmf,stable,0.29649741362
2026-10-03,wk flu hosp rate change,1,2026-10-10,72,pmf,decrease,0.124418707656
2026-10-03,wk flu hosp rate change,1,2026-10-10,72,pmf,increase,0.494202535838
2026-10-03,wk flu hosp rate change,1,2026-10-10,72,pmf,large_decrease,0.00687511076192
2026-10-03,wk flu hosp rate change,1,2026-10-10,72,pmf,large_increase,0.0553077533045
2026-10-03,wk flu hosp rate change,1,2026-10-10,72,pmf,stable,0.319195892439
2026-10-03,wk flu hosp rate change,2,2026-10-17,72,pmf,decrease,0.102236989347
2026-10-03,wk flu hosp rate change,2,2026-10-17,72,pmf,increase,0.516663404167
2026-10-03,wk flu hosp rate change,2,2026-10-17,72,pmf,large_decrease,0.00527790461062
2026-10-03,wk flu hosp rate change,2,2026-10-17,72,pmf,large_increase,0.0701944993062
2026-10-03,wk flu hosp rate change,2,2026-10-17,72,pmf,stable,0.305627202569
2026-10-03,wk flu hosp rate change,3,2026-10-24,72,pmf,decrease,0.084976211538
2026-10-03,wk flu hosp rate change,3,2026-10-24,72,pmf,increase,0.511521902048
2026-10-03,wk flu hosp rate change,3,2026-10-24,72,pmf,large_decrease,0.00468264058869
2026-10-03,wk flu hosp rate change,3,2026-10-24,72,pmf,large_increase,0.0777418287163
2026-10-03,wk flu hosp rate change,3,2026-10-24,72,pmf,stable,0.321077417109
2026-10-03,wk flu hosp rate change,0,2026-10-03,US,pmf,decrease,0.0121384464392
2026-10-03,wk flu hosp rate change,0,2026-10-03,US,pmf,increase,0.142380454027
2026-10-03,wk flu hosp rate change,0,2026-10-03,US,pmf,large_decrease,0.00278998080955
2026-10-03,wk flu hosp rate change,0,2026-10-03,US,pmf,large_increase,0.00828794372169
2026-10-03,wk flu hosp rate change,0,2026-10-03,US,pmf,stable,0.834403175002
2026-10-03,wk flu hosp rate change,1,2026-10-10,US,pmf,decrease,0.0106273960879
2026-10-03,wk flu hosp rate change,1,2026-10-10,US,pmf,increase,0.151157508907
2026-10-03,wk flu hosp rate change,1,2026-10-10,US,pmf,large_decrease,0.00236096028914
2026-10-03,wk flu hosp rate change,1,2026-10-10,US,pmf,large_increase,0.00720581968383
2026-10-03,wk flu hosp rate change,1,2026-10-10,US,pmf,stable,0.828648315032
2026-10-03,wk flu hosp rate change,2,2026-10-17,US,pmf,decrease,0.00946704249875
2026-10-03,wk flu hosp rate change,2,2026-10-17,US,pmf,increase,0.165932476818
2026-10-03,wk flu hosp rate change,2,2026-10-17,US,pmf,large_decrease,0.00216925221607
2026-10-03,wk flu hosp rate change,2,2026-10-17,US,pmf,large_increase,0.0102925224346
2026-10-03,wk flu hosp rate change,2,2026-10-17,US,pmf,stable,0.812138706033
2026-10-03,wk flu hosp rate change,3,2026-10-24,US,pmf,decrease,0.00941726619983
2026-10-03,wk flu hosp rate change,3,2026-10-24,US,pmf,increase,0.175635264652
2026-10-03,wk flu hosp rate change,3,2026-10-24,US,pmf,large_decrease,0.00210692916704
2026-10-03,wk flu hosp rate change,3,2026-10-24,US,pmf,large_increase,0.0130185336912
2026-10-03,wk flu hosp rate change,3,2026-10-24,US,pmf,stable,0.79982200629
2026-10-03,wk inc flu hosp,0,2026-10-03,01,quantile,0.01,13
2026-10-03,wk inc flu hosp,0,2026-10-03,01,quantile,0.025,16
2026-10-03,wk inc flu hosp,0,2026-10-03,01,quantile,0.05,18
2026-10-03,wk inc flu hosp,0,2026-10-03,01,quantile,0.1,22
2026-10-03,wk inc flu hosp,0,2026-10-03,01,quantile,0.15,25
2026-10-03,wk inc flu hosp,0,2026-10-03,01,quantile,0.2,28
2026-10-03,wk inc flu hosp,0,2026-10-03,01,quantile,0.25,30
2026-10-03,wk inc flu hosp,0,2026-10-03,01,quantile,0.3,33
2026-10-03,wk inc flu hosp,0,2026-10-03,01,quantile,0.35,35
2026-10-03,wk inc flu hosp,0,2026-10-03,01,quantile,0.4,37
2026-10-03,wk inc flu hosp,0,2026-10-03,01,quantile,0.45,40
2026-10-03,wk inc flu hosp,0,2026-10-03,01,quantile,0.5,43
2026-10-03,wk inc flu hosp,0,2026-10-03,01,quantile,0.55,45
2026-10-03,wk inc flu hosp,0,2026-10-03,01,quantile,0.6,48
2026-10-03,wk inc flu hosp,0,2026-10-03,01,quantile,0.65,52
2026-10-03,wk inc flu hosp,0,2026-10-03,01,quantile,0.7,55
2026-10-03,wk inc flu hosp,0,2026-10-03,01,quantile,0.75,60
2026-10-03,wk inc flu hosp,0,2026-10-03,01,quantile,0.8,65
2026-10-03,wk inc flu hosp,0,2026-10-03,01,quantile,0.85,72
2026-10-03,wk inc flu hosp,0,2026-10-03,01,quantile,0.9,82
2026-10-03,wk inc flu hosp,0,2026-10-03,01,quantile,0.95,98
2026-10-03,wk inc flu hosp,0,2026-10-03,01,quantile,0.975,114
2026-10-03,wk inc flu hosp,0,2026-10-03,01,quantile,0.99,138
2026-10-03,wk inc flu hosp,1,2026-10-10,01,quantile,0.01,11
2026-10-03,wk inc flu hosp,1,2026-10-10,01,quantile,0.025,14
2026-10-03,wk inc flu hosp,1,2026-10-10,01,quantile,0.05,18
2026-10-03,wk inc flu hosp,1,2026-10-10,01,quantile,0.1,22
2026-10-03,wk inc flu hosp,1,2026-10-10,01,quantile,0.15,26
2026-10-03,wk inc flu hosp,1,2026-10-10,01,quantile,0.2,29
2026-10-03,wk inc flu hosp,1,2026-10-10,01,quantile,0.25,33
2026-10-03,wk inc flu hosp,1,2026-10-10,01,quantile,0.3,36
2026-10-03,wk inc flu hosp,1,2026-10-10,01,quantile,0.35,39
2026-10-03,wk inc flu hosp,1,2026-10-10,01,quantile,0.4,42
2026-10-03,wk inc flu hosp,1,2026-10-10,01,quantile,0.45,46
2026-10-03,wk inc flu hosp,1,2026-10-10,01,quantile,0.5,50
2026-10-03,wk inc flu hosp,1,2026-10-10,01,quantile,0.55,54
2026-10-03,wk inc flu hosp,1,2026-10-10,01,quantile,0.6,59
2026-10-03,wk inc flu hosp,1,2026-10-10,01,quantile,0.65,64
2026-10-03,wk inc flu hosp,1,2026-10-10,01,quantile,0.7,69
2026-10-03,wk inc flu hosp,1,2026-10-10,01,quantile,0.75,76
2026-10-03,wk inc flu hosp,1,2026-10-10,01,quantile,0.8,84
2026-10-03,wk inc flu hosp,1,2026-10-10,01,quantile,0.85,94
2026-10-03,wk inc flu hosp,1,2026-10-10,01,quantile,0.9,110
2026-10-03,wk inc flu hosp,1,2026-10-10,01,quantile,0.95,138
2026-10-03,wk inc flu hosp,1,2026-10-10,01,quantile,0.975,169
2026-10-03,wk inc flu hosp,1,2026-10-10,01,quantile,0.99,211
2026-10-03,wk inc flu hosp,2,2026-10-17,01,quantile,0.01,11
2026-10-03,wk inc flu hosp,2,2026-10-17,01,quantile,0.025,14
2026-10-03,wk inc flu hosp,2,2026-10-17,01,quantile,0.05,18
2026-10-03,wk inc flu hosp,2,2026-10-17,01,quantile,0.1,24
2026-10-03,wk inc flu hosp,2,2026-10-17,01,quantile,0.15,29
2026-10-03,wk inc flu hosp,2,2026-10-17,01,quantile,0.2,33
2026-10-03,wk inc flu hosp,2,2026-10-17,01,quantile,0.25,37
2026-10-03,wk inc flu hosp,2,2026-10-17,01,quantile,0.3,42
2026-10-03,wk inc flu hosp,2,2026-10-17,01,quantile,0.35,46
2026-10-03,wk inc flu hosp,2,2026-10-17,01,quantile,0.4,51
2026-10-03,wk inc flu hosp,2,2026-10-17,01,quantile,0.45,56
2026-10-03,wk inc flu hosp,2,2026-10-17,01,quantile,0.5,62
2026-10-03,wk inc flu hosp,2,2026-10-17,01,quantile,0.55,68
2026-10-03,wk inc flu hosp,2,2026-10-17,01,quantile,0.6,75
2026-10-03,wk inc flu hosp,2,2026-10-17,01,quantile,0.65,82
2026-10-03,wk inc flu hosp,2,2026-10-17,01,quantile,0.7,92
2026-10-03,wk inc flu hosp,2,2026-10-17,01,quantile,0.75,103
2026-10-03,wk inc flu hosp,2,2026-10-17,01,quantile,0.8,117
2026-10-03,wk inc flu hosp,2,2026-10-17,01,quantile,0.85,136
2026-10-03,wk inc flu hosp,2,2026-10-17,01,quantile,0.9,161
2026-10-03,wk inc flu hosp,2,2026-10-17,01,quantile,0.95,208
2026-10-03,wk inc flu hosp,2,2026-10-17,01,quantile,0.975,264
2026-10-03,wk inc flu hosp,2,2026-10-17,01,quantile,0.99,345
2026-10-03,wk inc flu hosp,3,2026-10-24,01,quantile,0.01,10
2026-10-03,wk inc flu hosp,3,2026-10-24,01,quantile,0.025,14
2026-10-03,wk inc flu hosp,3,2026-10-24,01,quantile,0.05,18
2026-10-03,wk inc flu hosp,3,2026-10-24,01,quantile,0.1,26
2026-10-03,wk inc flu hosp,3,2026-10-24,01,quantile,0.15,32
2026-10-03,wk inc flu hosp,3,2026-10-24,01,quantile,0.2,38
2026-10-03,wk inc flu hosp,3,2026-10-24,01,quantile,0.25,43
2026-10-03,wk inc flu hosp,3,2026-10-24,01,quantile,0.3,50
2026-10-03,wk inc flu hosp,3,2026-10-24,01,quantile,0.35,56
2026-10-03,wk inc flu hosp,3,2026-10-24,01,quantile,0.4,63
2026-10-03,wk inc flu hosp,3,2026-10-24,01,quantile,0.45,70
2026-10-03,wk inc flu hosp,3,2026-10-24,01,quantile,0.5,78
2026-10-03,wk inc flu hosp,3,2026-10-24,01,quantile,0.55,88
2026-10-03,wk inc flu hosp,3,2026-10-24,01,quantile,0.6,98
2026-10-03,wk inc flu hosp,3,2026-10-24,01,quantile,0.65,111
2026-10-03,wk inc flu hosp,3,2026-10-24,01,quantile,0.7,125
2026-10-03,wk inc flu hosp,3,2026-10-24,01,quantile,0.75,143
2026-10-03,wk inc flu hosp,3,2026-10-24,01,quantile,0.8,163
2026-10-03,wk inc flu hosp,3,2026-10-24,01,quantile,0.85,190
2026-10-03,wk inc flu hosp,3,2026-10-24,01,quantile,0.9,231
2026-10-03,wk inc flu hosp,3,2026-10-24,01,quantile,0.95,314
2026-10-03,wk inc flu hosp,3,2026-10-24,01,quantile,0.975,413
2026-10-03,wk inc flu hosp,3,2026-10-24,01,quantile,0.99,556
2026-10-03,wk inc flu hosp,0,2026-10-03,02,quantile,0.01,3
2026-10-03,wk inc flu hosp,0,2026-10-03,02,quantile,0.025,4
2026-10-03,wk inc flu hosp,0,2026-10-03,02,quantile,0.05,5
2026-10-03,wk inc flu hosp,0,2026-10-03,02,quantile,0.1,7
2026-10-03,wk inc flu hosp,0,2026-10-03,02,quantile,0.15,8
2026-10-03,wk inc flu hosp,0,2026-10-03,02,quantile,0.2,10
2026-10-03,wk inc flu hosp,0,2026-10-03,02,quantile,0.25,11
2026-10-03,wk inc flu hosp,0,2026-10-03,02,quantile,0.3,12
2026-10-03,wk inc flu hosp,0,2026-10-03,02,quantile,0.35,13
2026-10-03,wk inc flu hosp,0,2026-10-03,02,quantile,0.4,14
2026-10-03,wk inc flu hosp,0,2026-10-03,02,quantile,0.45,15
2026-10-03,wk inc flu hosp,0,2026-10-03,02,quantile,0.5,17
2026-10-03,wk inc flu hosp,0,2026-10-03,02,quantile,0.55,18
2026-10-03,wk inc flu hosp,0,2026-10-03,02,quantile,0.6,19
2026-10-03,wk inc flu hosp,0,2026-10-03,02,quantile,0.65,21
2026-10-03,wk inc flu hosp,0,2026-10-03,02,quantile,0.7,23
2026-10-03,wk inc flu hosp,0,2026-10-03,02,quantile,0.75,25
2026-10-03,wk inc flu hosp,0,2026-10-03,02,quantile,0.8,28
2026-10-03,wk inc flu hosp,0,2026-10-03,02,quantile,0.85,32
2026-10-03,wk inc flu hosp,0,2026-10-03,02,quantile,0.9,37
2026-10-03,wk inc flu hosp,0,2026-10-03,02,quantile,0.95,46
2026-10-03,wk inc flu hosp,0,2026-10-03,02,quantile,0.975,56
2026-10-03,wk inc flu hosp,0,2026-10-03,02,quantile,0.99,71
2026-10-03,wk inc flu hosp,1,2026-10-10,02,quantile,0.01,3
2026-10-03,wk inc flu hosp,1,2026-10-10,02,quantile,0.025,4
2026-10-03,wk inc flu hosp,1,2026-10-10,02,quantile,0.05,5
2026-10-03,wk inc flu hosp,1,2026-10-10,02,quantile,0.1,7
2026-10-03,wk inc flu hosp,1,2026-10-10,02,quantile,0.15,9
2026-10-03,wk inc flu hosp,1,2026-10-10,02,quantile,0.2,10
2026-10-03,wk inc flu hosp,1,2026-10-10,02,quantile,0.25,11
2026-10-03,wk inc flu hosp,1,2026-10-10,02,quantile,0.3,13
2026-10-03,wk inc flu hosp,1,2026-10-10,02,quantile,0.35,15
2026-10-03,wk inc flu hosp,1,2026-10-10,02,quantile,0.4,16
2026-10-03,wk inc flu hosp,1,2026-10-10,02,quantile,0.45,18
2026-10-03,wk inc flu hosp,1,2026-10-10,02,quantile,0.5,20
2026-10-03,wk inc flu hosp,1,2026-10-10,02,quantile,0.55,22
2026-10-03,wk inc flu hosp,1,2026-10-10,02,quantile,0.6,24
2026-10-03,wk inc flu hosp,1,2026-10-10,02,quantile,0.65,26
2026-10-03,wk inc flu hosp,1,2026-10-10,02,quantile,0.7,29
2026-10-03,wk inc flu hosp,1,2026-10-10,02,quantile,0.75,32
2026-10-03,wk inc flu hosp,1,2026-10-10,02,quantile,0.8,36
2026-10-03,wk inc flu hosp,1,2026-10-10,02,quantile,0.85,42
2026-10-03,wk inc flu hosp,1,2026-10-10,02,quantile,0.9,50
2026-10-03,wk inc flu hosp,1,2026-10-10,02,quantile,0.95,66
2026-10-03,wk inc flu hosp,1,2026-10-10,02,quantile,0.975,82
2026-10-03,wk inc flu hosp,1,2026-10-10,02,quantile,0.99,108
2026-10-03,wk inc flu hosp,2,2026-10-17,02,quantile,0.01,3
2026-10-03,wk inc flu hosp,2,2026-10-17,02,quantile,0.025,4
2026-10-03,wk inc flu hosp,2,2026-10-17,02,quantile,0.05,5
2026-10-03,wk inc flu hosp,2,2026-10-17,02,quantile,0.1,7
2026-10-03,wk inc flu hosp,2,2026-10-17,02,quantile,0.15,9
2026-10-03,wk inc flu hosp,2,2026-10-17,02,quantile,0.2,11
2026-10-03,wk inc flu hosp,2,2026-10-17,02,quantile,0.25,13
2026-10-03,wk inc flu hosp,2,2026-10-17,02,quantile,0.3,15
2026-10-03,wk inc flu hosp,2,2026-10-17,02,quantile,0.35,17
2026-10-03,wk inc flu hosp,2,2026-10-17,02,quantile,0.4,19
2026-10-03,wk inc flu hosp,2,2026-10-17,02,quantile,0.45,21
2026-10-03,wk inc flu hosp,2,2026-10-17,02,quantile,0.5,24
2026-10-03,wk inc flu hosp,2,2026-10-17,02,quantile,0.55,26
2026-10-03,wk inc flu hosp,2,2026-10-17,02,quantile,0.6,30
2026-10-03,wk inc flu hosp,2,2026-10-17,02,quantile,0.65,33
2026-10-03,wk inc flu hosp,2,2026-10-17,02,quantile,0.7,38
2026-10-03,wk inc flu hosp,2,2026-10-17,02,quantile,0.75,42
2026-10-03,wk inc flu hosp,2,2026-10-17,02,quantile,0.8,49
2026-10-03,wk inc flu hosp,2,2026-10-17,02,quantile,0.85,59
2026-10-03,wk inc flu hosp,2,2026-10-17,02,quantile,0.9,72
2026-10-03,wk inc flu hosp,2,2026-10-17,02,quantile,0.95,97
2026-10-03,wk inc flu hosp,2,2026-10-17,02,quantile,0.975,128
2026-10-03,wk inc flu hosp,2,2026-10-17,02,quantile,0.99,174
2026-10-03,wk inc flu hosp,3,2026-10-24,02,quantile,0.01,3
2026-10-03,wk inc flu hosp,3,2026-10-24,02,quantile,0.025,4
2026-10-03,wk inc flu hosp,3,2026-10-24,02,quantile,0.05,6
2026-10-03,wk inc flu hosp,3,2026-10-24,02,quantile,0.1,8
2026-10-03,wk inc flu hosp,3,2026-10-24,02,quantile,0.15,11
2026-10-03,wk inc flu hosp,3,2026-10-24,02,quantile,0.2,13
2026-10-03,wk inc flu hosp,3,2026-10-24,02,quantile,0.25,16
2026-10-03,wk inc flu hosp,3,2026-10-24,02,quantile,0.3,18
2026-10-03,wk inc flu hosp,3,2026-10-24,02,quantile,0.35,21
2026-10-03,wk inc flu hosp,3,2026-10-24,02,quantile,0.4,24
2026-10-03,wk inc flu hosp,3,2026-10-24,02,quantile,0.45,27
2026-10-03,wk inc flu hosp,3,2026-10-24,02,quantile,0.5,30
2026-10-03,wk inc flu hosp,3,2026-10-24,02,quantile,0.55,34
2026-10-03,wk inc flu hosp,3,2026-10-24,02,quantile,0.6,39
2026-10-03,wk inc flu hosp,3,2026-10-24,02,quantile,0.65,44
2026-10-03,wk inc flu hosp,3,2026-10-24,02,quantile,0.7,50
2026-10-03,wk inc flu hosp,3,2026-10-24,02,quantile,0.75,58
2026-10-03,wk inc flu hosp,3,2026-10-24,02,quantile,0.8,68
2026-10-03,wk inc flu hosp,3,2026-10-24,02,quantile,0.85,82
2026-10-03,wk inc flu hosp,3,2026-10-24,02,quantile,0.9,103
2026-10-03,wk inc flu hosp,3,2026-10-24,02,quantile,0.95,144
2026-10-03,wk inc flu hosp,3,2026-10-24,02,quantile,0.975,193
2026-10-03,wk inc flu hosp,3,2026-10-24,02,quantile,0.99,274
2026-10-03,wk inc flu hosp,0,2026-10-03,04,quantile,0.01,10
2026-10-03,wk inc flu hosp,0,2026-10-03,04,quantile,0.025,12
2026-10-03,wk inc flu hosp,0,2026-10-03,04,quantile,0.05,15
2026-10-03,wk inc flu hosp,0,2026-10-03,04,quantile,0.1,18
2026-10-03,wk inc flu hosp,0,2026-10-03,04,quantile,0.15,20
2026-10-03,wk inc flu hosp,0,2026-10-03,04,quantile,0.2,23
2026-10-03,wk inc flu hosp,0,2026-10-03,04,quantile,0.25,25
2026-10-03,wk inc flu hosp,0,2026-10-03,04,quantile,0.3,27
2026-10-03,wk inc flu hosp,0,2026-10-03,04,quantile,0.35,29
2026-10-03,wk inc flu hosp,0,2026-10-03,04,quantile,0.4,31
2026-10-03,wk inc flu hosp,0,2026-10-03,04,quantile,0.45,33
2026-10-03,wk inc flu hosp,0,2026-10-03,04,quantile,0.5,35
2026-10-03,wk inc flu hosp,0,2026-10-03,04,quantile,0.55,38
2026-10-03,wk inc flu hosp,0,2026-10-03,04,quantile,0.6,40
2026-10-03,wk inc flu hosp,0,2026-10-03,04,quantile,0.65,43
2026-10-03,wk inc flu hosp,0,2026-10-03,04,quantile,0.7,46
2026-10-03,wk inc flu hosp,0,2026-10-03,04,quantile,0.75,50
2026-10-03,wk inc flu hosp,0,2026-10-03,04,quantile,0.8,55
2026-10-03,wk inc flu hosp,0,2026-10-03,04,quantile,0.85,60
2026-10-03,wk inc flu hosp,0,2026-10-03,04,quantile,0.9,69
2026-10-03,wk inc flu hosp,0,2026-10-03,04,quantile,0.95,83
2026-10-03,wk inc flu hosp,0,2026-10-03,04,quantile,0.975,98
2026-10-03,wk inc flu hosp,0,2026-10-03,04,quantile,0.99,118
2026-10-03,wk inc flu hosp,1,2026-10-10,04,quantile,0.01,9
2026-10-03,wk inc flu hosp,1,2026-10-10,04,quantile,0.025,11
2026-10-03,wk inc flu hosp,1,2026-10-10,04,quantile,0.05,14
2026-10-03,wk inc flu hosp,1,2026-10-10,04,quantile,0.1,18
2026-10-03,wk inc flu hosp,1,2026-10-10,04,quantile,0.15,21
2026-10-03,wk inc flu hosp,1,2026-10-10,04,quantile,0.2,24
2026-10-03,wk inc flu hosp,1,2026-10-10,04,quantile,0.25,27
2026-10-03,wk inc flu hosp,1,2026-10-10,04,quantile,0.3,30
2026-10-03,wk inc flu hosp,1,2026-10-10,04,quantile,0.35,32
2026-10-03,wk inc flu hosp,1,2026-10-10,04,quantile,0.4,35
2026-10-03,wk inc flu hosp,1,2026-10-10,04,quantile,0.45,38
2026-10-03,wk inc flu hosp,1,2026-10-10,04,quantile,0.5,42
2026-10-03,wk inc flu hosp,1,2026-10-10,04,quantile,0.55,45
2026-10-03,wk inc flu hosp,1,2026-10-10,04,quantile,0.6,49
2026-10-03,wk inc flu hosp,1,2026-10-10,04,quantile,0.65,53
2026-10-03,wk inc flu hosp,1,2026-10-10,04,quantile,0.7,59
2026-10-03,wk inc flu hosp,1,2026-10-10,04,quantile,0.75,65
2026-10-03,wk inc flu hosp,1,2026-10-10,04,quantile,0.8,72
2026-10-03,wk inc flu hosp,1,2026-10-10,04,quantile,0.85,81
2026-10-03,wk inc flu hosp,1,2026-10-10,04,quantile,0.9,95
2026-10-03,wk inc flu hosp,1,2026-10-10,04,quantile,0.95,119
2026-10-03,wk inc flu hosp,1,2026-10-10,04,quantile,0.975,147
2026-10-03,wk inc flu hosp,1,2026-10-10,04,quantile,0.99,184
2026-10-03,wk inc flu hosp,2,2026-10-17,04,quantile,0.01,8
2026-10-03,wk inc flu hosp,2,2026-10-17,04,quantile,0.025,11
2026-10-03,wk inc flu hosp,2,2026-10-17,04,quantile,0.05,14
2026-10-03,wk inc flu hosp,2,2026-10-17,04,quantile,0.1,19
2026-10-03,wk inc flu hosp,2,2026-10-17,04,quantile,0.15,24
2026-10-03,wk inc flu hosp,2,2026-10-17,04,quantile,0.2,27
2026-10-03,wk inc flu hosp,2,2026-10-17,04,quantile,0.25,31
2026-10-03,wk inc flu hosp,2,2026-10-17,04,quantile,0.3,35
2026-10-03,wk inc flu hosp,2,2026-10-17,04,quantile,0.35,39
2026-10-03,wk inc flu hosp,2,2026-10-17,04,quantile,0.4,43
2026-10-03,wk inc flu hosp,2,2026-10-17,04,quantile,0.45,47
2026-10-03,wk inc flu hosp,2,2026-10-17,04,quantile,0.5,52
2026-10-03,wk inc flu hosp,2,2026-10-17,04,quantile,0.55,58
2026-10-03,wk inc flu hosp,2,2026-10-17,04,quantile,0.6,63
2026-10-03,wk inc flu hosp,2,2026-10-17,04,quantile,0.65,70
2026-10-03,wk inc flu hosp,2,2026-10-17,04,quantile,0.7,78
2026-10-03,wk inc flu hosp,2,2026-10-17,04,quantile,0.75,87
2026-10-03,wk inc flu hosp,2,2026-10-17,04,quantile,0.8,99
2026-10-03,wk inc flu hosp,2,2026-10-17,04,quantile,0.85,116
2026-10-03,wk inc flu hosp,2,2026-10-17,04,quantile,0.9,140
2026-10-03,wk inc flu hosp,2,2026-10-17,04,quantile,0.95,184
2026-10-03,wk inc flu hosp,2,2026-10-17,04,quantile,0.975,235
2026-10-03,wk inc flu hosp,2,2026-10-17,04,quantile,0.99,312
2026-10-03,wk inc flu hosp,3,2026-10-24,04,quantile,0.01,8
2026-10-03,wk inc flu hosp,3,2026-10-24,04,quantile,0.025,11
2026-10-03,wk inc flu hosp,3,2026-10-24,04,quantile,0.05,15
2026-10-03,wk inc flu hosp,3,2026-10-24,04,quantile,0.1,21
2026-10-03,wk inc flu hosp,3,2026-10-24,04,quantile,0.15,26
2026-10-03,wk inc flu hosp,3,2026-10-24,04,quantile,0.2,31
2026-10-03,wk inc flu hosp,3,2026-10-24,04,quantile,0.25,36
2026-10-03,wk inc flu hosp,3,2026-10-24,04,quantile,0.3,41
2026-10-03,wk inc flu hosp,3,2026-10-24,04,quantile,0.35,47
2026-10-03,wk inc flu hosp,3,2026-10-24,04,quantile,0.4,53
2026-10-03,wk inc flu hosp,3,2026-10-24,04,quantile,0.45,59
2026-10-03,wk inc flu hosp,3,2026-10-24,04,quantile,0.5,66
2026-10-03,wk inc flu hosp,3,2026-10-24,04,quantile,0.55,74
2026-10-03,wk inc flu hosp,3,2026-10-24,04,quantile,0.6,83
2026-10-03,wk inc flu hosp,3,2026-10-24,04,quantile,0.65,93
2026-10-03,wk inc flu hosp,3,2026-10-24,04,quantile,0.7,106
2026-10-03,wk inc flu hosp,3,2026-10-24,04,quantile,0.75,121
2026-10-03,wk inc flu hosp,3,2026-10-24,04,quantile,0.8,140
2026-10-03,wk inc flu hosp,3,2026-10-24,04,quantile,0.85,165
2026-10-03,wk inc flu hosp,3,2026-10-24,04,quantile,0.9,204
2026-10-03,wk inc flu hosp,3,2026-10-24,04,quantile,0.95,279
2026-10-03,wk inc flu hosp,3,2026-10-24,04,quantile,0.975,369
2026-10-03,wk inc flu hosp,3,2026-10-24,04,quantile,0.99,513
2026-10-03,wk inc flu hosp,0,2026-10-03,05,quantile,0.01,2
2026-10-03,wk inc flu hosp,0,2026-10-03,05,quantile,0.025,3
2026-10-03,wk inc flu hosp,0,2026-10-03,05,quantile,0.05,3
2026-10-03,wk inc flu hosp,0,2026-10-03,05,quantile,0.1,5
2026-10-03,wk inc flu hosp,0,2026-10-03,05,quantile,0.15,6
2026-10-03,wk inc flu hosp,0,2026-10-03,05,quantile,0.2,6
2026-10-03,wk inc flu hosp,0,2026-10-03,05,quantile,0.25,7
2026-10-03,wk inc flu hosp,0,2026-10-03,05,quantile,0.3,8
2026-10-03,wk inc flu hosp,0,2026-10-03,05,quantile,0.35,9
2026-10-03,wk inc flu hosp,0,2026-10-03,05,quantile,0.4,10
2026-10-03,wk inc flu hosp,0,2026-10-03,05,quantile,0.45,10
2026-10-03,wk inc flu hosp,0,2026-10-03,05,quantile,0.5,11
2026-10-03,wk inc flu hosp,0,2026-10-03,05,quantile,0.55,12
2026-10-03,wk inc flu hosp,0,2026-10-03,05,quantile,0.6,13
2026-10-03,wk inc flu hosp,0,2026-10-03,05,quantile,0.65,15
2026-10-03,wk inc flu hosp,0,2026-10-03,05,quantile,0.7,16
2026-10-03,wk inc flu hosp,0,2026-10-03,05,quantile,0.75,18
2026-10-03,wk inc flu hosp,0,2026-10-03,05,quantile,0.8,20
2026-10-03,wk inc flu hosp,0,2026-10-03,05,quantile,0.85,22
2026-10-03,wk inc flu hosp,0,2026-10-03,05,quantile,0.9,26
2026-10-03,wk inc flu hosp,0,2026-10-03,05,quantile,0.95,33
2026-10-03,wk inc flu hosp,0,2026-10-03,05,quantile,0.975,40
2026-10-03,wk inc flu hosp,0,2026-10-03,05,quantile,0.99,50
2026-10-03,wk inc flu hosp,1,2026-10-10,05,quantile,0.01,2
2026-10-03,wk inc flu hosp,1,2026-10-10,05,quantile,0.025,3
2026-10-03,wk inc flu hosp,1,2026-10-10,05,quantile,0.05,3
2026-10-03,wk inc flu hosp,1,2026-10-10,05,quantile,0.1,5
2026-10-03,wk inc flu hosp,1,2026-10-10,05,quantile,0.15,6
2026-10-03,wk inc flu hosp,1,2026-10-10,05,quantile,0.2,7
2026-10-03,wk inc flu hosp,1,2026-10-10,05,quantile,0.25,8
2026-10-03,wk inc flu hosp,1,2026-10-10,05,quantile,0.3,9
2026-10-03,wk inc flu hosp,1,2026-10-10,05,quantile,0.35,10
2026-10-03,wk inc flu hosp,1,2026-10-10,05,quantile,0.4,11
2026-10-03,wk inc flu hosp,1,2026-10-10,05,quantile,0.45,12
2026-10-03,wk inc flu hosp,1,2026-10-10,05,quantile,0.5,14
2026-10-03,wk inc flu hosp,1,2026-10-10,05,quantile,0.55,15
2026-10-03,wk inc flu hosp,1,2026-10-10,05,quantile,0.6,17
2026-10-03,wk inc flu hosp,1,2026-10-10,05,quantile,0.65,18
2026-10-03,wk inc flu hosp,1,2026-10-10,05,quantile,0.7,21
2026-10-03,wk inc flu hosp,1,2026-10-10,05,quantile,0.75,23
2026-10-03,wk inc flu hosp,1,2026-10-10,05,quantile,0.8,26
2026-10-03,wk inc flu hosp,1,2026-10-10,05,quantile,0.85,30
2026-10-03,wk inc flu hosp,1,2026-10-10,05,quantile,0.9,36
2026-10-03,wk inc flu hosp,1,2026-10-10,05,quantile,0.95,48
2026-10-03,wk inc flu hosp,1,2026-10-10,05,quantile,0.975,60
2026-10-03,wk inc flu hosp,1,2026-10-10,05,quantile,0.99,79
2026-10-03,wk inc flu hosp,2,2026-10-17,05,quantile,0.01,2
2026-10-03,wk inc flu hosp,2,2026-10-17,05,quantile,0.025,3
2026-10-03,wk inc flu hosp,2,2026-10-17,05,quantile,0.05,4
2026-10-03,wk inc flu hosp,2,2026-10-17,05,quantile,0.1,5
2026-10-03,wk inc flu hosp,2,2026-10-17,05,quantile,0.15,7
2026-10-03,wk inc flu hosp,2,2026-10-17,05,quantile,0.2,8
2026-10-03,wk inc flu hosp,2,2026-10-17,05,quantile,0.25,9
2026-10-03,wk inc flu hosp,2,2026-10-17,05,quantile,0.3,11
2026-10-03,wk inc flu hosp,2,2026-10-17,05,quantile,0.35,12
2026-10-03,wk inc flu hosp,2,2026-10-17,05,quantile,0.4,14
2026-10-03,wk inc flu hosp,2,2026-10-17,05,quantile,0.45,16
2026-10-03,wk inc flu hosp,2,2026-10-17,05,quantile,0.5,18
2026-10-03,wk inc flu hosp,2,2026-10-17,05,quantile,0.55,20
2026-10-03,wk inc flu hosp,2,2026-10-17,05,quantile,0.6,22
2026-10-03,wk inc flu hosp,2,2026-10-17,05,quantile,0.65,25
2026-10-03,wk inc flu hosp,2,2026-10-17,05,quantile,0.7,27
2026-10-03,wk inc flu hosp,2,2026-10-17,05,quantile,0.75,31
2026-10-03,wk inc flu hosp,2,2026-10-17,05,quantile,0.8,36
2026-10-03,wk inc flu hosp,2,2026-10-17,05,quantile,0.85,43
2026-10-03,wk inc flu hosp,2,2026-10-17,05,quantile,0.9,53
2026-10-03,wk inc flu hosp,2,2026-10-17,05,quantile,0.95,72
2026-10-03,wk inc flu hosp,2,2026-10-17,05,quantile,0.975,95
2026-10-03,wk inc flu hosp,2,2026-10-17,05,quantile,0.99,130
2026-10-03,wk inc flu hosp,3,2026-10-24,05,quantile,0.01,2
2026-10-03,wk inc flu hosp,3,2026-10-24,05,quantile,0.025,3
2026-10-03,wk inc flu hosp,3,2026-10-24,05,quantile,0.05,4
2026-10-03,wk inc flu hosp,3,2026-10-24,05,quantile,0.1,6
2026-10-03,wk inc flu hosp,3,2026-10-24,05,quantile,0.15,8
2026-10-03,wk inc flu hosp,3,2026-10-24,05,quantile,0.2,10
2026-10-03,wk inc flu hosp,3,2026-10-24,05,quantile,0.25,12
2026-10-03,wk inc flu hosp,3,2026-10-24,05,quantile,0.3,14
2026-10-03,wk inc flu hosp,3,2026-10-24,05,quantile,0.35,16
2026-10-03,wk inc flu hosp,3,2026-10-24,05,quantile,0.4,18
2026-10-03,wk inc flu hosp,3,2026-10-24,05,quantile,0.45,21
2026-10-03,wk inc flu hosp,3,2026-10-24,05,quantile,0.5,23
2026-10-03,wk inc flu hosp,3,2026-10-24,05,quantile,0.55,27
2026-10-03,wk inc flu hosp,3,2026-10-24,05,quantile,0.6,30
2026-10-03,wk inc flu hosp,3,2026-10-24,05,quantile,0.65,34
2026-10-03,wk inc flu hosp,3,2026-10-24,05,quantile,0.7,39
2026-10-03,wk inc flu hosp,3,2026-10-24,05,quantile,0.75,45
2026-10-03,wk inc flu hosp,3,2026-10-24,05,quantile,0.8,53
2026-10-03,wk inc flu hosp,3,2026-10-24,05,quantile,0.85,65
2026-10-03,wk inc flu hosp,3,2026-10-24,05,quantile,0.9,82
2026-10-03,wk inc flu hosp,3,2026-10-24,05,quantile,0.95,118
2026-10-03,wk inc flu hosp,3,2026-10-24,05,quantile,0.975,157
2026-10-03,wk inc flu hosp,3,2026-10-24,05,quantile,0.99,222
2026-10-03,wk inc flu hosp,0,2026-10-03,06,quantile,0.01,201
2026-10-03,wk inc flu hosp,0,2026-10-03,06,quantile,0.025,227
2026-10-03,wk inc flu hosp,0,2026-10-03,06,quantile,0.05,252
2026-10-03,wk inc flu hosp,0,2026-10-03,06,quantile,0.1,286
2026-10-03,wk inc flu hosp,0,2026-10-03,06,quantile,0.15,308
2026-10-03,wk inc flu hosp,0,2026-10-03,06,quantile,0.2,329
2026-10-03,wk inc flu hosp,0,2026-10-03,06,quantile,0.25,347
2026-10-03,wk inc flu hosp,0,2026-10-03,06,quantile,0.3,365
2026-10-03,wk inc flu hosp,0,2026-10-03,06,quantile,0.35,382
2026-10-03,wk inc flu hosp,0,2026-10-03,06,quantile,0.4,400
2026-10-03,wk inc flu hosp,0,2026-10-03,06,quantile,0.45,416
2026-10-03,wk inc flu hosp,0,2026-10-03,06,quantile,0.5,435
2026-10-03,wk inc flu hosp,0,2026-10-03,06,quantile,0.55,454
2026-10-03,wk inc flu hosp,0,2026-10-03,06,quantile,0.6,474
2026-10-03,wk inc flu hosp,0,2026-10-03,06,quantile,0.65,495
2026-10-03,wk inc flu hosp,0,2026-10-03,06,quantile,0.7,519
2026-10-03,wk inc flu hosp,0,2026-10-03,06,quantile,0.75,546
2026-10-03,wk inc flu hosp,0,2026-10-03,06,quantile,0.8,579
2026-10-03,wk inc flu hosp,0,2026-10-03,06,quantile,0.85,620
2026-10-03,wk inc flu hosp,0,2026-10-03,06,quantile,0.9,674
2026-10-03,wk inc flu hosp,0,2026-10-03,06,quantile,0.95,766
2026-10-03,wk inc flu hosp,0,2026-10-03,06,quantile,0.975,856
2026-10-03,wk inc flu hosp,0,2026-10-03,06,quantile,0.99,966
2026-10-03,wk inc flu hosp,1,2026-10-10,06,quantile,0.01,166
2026-10-03,wk inc flu hosp,1,2026-10-10,06,quantile,0.025,197
2026-10-03,wk inc flu hosp,1,2026-10-10,06,quantile,0.05,228
2026-10-03,wk inc flu hosp,1,2026-10-10,06,quantile,0.1,270
2026-10-03,wk inc flu hosp,1,2026-10-10,06,quantile,0.15,301
2026-10-03,wk inc flu hosp,1,2026-10-10,06,quantile,0.2,330
2026-10-03,wk inc flu hosp,1,2026-10-10,06,quantile,0.25,355
2026-10-03,wk inc flu hosp,1,2026-10-10,06,quantile,0.3,380
2026-10-03,wk inc flu hosp,1,2026-10-10,06,quantile,0.35,404
2026-10-03,wk inc flu hosp,1,2026-10-10,06,quantile,0.4,430
2026-10-03,wk inc flu hosp,1,2026-10-10,06,quantile,0.45,456
2026-10-03,wk inc flu hosp,1,2026-10-10,06,quantile,0.5,483
2026-10-03,wk inc flu hosp,1,2026-10-10,06,quantile,0.55,514
2026-10-03,wk inc flu hosp,1,2026-10-10,06,quantile,0.6,545
2026-10-03,wk inc flu hosp,1,2026-10-10,06,quantile,0.65,580
2026-10-03,wk inc flu hosp,1,2026-10-10,06,quantile,0.7,617
2026-10-03,wk inc flu hosp,1,2026-10-10,06,quantile,0.75,661
2026-10-03,wk inc flu hosp,1,2026-10-10,06,quantile,0.8,718
2026-10-03,wk inc flu hosp,1,2026-10-10,06,quantile,0.85,792
2026-10-03,wk inc flu hosp,1,2026-10-10,06,quantile,0.9,885
2026-10-03,wk inc flu hosp,1,2026-10-10,06,quantile,0.95,1048
2026-10-03,wk inc flu hosp,1,2026-10-10,06,quantile,0.975,1207
2026-10-03,wk inc flu hosp,1,2026-10-10,06,quantile,0.99,1428
2026-10-03,wk inc flu hosp,2,2026-10-17,06,quantile,0.01,148
2026-10-03,wk inc flu hosp,2,2026-10-17,06,quantile,0.025,182
2026-10-03,wk inc flu hosp,2,2026-10-17,06,quantile,0.05,218
2026-10-03,wk inc flu hosp,2,2026-10-17,06,quantile,0.1,271
2026-10-03,wk inc flu hosp,2,2026-10-17,06,quantile,0.15,314
2026-10-03,wk inc flu hosp,2,2026-10-17,06,quantile,0.2,349
2026-10-03,wk inc flu hosp,2,2026-10-17,06,quantile,0.25,385
2026-10-03,wk inc flu hosp,2,2026-10-17,06,quantile,0.3,422
2026-10-03,wk inc flu hosp,2,2026-10-17,06,quantile,0.35,456
2026-10-03,wk inc flu hosp,2,2026-10-17,06,quantile,0.4,491
2026-10-03,wk inc flu hosp,2,2026-10-17,06,quantile,0.45,531
2026-10-03,wk inc flu hosp,2,2026-10-17,06,quantile,0.5,576
2026-10-03,wk inc flu hosp,2,2026-10-17,06,quantile,0.55,623
2026-10-03,wk inc flu hosp,2,2026-10-17,06,quantile,0.6,673
2026-10-03,wk inc flu hosp,2,2026-10-17,06,quantile,0.65,732
2026-10-03,wk inc flu hosp,2,2026-10-17,06,quantile,0.7,793
2026-10-03,wk inc flu hosp,2,2026-10-17,06,quantile,0.75,868
2026-10-03,wk inc flu hosp,2,2026-10-17,06,quantile,0.8,964
2026-10-03,wk inc flu hosp,2,2026-10-17,06,quantile,0.85,1097
2026-10-03,wk inc flu hosp,2,2026-10-17,06,quantile,0.9,1277
2026-10-03,wk inc flu hosp,2,2026-10-17,06,quantile,0.95,1611
2026-10-03,wk inc flu hosp,2,2026-10-17,06,quantile,0.975,1943
2026-10-03,wk inc flu hosp,2,2026-10-17,06,quantile,0.99,2438
2026-10-03,wk inc flu hosp,3,2026-10-24,06,quantile,0.01,135
2026-10-03,wk inc flu hosp,3,2026-10-24,06,quantile,0.025,172
2026-10-03,wk inc flu hosp,3,2026-10-24,06,quantile,0.05,213
2026-10-03,wk inc flu hosp,3,2026-10-24,06,quantile,0.1,272
2026-10-03,wk inc flu hosp,3,2026-10-24,06,quantile,0.15,324
2026-10-03,wk inc flu hosp,3,2026-10-24,06,quantile,0.2,375
2026-10-03,wk inc flu hosp,3,2026-10-24,06,quantile,0.25,419
2026-10-03,wk inc flu hosp,3,2026-10-24,06,quantile,0.3,463
2026-10-03,wk inc flu hosp,3,2026-10-24,06,quantile,0.35,514
2026-10-03,wk inc flu hosp,3,2026-10-24,06,quantile,0.4,564
2026-10-03,wk inc flu hosp,3,2026-10-24,06,quantile,0.45,617
2026-10-03,wk inc flu hosp,3,2026-10-24,06,quantile,0.5,675
2026-10-03,wk inc flu hosp,3,2026-10-24,06,quantile,0.55,736
2026-10-03,wk inc flu hosp,3,2026-10-24,06,quantile,0.6,811
2026-10-03,wk inc flu hosp,3,2026-10-24,06,quantile,0.65,887
2026-10-03,wk inc flu hosp,3,2026-10-24,06,quantile,0.7,987
2026-10-03,wk inc flu hosp,3,2026-10-24,06,quantile,0.75,1100
2026-10-03,wk inc flu hosp,3,2026-10-24,06,quantile,0.8,1250
2026-10-03,wk inc flu hosp,3,2026-10-24,06,quantile,0.85,1446
2026-10-03,wk inc flu hosp,3,2026-10-24,06,quantile,0.9,1738
2026-10-03,wk inc flu hosp,3,2026-10-24,06,quantile,0.95,2242
2026-10-03,wk inc flu hosp,3,2026-10-24,06,quantile,0.975,2793
2026-10-03,wk inc flu hosp,3,2026-10-24,06,quantile,0.99,3595
2026-10-03,wk inc flu hosp,0,2026-10-03,08,quantile,0.01,4
2026-10-03,wk inc flu hosp,0,2026-10-03,08,quantile,0.025,6
2026-10-03,wk inc flu hosp,0,2026-10-03,08,quantile,0.05,7
2026-10-03,wk inc flu hosp,0,2026-10-03,08,quantile,0.1,10
2026-10-03,wk inc flu hosp,0,2026-10-03,08,quantile,0.15,12
2026-10-03,wk inc flu hosp,0,2026-10-03,08,quantile,0.2,14
2026-10-03,wk inc flu hosp,0,2026-10-03,08,quantile,0.25,15
2026-10-03,wk inc flu hosp,0,2026-10-03,08,quantile,0.3,17
2026-10-03,wk inc flu hosp,0,2026-10-03,08,quantile,0.35,19
2026-10-03,wk inc flu hosp,0,2026-10-03,08,quantile,0.4,21
2026-10-03,wk inc flu hosp,0,2026-10-03,08,quantile,0.45,23
2026-10-03,wk inc flu hosp,0,2026-10-03,08,quantile,0.5,25
2026-10-03,wk inc flu hosp,0,2026-10-03,08,quantile,0.55,27
2026-10-03,wk inc flu hosp,0,2026-10-03,08,quantile,0.6,30
2026-10-03,wk inc flu hosp,0,2026-10-03,08,quantile,0.65,33
2026-10-03,wk inc flu hosp,0,2026-10-03,08,quantile,0.7,36
2026-10-03,wk inc flu hosp,0,2026-10-03,08,quantile,0.75,40
2026-10-03,wk inc flu hosp,0,2026-10-03,08,quantile,0.8,45
2026-10-03,wk inc flu hosp,0,2026-10-03,08,quantile,0.85,52
2026-10-03,wk inc flu hosp,0,2026-10-03,08,quantile,0.9,61
2026-10-03,wk inc flu hosp,0,2026-10-03,08,quantile,0.95,78
2026-10-03,wk inc flu hosp,0,2026-10-03,08,quantile,0.975,98
2026-10-03,wk inc flu hosp,0,2026-10-03,08,quantile,0.99,127
2026-10-03,wk inc flu hosp,1,2026-10-10,08,quantile,0.01,4
2026-10-03,wk inc flu hosp,1,2026-10-10,08,quantile,0.025,6
2026-10-03,wk inc flu hosp,1,2026-10-10,08,quantile,0.05,7
2026-10-03,wk inc flu hosp,1,2026-10-10,08,quantile,0.1,10
2026-10-03,wk inc flu hosp,1,2026-10-10,08,quantile,0.15,13
2026-10-03,wk inc flu hosp,1,2026-10-10,08,quantile,0.2,15
2026-10-03,wk inc flu hosp,1,2026-10-10,08,quantile,0.25,17
2026-10-03,wk inc flu hosp,1,2026-10-10,08,quantile,0.3,20
2026-10-03,wk inc flu hosp,1,2026-10-10,08,quantile,0.35,22
2026-10-03,wk inc flu hosp,1,2026-10-10,08,quantile,0.4,25
2026-10-03,wk inc flu hosp,1,2026-10-10,08,quantile,0.45,27
2026-10-03,wk inc flu hosp,1,2026-10-10,08,quantile,0.5,30
2026-10-03,wk inc flu hosp,1,2026-10-10,08,quantile,0.55,34
2026-10-03,wk inc flu hosp,1,2026-10-10,08,quantile,0.6,37
2026-10-03,wk inc flu hosp,1,2026-10-10,08,quantile,0.65,41
2026-10-03,wk inc flu hosp,1,2026-10-10,08,quantile,0.7,46
2026-10-03,wk inc flu hosp,1,2026-10-10,08,quantile,0.75,52
2026-10-03,wk inc flu hosp,1,2026-10-10,08,quantile,0.8,60
2026-10-03,wk inc flu hosp,1,2026-10-10,08,quantile,0.85,70
2026-10-03,wk inc flu hosp,1,2026-10-10,08,quantile,0.9,84
2026-10-03,wk inc flu hosp,1,2026-10-10,08,quantile,0.95,112
2026-10-03,wk inc flu hosp,1,2026-10-10,08,quantile,0.975,144
2026-10-03,wk inc flu hosp,1,2026-10-10,08,quantile,0.99,193
2026-10-03,wk inc flu hosp,2,2026-10-17,08,quantile,0.01,4
2026-10-03,wk inc flu hosp,2,2026-10-17,08,quantile,0.025,6
2026-10-03,wk inc flu hosp,2,2026-10-17,08,quantile,0.05,8
2026-10-03,wk inc flu hosp,2,2026-10-17,08,quantile,0.1,11
2026-10-03,wk inc flu hosp,2,2026-10-17,08,quantile,0.15,14
2026-10-03,wk inc flu hosp,2,2026-10-17,08,quantile,0.2,17
2026-10-03,wk inc flu hosp,2,2026-10-17,08,quantile,0.25,20
2026-10-03,wk inc flu hosp,2,2026-10-17,08,quantile,0.3,23
2026-10-03,wk inc flu hosp,2,2026-10-17,08,quantile,0.35,26
2026-10-03,wk inc flu hosp,2,2026-10-17,08,quantile,0.4,29
2026-10-03,wk inc flu hosp,2,2026-10-17,08,quantile,0.45,33
2026-10-03,wk inc flu hosp,2,2026-10-17,08,quantile,0.5,37
2026-10-03,wk inc flu hosp,2,2026-10-17,08,quantile,0.55,42
2026-10-03,wk inc flu hosp,2,2026-10-17,08,quantile,0.6,47
2026-10-03,wk inc flu hosp,2,2026-10-17,08,quantile,0.65,53
2026-10-03,wk inc flu hosp,2,2026-10-17,08,quantile,0.7,59
2026-10-03,wk inc flu hosp,2,2026-10-17,08,quantile,0.75,68
2026-10-03,wk inc flu hosp,2,2026-10-17,08,quantile,0.8,78
2026-10-03,wk inc flu hosp,2,2026-10-17,08,quantile,0.85,92
2026-10-03,wk inc flu hosp,2,2026-10-17,08,quantile,0.9,114
2026-10-03,wk inc flu hosp,2,2026-10-17,08,quantile,0.95,159
2026-10-03,wk inc flu hosp,2,2026-10-17,08,quantile,0.975,211
2026-10-03,wk inc flu hosp,2,2026-10-17,08,quantile,0.99,292
2026-10-03,wk inc flu hosp,3,2026-10-24,08,quantile,0.01,4
2026-10-03,wk inc flu hosp,3,2026-10-24,08,quantile,0.025,6
2026-10-03,wk inc flu hosp,3,2026-10-24,08,quantile,0.05,8
2026-10-03,wk inc flu hosp,3,2026-10-24,08,quantile,0.1,12
2026-10-03,wk inc flu hosp,3,2026-10-24,08,quantile,0.15,16
2026-10-03,wk inc flu hosp,3,2026-10-24,08,quantile,0.2,20
2026-10-03,wk inc flu hosp,3,2026-10-24,08,quantile,0.25,24
2026-10-03,wk inc flu hosp,3,2026-10-24,08,quantile,0.3,27
2026-10-03,wk inc flu hosp,3,2026-10-24,08,quantile,0.35,31
2026-10-03,wk inc flu hosp,3,2026-10-24,08,quantile,0.4,36
2026-10-03,wk inc flu hosp,3,2026-10-24,08,quantile,0.45,41
2026-10-03,wk inc flu hosp,3,2026-10-24,08,quantile,0.5,47
2026-10-03,wk inc flu hosp,3,2026-10-24,08,quantile,0.55,53
2026-10-03,wk inc flu hosp,3,2026-10-24,08,quantile,0.6,60
2026-10-03,wk inc flu hosp,3,2026-10-24,08,quantile,0.65,68
2026-10-03,wk inc flu hosp,3,2026-10-24,08,quantile,0.7,78
2026-10-03,wk inc flu hosp,3,2026-10-24,08,quantile,0.75,91
2026-10-03,wk inc flu hosp,3,2026-10-24,08,quantile,0.8,107
2026-10-03,wk inc flu hosp,3,2026-10-24,08,quantile,0.85,131
2026-10-03,wk inc flu hosp,3,2026-10-24,08,quantile,0.9,165
2026-10-03,wk inc flu hosp,3,2026-10-24,08,quantile,0.95,239
2026-10-03,wk inc flu hosp,3,2026-10-24,08,quantile,0.975,325
2026-10-03,wk inc flu hosp,3,2026-10-24,08,quantile,0.99,463
2026-10-03,wk inc flu hosp,0,2026-10-03,09,quantile,0.01,2
2026-10-03,wk inc flu hosp,0,2026-10-03,09,quantile,0.025,3
2026-10-03,wk inc flu hosp,0,2026-10-03,09,quantile,0.05,4
2026-10-03,wk inc flu hosp,0,2026-10-03,09,quantile,0.1,5
2026-10-03,wk inc flu hosp,0,2026-10-03,09,quantile,0.15,6
2026-10-03,wk inc flu hosp,0,2026-10-03,09,quantile,0.2,7
2026-10-03,wk inc flu hosp,0,2026-10-03,09,quantile,0.25,8
2026-10-03,wk inc flu hosp,0,2026-10-03,09,quantile,0.3,8
2026-10-03,wk inc flu hosp,0,2026-10-03,09,quantile,0.35,9
2026-10-03,wk inc flu hosp,0,2026-10-03,09,quantile,0.4,10
2026-10-03,wk inc flu hosp,0,2026-10-03,09,quantile,0.45,11
2026-10-03,wk inc flu hosp,0,2026-10-03,09,quantile,0.5,12
2026-10-03,wk inc flu hosp,0,2026-10-03,09,quantile,0.55,13
2026-10-03,wk inc flu hosp,0,2026-10-03,09,quantile,0.6,14
2026-10-03,wk inc flu hosp,0,2026-10-03,09,quantile,0.65,15
2026-10-03,wk inc flu hosp,0,2026-10-03,09,quantile,0.7,17
2026-10-03,wk inc flu hosp,0,2026-10-03,09,quantile,0.75,18
2026-10-03,wk inc flu hosp,0,2026-10-03,09,quantile,0.8,20
2026-10-03,wk inc flu hosp,0,2026-10-03,09,quantile,0.85,23
2026-10-03,wk inc flu hosp,0,2026-10-03,09,quantile,0.9,27
2026-10-03,wk inc flu hosp,0,2026-10-03,09,quantile,0.95,33
2026-10-03,wk inc flu hosp,0,2026-10-03,09,quantile,0.975,41
2026-10-03,wk inc flu hosp,0,2026-10-03,09,quantile,0.99,50
2026-10-03,wk inc flu hosp,1,2026-10-10,09,quantile,0.01,2
2026-10-03,wk inc flu hosp,1,2026-10-10,09,quantile,0.025,3
2026-10-03,wk inc flu hosp,1,2026-10-10,09,quantile,0.05,4
2026-10-03,wk inc flu hosp,1,2026-10-10,09,quantile,0.1,5
2026-10-03,wk inc flu hosp,1,2026-10-10,09,quantile,0.15,7
2026-10-03,wk inc flu hosp,1,2026-10-10,09,quantile,0.2,8
2026-10-03,wk inc flu hosp,1,2026-10-10,09,quantile,0.25,9
2026-10-03,wk inc flu hosp,1,2026-10-10,09,quantile,0.3,10
2026-10-03,wk inc flu hosp,1,2026-10-10,09,quantile,0.35,11
2026-10-03,wk inc flu hosp,1,2026-10-10,09,quantile,0.4,12
2026-10-03,wk inc flu hosp,1,2026-10-10,09,quantile,0.45,13
2026-10-03,wk inc flu hosp,1,2026-10-10,09,quantile,0.5,15
2026-10-03,wk inc flu hosp,1,2026-10-10,09,quantile,0.55,16
2026-10-03,wk inc flu hosp,1,2026-10-10,09,quantile,0.6,18
2026-10-03,wk inc flu hosp,1,2026-10-10,09,quantile,0.65,20
2026-10-03,wk inc flu hosp,1,2026-10-10,09,quantile,0.7,22
2026-10-03,wk inc flu hosp,1,2026-10-10,09,quantile,0.75,24
2026-10-03,wk inc flu hosp,1,2026-10-10,09,quantile,0.8,27
2026-10-03,wk inc flu hosp,1,2026-10-10,09,quantile,0.85,31
2026-10-03,wk inc flu hosp,1,2026-10-10,09,quantile,0.9,37
2026-10-03,wk inc flu hosp,1,2026-10-10,09,quantile,0.95,48
2026-10-03,wk inc flu hosp,1,2026-10-10,09,quantile,0.975,60
2026-10-03,wk inc flu hosp,1,2026-10-10,09,quantile,0.99,79
2026-10-03,wk inc flu hosp,2,2026-10-17,09,quantile,0.01,2
2026-10-03,wk inc flu hosp,2,2026-10-17,09,quantile,0.025,3
2026-10-03,wk inc flu hosp,2,2026-10-17,09,quantile,0.05,4
2026-10-03,wk inc flu hosp,2,2026-10-17,09,quantile,0.1,6
2026-10-03,wk inc flu hosp,2,2026-10-17,09,quantile,0.15,8
2026-10-03,wk inc flu hosp,2,2026-10-17,09,quantile,0.2,9
2026-10-03,wk inc flu hosp,2,2026-10-17,09,quantile,0.25,11
2026-10-03,wk inc flu hosp,2,2026-10-17,09,quantile,0.3,12
2026-10-03,wk inc flu hosp,2,2026-10-17,09,quantile,0.35,14
2026-10-03,wk inc flu hosp,2,2026-10-17,09,quantile,0.4,15
2026-10-03,wk inc flu hosp,2,2026-10-17,09,quantile,0.45,17
2026-10-03,wk inc flu hosp,2,2026-10-17,09,quantile,0.5,19
2026-10-03,wk inc flu hosp,2,2026-10-17,09,quantile,0.55,21
2026-10-03,wk inc flu hosp,2,2026-10-17,09,quantile,0.6,24
2026-10-03,wk inc flu hosp,2,2026-10-17,09,quantile,0.65,27
2026-10-03,wk inc flu hosp,2,2026-10-17,09,quantile,0.7,30
2026-10-03,wk inc flu hosp,2,2026-10-17,09,quantile,0.75,34
2026-10-03,wk inc flu hosp,2,2026-10-17,09,quantile,0.8,39
2026-10-03,wk inc flu hosp,2,2026-10-17,09,quantile,0.85,46
2026-10-03,wk inc flu hosp,2,2026-10-17,09,quantile,0.9,56
2026-10-03,wk inc flu hosp,2,2026-10-17,09,quantile,0.95,76
2026-10-03,wk inc flu hosp,2,2026-10-17,09,quantile,0.975,99
2026-10-03,wk inc flu hosp,2,2026-10-17,09,quantile,0.99,135
2026-10-03,wk inc flu hosp,3,2026-10-24,09,quantile,0.01,2
2026-10-03,wk inc flu hosp,3,2026-10-24,09,quantile,0.025,3
2026-10-03,wk inc flu hosp,3,2026-10-24,09,quantile,0.05,5
2026-10-03,wk inc flu hosp,3,2026-10-24,09,quantile,0.1,7
2026-10-03,wk inc flu hosp,3,2026-10-24,09,quantile,0.15,9
2026-10-03,wk inc flu hosp,3,2026-10-24,09,quantile,0.2,11
2026-10-03,wk inc flu hosp,3,2026-10-24,09,quantile,0.25,13
2026-10-03,wk inc flu hosp,3,2026-10-24,09,quantile,0.3,15
2026-10-03,wk inc flu hosp,3,2026-10-24,09,quantile,0.35,17
2026-10-03,wk inc flu hosp,3,2026-10-24,09,quantile,0.4,20
2026-10-03,wk inc flu hosp,3,2026-10-24,09,quantile,0.45,22
2026-10-03,wk inc flu hosp,3,2026-10-24,09,quantile,0.5,25
2026-10-03,wk inc flu hosp,3,2026-10-24,09,quantile,0.55,28
2026-10-03,wk inc flu hosp,3,2026-10-24,09,quantile,0.6,32
2026-10-03,wk inc flu hosp,3,2026-10-24,09,quantile,0.65,37
2026-10-03,wk inc flu hosp,3,2026-10-24,09,quantile,0.7,42
2026-10-03,wk inc flu hosp,3,2026-10-24,09,quantile,0.75,48
2026-10-03,wk inc flu hosp,3,2026-10-24,09,quantile,0.8,57
2026-10-03,wk inc flu hosp,3,2026-10-24,09,quantile,0.85,68
2026-10-03,wk inc flu hosp,3,2026-10-24,09,quantile,0.9,86
2026-10-03,wk inc flu hosp,3,2026-10-24,09,quantile,0.95,121
2026-10-03,wk inc flu hosp,3,2026-10-24,09,quantile,0.975,162
2026-10-03,wk inc flu hosp,3,2026-10-24,09,quantile,0.99,227
2026-10-03,wk inc flu hosp,0,2026-10-03,10,quantile,0.01,0
2026-10-03,wk inc flu hosp,0,2026-10-03,10,quantile,0.025,0
2026-10-03,wk inc flu hosp,0,2026-10-03,10,quantile,0.05,0
2026-10-03,wk inc flu hosp,0,2026-10-03,10,quantile,0.1,0
2026-10-03,wk inc flu hosp,0,2026-10-03,10,quantile,0.15,0
2026-10-03,wk inc flu hosp,0,2026-10-03,10,quantile,0.2,0
2026-10-03,wk inc flu hosp,0,2026-10-03,10,quantile,0.25,1
2026-10-03,wk inc flu hosp,0,2026-10-03,10,quantile,0.3,1
2026-10-03,wk inc flu hosp,0,2026-10-03,10,quantile,0.35,1
2026-10-03,wk inc flu hosp,0,2026-10-03,10,quantile,0.4,1
2026-10-03,wk inc flu hosp,0,2026-10-03,10,quantile,0.45,1
2026-10-03,wk inc flu hosp,0,2026-10-03,10,quantile,0.5,2
2026-10-03,wk inc flu hosp,0,2026-10-03,10,quantile,0.55,2
2026-10-03,wk inc flu hosp,0,2026-10-03,10,quantile,0.6,2
2026-10-03,wk inc flu hosp,0,2026-10-03,10,quantile,0.65,3
2026-10-03,wk inc flu hosp,0,2026-10-03,10,quantile,0.7,3
2026-10-03,wk inc flu hosp,0,2026-10-03,10,quantile,0.75,3
2026-10-03,wk inc flu hosp,0,2026-10-03,10,quantile,0.8,4
2026-10-03,wk inc flu hosp,0,2026-10-03,10,quantile,0.85,5
2026-10-03,wk inc flu hosp,0,2026-10-03,10,quantile,0.9,6
2026-10-03,wk inc flu hosp,0,2026-10-03,10,quantile,0.95,8
2026-10-03,wk inc flu hosp,0,2026-10-03,10,quantile,0.975,10
2026-10-03,wk inc flu hosp,0,2026-10-03,10,quantile,0.99,13
2026-10-03,wk inc flu hosp,1,2026-10-10,10,quantile,0.01,0
2026-10-03,wk inc flu hosp,1,2026-10-10,10,quantile,0.025,0
2026-10-03,wk inc flu hosp,1,2026-10-10,10,quantile,0.05,0
2026-10-03,wk inc flu hosp,1,2026-10-10,10,quantile,0.1,0
2026-10-03,wk inc flu hosp,1,2026-10-10,10,quantile,0.15,0
2026-10-03,wk inc flu hosp,1,2026-10-10,10,quantile,0.2,1
2026-10-03,wk inc flu hosp,1,2026-10-10,10,quantile,0.25,1
2026-10-03,wk inc flu hosp,1,2026-10-10,10,quantile,0.3,1
2026-10-03,wk inc flu hosp,1,2026-10-10,10,quantile,0.35,1
2026-10-03,wk inc flu hosp,1,2026-10-10,10,quantile,0.4,2
2026-10-03,wk inc flu hosp,1,2026-10-10,10,quantile,0.45,2
2026-10-03,wk inc flu hosp,1,2026-10-10,10,quantile,0.5,2
2026-10-03,wk inc flu hosp,1,2026-10-10,10,quantile,0.55,2
2026-10-03,wk inc flu hosp,1,2026-10-10,10,quantile,0.6,3
2026-10-03,wk inc flu hosp,1,2026-10-10,10,quantile,0.65,3
2026-10-03,wk inc flu hosp,1,2026-10-10,10,quantile,0.7,4
2026-10-03,wk inc flu hosp,1,2026-10-10,10,quantile,0.75,4
2026-10-03,wk inc flu hosp,1,2026-10-10,10,quantile,0.8,5
2026-10-03,wk inc flu hosp,1,2026-10-10,10,quantile,0.85,6
2026-10-03,wk inc flu hosp,1,2026-10-10,10,quantile,0.9,8
2026-10-03,wk inc flu hosp,1,2026-10-10,10,quantile,0.95,10
2026-10-03,wk inc flu hosp,1,2026-10-10,10,quantile,0.975,13
2026-10-03,wk inc flu hosp,1,2026-10-10,10,quantile,0.99,18
2026-10-03,wk inc flu hosp,2,2026-10-17,10,quantile,0.01,0
2026-10-03,wk inc flu hosp,2,2026-10-17,10,quantile,0.025,0
2026-10-03,wk inc flu hosp,2,2026-10-17,10,quantile,0.05,0
2026-10-03,wk inc flu hosp,2,2026-10-17,10,quantile,0.1,0
2026-10-03,wk inc flu hosp,2,2026-10-17,10,quantile,0.15,1
2026-10-03,wk inc flu hosp,2,2026-10-17,10,quantile,0.2,1
2026-10-03,wk inc flu hosp,2,2026-10-17,10,quantile,0.25,1
2026-10-03,wk inc flu hosp,2,2026-10-17,10,quantile,0.3,1
2026-10-03,wk inc flu hosp,2,2026-10-17,10,quantile,0.35,2
2026-10-03,wk inc flu hosp,2,2026-10-17,10,quantile,0.4,2
2026-10-03,wk inc flu hosp,2,2026-10-17,10,quantile,0.45,2
2026-10-03,wk inc flu hosp,2,2026-10-17,10,quantile,0.5,3
2026-10-03,wk inc flu hosp,2,2026-10-17,10,quantile,0.55,3
2026-10-03,wk inc flu hosp,2,2026-10-17,10,quantile,0.6,3
2026-10-03,wk inc flu hosp,2,2026-10-17,10,quantile,0.65,4
2026-10-03,wk inc flu hosp,2,2026-10-17,10,quantile,0.7,5
2026-10-03,wk inc flu hosp,2,2026-10-17,10,quantile,0.75,5
2026-10-03,wk inc flu hosp,2,2026-10-17,10,quantile,0.8,6
2026-10-03,wk inc flu hosp,2,2026-10-17,10,quantile,0.85,8
2026-10-03,wk inc flu hosp,2,2026-10-17,10,quantile,0.9,10
2026-10-03,wk inc flu hosp,2,2026-10-17,10,quantile,0.95,14
2026-10-03,wk inc flu hosp,2,2026-10-17,10,quantile,0.975,18
2026-10-03,wk inc flu hosp,2,2026-10-17,10,quantile,0.99,26
2026-10-03,wk inc flu hosp,3,2026-10-24,10,quantile,0.01,0
2026-10-03,wk inc flu hosp,3,2026-10-24,10,quantile,0.025,0
2026-10-03,wk inc flu hosp,3,2026-10-24,10,quantile,0.05,0
2026-10-03,wk inc flu hosp,3,2026-10-24,10,quantile,0.1,0
2026-10-03,wk inc flu hosp,3,2026-10-24,10,quantile,0.15,1
2026-10-03,wk inc flu hosp,3,2026-10-24,10,quantile,0.2,1
2026-10-03,wk inc flu hosp,3,2026-10-24,10,quantile,0.25,1
2026-10-03,wk inc flu hosp,3,2026-10-24,10,quantile,0.3,1
2026-10-03,wk inc flu hosp,3,2026-10-24,10,quantile,0.35,2
2026-10-03,wk inc flu hosp,3,2026-10-24,10,quantile,0.4,2
2026-10-03,wk inc flu hosp,3,2026-10-24,10,quantile,0.45,3
2026-10-03,wk inc flu hosp,3,2026-10-24,10,quantile,0.5,3
2026-10-03,wk inc flu hosp,3,2026-10-24,10,quantile,0.55,3
2026-10-03,wk inc flu hosp,3,2026-10-24,10,quantile,0.6,4
2026-10-03,wk inc flu hosp,3,2026-10-24,10,quantile,0.65,5
2026-10-03,wk inc flu hosp,3,2026-10-24,10,quantile,0.7,5
2026-10-03,wk inc flu hosp,3,2026-10-24,10,quantile,0.75,6
2026-10-03,wk inc flu hosp,3,2026-10-24,10,quantile,0.8,8
2026-10-03,wk inc flu hosp,3,2026-10-24,10,quantile,0.85,9
2026-10-03,wk inc flu hosp,3,2026-10-24,10,quantile,0.9,12
2026-10-03,wk inc flu hosp,3,2026-10-24,10,quantile,0.95,17
2026-10-03,wk inc flu hosp,3,2026-10-24,10,quantile,0.975,23
2026-10-03,wk inc flu hosp,3,2026-10-24,10,quantile,0.99,33
2026-10-03,wk inc flu hosp,0,2026-10-03,11,quantile,0.01,0
2026-10-03,wk inc flu hosp,0,2026-10-03,11,quantile,0.025,0
2026-10-03,wk inc flu hosp,0,2026-10-03,11,quantile,0.05,0
2026-10-03,wk inc flu hosp,0,2026-10-03,11,quantile,0.1,1
2026-10-03,wk inc flu hosp,0,2026-10-03,11,quantile,0.15,1
2026-10-03,wk inc flu hosp,0,2026-10-03,11,quantile,0.2,1
2026-10-03,wk inc flu hosp,0,2026-10-03,11,quantile,0.25,2
2026-10-03,wk inc flu hosp,0,2026-10-03,11,quantile,0.3,2
2026-10-03,wk inc flu hosp,0,2026-10-03,11,quantile,0.35,2
2026-10-03,wk inc flu hosp,0,2026-10-03,11,quantile,0.4,3
2026-10-03,wk inc flu hosp,0,2026-10-03,11,quantile,0.45,3
2026-10-03,wk inc flu hosp,0,2026-10-03,11,quantile,0.5,3
2026-10-03,wk inc flu hosp,0,2026-10-03,11,quantile,0.55,4
2026-10-03,wk inc flu hosp,0,2026-10-03,11,quantile,0.6,4
2026-10-03,wk inc flu hosp,0,2026-10-03,11,quantile,0.65,4
2026-10-03,wk inc flu hosp,0,2026-10-03,11,quantile,0.7,5
2026-10-03,wk inc flu hosp,0,2026-10-03,11,quantile,0.75,6
2026-10-03,wk inc flu hosp,0,2026-10-03,11,quantile,0.8,6
2026-10-03,wk inc flu hosp,0,2026-10-03,11,quantile,0.85,7
2026-10-03,wk inc flu hosp,0,2026-10-03,11,quantile,0.9,9
2026-10-03,wk inc flu hosp,0,2026-10-03,11,quantile,0.95,11
2026-10-03,wk inc flu hosp,0,2026-10-03,11,quantile,0.975,14
2026-10-03,wk inc flu hosp,0,2026-10-03,11,quantile,0.99,18
2026-10-03,wk inc flu hosp,1,2026-10-10,11,quantile,0.01,0
2026-10-03,wk inc flu hosp,1,2026-10-10,11,quantile,0.025,0
2026-10-03,wk inc flu hosp,1,2026-10-10,11,quantile,0.05,0
2026-10-03,wk inc flu hosp,1,2026-10-10,11,quantile,0.1,1
2026-10-03,wk inc flu hosp,1,2026-10-10,11,quantile,0.15,1
2026-10-03,wk inc flu hosp,1,2026-10-10,11,quantile,0.2,2
2026-10-03,wk inc flu hosp,1,2026-10-10,11,quantile,0.25,2
2026-10-03,wk inc flu hosp,1,2026-10-10,11,quantile,0.3,2
2026-10-03,wk inc flu hosp,1,2026-10-10,11,quantile,0.35,3
2026-10-03,wk inc flu hosp,1,2026-10-10,11,quantile,0.4,3
2026-10-03,wk inc flu hosp,1,2026-10-10,11,quantile,0.45,4
2026-10-03,wk inc flu hosp,1,2026-10-10,11,quantile,0.5,4
2026-10-03,wk inc flu hosp,1,2026-10-10,11,quantile,0.55,5
2026-10-03,wk inc flu hosp,1,2026-10-10,11,quantile,0.6,5
2026-10-03,wk inc flu hosp,1,2026-10-10,11,quantile,0.65,6
2026-10-03,wk inc flu hosp,1,2026-10-10,11,quantile,0.7,6
2026-10-03,wk inc flu hosp,1,2026-10-10,11,quantile,0.75,7
2026-10-03,wk inc flu hosp,1,2026-10-10,11,quantile,0.8,8
2026-10-03,wk inc flu hosp,1,2026-10-10,11,quantile,0.85,10
2026-10-03,wk inc flu hosp,1,2026-10-10,11,quantile,0.9,12
2026-10-03,wk inc flu hosp,1,2026-10-10,11,quantile,0.95,17
2026-10-03,wk inc flu hosp,1,2026-10-10,11,quantile,0.975,21
2026-10-03,wk inc flu hosp,1,2026-10-10,11,quantile,0.99,28
2026-10-03,wk inc flu hosp,2,2026-10-17,11,quantile,0.01,0
2026-10-03,wk inc flu hosp,2,2026-10-17,11,quantile,0.025,0
2026-10-03,wk inc flu hosp,2,2026-10-17,11,quantile,0.05,1
2026-10-03,wk inc flu hosp,2,2026-10-17,11,quantile,0.1,1
2026-10-03,wk inc flu hosp,2,2026-10-17,11,quantile,0.15,2
2026-10-03,wk inc flu hosp,2,2026-10-17,11,quantile,0.2,2
2026-10-03,wk inc flu hosp,2,2026-10-17,11,quantile,0.25,3
2026-10-03,wk inc flu hosp,2,2026-10-17,11,quantile,0.3,3
2026-10-03,wk inc flu hosp,2,2026-10-17,11,quantile,0.35,3
2026-10-03,wk inc flu hosp,2,2026-10-17,11,quantile,0.4,4
2026-10-03,wk inc flu hosp,2,2026-10-17,11,quantile,0.45,5
2026-10-03,wk inc flu hosp,2,2026-10-17,11,quantile,0.5,5
2026-10-03,wk inc flu hosp,2,2026-10-17,11,quantile,0.55,6
2026-10-03,wk inc flu hosp,2,2026-10-17,11,quantile,0.6,7
2026-10-03,wk inc flu hosp,2,2026-10-17,11,quantile,0.65,7
2026-10-03,wk inc flu hosp,2,2026-10-17,11,quantile,0.7,9
2026-10-03,wk inc flu hosp,2,2026-10-17,11,quantile,0.75,10
2026-10-03,wk inc flu hosp,2,2026-10-17,11,quantile,0.8,12
2026-10-03,wk inc flu hosp,2,2026-10-17,11,quantile,0.85,14
2026-10-03,wk inc flu hosp,2,2026-10-17,11,quantile,0.9,18
2026-10-03,wk inc flu hosp,2,2026-10-17,11,quantile,0.95,24
2026-10-03,wk inc flu hosp,2,2026-10-17,11,quantile,0.975,32
2026-10-03,wk inc flu hosp,2,2026-10-17,11,quantile,0.99,45
2026-10-03,wk inc flu hosp,3,2026-10-24,11,quantile,0.01,0
2026-10-03,wk inc flu hosp,3,2026-10-24,11,quantile,0.025,0
2026-10-03,wk inc flu hosp,3,2026-10-24,11,quantile,0.05,1
2026-10-03,wk inc flu hosp,3,2026-10-24,11,quantile,0.1,1
2026-10-03,wk inc flu hosp,3,2026-10-24,11,quantile,0.15,2
2026-10-03,wk inc flu hosp,3,2026-10-24,11,quantile,0.2,3
2026-10-03,wk inc flu hosp,3,2026-10-24,11,quantile,0.25,3
2026-10-03,wk inc flu hosp,3,2026-10-24,11,quantile,0.3,4
2026-10-03,wk inc flu hosp,3,2026-10-24,11,quantile,0.35,5
2026-10-03,wk inc flu hosp,3,2026-10-24,11,quantile,0.4,5
2026-10-03,wk inc flu hosp,3,2026-10-24,11,quantile,0.45,6
2026-10-03,wk inc flu hosp,3,2026-10-24,11,quantile,0.5,7
2026-10-03,wk inc flu hosp,3,2026-10-24,11,quantile,0.55,8
2026-10-03,wk inc flu hosp,3,2026-10-24,11,quantile,0.6,9
2026-10-03,wk inc flu hosp,3,2026-10-24,11,quantile,0.65,11
2026-10-03,wk inc flu hosp,3,2026-10-24,11,quantile,0.7,12
2026-10-03,wk inc flu hosp,3,2026-10-24,11,quantile,0.75,14
2026-10-03,wk inc flu hosp,3,2026-10-24,11,quantile,0.8,17
2026-10-03,wk inc flu hosp,3,2026-10-24,11,quantile,0.85,21
2026-10-03,wk inc flu hosp,3,2026-10-24,11,quantile,0.9,27
2026-10-03,wk inc flu hosp,3,2026-10-24,11,quantile,0.95,39
2026-10-03,wk inc flu hosp,3,2026-10-24,11,quantile,0.975,53
2026-10-03,wk inc flu hosp,3,2026-10-24,11,quantile,0.99,75
2026-10-03,wk inc flu hosp,0,2026-10-03,12,quantile,0.01,207
2026-10-03,wk inc flu hosp,0,2026-10-03,12,quantile,0.025,232
2026-10-03,wk inc flu hosp,0,2026-10-03,12,quantile,0.05,257
2026-10-03,wk inc flu hosp,0,2026-10-03,12,quantile,0.1,291
2026-10-03,wk inc flu hosp,0,2026-10-03,12,quantile,0.15,314
2026-10-03,wk inc flu hosp,0,2026-10-03,12,quantile,0.2,334
2026-10-03,wk inc flu hosp,0,2026-10-03,12,quantile,0.25,353
2026-10-03,wk inc flu hosp,0,2026-10-03,12,quantile,0.3,372
2026-10-03,wk inc flu hosp,0,2026-10-03,12,quantile,0.35,390
2026-10-03,wk inc flu hosp,0,2026-10-03,12,quantile,0.4,408
2026-10-03,wk inc flu hosp,0,2026-10-03,12,quantile,0.45,425
2026-10-03,wk inc flu hosp,0,2026-10-03,12,quantile,0.5,443
2026-10-03,wk inc flu hosp,0,2026-10-03,12,quantile,0.55,461
2026-10-03,wk inc flu hosp,0,2026-10-03,12,quantile,0.6,479
2026-10-03,wk inc flu hosp,0,2026-10-03,12,quantile,0.65,500
2026-10-03,wk inc flu hosp,0,2026-10-03,12,quantile,0.7,523
2026-10-03,wk inc flu hosp,0,2026-10-03,12,quantile,0.75,550
2026-10-03,wk inc flu hosp,0,2026-10-03,12,quantile,0.8,583
2026-10-03,wk inc flu hosp,0,2026-10-03,12,quantile,0.85,622
2026-10-03,wk inc flu hosp,0,2026-10-03,12,quantile,0.9,679
2026-10-03,wk inc flu hosp,0,2026-10-03,12,quantile,0.95,772
2026-10-03,wk inc flu hosp,0,2026-10-03,12,quantile,0.975,857
2026-10-03,wk inc flu hosp,0,2026-10-03,12,quantile,0.99,970
2026-10-03,wk inc flu hosp,1,2026-10-10,12,quantile,0.01,172
2026-10-03,wk inc flu hosp,1,2026-10-10,12,quantile,0.025,203
2026-10-03,wk inc flu hosp,1,2026-10-10,12,quantile,0.05,234
2026-10-03,wk inc flu hosp,1,2026-10-10,12,quantile,0.1,278
2026-10-03,wk inc flu hosp,1,2026-10-10,12,quantile,0.15,311
2026-10-03,wk inc flu hosp,1,2026-10-10,12,quantile,0.2,340
2026-10-03,wk inc flu hosp,1,2026-10-10,12,quantile,0.25,365
2026-10-03,wk inc flu hosp,1,2026-10-10,12,quantile,0.3,391
2026-10-03,wk inc flu hosp,1,2026-10-10,12,quantile,0.35,415
2026-10-03,wk inc flu hosp,1,2026-10-10,12,quantile,0.4,443
2026-10-03,wk inc flu hosp,1,2026-10-10,12,quantile,0.45,467
2026-10-03,wk inc flu hosp,1,2026-10-10,12,quantile,0.5,493
2026-10-03,wk inc flu hosp,1,2026-10-10,12,quantile,0.55,519
2026-10-03,wk inc flu hosp,1,2026-10-10,12,quantile,0.6,550
2026-10-03,wk inc flu hosp,1,2026-10-10,12,quantile,0.65,583
2026-10-03,wk inc flu hosp,1,2026-10-10,12,quantile,0.7,622
2026-10-03,wk inc flu hosp,1,2026-10-10,12,quantile,0.75,669
2026-10-03,wk inc flu hosp,1,2026-10-10,12,quantile,0.8,724
2026-10-03,wk inc flu hosp,1,2026-10-10,12,quantile,0.85,793
2026-10-03,wk inc flu hosp,1,2026-10-10,12,quantile,0.9,885
2026-10-03,wk inc flu hosp,1,2026-10-10,12,quantile,0.95,1042
2026-10-03,wk inc flu hosp,1,2026-10-10,12,quantile,0.975,1207
2026-10-03,wk inc flu hosp,1,2026-10-10,12,quantile,0.99,1418
2026-10-03,wk inc flu hosp,2,2026-10-17,12,quantile,0.01,148
2026-10-03,wk inc flu hosp,2,2026-10-17,12,quantile,0.025,186
2026-10-03,wk inc flu hosp,2,2026-10-17,12,quantile,0.05,222
2026-10-03,wk inc flu hosp,2,2026-10-17,12,quantile,0.1,278
2026-10-03,wk inc flu hosp,2,2026-10-17,12,quantile,0.15,324
2026-10-03,wk inc flu hosp,2,2026-10-17,12,quantile,0.2,364
2026-10-03,wk inc flu hosp,2,2026-10-17,12,quantile,0.25,402
2026-10-03,wk inc flu hosp,2,2026-10-17,12,quantile,0.3,441
2026-10-03,wk inc flu hosp,2,2026-10-17,12,quantile,0.35,477
2026-10-03,wk inc flu hosp,2,2026-10-17,12,quantile,0.4,515
2026-10-03,wk inc flu hosp,2,2026-10-17,12,quantile,0.45,552
2026-10-03,wk inc flu hosp,2,2026-10-17,12,quantile,0.5,593
2026-10-03,wk inc flu hosp,2,2026-10-17,12,quantile,0.55,638
2026-10-03,wk inc flu hosp,2,2026-10-17,12,quantile,0.6,689
2026-10-03,wk inc flu hosp,2,2026-10-17,12,quantile,0.65,742
2026-10-03,wk inc flu hosp,2,2026-10-17,12,quantile,0.7,802
2026-10-03,wk inc flu hosp,2,2026-10-17,12,quantile,0.75,875
2026-10-03,wk inc flu hosp,2,2026-10-17,12,quantile,0.8,961
2026-10-03,wk inc flu hosp,2,2026-10-17,12,quantile,0.85,1075
2026-10-03,wk inc flu hosp,2,2026-10-17,12,quantile,0.9,1250
2026-10-03,wk inc flu hosp,2,2026-10-17,12,quantile,0.95,1543
2026-10-03,wk inc flu hosp,2,2026-10-17,12,quantile,0.975,1859
2026-10-03,wk inc flu hosp,2,2026-10-17,12,quantile,0.99,2293
2026-10-03,wk inc flu hosp,3,2026-10-24,12,quantile,0.01,139
2026-10-03,wk inc flu hosp,3,2026-10-24,12,quantile,0.025,178
2026-10-03,wk inc flu hosp,3,2026-10-24,12,quantile,0.05,223
2026-10-03,wk inc flu hosp,3,2026-10-24,12,quantile,0.1,287
2026-10-03,wk inc flu hosp,3,2026-10-24,12,quantile,0.15,343
2026-10-03,wk inc flu hosp,3,2026-10-24,12,quantile,0.2,391
2026-10-03,wk inc flu hosp,3,2026-10-24,12,quantile,0.25,443
2026-10-03,wk inc flu hosp,3,2026-10-24,12,quantile,0.3,493
2026-10-03,wk inc flu hosp,3,2026-10-24,12,quantile,0.35,544
2026-10-03,wk inc flu hosp,3,2026-10-24,12,quantile,0.4,596
2026-10-03,wk inc flu hosp,3,2026-10-24,12,quantile,0.45,648
2026-10-03,wk inc flu hosp,3,2026-10-24,12,quantile,0.5,706
2026-10-03,wk inc flu hosp,3,2026-10-24,12,quantile,0.55,768
2026-10-03,wk inc flu hosp,3,2026-10-24,12,quantile,0.6,835
2026-10-03,wk inc flu hosp,3,2026-10-24,12,quantile,0.65,909
2026-10-03,wk inc flu hosp,3,2026-10-24,12,quantile,0.7,1003
2026-10-03,wk inc flu hosp,3,2026-10-24,12,quantile,0.75,1112
2026-10-03,wk inc flu hosp,3,2026-10-24,12,quantile,0.8,1245
2026-10-03,wk inc flu hosp,3,2026-10-24,12,quantile,0.85,1425
2026-10-03,wk inc flu hosp,3,2026-10-24,12,quantile,0.9,1674
2026-10-03,wk inc flu hosp,3,2026-10-24,12,quantile,0.95,2156
2026-10-03,wk inc flu hosp,3,2026-10-24,12,quantile,0.975,2681
2026-10-03,wk inc flu hosp,3,2026-10-24,12,quantile,0.99,3478
2026-10-03,wk inc flu hosp,0,2026-10-03,13,quantile,0.01,10
2026-10-03,wk inc flu hosp,0,2026-10-03,13,quantile,0.025,13
2026-10-03,wk inc flu hosp,0,2026-10-03,13,quantile,0.05,15
2026-10-03,wk inc flu hosp,0,2026-10-03,13,quantile,0.1,18
2026-10-03,wk inc flu hosp,0,2026-10-03,13,quantile,0.15,20
2026-10-03,wk inc flu hosp,0,2026-10-03,13,quantile,0.2,23
2026-10-03,wk inc flu hosp,0,2026-10-03,13,quantile,0.25,25
2026-10-03,wk inc flu hosp,0,2026-10-03,13,quantile,0.3,27
2026-10-03,wk inc flu hosp,0,2026-10-03,13,quantile,0.35,29
2026-10-03,wk inc flu hosp,0,2026-10-03,13,quantile,0.4,31
2026-10-03,wk inc flu hosp,0,2026-10-03,13,quantile,0.45,33
2026-10-03,wk inc flu hosp,0,2026-10-03,13,quantile,0.5,35
2026-10-03,wk inc flu hosp,0,2026-10-03,13,quantile,0.55,37
2026-10-03,wk inc flu hosp,0,2026-10-03,13,quantile,0.6,40
2026-10-03,wk inc flu hosp,0,2026-10-03,13,quantile,0.65,43
2026-10-03,wk inc flu hosp,0,2026-10-03,13,quantile,0.7,46
2026-10-03,wk inc flu hosp,0,2026-10-03,13,quantile,0.75,49
2026-10-03,wk inc flu hosp,0,2026-10-03,13,quantile,0.8,54
2026-10-03,wk inc flu hosp,0,2026-10-03,13,quantile,0.85,59
2026-10-03,wk inc flu hosp,0,2026-10-03,13,quantile,0.9,67
2026-10-03,wk inc flu hosp,0,2026-10-03,13,quantile,0.95,81
2026-10-03,wk inc flu hosp,0,2026-10-03,13,quantile,0.975,95
2026-10-03,wk inc flu hosp,0,2026-10-03,13,quantile,0.99,115
2026-10-03,wk inc flu hosp,1,2026-10-10,13,quantile,0.01,9
2026-10-03,wk inc flu hosp,1,2026-10-10,13,quantile,0.025,11
2026-10-03,wk inc flu hosp,1,2026-10-10,13,quantile,0.05,14
2026-10-03,wk inc flu hosp,1,2026-10-10,13,quantile,0.1,18
2026-10-03,wk inc flu hosp,1,2026-10-10,13,quantile,0.15,21
2026-10-03,wk inc flu hosp,1,2026-10-10,13,quantile,0.2,24
2026-10-03,wk inc flu hosp,1,2026-10-10,13,quantile,0.25,27
2026-10-03,wk inc flu hosp,1,2026-10-10,13,quantile,0.3,29
2026-10-03,wk inc flu hosp,1,2026-10-10,13,quantile,0.35,32
2026-10-03,wk inc flu hosp,1,2026-10-10,13,quantile,0.4,35
2026-10-03,wk inc flu hosp,1,2026-10-10,13,quantile,0.45,38
2026-10-03,wk inc flu hosp,1,2026-10-10,13,quantile,0.5,41
2026-10-03,wk inc flu hosp,1,2026-10-10,13,quantile,0.55,45
2026-10-03,wk inc flu hosp,1,2026-10-10,13,quantile,0.6,49
2026-10-03,wk inc flu hosp,1,2026-10-10,13,quantile,0.65,53
2026-10-03,wk inc flu hosp,1,2026-10-10,13,quantile,0.7,58
2026-10-03,wk inc flu hosp,1,2026-10-10,13,quantile,0.75,63
2026-10-03,wk inc flu hosp,1,2026-10-10,13,quantile,0.8,70
2026-10-03,wk inc flu hosp,1,2026-10-10,13,quantile,0.85,79
2026-10-03,wk inc flu hosp,1,2026-10-10,13,quantile,0.9,92
2026-10-03,wk inc flu hosp,1,2026-10-10,13,quantile,0.95,117
2026-10-03,wk inc flu hosp,1,2026-10-10,13,quantile,0.975,143
2026-10-03,wk inc flu hosp,1,2026-10-10,13,quantile,0.99,181
2026-10-03,wk inc flu hosp,2,2026-10-17,13,quantile,0.01,8
2026-10-03,wk inc flu hosp,2,2026-10-17,13,quantile,0.025,11
2026-10-03,wk inc flu hosp,2,2026-10-17,13,quantile,0.05,15
2026-10-03,wk inc flu hosp,2,2026-10-17,13,quantile,0.1,19
2026-10-03,wk inc flu hosp,2,2026-10-17,13,quantile,0.15,23
2026-10-03,wk inc flu hosp,2,2026-10-17,13,quantile,0.2,27
2026-10-03,wk inc flu hosp,2,2026-10-17,13,quantile,0.25,31
2026-10-03,wk inc flu hosp,2,2026-10-17,13,quantile,0.3,34
2026-10-03,wk inc flu hosp,2,2026-10-17,13,quantile,0.35,38
2026-10-03,wk inc flu hosp,2,2026-10-17,13,quantile,0.4,42
2026-10-03,wk inc flu hosp,2,2026-10-17,13,quantile,0.45,47
2026-10-03,wk inc flu hosp,2,2026-10-17,13,quantile,0.5,51
2026-10-03,wk inc flu hosp,2,2026-10-17,13,quantile,0.55,56
2026-10-03,wk inc flu hosp,2,2026-10-17,13,quantile,0.6,62
2026-10-03,wk inc flu hosp,2,2026-10-17,13,quantile,0.65,68
2026-10-03,wk inc flu hosp,2,2026-10-17,13,quantile,0.7,76
2026-10-03,wk inc flu hosp,2,2026-10-17,13,quantile,0.75,85
2026-10-03,wk inc flu hosp,2,2026-10-17,13,quantile,0.8,97
2026-10-03,wk inc flu hosp,2,2026-10-17,13,quantile,0.85,112
2026-10-03,wk inc flu hosp,2,2026-10-17,13,quantile,0.9,134
2026-10-03,wk inc flu hosp,2,2026-10-17,13,quantile,0.95,177
2026-10-03,wk inc flu hosp,2,2026-10-17,13,quantile,0.975,227
2026-10-03,wk inc flu hosp,2,2026-10-17,13,quantile,0.99,304
2026-10-03,wk inc flu hosp,3,2026-10-24,13,quantile,0.01,8
2026-10-03,wk inc flu hosp,3,2026-10-24,13,quantile,0.025,11
2026-10-03,wk inc flu hosp,3,2026-10-24,13,quantile,0.05,15
2026-10-03,wk inc flu hosp,3,2026-10-24,13,quantile,0.1,21
2026-10-03,wk inc flu hosp,3,2026-10-24,13,quantile,0.15,26
2026-10-03,wk inc flu hosp,3,2026-10-24,13,quantile,0.2,30
2026-10-03,wk inc flu hosp,3,2026-10-24,13,quantile,0.25,35
2026-10-03,wk inc flu hosp,3,2026-10-24,13,quantile,0.3,40
2026-10-03,wk inc flu hosp,3,2026-10-24,13,quantile,0.35,46
2026-10-03,wk inc flu hosp,3,2026-10-24,13,quantile,0.4,52
2026-10-03,wk inc flu hosp,3,2026-10-24,13,quantile,0.45,58
2026-10-03,wk inc flu hosp,3,2026-10-24,13,quantile,0.5,65
2026-10-03,wk inc flu hosp,3,2026-10-24,13,quantile,0.55,73
2026-10-03,wk inc flu hosp,3,2026-10-24,13,quantile,0.6,81
2026-10-03,wk inc flu hosp,3,2026-10-24,13,quantile,0.65,91
2026-10-03,wk inc flu hosp,3,2026-10-24,13,quantile,0.7,103
2026-10-03,wk inc flu hosp,3,2026-10-24,13,quantile,0.75,117
2026-10-03,wk inc flu hosp,3,2026-10-24,13,quantile,0.8,134
2026-10-03,wk inc flu hosp,3,2026-10-24,13,quantile,0.85,157
2026-10-03,wk inc flu hosp,3,2026-10-24,13,quantile,0.9,193
2026-10-03,wk inc flu hosp,3,2026-10-24,13,quantile,0.95,270
2026-10-03,wk inc flu hosp,3,2026-10-24,13,quantile,0.975,355
2026-10-03,wk inc flu hosp,3,2026-10-24,13,quantile,0.99,487
2026-10-03,wk inc flu hosp,0,2026-10-03,15,quantile,0.01,5
2026-10-03,wk inc flu hosp,0,2026-10-03,15,quantile,0.025,7
2026-10-03,wk inc flu hosp,0,2026-10-03,15,quantile,0.05,8
2026-10-03,wk inc flu hosp,0,2026-10-03,15,quantile,0.1,11
2026-10-03,wk inc flu hosp,0,2026-10-03,15,quantile,0.15,12
2026-10-03,wk inc flu hosp,0,2026-10-03,15,quantile,0.2,14
2026-10-03,wk inc flu hosp,0,2026-10-03,15,quantile,0.25,16
2026-10-03,wk inc flu hosp,0,2026-10-03,15,quantile,0.3,18
2026-10-03,wk inc flu hosp,0,2026-10-03,15,quantile,0.35,19
2026-10-03,wk inc flu hosp,0,2026-10-03,15,quantile,0.4,21
2026-10-03,wk inc flu hosp,0,2026-10-03,15,quantile,0.45,23
2026-10-03,wk inc flu hosp,0,2026-10-03,15,quantile,0.5,25
2026-10-03,wk inc flu hosp,0,2026-10-03,15,quantile,0.55,27
2026-10-03,wk inc flu hosp,0,2026-10-03,15,quantile,0.6,30
2026-10-03,wk inc flu hosp,0,2026-10-03,15,quantile,0.65,32
2026-10-03,wk inc flu hosp,0,2026-10-03,15,quantile,0.7,35
2026-10-03,wk inc flu hosp,0,2026-10-03,15,quantile,0.75,38
2026-10-03,wk inc flu hosp,0,2026-10-03,15,quantile,0.8,43
2026-10-03,wk inc flu hosp,0,2026-10-03,15,quantile,0.85,48
2026-10-03,wk inc flu hosp,0,2026-10-03,15,quantile,0.9,56
2026-10-03,wk inc flu hosp,0,2026-10-03,15,quantile,0.95,71
2026-10-03,wk inc flu hosp,0,2026-10-03,15,quantile,0.975,88
2026-10-03,wk inc flu hosp,0,2026-10-03,15,quantile,0.99,110
2026-10-03,wk inc flu hosp,1,2026-10-10,15,quantile,0.01,4
2026-10-03,wk inc flu hosp,1,2026-10-10,15,quantile,0.025,6
2026-10-03,wk inc flu hosp,1,2026-10-10,15,quantile,0.05,8
2026-10-03,wk inc flu hosp,1,2026-10-10,15,quantile,0.1,11
2026-10-03,wk inc flu hosp,1,2026-10-10,15,quantile,0.15,13
2026-10-03,wk inc flu hosp,1,2026-10-10,15,quantile,0.2,15
2026-10-03,wk inc flu hosp,1,2026-10-10,15,quantile,0.25,17
2026-10-03,wk inc flu hosp,1,2026-10-10,15,quantile,0.3,19
2026-10-03,wk inc flu hosp,1,2026-10-10,15,quantile,0.35,22
2026-10-03,wk inc flu hosp,1,2026-10-10,15,quantile,0.4,24
2026-10-03,wk inc flu hosp,1,2026-10-10,15,quantile,0.45,27
2026-10-03,wk inc flu hosp,1,2026-10-10,15,quantile,0.5,29
2026-10-03,wk inc flu hosp,1,2026-10-10,15,quantile,0.55,32
2026-10-03,wk inc flu hosp,1,2026-10-10,15,quantile,0.6,35
2026-10-03,wk inc flu hosp,1,2026-10-10,15,quantile,0.65,39
2026-10-03,wk inc flu hosp,1,2026-10-10,15,quantile,0.7,43
2026-10-03,wk inc flu hosp,1,2026-10-10,15,quantile,0.75,48
2026-10-03,wk inc flu hosp,1,2026-10-10,15,quantile,0.8,54
2026-10-03,wk inc flu hosp,1,2026-10-10,15,quantile,0.85,62
2026-10-03,wk inc flu hosp,1,2026-10-10,15,quantile,0.9,75
2026-10-03,wk inc flu hosp,1,2026-10-10,15,quantile,0.95,98
2026-10-03,wk inc flu hosp,1,2026-10-10,15,quantile,0.975,123
2026-10-03,wk inc flu hosp,1,2026-10-10,15,quantile,0.99,161
2026-10-03,wk inc flu hosp,2,2026-10-17,15,quantile,0.01,4
2026-10-03,wk inc flu hosp,2,2026-10-17,15,quantile,0.025,6
2026-10-03,wk inc flu hosp,2,2026-10-17,15,quantile,0.05,8
2026-10-03,wk inc flu hosp,2,2026-10-17,15,quantile,0.1,11
2026-10-03,wk inc flu hosp,2,2026-10-17,15,quantile,0.15,14
2026-10-03,wk inc flu hosp,2,2026-10-17,15,quantile,0.2,17
2026-10-03,wk inc flu hosp,2,2026-10-17,15,quantile,0.25,20
2026-10-03,wk inc flu hosp,2,2026-10-17,15,quantile,0.3,23
2026-10-03,wk inc flu hosp,2,2026-10-17,15,quantile,0.35,25
2026-10-03,wk inc flu hosp,2,2026-10-17,15,quantile,0.4,28
2026-10-03,wk inc flu hosp,2,2026-10-17,15,quantile,0.45,32
2026-10-03,wk inc flu hosp,2,2026-10-17,15,quantile,0.5,35
2026-10-03,wk inc flu hosp,2,2026-10-17,15,quantile,0.55,40
2026-10-03,wk inc flu hosp,2,2026-10-17,15,quantile,0.6,44
2026-10-03,wk inc flu hosp,2,2026-10-17,15,quantile,0.65,49
2026-10-03,wk inc flu hosp,2,2026-10-17,15,quantile,0.7,55
2026-10-03,wk inc flu hosp,2,2026-10-17,15,quantile,0.75,63
2026-10-03,wk inc flu hosp,2,2026-10-17,15,quantile,0.8,73
2026-10-03,wk inc flu hosp,2,2026-10-17,15,quantile,0.85,85
2026-10-03,wk inc flu hosp,2,2026-10-17,15,quantile,0.9,105
2026-10-03,wk inc flu hosp,2,2026-10-17,15,quantile,0.95,144
2026-10-03,wk inc flu hosp,2,2026-10-17,15,quantile,0.975,188
2026-10-03,wk inc flu hosp,2,2026-10-17,15,quantile,0.99,257
2026-10-03,wk inc flu hosp,3,2026-10-24,15,quantile,0.01,4
2026-10-03,wk inc flu hosp,3,2026-10-24,15,quantile,0.025,6
2026-10-03,wk inc flu hosp,3,2026-10-24,15,quantile,0.05,9
2026-10-03,wk inc flu hosp,3,2026-10-24,15,quantile,0.1,13
2026-10-03,wk inc flu hosp,3,2026-10-24,15,quantile,0.15,16
2026-10-03,wk inc flu hosp,3,2026-10-24,15,quantile,0.2,20
2026-10-03,wk inc flu hosp,3,2026-10-24,15,quantile,0.25,23
2026-10-03,wk inc flu hosp,3,2026-10-24,15,quantile,0.3,27
2026-10-03,wk inc flu hosp,3,2026-10-24,15,quantile,0.35,31
2026-10-03,wk inc flu hosp,3,2026-10-24,15,quantile,0.4,35
2026-10-03,wk inc flu hosp,3,2026-10-24,15,quantile,0.45,40
2026-10-03,wk inc flu hosp,3,2026-10-24,15,quantile,0.5,45
2026-10-03,wk inc flu hosp,3,2026-10-24,15,quantile,0.55,50
2026-10-03,wk inc flu hosp,3,2026-10-24,15,quantile,0.6,57
2026-10-03,wk inc flu hosp,3,2026-10-24,15,quantile,0.65,64
2026-10-03,wk inc flu hosp,3,2026-10-24,15,quantile,0.7,74
2026-10-03,wk inc flu hosp,3,2026-10-24,15,quantile,0.75,85
2026-10-03,wk inc flu hosp,3,2026-10-24,15,quantile,0.8,100
2026-10-03,wk inc flu hosp,3,2026-10-24,15,quantile,0.85,121
2026-10-03,wk inc flu hosp,3,2026-10-24,15,quantile,0.9,153
2026-10-03,wk inc flu hosp,3,2026-10-24,15,quantile,0.95,215
2026-10-03,wk inc flu hosp,3,2026-10-24,15,quantile,0.975,287
2026-10-03,wk inc flu hosp,3,2026-10-24,15,quantile,0.99,404
2026-10-03,wk inc flu hosp,0,2026-10-03,16,quantile,0.01,3
2026-10-03,wk inc flu hosp,0,2026-10-03,16,quantile,0.025,4
2026-10-03,wk inc flu hosp,0,2026-10-03,16,quantile,0.05,5
2026-10-03,wk inc flu hosp,0,2026-10-03,16,quantile,0.1,6
2026-10-03,wk inc flu hosp,0,2026-10-03,16,quantile,0.15,7
2026-10-03,wk inc flu hosp,0,2026-10-03,16,quantile,0.2,8
2026-10-03,wk inc flu hosp,0,2026-10-03,16,quantile,0.25,9
2026-10-03,wk inc flu hosp,0,2026-10-03,16,quantile,0.3,10
2026-10-03,wk inc flu hosp,0,2026-10-03,16,quantile,0.35,11
2026-10-03,wk inc flu hosp,0,2026-10-03,16,quantile,0.4,12
2026-10-03,wk inc flu hosp,0,2026-10-03,16,quantile,0.45,13
2026-10-03,wk inc flu hosp,0,2026-10-03,16,quantile,0.5,14
2026-10-03,wk inc flu hosp,0,2026-10-03,16,quantile,0.55,15
2026-10-03,wk inc flu hosp,0,2026-10-03,16,quantile,0.6,17
2026-10-03,wk inc flu hosp,0,2026-10-03,16,quantile,0.65,18
2026-10-03,wk inc flu hosp,0,2026-10-03,16,quantile,0.7,20
2026-10-03,wk inc flu hosp,0,2026-10-03,16,quantile,0.75,22
2026-10-03,wk inc flu hosp,0,2026-10-03,16,quantile,0.8,24
2026-10-03,wk inc flu hosp,0,2026-10-03,16,quantile,0.85,27
2026-10-03,wk inc flu hosp,0,2026-10-03,16,quantile,0.9,32
2026-10-03,wk inc flu hosp,0,2026-10-03,16,quantile,0.95,40
2026-10-03,wk inc flu hosp,0,2026-10-03,16,quantile,0.975,49
2026-10-03,wk inc flu hosp,0,2026-10-03,16,quantile,0.99,62
2026-10-03,wk inc flu hosp,1,2026-10-10,16,quantile,0.01,3
2026-10-03,wk inc flu hosp,1,2026-10-10,16,quantile,0.025,4
2026-10-03,wk inc flu hosp,1,2026-10-10,16,quantile,0.05,5
2026-10-03,wk inc flu hosp,1,2026-10-10,16,quantile,0.1,6
2026-10-03,wk inc flu hosp,1,2026-10-10,16,quantile,0.15,8
2026-10-03,wk inc flu hosp,1,2026-10-10,16,quantile,0.2,9
2026-10-03,wk inc flu hosp,1,2026-10-10,16,quantile,0.25,11
2026-10-03,wk inc flu hosp,1,2026-10-10,16,quantile,0.3,12
2026-10-03,wk inc flu hosp,1,2026-10-10,16,quantile,0.35,13
2026-10-03,wk inc flu hosp,1,2026-10-10,16,quantile,0.4,14
2026-10-03,wk inc flu hosp,1,2026-10-10,16,quantile,0.45,16
2026-10-03,wk inc flu hosp,1,2026-10-10,16,quantile,0.5,18
2026-10-03,wk inc flu hosp,1,2026-10-10,16,quantile,0.55,19
2026-10-03,wk inc flu hosp,1,2026-10-10,16,quantile,0.6,21
2026-10-03,wk inc flu hosp,1,2026-10-10,16,quantile,0.65,24
2026-10-03,wk inc flu hosp,1,2026-10-10,16,quantile,0.7,26
2026-10-03,wk inc flu hosp,1,2026-10-10,16,quantile,0.75,29
2026-10-03,wk inc flu hosp,1,2026-10-10,16,quantile,0.8,33
2026-10-03,wk inc flu hosp,1,2026-10-10,16,quantile,0.85,38
2026-10-03,wk inc flu hosp,1,2026-10-10,16,quantile,0.9,45
2026-10-03,wk inc flu hosp,1,2026-10-10,16,quantile,0.95,59
2026-10-03,wk inc flu hosp,1,2026-10-10,16,quantile,0.975,75
2026-10-03,wk inc flu hosp,1,2026-10-10,16,quantile,0.99,98
2026-10-03,wk inc flu hosp,2,2026-10-17,16,quantile,0.01,2
2026-10-03,wk inc flu hosp,2,2026-10-17,16,quantile,0.025,4
2026-10-03,wk inc flu hosp,2,2026-10-17,16,quantile,0.05,5
2026-10-03,wk inc flu hosp,2,2026-10-17,16,quantile,0.1,7
2026-10-03,wk inc flu hosp,2,2026-10-17,16,quantile,0.15,9
2026-10-03,wk inc flu hosp,2,2026-10-17,16,quantile,0.2,11
2026-10-03,wk inc flu hosp,2,2026-10-17,16,quantile,0.25,12
2026-10-03,wk inc flu hosp,2,2026-10-17,16,quantile,0.3,14
2026-10-03,wk inc flu hosp,2,2026-10-17,16,quantile,0.35,16
2026-10-03,wk inc flu hosp,2,2026-10-17,16,quantile,0.4,18
2026-10-03,wk inc flu hosp,2,2026-10-17,16,quantile,0.45,20
2026-10-03,wk inc flu hosp,2,2026-10-17,16,quantile,0.5,22
2026-10-03,wk inc flu hosp,2,2026-10-17,16,quantile,0.55,25
2026-10-03,wk inc flu hosp,2,2026-10-17,16,quantile,0.6,28
2026-10-03,wk inc flu hosp,2,2026-10-17,16,quantile,0.65,31
2026-10-03,wk inc flu hosp,2,2026-10-17,16,quantile,0.7,35
2026-10-03,wk inc flu hosp,2,2026-10-17,16,quantile,0.75,40
2026-10-03,wk inc flu hosp,2,2026-10-17,16,quantile,0.8,46
2026-10-03,wk inc flu hosp,2,2026-10-17,16,quantile,0.85,55
2026-10-03,wk inc flu hosp,2,2026-10-17,16,quantile,0.9,68
2026-10-03,wk inc flu hosp,2,2026-10-17,16,quantile,0.95,93
2026-10-03,wk inc flu hosp,2,2026-10-17,16,quantile,0.975,122
2026-10-03,wk inc flu hosp,2,2026-10-17,16,quantile,0.99,166
2026-10-03,wk inc flu hosp,3,2026-10-24,16,quantile,0.01,3
2026-10-03,wk inc flu hosp,3,2026-10-24,16,quantile,0.025,4
2026-10-03,wk inc flu hosp,3,2026-10-24,16,quantile,0.05,6
2026-10-03,wk inc flu hosp,3,2026-10-24,16,quantile,0.1,8
2026-10-03,wk inc flu hosp,3,2026-10-24,16,quantile,0.15,11
2026-10-03,wk inc flu hosp,3,2026-10-24,16,quantile,0.2,13
2026-10-03,wk inc flu hosp,3,2026-10-24,16,quantile,0.25,15
2026-10-03,wk inc flu hosp,3,2026-10-24,16,quantile,0.3,18
2026-10-03,wk inc flu hosp,3,2026-10-24,16,quantile,0.35,21
2026-10-03,wk inc flu hosp,3,2026-10-24,16,quantile,0.4,23
2026-10-03,wk inc flu hosp,3,2026-10-24,16,quantile,0.45,26
2026-10-03,wk inc flu hosp,3,2026-10-24,16,quantile,0.5,29
2026-10-03,wk inc flu hosp,3,2026-10-24,16,quantile,0.55,33
2026-10-03,wk inc flu hosp,3,2026-10-24,16,quantile,0.6,38
2026-10-03,wk inc flu hosp,3,2026-10-24,16,quantile,0.65,43
2026-10-03,wk inc flu hosp,3,2026-10-24,16,quantile,0.7,50
2026-10-03,wk inc flu hosp,3,2026-10-24,16,quantile,0.75,57
2026-10-03,wk inc flu hosp,3,2026-10-24,16,quantile,0.8,66
2026-10-03,wk inc flu hosp,3,2026-10-24,16,quantile,0.85,81
2026-10-03,wk inc flu hosp,3,2026-10-24,16,quantile,0.9,102
2026-10-03,wk inc flu hosp,3,2026-10-24,16,quantile,0.95,144
2026-10-03,wk inc flu hosp,3,2026-10-24,16,quantile,0.975,196
2026-10-03,wk inc flu hosp,3,2026-10-24,16,quantile,0.99,283
2026-10-03,wk inc flu hosp,0,2026-10-03,17,quantile,0.01,16
2026-10-03,wk inc flu hosp,0,2026-10-03,17,quantile,0.025,20
2026-10-03,wk inc flu hosp,0,2026-10-03,17,quantile,0.05,24
2026-10-03,wk inc flu hosp,0,2026-10-03,17,quantile,0.1,29
2026-10-03,wk inc flu hosp,0,2026-10-03,17,quantile,0.15,34
2026-10-03,wk inc flu hosp,0,2026-10-03,17,quantile,0.2,38
2026-10-03,wk inc flu hosp,0,2026-10-03,17,quantile,0.25,41
2026-10-03,wk inc flu hosp,0,2026-10-03,17,quantile,0.3,45
2026-10-03,wk inc flu hosp,0,2026-10-03,17,quantile,0.35,49
2026-10-03,wk inc flu hosp,0,2026-10-03,17,quantile,0.4,52
2026-10-03,wk inc flu hosp,0,2026-10-03,17,quantile,0.45,56
2026-10-03,wk inc flu hosp,0,2026-10-03,17,quantile,0.5,60
2026-10-03,wk inc flu hosp,0,2026-10-03,17,quantile,0.55,64
2026-10-03,wk inc flu hosp,0,2026-10-03,17,quantile,0.6,68
2026-10-03,wk inc flu hosp,0,2026-10-03,17,quantile,0.65,73
2026-10-03,wk inc flu hosp,0,2026-10-03,17,quantile,0.7,79
2026-10-03,wk inc flu hosp,0,2026-10-03,17,quantile,0.75,86
2026-10-03,wk inc flu hosp,0,2026-10-03,17,quantile,0.8,94
2026-10-03,wk inc flu hosp,0,2026-10-03,17,quantile,0.85,105
2026-10-03,wk inc flu hosp,0,2026-10-03,17,quantile,0.9,121
2026-10-03,wk inc flu hosp,0,2026-10-03,17,quantile,0.95,148
2026-10-03,wk inc flu hosp,0,2026-10-03,17,quantile,0.975,176
2026-10-03,wk inc flu hosp,0,2026-10-03,17,quantile,0.99,216
2026-10-03,wk inc flu hosp,1,2026-10-10,17,quantile,0.01,13
2026-10-03,wk inc flu hosp,1,2026-10-10,17,quantile,0.025,17
2026-10-03,wk inc flu hosp,1,2026-10-10,17,quantile,0.05,22
2026-10-03,wk inc flu hosp,1,2026-10-10,17,quantile,0.1,28
2026-10-03,wk inc flu hosp,1,2026-10-10,17,quantile,0.15,33
2026-10-03,wk inc flu hosp,1,2026-10-10,17,quantile,0.2,38
2026-10-03,wk inc flu hosp,1,2026-10-10,17,quantile,0.25,42
2026-10-03,wk inc flu hosp,1,2026-10-10,17,quantile,0.3,47
2026-10-03,wk inc flu hosp,1,2026-10-10,17,quantile,0.35,51
2026-10-03,wk inc flu hosp,1,2026-10-10,17,quantile,0.4,56
2026-10-03,wk inc flu hosp,1,2026-10-10,17,quantile,0.45,61
2026-10-03,wk inc flu hosp,1,2026-10-10,17,quantile,0.5,67
2026-10-03,wk inc flu hosp,1,2026-10-10,17,quantile,0.55,73
2026-10-03,wk inc flu hosp,1,2026-10-10,17,quantile,0.6,79
2026-10-03,wk inc flu hosp,1,2026-10-10,17,quantile,0.65,86
2026-10-03,wk inc flu hosp,1,2026-10-10,17,quantile,0.7,95
2026-10-03,wk inc flu hosp,1,2026-10-10,17,quantile,0.75,105
2026-10-03,wk inc flu hosp,1,2026-10-10,17,quantile,0.8,117
2026-10-03,wk inc flu hosp,1,2026-10-10,17,quantile,0.85,134
2026-10-03,wk inc flu hosp,1,2026-10-10,17,quantile,0.9,160
2026-10-03,wk inc flu hosp,1,2026-10-10,17,quantile,0.95,203
2026-10-03,wk inc flu hosp,1,2026-10-10,17,quantile,0.975,252
2026-10-03,wk inc flu hosp,1,2026-10-10,17,quantile,0.99,318
2026-10-03,wk inc flu hosp,2,2026-10-17,17,quantile,0.01,12
2026-10-03,wk inc flu hosp,2,2026-10-17,17,quantile,0.025,17
2026-10-03,wk inc flu hosp,2,2026-10-17,17,quantile,0.05,22
2026-10-03,wk inc flu hosp,2,2026-10-17,17,quantile,0.1,29
2026-10-03,wk inc flu hosp,2,2026-10-17,17,quantile,0.15,35
2026-10-03,wk inc flu hosp,2,2026-10-17,17,quantile,0.2,41
2026-10-03,wk inc flu hosp,2,2026-10-17,17,quantile,0.25,47
2026-10-03,wk inc flu hosp,2,2026-10-17,17,quantile,0.3,53
2026-10-03,wk inc flu hosp,2,2026-10-17,17,quantile,0.35,58
2026-10-03,wk inc flu hosp,2,2026-10-17,17,quantile,0.4,65
2026-10-03,wk inc flu hosp,2,2026-10-17,17,quantile,0.45,72
2026-10-03,wk inc flu hosp,2,2026-10-17,17,quantile,0.5,79
2026-10-03,wk inc flu hosp,2,2026-10-17,17,quantile,0.55,88
2026-10-03,wk inc flu hosp,2,2026-10-17,17,quantile,0.6,97
2026-10-03,wk inc flu hosp,2,2026-10-17,17,quantile,0.65,109
2026-10-03,wk inc flu hosp,2,2026-10-17,17,quantile,0.7,122
2026-10-03,wk inc flu hosp,2,2026-10-17,17,quantile,0.75,138
2026-10-03,wk inc flu hosp,2,2026-10-17,17,quantile,0.8,158
2026-10-03,wk inc flu hosp,2,2026-10-17,17,quantile,0.85,185
2026-10-03,wk inc flu hosp,2,2026-10-17,17,quantile,0.9,224
2026-10-03,wk inc flu hosp,2,2026-10-17,17,quantile,0.95,297
2026-10-03,wk inc flu hosp,2,2026-10-17,17,quantile,0.975,380
2026-10-03,wk inc flu hosp,2,2026-10-17,17,quantile,0.99,508
2026-10-03,wk inc flu hosp,3,2026-10-24,17,quantile,0.01,11
2026-10-03,wk inc flu hosp,3,2026-10-24,17,quantile,0.025,16
2026-10-03,wk inc flu hosp,3,2026-10-24,17,quantile,0.05,21
2026-10-03,wk inc flu hosp,3,2026-10-24,17,quantile,0.1,30
2026-10-03,wk inc flu hosp,3,2026-10-24,17,quantile,0.15,38
2026-10-03,wk inc flu hosp,3,2026-10-24,17,quantile,0.2,45
2026-10-03,wk inc flu hosp,3,2026-10-24,17,quantile,0.25,53
2026-10-03,wk inc flu hosp,3,2026-10-24,17,quantile,0.3,60
2026-10-03,wk inc flu hosp,3,2026-10-24,17,quantile,0.35,68
2026-10-03,wk inc flu hosp,3,2026-10-24,17,quantile,0.4,77
2026-10-03,wk inc flu hosp,3,2026-10-24,17,quantile,0.45,87
2026-10-03,wk inc flu hosp,3,2026-10-24,17,quantile,0.5,98
2026-10-03,wk inc flu hosp,3,2026-10-24,17,quantile,0.55,109
2026-10-03,wk inc flu hosp,3,2026-10-24,17,quantile,0.6,123
2026-10-03,wk inc flu hosp,3,2026-10-24,17,quantile,0.65,140
2026-10-03,wk inc flu hosp,3,2026-10-24,17,quantile,0.7,158
2026-10-03,wk inc flu hosp,3,2026-10-24,17,quantile,0.75,180
2026-10-03,wk inc flu hosp,3,2026-10-24,17,quantile,0.8,208
2026-10-03,wk inc flu hosp,3,2026-10-24,17,quantile,0.85,250
2026-10-03,wk inc flu hosp,3,2026-10-24,17,quantile,0.9,315
2026-10-03,wk inc flu hosp,3,2026-10-24,17,quantile,0.95,443
2026-10-03,wk inc flu hosp,3,2026-10-24,17,quantile,0.975,591
2026-10-03,wk inc flu hosp,3,2026-10-24,17,quantile,0.99,824
2026-10-03,wk inc flu hosp,0,2026-10-03,18,quantile,0.01,8
2026-10-03,wk inc flu hosp,0,2026-10-03,18,quantile,0.025,10
2026-10-03,wk inc flu hosp,0,2026-10-03,18,quantile,0.05,12
2026-10-03,wk inc flu hosp,0,2026-10-03,18,quantile,0.1,16
2026-10-03,wk inc flu hosp,0,2026-10-03,18,quantile,0.15,18
2026-10-03,wk inc flu hosp,0,2026-10-03,18,quantile,0.2,20
2026-10-03,wk inc flu hosp,0,2026-10-03,18,quantile,0.25,23
2026-10-03,wk inc flu hosp,0,2026-10-03,18,quantile,0.3,25
2026-10-03,wk inc flu hosp,0,2026-10-03,18,quantile,0.35,27
2026-10-03,wk inc flu hosp,0,2026-10-03,18,quantile,0.4,29
2026-10-03,wk inc flu hosp,0,2026-10-03,18,quantile,0.45,32
2026-10-03,wk inc flu hosp,0,2026-10-03,18,quantile,0.5,34
2026-10-03,wk inc flu hosp,0,2026-10-03,18,quantile,0.55,37
2026-10-03,wk inc flu hosp,0,2026-10-03,18,quantile,0.6,40
2026-10-03,wk inc flu hosp,0,2026-10-03,18,quantile,0.65,43
2026-10-03,wk inc flu hosp,0,2026-10-03,18,quantile,0.7,47
2026-10-03,wk inc flu hosp,0,2026-10-03,18,quantile,0.75,52
2026-10-03,wk inc flu hosp,0,2026-10-03,18,quantile,0.8,57
2026-10-03,wk inc flu hosp,0,2026-10-03,18,quantile,0.85,64
2026-10-03,wk inc flu hosp,0,2026-10-03,18,quantile,0.9,75
2026-10-03,wk inc flu hosp,0,2026-10-03,18,quantile,0.95,92
2026-10-03,wk inc flu hosp,0,2026-10-03,18,quantile,0.975,113
2026-10-03,wk inc flu hosp,0,2026-10-03,18,quantile,0.99,142
2026-10-03,wk inc flu hosp,1,2026-10-10,18,quantile,0.01,7
2026-10-03,wk inc flu hosp,1,2026-10-10,18,quantile,0.025,9
2026-10-03,wk inc flu hosp,1,2026-10-10,18,quantile,0.05,12
2026-10-03,wk inc flu hosp,1,2026-10-10,18,quantile,0.1,16
2026-10-03,wk inc flu hosp,1,2026-10-10,18,quantile,0.15,19
2026-10-03,wk inc flu hosp,1,2026-10-10,18,quantile,0.2,21
2026-10-03,wk inc flu hosp,1,2026-10-10,18,quantile,0.25,24
2026-10-03,wk inc flu hosp,1,2026-10-10,18,quantile,0.3,27
2026-10-03,wk inc flu hosp,1,2026-10-10,18,quantile,0.35,30
2026-10-03,wk inc flu hosp,1,2026-10-10,18,quantile,0.4,34
2026-10-03,wk inc flu hosp,1,2026-10-10,18,quantile,0.45,37
2026-10-03,wk inc flu hosp,1,2026-10-10,18,quantile,0.5,40
2026-10-03,wk inc flu hosp,1,2026-10-10,18,quantile,0.55,44
2026-10-03,wk inc flu hosp,1,2026-10-10,18,quantile,0.6,48
2026-10-03,wk inc flu hosp,1,2026-10-10,18,quantile,0.65,53
2026-10-03,wk inc flu hosp,1,2026-10-10,18,quantile,0.7,59
2026-10-03,wk inc flu hosp,1,2026-10-10,18,quantile,0.75,66
2026-10-03,wk inc flu hosp,1,2026-10-10,18,quantile,0.8,75
2026-10-03,wk inc flu hosp,1,2026-10-10,18,quantile,0.85,86
2026-10-03,wk inc flu hosp,1,2026-10-10,18,quantile,0.9,101
2026-10-03,wk inc flu hosp,1,2026-10-10,18,quantile,0.95,129
2026-10-03,wk inc flu hosp,1,2026-10-10,18,quantile,0.975,163
2026-10-03,wk inc flu hosp,1,2026-10-10,18,quantile,0.99,213
2026-10-03,wk inc flu hosp,2,2026-10-17,18,quantile,0.01,7
2026-10-03,wk inc flu hosp,2,2026-10-17,18,quantile,0.025,9
2026-10-03,wk inc flu hosp,2,2026-10-17,18,quantile,0.05,12
2026-10-03,wk inc flu hosp,2,2026-10-17,18,quantile,0.1,16
2026-10-03,wk inc flu hosp,2,2026-10-17,18,quantile,0.15,20
2026-10-03,wk inc flu hosp,2,2026-10-17,18,quantile,0.2,24
2026-10-03,wk inc flu hosp,2,2026-10-17,18,quantile,0.25,28
2026-10-03,wk inc flu hosp,2,2026-10-17,18,quantile,0.3,31
2026-10-03,wk inc flu hosp,2,2026-10-17,18,quantile,0.35,35
2026-10-03,wk inc flu hosp,2,2026-10-17,18,quantile,0.4,39
2026-10-03,wk inc flu hosp,2,2026-10-17,18,quantile,0.45,44
2026-10-03,wk inc flu hosp,2,2026-10-17,18,quantile,0.5,49
2026-10-03,wk inc flu hosp,2,2026-10-17,18,quantile,0.55,55
2026-10-03,wk inc flu hosp,2,2026-10-17,18,quantile,0.6,61
2026-10-03,wk inc flu hosp,2,2026-10-17,18,quantile,0.65,68
2026-10-03,wk inc flu hosp,2,2026-10-17,18,quantile,0.7,78
2026-10-03,wk inc flu hosp,2,2026-10-17,18,quantile,0.75,88
2026-10-03,wk inc flu hosp,2,2026-10-17,18,quantile,0.8,101
2026-10-03,wk inc flu hosp,2,2026-10-17,18,quantile,0.85,119
2026-10-03,wk inc flu hosp,2,2026-10-17,18,quantile,0.9,146
2026-10-03,wk inc flu hosp,2,2026-10-17,18,quantile,0.95,202
2026-10-03,wk inc flu hosp,2,2026-10-17,18,quantile,0.975,262
2026-10-03,wk inc flu hosp,2,2026-10-17,18,quantile,0.99,356
2026-10-03,wk inc flu hosp,3,2026-10-24,18,quantile,0.01,6
2026-10-03,wk inc flu hosp,3,2026-10-24,18,quantile,0.025,9
2026-10-03,wk inc flu hosp,3,2026-10-24,18,quantile,0.05,13
2026-10-03,wk inc flu hosp,3,2026-10-24,18,quantile,0.1,18
2026-10-03,wk inc flu hosp,3,2026-10-24,18,quantile,0.15,23
2026-10-03,wk inc flu hosp,3,2026-10-24,18,quantile,0.2,28
2026-10-03,wk inc flu hosp,3,2026-10-24,18,quantile,0.25,33
2026-10-03,wk inc flu hosp,3,2026-10-24,18,quantile,0.3,37
2026-10-03,wk inc flu hosp,3,2026-10-24,18,quantile,0.35,43
2026-10-03,wk inc flu hosp,3,2026-10-24,18,quantile,0.4,49
2026-10-03,wk inc flu hosp,3,2026-10-24,18,quantile,0.45,55
2026-10-03,wk inc flu hosp,3,2026-10-24,18,quantile,0.5,62
2026-10-03,wk inc flu hosp,3,2026-10-24,18,quantile,0.55,71
2026-10-03,wk inc flu hosp,3,2026-10-24,18,quantile,0.6,80
2026-10-03,wk inc flu hosp,3,2026-10-24,18,quantile,0.65,90
2026-10-03,wk inc flu hosp,3,2026-10-24,18,quantile,0.7,104
2026-10-03,wk inc flu hosp,3,2026-10-24,18,quantile,0.75,120
2026-10-03,wk inc flu hosp,3,2026-10-24,18,quantile,0.8,140
2026-10-03,wk inc flu hosp,3,2026-10-24,18,quantile,0.85,168
2026-10-03,wk inc flu hosp,3,2026-10-24,18,quantile,0.9,213
2026-10-03,wk inc flu hosp,3,2026-10-24,18,quantile,0.95,301
2026-10-03,wk inc flu hosp,3,2026-10-24,18,quantile,0.975,408
2026-10-03,wk inc flu hosp,3,2026-10-24,18,quantile,0.99,582
2026-10-03,wk inc flu hosp,0,2026-10-03,19,quantile,0.01,1
2026-10-03,wk inc flu hosp,0,2026-10-03,19,quantile,0.025,2
2026-10-03,wk inc flu hosp,0,2026-10-03,19,quantile,0.05,3
2026-10-03,wk inc flu hosp,0,2026-10-03,19,quantile,0.1,4
2026-10-03,wk inc flu hosp,0,2026-10-03,19,quantile,0.15,4
2026-10-03,wk inc flu hosp,0,2026-10-03,19,quantile,0.2,5
2026-10-03,wk inc flu hosp,0,2026-10-03,19,quantile,0.25,6
2026-10-03,wk inc flu hosp,0,2026-10-03,19,quantile,0.3,6
2026-10-03,wk inc flu hosp,0,2026-10-03,19,quantile,0.35,7
2026-10-03,wk inc flu hosp,0,2026-10-03,19,quantile,0.4,8
2026-10-03,wk inc flu hosp,0,2026-10-03,19,quantile,0.45,8
2026-10-03,wk inc flu hosp,0,2026-10-03,19,quantile,0.5,9
2026-10-03,wk inc flu hosp,0,2026-10-03,19,quantile,0.55,10
2026-10-03,wk inc flu hosp,0,2026-10-03,19,quantile,0.6,11
2026-10-03,wk inc flu hosp,0,2026-10-03,19,quantile,0.65,12
2026-10-03,wk inc flu hosp,0,2026-10-03,19,quantile,0.7,13
2026-10-03,wk inc flu hosp,0,2026-10-03,19,quantile,0.75,14
2026-10-03,wk inc flu hosp,0,2026-10-03,19,quantile,0.8,16
2026-10-03,wk inc flu hosp,0,2026-10-03,19,quantile,0.85,18
2026-10-03,wk inc flu hosp,0,2026-10-03,19,quantile,0.9,21
2026-10-03,wk inc flu hosp,0,2026-10-03,19,quantile,0.95,27
2026-10-03,wk inc flu hosp,0,2026-10-03,19,quantile,0.975,33
2026-10-03,wk inc flu hosp,0,2026-10-03,19,quantile,0.99,42
2026-10-03,wk inc flu hosp,1,2026-10-10,19,quantile,0.01,1
2026-10-03,wk inc flu hosp,1,2026-10-10,19,quantile,0.025,2
2026-10-03,wk inc flu hosp,1,2026-10-10,19,quantile,0.05,3
2026-10-03,wk inc flu hosp,1,2026-10-10,19,quantile,0.1,4
2026-10-03,wk inc flu hosp,1,2026-10-10,19,quantile,0.15,5
2026-10-03,wk inc flu hosp,1,2026-10-10,19,quantile,0.2,6
2026-10-03,wk inc flu hosp,1,2026-10-10,19,quantile,0.25,6
2026-10-03,wk inc flu hosp,1,2026-10-10,19,quantile,0.3,7
2026-10-03,wk inc flu hosp,1,2026-10-10,19,quantile,0.35,8
2026-10-03,wk inc flu hosp,1,2026-10-10,19,quantile,0.4,9
2026-10-03,wk inc flu hosp,1,2026-10-10,19,quantile,0.45,10
2026-10-03,wk inc flu hosp,1,2026-10-10,19,quantile,0.5,11
2026-10-03,wk inc flu hosp,1,2026-10-10,19,quantile,0.55,12
2026-10-03,wk inc flu hosp,1,2026-10-10,19,quantile,0.6,14
2026-10-03,wk inc flu hosp,1,2026-10-10,19,quantile,0.65,15
2026-10-03,wk inc flu hosp,1,2026-10-10,19,quantile,0.7,17
2026-10-03,wk inc flu hosp,1,2026-10-10,19,quantile,0.75,19
2026-10-03,wk inc flu hosp,1,2026-10-10,19,quantile,0.8,21
2026-10-03,wk inc flu hosp,1,2026-10-10,19,quantile,0.85,24
2026-10-03,wk inc flu hosp,1,2026-10-10,19,quantile,0.9,29
2026-10-03,wk inc flu hosp,1,2026-10-10,19,quantile,0.95,39
2026-10-03,wk inc flu hosp,1,2026-10-10,19,quantile,0.975,49
2026-10-03,wk inc flu hosp,1,2026-10-10,19,quantile,0.99,64
2026-10-03,wk inc flu hosp,2,2026-10-17,19,quantile,0.01,1
2026-10-03,wk inc flu hosp,2,2026-10-17,19,quantile,0.025,2
2026-10-03,wk inc flu hosp,2,2026-10-17,19,quantile,0.05,3
2026-10-03,wk inc flu hosp,2,2026-10-17,19,quantile,0.1,4
2026-10-03,wk inc flu hosp,2,2026-10-17,19,quantile,0.15,6
2026-10-03,wk inc flu hosp,2,2026-10-17,19,quantile,0.2,7
2026-10-03,wk inc flu hosp,2,2026-10-17,19,quantile,0.25,8
2026-10-03,wk inc flu hosp,2,2026-10-17,19,quantile,0.3,9
2026-10-03,wk inc flu hosp,2,2026-10-17,19,quantile,0.35,10
2026-10-03,wk inc flu hosp,2,2026-10-17,19,quantile,0.4,12
2026-10-03,wk inc flu hosp,2,2026-10-17,19,quantile,0.45,13
2026-10-03,wk inc flu hosp,2,2026-10-17,19,quantile,0.5,15
2026-10-03,wk inc flu hosp,2,2026-10-17,19,quantile,0.55,16
2026-10-03,wk inc flu hosp,2,2026-10-17,19,quantile,0.6,18
2026-10-03,wk inc flu hosp,2,2026-10-17,19,quantile,0.65,21
2026-10-03,wk inc flu hosp,2,2026-10-17,19,quantile,0.7,23
2026-10-03,wk inc flu hosp,2,2026-10-17,19,quantile,0.75,26
2026-10-03,wk inc flu hosp,2,2026-10-17,19,quantile,0.8,30
2026-10-03,wk inc flu hosp,2,2026-10-17,19,quantile,0.85,36
2026-10-03,wk inc flu hosp,2,2026-10-17,19,quantile,0.9,45
2026-10-03,wk inc flu hosp,2,2026-10-17,19,quantile,0.95,61
2026-10-03,wk inc flu hosp,2,2026-10-17,19,quantile,0.975,79
2026-10-03,wk inc flu hosp,2,2026-10-17,19,quantile,0.99,108
2026-10-03,wk inc flu hosp,3,2026-10-24,19,quantile,0.01,1
2026-10-03,wk inc flu hosp,3,2026-10-24,19,quantile,0.025,2
2026-10-03,wk inc flu hosp,3,2026-10-24,19,quantile,0.05,3
2026-10-03,wk inc flu hosp,3,2026-10-24,19,quantile,0.1,5
2026-10-03,wk inc flu hosp,3,2026-10-24,19,quantile,0.15,7
2026-10-03,wk inc flu hosp,3,2026-10-24,19,quantile,0.2,8
2026-10-03,wk inc flu hosp,3,2026-10-24,19,quantile,0.25,10
2026-10-03,wk inc flu hosp,3,2026-10-24,19,quantile,0.3,11
2026-10-03,wk inc flu hosp,3,2026-10-24,19,quantile,0.35,13
2026-10-03,wk inc flu hosp,3,2026-10-24,19,quantile,0.4,15
2026-10-03,wk inc flu hosp,3,2026-10-24,19,quantile,0.45,17
2026-10-03,wk inc flu hosp,3,2026-10-24,19,quantile,0.5,19
2026-10-03,wk inc flu hosp,3,2026-10-24,19,quantile,0.55,21
2026-10-03,wk inc flu hosp,3,2026-10-24,19,quantile,0.6,24
2026-10-03,wk inc flu hosp,3,2026-10-24,19,quantile,0.65,28
2026-10-03,wk inc flu hosp,3,2026-10-24,19,quantile,0.7,32
2026-10-03,wk inc flu hosp,3,2026-10-24,19,quantile,0.75,37
2026-10-03,wk inc flu hosp,3,2026-10-24,19,quantile,0.8,43
2026-10-03,wk inc flu hosp,3,2026-10-24,19,quantile,0.85,52
2026-10-03,wk inc flu hosp,3,2026-10-24,19,quantile,0.9,66
2026-10-03,wk inc flu hosp,3,2026-10-24,19,quantile,0.95,94
2026-10-03,wk inc flu hosp,3,2026-10-24,19,quantile,0.975,125
2026-10-03,wk inc flu hosp,3,2026-10-24,19,quantile,0.99,178
2026-10-03,wk inc flu hosp,0,2026-10-03,20,quantile,0.01,2
2026-10-03,wk inc flu hosp,0,2026-10-03,20,quantile,0.025,2
2026-10-03,wk inc flu hosp,0,2026-10-03,20,quantile,0.05,3
2026-10-03,wk inc flu hosp,0,2026-10-03,20,quantile,0.1,4
2026-10-03,wk inc flu hosp,0,2026-10-03,20,quantile,0.15,4
2026-10-03,wk inc flu hosp,0,2026-10-03,20,quantile,0.2,5
2026-10-03,wk inc flu hosp,0,2026-10-03,20,quantile,0.25,6
2026-10-03,wk inc flu hosp,0,2026-10-03,20,quantile,0.3,6
2026-10-03,wk inc flu hosp,0,2026-10-03,20,quantile,0.35,7
2026-10-03,wk inc flu hosp,0,2026-10-03,20,quantile,0.4,8
2026-10-03,wk inc flu hosp,0,2026-10-03,20,quantile,0.45,8
2026-10-03,wk inc flu hosp,0,2026-10-03,20,quantile,0.5,9
2026-10-03,wk inc flu hosp,0,2026-10-03,20,quantile,0.55,10
2026-10-03,wk inc flu hosp,0,2026-10-03,20,quantile,0.6,10
2026-10-03,wk inc flu hosp,0,2026-10-03,20,quantile,0.65,11
2026-10-03,wk inc flu hosp,0,2026-10-03,20,quantile,0.7,12
2026-10-03,wk inc flu hosp,0,2026-10-03,20,quantile,0.75,14
2026-10-03,wk inc flu hosp,0,2026-10-03,20,quantile,0.8,15
2026-10-03,wk inc flu hosp,0,2026-10-03,20,quantile,0.85,17
2026-10-03,wk inc flu hosp,0,2026-10-03,20,quantile,0.9,20
2026-10-03,wk inc flu hosp,0,2026-10-03,20,quantile,0.95,25
2026-10-03,wk inc flu hosp,0,2026-10-03,20,quantile,0.975,30
2026-10-03,wk inc flu hosp,0,2026-10-03,20,quantile,0.99,38
2026-10-03,wk inc flu hosp,1,2026-10-10,20,quantile,0.01,1
2026-10-03,wk inc flu hosp,1,2026-10-10,20,quantile,0.025,2
2026-10-03,wk inc flu hosp,1,2026-10-10,20,quantile,0.05,3
2026-10-03,wk inc flu hosp,1,2026-10-10,20,quantile,0.1,4
2026-10-03,wk inc flu hosp,1,2026-10-10,20,quantile,0.15,5
2026-10-03,wk inc flu hosp,1,2026-10-10,20,quantile,0.2,6
2026-10-03,wk inc flu hosp,1,2026-10-10,20,quantile,0.25,7
2026-10-03,wk inc flu hosp,1,2026-10-10,20,quantile,0.3,7
2026-10-03,wk inc flu hosp,1,2026-10-10,20,quantile,0.35,8
2026-10-03,wk inc flu hosp,1,2026-10-10,20,quantile,0.4,9
2026-10-03,wk inc flu hosp,1,2026-10-10,20,quantile,0.45,10
2026-10-03,wk inc flu hosp,1,2026-10-10,20,quantile,0.5,11
2026-10-03,wk inc flu hosp,1,2026-10-10,20,quantile,0.55,12
2026-10-03,wk inc flu hosp,1,2026-10-10,20,quantile,0.6,13
2026-10-03,wk inc flu hosp,1,2026-10-10,20,quantile,0.65,14
2026-10-03,wk inc flu hosp,1,2026-10-10,20,quantile,0.7,16
2026-10-03,wk inc flu hosp,1,2026-10-10,20,quantile,0.75,18
2026-10-03,wk inc flu hosp,1,2026-10-10,20,quantile,0.8,20
2026-10-03,wk inc flu hosp,1,2026-10-10,20,quantile,0.85,23
2026-10-03,wk inc flu hosp,1,2026-10-10,20,quantile,0.9,27
2026-10-03,wk inc flu hosp,1,2026-10-10,20,quantile,0.95,35
2026-10-03,wk inc flu hosp,1,2026-10-10,20,quantile,0.975,44
2026-10-03,wk inc flu hosp,1,2026-10-10,20,quantile,0.99,57
2026-10-03,wk inc flu hosp,2,2026-10-17,20,quantile,0.01,1
2026-10-03,wk inc flu hosp,2,2026-10-17,20,quantile,0.025,2
2026-10-03,wk inc flu hosp,2,2026-10-17,20,quantile,0.05,3
2026-10-03,wk inc flu hosp,2,2026-10-17,20,quantile,0.1,5
2026-10-03,wk inc flu hosp,2,2026-10-17,20,quantile,0.15,6
2026-10-03,wk inc flu hosp,2,2026-10-17,20,quantile,0.2,7
2026-10-03,wk inc flu hosp,2,2026-10-17,20,quantile,0.25,8
2026-10-03,wk inc flu hosp,2,2026-10-17,20,quantile,0.3,9
2026-10-03,wk inc flu hosp,2,2026-10-17,20,quantile,0.35,10
2026-10-03,wk inc flu hosp,2,2026-10-17,20,quantile,0.4,11
2026-10-03,wk inc flu hosp,2,2026-10-17,20,quantile,0.45,13
2026-10-03,wk inc flu hosp,2,2026-10-17,20,quantile,0.5,14
2026-10-03,wk inc flu hosp,2,2026-10-17,20,quantile,0.55,16
2026-10-03,wk inc flu hosp,2,2026-10-17,20,quantile,0.6,18
2026-10-03,wk inc flu hosp,2,2026-10-17,20,quantile,0.65,20
2026-10-03,wk inc flu hosp,2,2026-10-17,20,quantile,0.7,22
2026-10-03,wk inc flu hosp,2,2026-10-17,20,quantile,0.75,25
2026-10-03,wk inc flu hosp,2,2026-10-17,20,quantile,0.8,29
2026-10-03,wk inc flu hosp,2,2026-10-17,20,quantile,0.85,34
2026-10-03,wk inc flu hosp,2,2026-10-17,20,quantile,0.9,41
2026-10-03,wk inc flu hosp,2,2026-10-17,20,quantile,0.95,55
2026-10-03,wk inc flu hosp,2,2026-10-17,20,quantile,0.975,71
2026-10-03,wk inc flu hosp,2,2026-10-17,20,quantile,0.99,95
2026-10-03,wk inc flu hosp,3,2026-10-24,20,quantile,0.01,2
2026-10-03,wk inc flu hosp,3,2026-10-24,20,quantile,0.025,2
2026-10-03,wk inc flu hosp,3,2026-10-24,20,quantile,0.05,4
2026-10-03,wk inc flu hosp,3,2026-10-24,20,quantile,0.1,5
2026-10-03,wk inc flu hosp,3,2026-10-24,20,quantile,0.15,7
2026-10-03,wk inc flu hosp,3,2026-10-24,20,quantile,0.2,8
2026-10-03,wk inc flu hosp,3,2026-10-24,20,quantile,0.25,10
2026-10-03,wk inc flu hosp,3,2026-10-24,20,quantile,0.3,11
2026-10-03,wk inc flu hosp,3,2026-10-24,20,quantile,0.35,13
2026-10-03,wk inc flu hosp,3,2026-10-24,20,quantile,0.4,15
2026-10-03,wk inc flu hosp,3,2026-10-24,20,quantile,0.45,17
2026-10-03,wk inc flu hosp,3,2026-10-24,20,quantile,0.5,19
2026-10-03,wk inc flu hosp,3,2026-10-24,20,quantile,0.55,22
2026-10-03,wk inc flu hosp,3,2026-10-24,20,quantile,0.6,24
2026-10-03,wk inc flu hosp,3,2026-10-24,20,quantile,0.65,27
2026-10-03,wk inc flu hosp,3,2026-10-24,20,quantile,0.7,31
2026-10-03,wk inc flu hosp,3,2026-10-24,20,quantile,0.75,36
2026-10-03,wk inc flu hosp,3,2026-10-24,20,quantile,0.8,42
2026-10-03,wk inc flu hosp,3,2026-10-24,20,quantile,0.85,50
2026-10-03,wk inc flu hosp,3,2026-10-24,20,quantile,0.9,63
2026-10-03,wk inc flu hosp,3,2026-10-24,20,quantile,0.95,88
2026-10-03,wk inc flu hosp,3,2026-10-24,20,quantile,0.975,116
2026-10-03,wk inc flu hosp,3,2026-10-24,20,quantile,0.99,163
2026-10-03,wk inc flu hosp,0,2026-10-03,21,quantile,0.01,4
2026-10-03,wk inc flu hosp,0,2026-10-03,21,quantile,0.025,6
2026-10-03,wk inc flu hosp,0,2026-10-03,21,quantile,0.05,7
2026-10-03,wk inc flu hosp,0,2026-10-03,21,quantile,0.1,9
2026-10-03,wk inc flu hosp,0,2026-10-03,21,quantile,0.15,10
2026-10-03,wk inc flu hosp,0,2026-10-03,21,quantile,0.2,12
2026-10-03,wk inc flu hosp,0,2026-10-03,21,quantile,0.25,13
2026-10-03,wk inc flu hosp,0,2026-10-03,21,quantile,0.3,14
2026-10-03,wk inc flu hosp,0,2026-10-03,21,quantile,0.35,16
2026-10-03,wk inc flu hosp,0,2026-10-03,21,quantile,0.4,17
2026-10-03,wk inc flu hosp,0,2026-10-03,21,quantile,0.45,18
2026-10-03,wk inc flu hosp,0,2026-10-03,21,quantile,0.5,20
2026-10-03,wk inc flu hosp,0,2026-10-03,21,quantile,0.55,21
2026-10-03,wk inc flu hosp,0,2026-10-03,21,quantile,0.6,23
2026-10-03,wk inc flu hosp,0,2026-10-03,21,quantile,0.65,25
2026-10-03,wk inc flu hosp,0,2026-10-03,21,quantile,0.7,27
2026-10-03,wk inc flu hosp,0,2026-10-03,21,quantile,0.75,30
2026-10-03,wk inc flu hosp,0,2026-10-03,21,quantile,0.8,33
2026-10-03,wk inc flu hosp,0,2026-10-03,21,quantile,0.85,37
2026-10-03,wk inc flu hosp,0,2026-10-03,21,quantile,0.9,43
2026-10-03,wk inc flu hosp,0,2026-10-03,21,quantile,0.95,54
2026-10-03,wk inc flu hosp,0,2026-10-03,21,quantile,0.975,65
2026-10-03,wk inc flu hosp,0,2026-10-03,21,quantile,0.99,80
2026-10-03,wk inc flu hosp,1,2026-10-10,21,quantile,0.01,4
2026-10-03,wk inc flu hosp,1,2026-10-10,21,quantile,0.025,5
2026-10-03,wk inc flu hosp,1,2026-10-10,21,quantile,0.05,7
2026-10-03,wk inc flu hosp,1,2026-10-10,21,quantile,0.1,9
2026-10-03,wk inc flu hosp,1,2026-10-10,21,quantile,0.15,11
2026-10-03,wk inc flu hosp,1,2026-10-10,21,quantile,0.2,13
2026-10-03,wk inc flu hosp,1,2026-10-10,21,quantile,0.25,14
2026-10-03,wk inc flu hosp,1,2026-10-10,21,quantile,0.3,16
2026-10-03,wk inc flu hosp,1,2026-10-10,21,quantile,0.35,18
2026-10-03,wk inc flu hosp,1,2026-10-10,21,quantile,0.4,20
2026-10-03,wk inc flu hosp,1,2026-10-10,21,quantile,0.45,21
2026-10-03,wk inc flu hosp,1,2026-10-10,21,quantile,0.5,23
2026-10-03,wk inc flu hosp,1,2026-10-10,21,quantile,0.55,26
2026-10-03,wk inc flu hosp,1,2026-10-10,21,quantile,0.6,28
2026-10-03,wk inc flu hosp,1,2026-10-10,21,quantile,0.65,31
2026-10-03,wk inc flu hosp,1,2026-10-10,21,quantile,0.7,34
2026-10-03,wk inc flu hosp,1,2026-10-10,21,quantile,0.75,37
2026-10-03,wk inc flu hosp,1,2026-10-10,21,quantile,0.8,42
2026-10-03,wk inc flu hosp,1,2026-10-10,21,quantile,0.85,48
2026-10-03,wk inc flu hosp,1,2026-10-10,21,quantile,0.9,57
2026-10-03,wk inc flu hosp,1,2026-10-10,21,quantile,0.95,73
2026-10-03,wk inc flu hosp,1,2026-10-10,21,quantile,0.975,92
2026-10-03,wk inc flu hosp,1,2026-10-10,21,quantile,0.99,119
2026-10-03,wk inc flu hosp,2,2026-10-17,21,quantile,0.01,4
2026-10-03,wk inc flu hosp,2,2026-10-17,21,quantile,0.025,5
2026-10-03,wk inc flu hosp,2,2026-10-17,21,quantile,0.05,7
2026-10-03,wk inc flu hosp,2,2026-10-17,21,quantile,0.1,10
2026-10-03,wk inc flu hosp,2,2026-10-17,21,quantile,0.15,12
2026-10-03,wk inc flu hosp,2,2026-10-17,21,quantile,0.2,14
2026-10-03,wk inc flu hosp,2,2026-10-17,21,quantile,0.25,16
2026-10-03,wk inc flu hosp,2,2026-10-17,21,quantile,0.3,19
2026-10-03,wk inc flu hosp,2,2026-10-17,21,quantile,0.35,21
2026-10-03,wk inc flu hosp,2,2026-10-17,21,quantile,0.4,23
2026-10-03,wk inc flu hosp,2,2026-10-17,21,quantile,0.45,25
2026-10-03,wk inc flu hosp,2,2026-10-17,21,quantile,0.5,28
2026-10-03,wk inc flu hosp,2,2026-10-17,21,quantile,0.55,31
2026-10-03,wk inc flu hosp,2,2026-10-17,21,quantile,0.6,35
2026-10-03,wk inc flu hosp,2,2026-10-17,21,quantile,0.65,39
2026-10-03,wk inc flu hosp,2,2026-10-17,21,quantile,0.7,43
2026-10-03,wk inc flu hosp,2,2026-10-17,21,quantile,0.75,49
2026-10-03,wk inc flu hosp,2,2026-10-17,21,quantile,0.8,56
2026-10-03,wk inc flu hosp,2,2026-10-17,21,quantile,0.85,66
2026-10-03,wk inc flu hosp,2,2026-10-17,21,quantile,0.9,80
2026-10-03,wk inc flu hosp,2,2026-10-17,21,quantile,0.95,108
2026-10-03,wk inc flu hosp,2,2026-10-17,21,quantile,0.975,138
2026-10-03,wk inc flu hosp,2,2026-10-17,21,quantile,0.99,188
2026-10-03,wk inc flu hosp,3,2026-10-24,21,quantile,0.01,4
2026-10-03,wk inc flu hosp,3,2026-10-24,21,quantile,0.025,5
2026-10-03,wk inc flu hosp,3,2026-10-24,21,quantile,0.05,7
2026-10-03,wk inc flu hosp,3,2026-10-24,21,quantile,0.1,10
2026-10-03,wk inc flu hosp,3,2026-10-24,21,quantile,0.15,13
2026-10-03,wk inc flu hosp,3,2026-10-24,21,quantile,0.2,16
2026-10-03,wk inc flu hosp,3,2026-10-24,21,quantile,0.25,19
2026-10-03,wk inc flu hosp,3,2026-10-24,21,quantile,0.3,21
2026-10-03,wk inc flu hosp,3,2026-10-24,21,quantile,0.35,24
2026-10-03,wk inc flu hosp,3,2026-10-24,21,quantile,0.4,27
2026-10-03,wk inc flu hosp,3,2026-10-24,21,quantile,0.45,31
2026-10-03,wk inc flu hosp,3,2026-10-24,21,quantile,0.5,35
2026-10-03,wk inc flu hosp,3,2026-10-24,21,quantile,0.55,39
2026-10-03,wk inc flu hosp,3,2026-10-24,21,quantile,0.6,44
2026-10-03,wk inc flu hosp,3,2026-10-24,21,quantile,0.65,49
2026-10-03,wk inc flu hosp,3,2026-10-24,21,quantile,0.7,56
2026-10-03,wk inc flu hosp,3,2026-10-24,21,quantile,0.75,65
2026-10-03,wk inc flu hosp,3,2026-10-24,21,quantile,0.8,75
2026-10-03,wk inc flu hosp,3,2026-10-24,21,quantile,0.85,89
2026-10-03,wk inc flu hosp,3,2026-10-24,21,quantile,0.9,112
2026-10-03,wk inc flu hosp,3,2026-10-24,21,quantile,0.95,154
2026-10-03,wk inc flu hosp,3,2026-10-24,21,quantile,0.975,206
2026-10-03,wk inc flu hosp,3,2026-10-24,21,quantile,0.99,289
2026-10-03,wk inc flu hosp,0,2026-10-03,22,quantile,0.01,21
2026-10-03,wk inc flu hosp,0,2026-10-03,22,quantile,0.025,24
2026-10-03,wk inc flu hosp,0,2026-10-03,22,quantile,0.05,28
2026-10-03,wk inc flu hosp,0,2026-10-03,22,quantile,0.1,32
2026-10-03,wk inc flu hosp,0,2026-10-03,22,quantile,0.15,36
2026-10-03,wk inc flu hosp,0,2026-10-03,22,quantile,0.2,39
2026-10-03,wk inc flu hosp,0,2026-10-03,22,quantile,0.25,42
2026-10-03,wk inc flu hosp,0,2026-10-03,22,quantile,0.3,45
2026-10-03,wk inc flu hosp,0,2026-10-03,22,quantile,0.35,48
2026-10-03,wk inc flu hosp,0,2026-10-03,22,quantile,0.4,51
2026-10-03,wk inc flu hosp,0,2026-10-03,22,quantile,0.45,53
2026-10-03,wk inc flu hosp,0,2026-10-03,22,quantile,0.5,56
2026-10-03,wk inc flu hosp,0,2026-10-03,22,quantile,0.55,59
2026-10-03,wk inc flu hosp,0,2026-10-03,22,quantile,0.6,63
2026-10-03,wk inc flu hosp,0,2026-10-03,22,quantile,0.65,66
2026-10-03,wk inc flu hosp,0,2026-10-03,22,quantile,0.7,70
2026-10-03,wk inc flu hosp,0,2026-10-03,22,quantile,0.75,75
2026-10-03,wk inc flu hosp,0,2026-10-03,22,quantile,0.8,80
2026-10-03,wk inc flu hosp,0,2026-10-03,22,quantile,0.85,87
2026-10-03,wk inc flu hosp,0,2026-10-03,22,quantile,0.9,96
2026-10-03,wk inc flu hosp,0,2026-10-03,22,quantile,0.95,113
2026-10-03,wk inc flu hosp,0,2026-10-03,22,quantile,0.975,128
2026-10-03,wk inc flu hosp,0,2026-10-03,22,quantile,0.99,151
2026-10-03,wk inc flu hosp,1,2026-10-10,22,quantile,0.01,19
2026-10-03,wk inc flu hosp,1,2026-10-10,22,quantile,0.025,23
2026-10-03,wk inc flu hosp,1,2026-10-10,22,quantile,0.05,27
2026-10-03,wk inc flu hosp,1,2026-10-10,22,quantile,0.1,33
2026-10-03,wk inc flu hosp,1,2026-10-10,22,quantile,0.15,38
2026-10-03,wk inc flu hosp,1,2026-10-10,22,quantile,0.2,42
2026-10-03,wk inc flu hosp,1,2026-10-10,22,quantile,0.25,46
2026-10-03,wk inc flu hosp,1,2026-10-10,22,quantile,0.3,49
2026-10-03,wk inc flu hosp,1,2026-10-10,22,quantile,0.35,53
2026-10-03,wk inc flu hosp,1,2026-10-10,22,quantile,0.4,57
2026-10-03,wk inc flu hosp,1,2026-10-10,22,quantile,0.45,61
2026-10-03,wk inc flu hosp,1,2026-10-10,22,quantile,0.5,65
2026-10-03,wk inc flu hosp,1,2026-10-10,22,quantile,0.55,69
2026-10-03,wk inc flu hosp,1,2026-10-10,22,quantile,0.6,74
2026-10-03,wk inc flu hosp,1,2026-10-10,22,quantile,0.65,79
2026-10-03,wk inc flu hosp,1,2026-10-10,22,quantile,0.7,85
2026-10-03,wk inc flu hosp,1,2026-10-10,22,quantile,0.75,92
2026-10-03,wk inc flu hosp,1,2026-10-10,22,quantile,0.8,101
2026-10-03,wk inc flu hosp,1,2026-10-10,22,quantile,0.85,112
2026-10-03,wk inc flu hosp,1,2026-10-10,22,quantile,0.9,127
2026-10-03,wk inc flu hosp,1,2026-10-10,22,quantile,0.95,153
2026-10-03,wk inc flu hosp,1,2026-10-10,22,quantile,0.975,181
2026-10-03,wk inc flu hosp,1,2026-10-10,22,quantile,0.99,218
2026-10-03,wk inc flu hosp,2,2026-10-17,22,quantile,0.01,18
2026-10-03,wk inc flu hosp,2,2026-10-17,22,quantile,0.025,23
2026-10-03,wk inc flu hosp,2,2026-10-17,22,quantile,0.05,28
2026-10-03,wk inc flu hosp,2,2026-10-17,22,quantile,0.1,36
2026-10-03,wk inc flu hosp,2,2026-10-17,22,quantile,0.15,42
2026-10-03,wk inc flu hosp,2,2026-10-17,22,quantile,0.2,47
2026-10-03,wk inc flu hosp,2,2026-10-17,22,quantile,0.25,52
2026-10-03,wk inc flu hosp,2,2026-10-17,22,quantile,0.3,57
2026-10-03,wk inc flu hosp,2,2026-10-17,22,quantile,0.35,62
2026-10-03,wk inc flu hosp,2,2026-10-17,22,quantile,0.4,68
2026-10-03,wk inc flu hosp,2,2026-10-17,22,quantile,0.45,74
2026-10-03,wk inc flu hosp,2,2026-10-17,22,quantile,0.5,80
2026-10-03,wk inc flu hosp,2,2026-10-17,22,quantile,0.55,87
2026-10-03,wk inc flu hosp,2,2026-10-17,22,quantile,0.6,94
2026-10-03,wk inc flu hosp,2,2026-10-17,22,quantile,0.65,102
2026-10-03,wk inc flu hosp,2,2026-10-17,22,quantile,0.7,110
2026-10-03,wk inc flu hosp,2,2026-10-17,22,quantile,0.75,121
2026-10-03,wk inc flu hosp,2,2026-10-17,22,quantile,0.8,134
2026-10-03,wk inc flu hosp,2,2026-10-17,22,quantile,0.85,153
2026-10-03,wk inc flu hosp,2,2026-10-17,22,quantile,0.9,180
2026-10-03,wk inc flu hosp,2,2026-10-17,22,quantile,0.95,228
2026-10-03,wk inc flu hosp,2,2026-10-17,22,quantile,0.975,281
2026-10-03,wk inc flu hosp,2,2026-10-17,22,quantile,0.99,360
2026-10-03,wk inc flu hosp,3,2026-10-24,22,quantile,0.01,17
2026-10-03,wk inc flu hosp,3,2026-10-24,22,quantile,0.025,23
2026-10-03,wk inc flu hosp,3,2026-10-24,22,quantile,0.05,28
2026-10-03,wk inc flu hosp,3,2026-10-24,22,quantile,0.1,38
2026-10-03,wk inc flu hosp,3,2026-10-24,22,quantile,0.15,45
2026-10-03,wk inc flu hosp,3,2026-10-24,22,quantile,0.2,53
2026-10-03,wk inc flu hosp,3,2026-10-24,22,quantile,0.25,60
2026-10-03,wk inc flu hosp,3,2026-10-24,22,quantile,0.3,67
2026-10-03,wk inc flu hosp,3,2026-10-24,22,quantile,0.35,75
2026-10-03,wk inc flu hosp,3,2026-10-24,22,quantile,0.4,83
2026-10-03,wk inc flu hosp,3,2026-10-24,22,quantile,0.45,91
2026-10-03,wk inc flu hosp,3,2026-10-24,22,quantile,0.5,100
2026-10-03,wk inc flu hosp,3,2026-10-24,22,quantile,0.55,110
2026-10-03,wk inc flu hosp,3,2026-10-24,22,quantile,0.6,121
2026-10-03,wk inc flu hosp,3,2026-10-24,22,quantile,0.65,134
2026-10-03,wk inc flu hosp,3,2026-10-24,22,quantile,0.7,149
2026-10-03,wk inc flu hosp,3,2026-10-24,22,quantile,0.75,168
2026-10-03,wk inc flu hosp,3,2026-10-24,22,quantile,0.8,191
2026-10-03,wk inc flu hosp,3,2026-10-24,22,quantile,0.85,220
2026-10-03,wk inc flu hosp,3,2026-10-24,22,quantile,0.9,263
2026-10-03,wk inc flu hosp,3,2026-10-24,22,quantile,0.95,345
2026-10-03,wk inc flu hosp,3,2026-10-24,22,quantile,0.975,444
2026-10-03,wk inc flu hosp,3,2026-10-24,22,quantile,0.99,594
2026-10-03,wk inc flu hosp,0,2026-10-03,23,quantile,0.01,0
2026-10-03,wk inc flu hosp,0,2026-10-03,23,quantile,0.025,1
2026-10-03,wk inc flu hosp,0,2026-10-03,23,quantile,0.05,1
2026-10-03,wk inc flu hosp,0,2026-10-03,23,quantile,0.1,2
2026-10-03,wk inc flu hosp,0,2026-10-03,23,quantile,0.15,2
2026-10-03,wk inc flu hosp,0,2026-10-03,23,quantile,0.2,3
2026-10-03,wk inc flu hosp,0,2026-10-03,23,quantile,0.25,3
2026-10-03,wk inc flu hosp,0,2026-10-03,23,quantile,0.3,4
2026-10-03,wk inc flu hosp,0,2026-10-03,23,quantile,0.35,4
2026-10-03,wk inc flu hosp,0,2026-10-03,23,quantile,0.4,5
2026-10-03,wk inc flu hosp,0,2026-10-03,23,quantile,0.45,5
2026-10-03,wk inc flu hosp,0,2026-10-03,23,quantile,0.5,6
2026-10-03,wk inc flu hosp,0,2026-10-03,23,quantile,0.55,6
2026-10-03,wk inc flu hosp,0,2026-10-03,23,quantile,0.6,7
2026-10-03,wk inc flu hosp,0,2026-10-03,23,quantile,0.65,7
2026-10-03,wk inc flu hosp,0,2026-10-03,23,quantile,0.7,8
2026-10-03,wk inc flu hosp,0,2026-10-03,23,quantile,0.75,9
2026-10-03,wk inc flu hosp,0,2026-10-03,23,quantile,0.8,10
2026-10-03,wk inc flu hosp,0,2026-10-03,23,quantile,0.85,12
2026-10-03,wk inc flu hosp,0,2026-10-03,23,quantile,0.9,14
2026-10-03,wk inc flu hosp,0,2026-10-03,23,quantile,0.95,18
2026-10-03,wk inc flu hosp,0,2026-10-03,23,quantile,0.975,23
2026-10-03,wk inc flu hosp,0,2026-10-03,23,quantile,0.99,29
2026-10-03,wk inc flu hosp,1,2026-10-10,23,quantile,0.01,0
2026-10-03,wk inc flu hosp,1,2026-10-10,23,quantile,0.025,1
2026-10-03,wk inc flu hosp,1,2026-10-10,23,quantile,0.05,1
2026-10-03,wk inc flu hosp,1,2026-10-10,23,quantile,0.1,2
2026-10-03,wk inc flu hosp,1,2026-10-10,23,quantile,0.15,3
2026-10-03,wk inc flu hosp,1,2026-10-10,23,quantile,0.2,3
2026-10-03,wk inc flu hosp,1,2026-10-10,23,quantile,0.25,4
2026-10-03,wk inc flu hosp,1,2026-10-10,23,quantile,0.3,4
2026-10-03,wk inc flu hosp,1,2026-10-10,23,quantile,0.35,5
2026-10-03,wk inc flu hosp,1,2026-10-10,23,quantile,0.4,5
2026-10-03,wk inc flu hosp,1,2026-10-10,23,quantile,0.45,6
2026-10-03,wk inc flu hosp,1,2026-10-10,23,quantile,0.5,7
2026-10-03,wk inc flu hosp,1,2026-10-10,23,quantile,0.55,7
2026-10-03,wk inc flu hosp,1,2026-10-10,23,quantile,0.6,8
2026-10-03,wk inc flu hosp,1,2026-10-10,23,quantile,0.65,9
2026-10-03,wk inc flu hosp,1,2026-10-10,23,quantile,0.7,10
2026-10-03,wk inc flu hosp,1,2026-10-10,23,quantile,0.75,12
2026-10-03,wk inc flu hosp,1,2026-10-10,23,quantile,0.8,14
2026-10-03,wk inc flu hosp,1,2026-10-10,23,quantile,0.85,16
2026-10-03,wk inc flu hosp,1,2026-10-10,23,quantile,0.9,19
2026-10-03,wk inc flu hosp,1,2026-10-10,23,quantile,0.95,26
2026-10-03,wk inc flu hosp,1,2026-10-10,23,quantile,0.975,33
2026-10-03,wk inc flu hosp,1,2026-10-10,23,quantile,0.99,44
2026-10-03,wk inc flu hosp,2,2026-10-17,23,quantile,0.01,0
2026-10-03,wk inc flu hosp,2,2026-10-17,23,quantile,0.025,1
2026-10-03,wk inc flu hosp,2,2026-10-17,23,quantile,0.05,1
2026-10-03,wk inc flu hosp,2,2026-10-17,23,quantile,0.1,2
2026-10-03,wk inc flu hosp,2,2026-10-17,23,quantile,0.15,3
2026-10-03,wk inc flu hosp,2,2026-10-17,23,quantile,0.2,4
2026-10-03,wk inc flu hosp,2,2026-10-17,23,quantile,0.25,4
2026-10-03,wk inc flu hosp,2,2026-10-17,23,quantile,0.3,5
2026-10-03,wk inc flu hosp,2,2026-10-17,23,quantile,0.35,6
2026-10-03,wk inc flu hosp,2,2026-10-17,23,quantile,0.4,7
2026-10-03,wk inc flu hosp,2,2026-10-17,23,quantile,0.45,8
2026-10-03,wk inc flu hosp,2,2026-10-17,23,quantile,0.5,9
2026-10-03,wk inc flu hosp,2,2026-10-17,23,quantile,0.55,10
2026-10-03,wk inc flu hosp,2,2026-10-17,23,quantile,0.6,11
2026-10-03,wk inc flu hosp,2,2026-10-17,23,quantile,0.65,12
2026-10-03,wk inc flu hosp,2,2026-10-17,23,quantile,0.7,14
2026-10-03,wk inc flu hosp,2,2026-10-17,23,quantile,0.75,16
2026-10-03,wk inc flu hosp,2,2026-10-17,23,quantile,0.8,19
2026-10-03,wk inc flu hosp,2,2026-10-17,23,quantile,0.85,23
2026-10-03,wk inc flu hosp,2,2026-10-17,23,quantile,0.9,29
2026-10-03,wk inc flu hosp,2,2026-10-17,23,quantile,0.95,40
2026-10-03,wk inc flu hosp,2,2026-10-17,23,quantile,0.975,52
2026-10-03,wk inc flu hosp,2,2026-10-17,23,quantile,0.99,72
2026-10-03,wk inc flu hosp,3,2026-10-24,23,quantile,0.01,0
2026-10-03,wk inc flu hosp,3,2026-10-24,23,quantile,0.025,1
2026-10-03,wk inc flu hosp,3,2026-10-24,23,quantile,0.05,2
2026-10-03,wk inc flu hosp,3,2026-10-24,23,quantile,0.1,3
2026-10-03,wk inc flu hosp,3,2026-10-24,23,quantile,0.15,4
2026-10-03,wk inc flu hosp,3,2026-10-24,23,quantile,0.2,4
2026-10-03,wk inc flu hosp,3,2026-10-24,23,quantile,0.25,5
2026-10-03,wk inc flu hosp,3,2026-10-24,23,quantile,0.3,6
2026-10-03,wk inc flu hosp,3,2026-10-24,23,quantile,0.35,7
2026-10-03,wk inc flu hosp,3,2026-10-24,23,quantile,0.4,9
2026-10-03,wk inc flu hosp,3,2026-10-24,23,quantile,0.45,10
2026-10-03,wk inc flu hosp,3,2026-10-24,23,quantile,0.5,11
2026-10-03,wk inc flu hosp,3,2026-10-24,23,quantile,0.55,13
2026-10-03,wk inc flu hosp,3,2026-10-24,23,quantile,0.6,15
2026-10-03,wk inc flu hosp,3,2026-10-24,23,quantile,0.65,17
2026-10-03,wk inc flu hosp,3,2026-10-24,23,quantile,0.7,20
2026-10-03,wk inc flu hosp,3,2026-10-24,23,quantile,0.75,23
2026-10-03,wk inc flu hosp,3,2026-10-24,23,quantile,0.8,28
2026-10-03,wk inc flu hosp,3,2026-10-24,23,quantile,0.85,34
2026-10-03,wk inc flu hosp,3,2026-10-24,23,quantile,0.9,42
2026-10-03,wk inc flu hosp,3,2026-10-24,23,quantile,0.95,60
2026-10-03,wk inc flu hosp,3,2026-10-24,23,quantile,0.975,81
2026-10-03,wk inc flu hosp,3,2026-10-24,23,quantile,0.99,116
2026-10-03,wk inc flu hosp,0,2026-10-03,24,quantile,0.01,5
2026-10-03,wk inc flu hosp,0,2026-10-03,24,quantile,0.025,6
2026-10-03,wk inc flu hosp,0,2026-10-03,24,quantile,0.05,8
2026-10-03,wk inc flu hosp,0,2026-10-03,24,quantile,0.1,10
2026-10-03,wk inc flu hosp,0,2026-10-03,24,quantile,0.15,12
2026-10-03,wk inc flu hosp,0,2026-10-03,24,quantile,0.2,13
2026-10-03,wk inc flu hosp,0,2026-10-03,24,quantile,0.25,15
2026-10-03,wk inc flu hosp,0,2026-10-03,24,quantile,0.3,17
2026-10-03,wk inc flu hosp,0,2026-10-03,24,quantile,0.35,18
2026-10-03,wk inc flu hosp,0,2026-10-03,24,quantile,0.4,20
2026-10-03,wk inc flu hosp,0,2026-10-03,24,quantile,0.45,22
2026-10-03,wk inc flu hosp,0,2026-10-03,24,quantile,0.5,23
2026-10-03,wk inc flu hosp,0,2026-10-03,24,quantile,0.55,25
2026-10-03,wk inc flu hosp,0,2026-10-03,24,quantile,0.6,27
2026-10-03,wk inc flu hosp,0,2026-10-03,24,quantile,0.65,30
2026-10-03,wk inc flu hosp,0,2026-10-03,24,quantile,0.7,32
2026-10-03,wk inc flu hosp,0,2026-10-03,24,quantile,0.75,35
2026-10-03,wk inc flu hosp,0,2026-10-03,24,quantile,0.8,39
2026-10-03,wk inc flu hosp,0,2026-10-03,24,quantile,0.85,44
2026-10-03,wk inc flu hosp,0,2026-10-03,24,quantile,0.9,51
2026-10-03,wk inc flu hosp,0,2026-10-03,24,quantile,0.95,64
2026-10-03,wk inc flu hosp,0,2026-10-03,24,quantile,0.975,77
2026-10-03,wk inc flu hosp,0,2026-10-03,24,quantile,0.99,98
2026-10-03,wk inc flu hosp,1,2026-10-10,24,quantile,0.01,4
2026-10-03,wk inc flu hosp,1,2026-10-10,24,quantile,0.025,6
2026-10-03,wk inc flu hosp,1,2026-10-10,24,quantile,0.05,7
2026-10-03,wk inc flu hosp,1,2026-10-10,24,quantile,0.1,10
2026-10-03,wk inc flu hosp,1,2026-10-10,24,quantile,0.15,12
2026-10-03,wk inc flu hosp,1,2026-10-10,24,quantile,0.2,14
2026-10-03,wk inc flu hosp,1,2026-10-10,24,quantile,0.25,16
2026-10-03,wk inc flu hosp,1,2026-10-10,24,quantile,0.3,18
2026-10-03,wk inc flu hosp,1,2026-10-10,24,quantile,0.35,20
2026-10-03,wk inc flu hosp,1,2026-10-10,24,quantile,0.4,22
2026-10-03,wk inc flu hosp,1,2026-10-10,24,quantile,0.45,24
2026-10-03,wk inc flu hosp,1,2026-10-10,24,quantile,0.5,27
2026-10-03,wk inc flu hosp,1,2026-10-10,24,quantile,0.55,29
2026-10-03,wk inc flu hosp,1,2026-10-10,24,quantile,0.6,32
2026-10-03,wk inc flu hosp,1,2026-10-10,24,quantile,0.65,35
2026-10-03,wk inc flu hosp,1,2026-10-10,24,quantile,0.7,39
2026-10-03,wk inc flu hosp,1,2026-10-10,24,quantile,0.75,44
2026-10-03,wk inc flu hosp,1,2026-10-10,24,quantile,0.8,50
2026-10-03,wk inc flu hosp,1,2026-10-10,24,quantile,0.85,58
2026-10-03,wk inc flu hosp,1,2026-10-10,24,quantile,0.9,69
2026-10-03,wk inc flu hosp,1,2026-10-10,24,quantile,0.95,90
2026-10-03,wk inc flu hosp,1,2026-10-10,24,quantile,0.975,114
2026-10-03,wk inc flu hosp,1,2026-10-10,24,quantile,0.99,148
2026-10-03,wk inc flu hosp,2,2026-10-17,24,quantile,0.01,4
2026-10-03,wk inc flu hosp,2,2026-10-17,24,quantile,0.025,6
2026-10-03,wk inc flu hosp,2,2026-10-17,24,quantile,0.05,8
2026-10-03,wk inc flu hosp,2,2026-10-17,24,quantile,0.1,11
2026-10-03,wk inc flu hosp,2,2026-10-17,24,quantile,0.15,14
2026-10-03,wk inc flu hosp,2,2026-10-17,24,quantile,0.2,16
2026-10-03,wk inc flu hosp,2,2026-10-17,24,quantile,0.25,19
2026-10-03,wk inc flu hosp,2,2026-10-17,24,quantile,0.3,21
2026-10-03,wk inc flu hosp,2,2026-10-17,24,quantile,0.35,24
2026-10-03,wk inc flu hosp,2,2026-10-17,24,quantile,0.4,27
2026-10-03,wk inc flu hosp,2,2026-10-17,24,quantile,0.45,30
2026-10-03,wk inc flu hosp,2,2026-10-17,24,quantile,0.5,33
2026-10-03,wk inc flu hosp,2,2026-10-17,24,quantile,0.55,37
2026-10-03,wk inc flu hosp,2,2026-10-17,24,quantile,0.6,41
2026-10-03,wk inc flu hosp,2,2026-10-17,24,quantile,0.65,46
2026-10-03,wk inc flu hosp,2,2026-10-17,24,quantile,0.7,51
2026-10-03,wk inc flu hosp,2,2026-10-17,24,quantile,0.75,59
2026-10-03,wk inc flu hosp,2,2026-10-17,24,quantile,0.8,68
2026-10-03,wk inc flu hosp,2,2026-10-17,24,quantile,0.85,79
2026-10-03,wk inc flu hosp,2,2026-10-17,24,quantile,0.9,97
2026-10-03,wk inc flu hosp,2,2026-10-17,24,quantile,0.95,133
2026-10-03,wk inc flu hosp,2,2026-10-17,24,quantile,0.975,175
2026-10-03,wk inc flu hosp,2,2026-10-17,24,quantile,0.99,239
2026-10-03,wk inc flu hosp,3,2026-10-24,24,quantile,0.01,4
2026-10-03,wk inc flu hosp,3,2026-10-24,24,quantile,0.025,6
2026-10-03,wk inc flu hosp,3,2026-10-24,24,quantile,0.05,9
2026-10-03,wk inc flu hosp,3,2026-10-24,24,quantile,0.1,12
2026-10-03,wk inc flu hosp,3,2026-10-24,24,quantile,0.15,16
2026-10-03,wk inc flu hosp,3,2026-10-24,24,quantile,0.2,19
2026-10-03,wk inc flu hosp,3,2026-10-24,24,quantile,0.25,22
2026-10-03,wk inc flu hosp,3,2026-10-24,24,quantile,0.3,25
2026-10-03,wk inc flu hosp,3,2026-10-24,24,quantile,0.35,29
2026-10-03,wk inc flu hosp,3,2026-10-24,24,quantile,0.4,32
2026-10-03,wk inc flu hosp,3,2026-10-24,24,quantile,0.45,37
2026-10-03,wk inc flu hosp,3,2026-10-24,24,quantile,0.5,41
2026-10-03,wk inc flu hosp,3,2026-10-24,24,quantile,0.55,47
2026-10-03,wk inc flu hosp,3,2026-10-24,24,quantile,0.6,53
2026-10-03,wk inc flu hosp,3,2026-10-24,24,quantile,0.65,60
2026-10-03,wk inc flu hosp,3,2026-10-24,24,quantile,0.7,69
2026-10-03,wk inc flu hosp,3,2026-10-24,24,quantile,0.75,80
2026-10-03,wk inc flu hosp,3,2026-10-24,24,quantile,0.8,94
2026-10-03,wk inc flu hosp,3,2026-10-24,24,quantile,0.85,113
2026-10-03,wk inc flu hosp,3,2026-10-24,24,quantile,0.9,143
2026-10-03,wk inc flu hosp,3,2026-10-24,24,quantile,0.95,201
2026-10-03,wk inc flu hosp,3,2026-10-24,24,quantile,0.975,270
2026-10-03,wk inc flu hosp,3,2026-10-24,24,quantile,0.99,382
2026-10-03,wk inc flu hosp,0,2026-10-03,25,quantile,0.01,2
2026-10-03,wk inc flu hosp,0,2026-10-03,25,quantile,0.025,2
2026-10-03,wk inc flu hosp,0,2026-10-03,25,quantile,0.05,3
2026-10-03,wk inc flu hosp,0,2026-10-03,25,quantile,0.1,4
2026-10-03,wk inc flu hosp,0,2026-10-03,25,quantile,0.15,5
2026-10-03,wk inc flu hosp,0,2026-10-03,25,quantile,0.2,6
2026-10-03,wk inc flu hosp,0,2026-10-03,25,quantile,0.25,7
2026-10-03,wk inc flu hosp,0,2026-10-03,25,quantile,0.3,8
2026-10-03,wk inc flu hosp,0,2026-10-03,25,quantile,0.35,9
2026-10-03,wk inc flu hosp,0,2026-10-03,25,quantile,0.4,10
2026-10-03,wk inc flu hosp,0,2026-10-03,25,quantile,0.45,11
2026-10-03,wk inc flu hosp,0,2026-10-03,25,quantile,0.5,12
2026-10-03,wk inc flu hosp,0,2026-10-03,25,quantile,0.55,13
2026-10-03,wk inc flu hosp,0,2026-10-03,25,quantile,0.6,14
2026-10-03,wk inc flu hosp,0,2026-10-03,25,quantile,0.65,15
2026-10-03,wk inc flu hosp,0,2026-10-03,25,quantile,0.7,17
2026-10-03,wk inc flu hosp,0,2026-10-03,25,quantile,0.75,19
2026-10-03,wk inc flu hosp,0,2026-10-03,25,quantile,0.8,21
2026-10-03,wk inc flu hosp,0,2026-10-03,25,quantile,0.85,24
2026-10-03,wk inc flu hosp,0,2026-10-03,25,quantile,0.9,29
2026-10-03,wk inc flu hosp,0,2026-10-03,25,quantile,0.95,38
2026-10-03,wk inc flu hosp,0,2026-10-03,25,quantile,0.975,47
2026-10-03,wk inc flu hosp,0,2026-10-03,25,quantile,0.99,60
2026-10-03,wk inc flu hosp,1,2026-10-10,25,quantile,0.01,2
2026-10-03,wk inc flu hosp,1,2026-10-10,25,quantile,0.025,3
2026-10-03,wk inc flu hosp,1,2026-10-10,25,quantile,0.05,3
2026-10-03,wk inc flu hosp,1,2026-10-10,25,quantile,0.1,5
2026-10-03,wk inc flu hosp,1,2026-10-10,25,quantile,0.15,6
2026-10-03,wk inc flu hosp,1,2026-10-10,25,quantile,0.2,7
2026-10-03,wk inc flu hosp,1,2026-10-10,25,quantile,0.25,8
2026-10-03,wk inc flu hosp,1,2026-10-10,25,quantile,0.3,9
2026-10-03,wk inc flu hosp,1,2026-10-10,25,quantile,0.35,11
2026-10-03,wk inc flu hosp,1,2026-10-10,25,quantile,0.4,12
2026-10-03,wk inc flu hosp,1,2026-10-10,25,quantile,0.45,13
2026-10-03,wk inc flu hosp,1,2026-10-10,25,quantile,0.5,15
2026-10-03,wk inc flu hosp,1,2026-10-10,25,quantile,0.55,16
2026-10-03,wk inc flu hosp,1,2026-10-10,25,quantile,0.6,18
2026-10-03,wk inc flu hosp,1,2026-10-10,25,quantile,0.65,20
2026-10-03,wk inc flu hosp,1,2026-10-10,25,quantile,0.7,22
2026-10-03,wk inc flu hosp,1,2026-10-10,25,quantile,0.75,25
2026-10-03,wk inc flu hosp,1,2026-10-10,25,quantile,0.8,28
2026-10-03,wk inc flu hosp,1,2026-10-10,25,quantile,0.85,33
2026-10-03,wk inc flu hosp,1,2026-10-10,25,quantile,0.9,40
2026-10-03,wk inc flu hosp,1,2026-10-10,25,quantile,0.95,53
2026-10-03,wk inc flu hosp,1,2026-10-10,25,quantile,0.975,68
2026-10-03,wk inc flu hosp,1,2026-10-10,25,quantile,0.99,90
2026-10-03,wk inc flu hosp,2,2026-10-17,25,quantile,0.01,2
2026-10-03,wk inc flu hosp,2,2026-10-17,25,quantile,0.025,3
2026-10-03,wk inc flu hosp,2,2026-10-17,25,quantile,0.05,4
2026-10-03,wk inc flu hosp,2,2026-10-17,25,quantile,0.1,5
2026-10-03,wk inc flu hosp,2,2026-10-17,25,quantile,0.15,7
2026-10-03,wk inc flu hosp,2,2026-10-17,25,quantile,0.2,8
2026-10-03,wk inc flu hosp,2,2026-10-17,25,quantile,0.25,10
2026-10-03,wk inc flu hosp,2,2026-10-17,25,quantile,0.3,11
2026-10-03,wk inc flu hosp,2,2026-10-17,25,quantile,0.35,12
2026-10-03,wk inc flu hosp,2,2026-10-17,25,quantile,0.4,14
2026-10-03,wk inc flu hosp,2,2026-10-17,25,quantile,0.45,16
2026-10-03,wk inc flu hosp,2,2026-10-17,25,quantile,0.5,18
2026-10-03,wk inc flu hosp,2,2026-10-17,25,quantile,0.55,20
2026-10-03,wk inc flu hosp,2,2026-10-17,25,quantile,0.6,22
2026-10-03,wk inc flu hosp,2,2026-10-17,25,quantile,0.65,25
2026-10-03,wk inc flu hosp,2,2026-10-17,25,quantile,0.7,28
2026-10-03,wk inc flu hosp,2,2026-10-17,25,quantile,0.75,32
2026-10-03,wk inc flu hosp,2,2026-10-17,25,quantile,0.8,37
2026-10-03,wk inc flu hosp,2,2026-10-17,25,quantile,0.85,44
2026-10-03,wk inc flu hosp,2,2026-10-17,25,quantile,0.9,54
2026-10-03,wk inc flu hosp,2,2026-10-17,25,quantile,0.95,74
2026-10-03,wk inc flu hosp,2,2026-10-17,25,quantile,0.975,98
2026-10-03,wk inc flu hosp,2,2026-10-17,25,quantile,0.99,134
2026-10-03,wk inc flu hosp,3,2026-10-24,25,quantile,0.01,2
2026-10-03,wk inc flu hosp,3,2026-10-24,25,quantile,0.025,3
2026-10-03,wk inc flu hosp,3,2026-10-24,25,quantile,0.05,4
2026-10-03,wk inc flu hosp,3,2026-10-24,25,quantile,0.1,6
2026-10-03,wk inc flu hosp,3,2026-10-24,25,quantile,0.15,8
2026-10-03,wk inc flu hosp,3,2026-10-24,25,quantile,0.2,10
2026-10-03,wk inc flu hosp,3,2026-10-24,25,quantile,0.25,12
2026-10-03,wk inc flu hosp,3,2026-10-24,25,quantile,0.3,14
2026-10-03,wk inc flu hosp,3,2026-10-24,25,quantile,0.35,16
2026-10-03,wk inc flu hosp,3,2026-10-24,25,quantile,0.4,18
2026-10-03,wk inc flu hosp,3,2026-10-24,25,quantile,0.45,20
2026-10-03,wk inc flu hosp,3,2026-10-24,25,quantile,0.5,23
2026-10-03,wk inc flu hosp,3,2026-10-24,25,quantile,0.55,26
2026-10-03,wk inc flu hosp,3,2026-10-24,25,quantile,0.6,30
2026-10-03,wk inc flu hosp,3,2026-10-24,25,quantile,0.65,34
2026-10-03,wk inc flu hosp,3,2026-10-24,25,quantile,0.7,38
2026-10-03,wk inc flu hosp,3,2026-10-24,25,quantile,0.75,44
2026-10-03,wk inc flu hosp,3,2026-10-24,25,quantile,0.8,53
2026-10-03,wk inc flu hosp,3,2026-10-24,25,quantile,0.85,63
2026-10-03,wk inc flu hosp,3,2026-10-24,25,quantile,0.9,79
2026-10-03,wk inc flu hosp,3,2026-10-24,25,quantile,0.95,112
2026-10-03,wk inc flu hosp,3,2026-10-24,25,quantile,0.975,150
2026-10-03,wk inc flu hosp,3,2026-10-24,25,quantile,0.99,212
2026-10-03,wk inc flu hosp,0,2026-10-03,26,quantile,0.01,11
2026-10-03,wk inc flu hosp,0,2026-10-03,26,quantile,0.025,14
2026-10-03,wk inc flu hosp,0,2026-10-03,26,quantile,0.05,17
2026-10-03,wk inc flu hosp,0,2026-10-03,26,quantile,0.1,21
2026-10-03,wk inc flu hosp,0,2026-10-03,26,quantile,0.15,24
2026-10-03,wk inc flu hosp,0,2026-10-03,26,quantile,0.2,27
2026-10-03,wk inc flu hosp,0,2026-10-03,26,quantile,0.25,30
2026-10-03,wk inc flu hosp,0,2026-10-03,26,quantile,0.3,33
2026-10-03,wk inc flu hosp,0,2026-10-03,26,quantile,0.35,36
2026-10-03,wk inc flu hosp,0,2026-10-03,26,quantile,0.4,39
2026-10-03,wk inc flu hosp,0,2026-10-03,26,quantile,0.45,42
2026-10-03,wk inc flu hosp,0,2026-10-03,26,quantile,0.5,45
2026-10-03,wk inc flu hosp,0,2026-10-03,26,quantile,0.55,49
2026-10-03,wk inc flu hosp,0,2026-10-03,26,quantile,0.6,53
2026-10-03,wk inc flu hosp,0,2026-10-03,26,quantile,0.65,57
2026-10-03,wk inc flu hosp,0,2026-10-03,26,quantile,0.7,62
2026-10-03,wk inc flu hosp,0,2026-10-03,26,quantile,0.75,67
2026-10-03,wk inc flu hosp,0,2026-10-03,26,quantile,0.8,75
2026-10-03,wk inc flu hosp,0,2026-10-03,26,quantile,0.85,84
2026-10-03,wk inc flu hosp,0,2026-10-03,26,quantile,0.9,97
2026-10-03,wk inc flu hosp,0,2026-10-03,26,quantile,0.95,121
2026-10-03,wk inc flu hosp,0,2026-10-03,26,quantile,0.975,146
2026-10-03,wk inc flu hosp,0,2026-10-03,26,quantile,0.99,182
2026-10-03,wk inc flu hosp,1,2026-10-10,26,quantile,0.01,9
2026-10-03,wk inc flu hosp,1,2026-10-10,26,quantile,0.025,13
2026-10-03,wk inc flu hosp,1,2026-10-10,26,quantile,0.05,16
2026-10-03,wk inc flu hosp,1,2026-10-10,26,quantile,0.1,21
2026-10-03,wk inc flu hosp,1,2026-10-10,26,quantile,0.15,25
2026-10-03,wk inc flu hosp,1,2026-10-10,26,quantile,0.2,29
2026-10-03,wk inc flu hosp,1,2026-10-10,26,quantile,0.25,33
2026-10-03,wk inc flu hosp,1,2026-10-10,26,quantile,0.3,37
2026-10-03,wk inc flu hosp,1,2026-10-10,26,quantile,0.35,41
2026-10-03,wk inc flu hosp,1,2026-10-10,26,quantile,0.4,45
2026-10-03,wk inc flu hosp,1,2026-10-10,26,quantile,0.45,50
2026-10-03,wk inc flu hosp,1,2026-10-10,26,quantile,0.5,54
2026-10-03,wk inc flu hosp,1,2026-10-10,26,quantile,0.55,60
2026-10-03,wk inc flu hosp,1,2026-10-10,26,quantile,0.6,65
2026-10-03,wk inc flu hosp,1,2026-10-10,26,quantile,0.65,72
2026-10-03,wk inc flu hosp,1,2026-10-10,26,quantile,0.7,79
2026-10-03,wk inc flu hosp,1,2026-10-10,26,quantile,0.75,87
2026-10-03,wk inc flu hosp,1,2026-10-10,26,quantile,0.8,98
2026-10-03,wk inc flu hosp,1,2026-10-10,26,quantile,0.85,113
2026-10-03,wk inc flu hosp,1,2026-10-10,26,quantile,0.9,134
2026-10-03,wk inc flu hosp,1,2026-10-10,26,quantile,0.95,175
2026-10-03,wk inc flu hosp,1,2026-10-10,26,quantile,0.975,219
2026-10-03,wk inc flu hosp,1,2026-10-10,26,quantile,0.99,283
2026-10-03,wk inc flu hosp,2,2026-10-17,26,quantile,0.01,9
2026-10-03,wk inc flu hosp,2,2026-10-17,26,quantile,0.025,13
2026-10-03,wk inc flu hosp,2,2026-10-17,26,quantile,0.05,17
2026-10-03,wk inc flu hosp,2,2026-10-17,26,quantile,0.1,23
2026-10-03,wk inc flu hosp,2,2026-10-17,26,quantile,0.15,28
2026-10-03,wk inc flu hosp,2,2026-10-17,26,quantile,0.2,33
2026-10-03,wk inc flu hosp,2,2026-10-17,26,quantile,0.25,38
2026-10-03,wk inc flu hosp,2,2026-10-17,26,quantile,0.3,42
2026-10-03,wk inc flu hosp,2,2026-10-17,26,quantile,0.35,48
2026-10-03,wk inc flu hosp,2,2026-10-17,26,quantile,0.4,53
2026-10-03,wk inc flu hosp,2,2026-10-17,26,quantile,0.45,59
2026-10-03,wk inc flu hosp,2,2026-10-17,26,quantile,0.5,66
2026-10-03,wk inc flu hosp,2,2026-10-17,26,quantile,0.55,74
2026-10-03,wk inc flu hosp,2,2026-10-17,26,quantile,0.6,82
2026-10-03,wk inc flu hosp,2,2026-10-17,26,quantile,0.65,91
2026-10-03,wk inc flu hosp,2,2026-10-17,26,quantile,0.7,101
2026-10-03,wk inc flu hosp,2,2026-10-17,26,quantile,0.75,114
2026-10-03,wk inc flu hosp,2,2026-10-17,26,quantile,0.8,130
2026-10-03,wk inc flu hosp,2,2026-10-17,26,quantile,0.85,153
2026-10-03,wk inc flu hosp,2,2026-10-17,26,quantile,0.9,187
2026-10-03,wk inc flu hosp,2,2026-10-17,26,quantile,0.95,252
2026-10-03,wk inc flu hosp,2,2026-10-17,26,quantile,0.975,326
2026-10-03,wk inc flu hosp,2,2026-10-17,26,quantile,0.99,438
2026-10-03,wk inc flu hosp,3,2026-10-24,26,quantile,0.01,9
2026-10-03,wk inc flu hosp,3,2026-10-24,26,quantile,0.025,13
2026-10-03,wk inc flu hosp,3,2026-10-24,26,quantile,0.05,18
2026-10-03,wk inc flu hosp,3,2026-10-24,26,quantile,0.1,25
2026-10-03,wk inc flu hosp,3,2026-10-24,26,quantile,0.15,32
2026-10-03,wk inc flu hosp,3,2026-10-24,26,quantile,0.2,38
2026-10-03,wk inc flu hosp,3,2026-10-24,26,quantile,0.25,44
2026-10-03,wk inc flu hosp,3,2026-10-24,26,quantile,0.3,51
2026-10-03,wk inc flu hosp,3,2026-10-24,26,quantile,0.35,58
2026-10-03,wk inc flu hosp,3,2026-10-24,26,quantile,0.4,66
2026-10-03,wk inc flu hosp,3,2026-10-24,26,quantile,0.45,74
2026-10-03,wk inc flu hosp,3,2026-10-24,26,quantile,0.5,83
2026-10-03,wk inc flu hosp,3,2026-10-24,26,quantile,0.55,94
2026-10-03,wk inc flu hosp,3,2026-10-24,26,quantile,0.6,106
2026-10-03,wk inc flu hosp,3,2026-10-24,26,quantile,0.65,119
2026-10-03,wk inc flu hosp,3,2026-10-24,26,quantile,0.7,136
2026-10-03,wk inc flu hosp,3,2026-10-24,26,quantile,0.75,156
2026-10-03,wk inc flu hosp,3,2026-10-24,26,quantile,0.8,183
2026-10-03,wk inc flu hosp,3,2026-10-24,26,quantile,0.85,218
2026-10-03,wk inc flu hosp,3,2026-10-24,26,quantile,0.9,274
2026-10-03,wk inc flu hosp,3,2026-10-24,26,quantile,0.95,385
2026-10-03,wk inc flu hosp,3,2026-10-24,26,quantile,0.975,510
2026-10-03,wk inc flu hosp,3,2026-10-24,26,quantile,0.99,709
2026-10-03,wk inc flu hosp,0,2026-10-03,27,quantile,0.01,4
2026-10-03,wk inc flu hosp,0,2026-10-03,27,quantile,0.025,6
2026-10-03,wk inc flu hosp,0,2026-10-03,27,quantile,0.05,7
2026-10-03,wk inc flu hosp,0,2026-10-03,27,quantile,0.1,10
2026-10-03,wk inc flu hosp,0,2026-10-03,27,quantile,0.15,12
2026-10-03,wk inc flu hosp,0,2026-10-03,27,quantile,0.2,13
2026-10-03,wk inc flu hosp,0,2026-10-03,27,quantile,0.25,15
2026-10-03,wk inc flu hosp,0,2026-10-03,27,quantile,0.3,17
2026-10-03,wk inc flu hosp,0,2026-10-03,27,quantile,0.35,19
2026-10-03,wk inc flu hosp,0,2026-10-03,27,quantile,0.4,20
2026-10-03,wk inc flu hosp,0,2026-10-03,27,quantile,0.45,22
2026-10-03,wk inc flu hosp,0,2026-10-03,27,quantile,0.5,24
2026-10-03,wk inc flu hosp,0,2026-10-03,27,quantile,0.55,27
2026-10-03,wk inc flu hosp,0,2026-10-03,27,quantile,0.6,29
2026-10-03,wk inc flu hosp,0,2026-10-03,27,quantile,0.65,32
2026-10-03,wk inc flu hosp,0,2026-10-03,27,quantile,0.7,35
2026-10-03,wk inc flu hosp,0,2026-10-03,27,quantile,0.75,39
2026-10-03,wk inc flu hosp,0,2026-10-03,27,quantile,0.8,44
2026-10-03,wk inc flu hosp,0,2026-10-03,27,quantile,0.85,50
2026-10-03,wk inc flu hosp,0,2026-10-03,27,quantile,0.9,60
2026-10-03,wk inc flu hosp,0,2026-10-03,27,quantile,0.95,76
2026-10-03,wk inc flu hosp,0,2026-10-03,27,quantile,0.975,95
2026-10-03,wk inc flu hosp,0,2026-10-03,27,quantile,0.99,121
2026-10-03,wk inc flu hosp,1,2026-10-10,27,quantile,0.01,4
2026-10-03,wk inc flu hosp,1,2026-10-10,27,quantile,0.025,5
2026-10-03,wk inc flu hosp,1,2026-10-10,27,quantile,0.05,7
2026-10-03,wk inc flu hosp,1,2026-10-10,27,quantile,0.1,10
2026-10-03,wk inc flu hosp,1,2026-10-10,27,quantile,0.15,12
2026-10-03,wk inc flu hosp,1,2026-10-10,27,quantile,0.2,14
2026-10-03,wk inc flu hosp,1,2026-10-10,27,quantile,0.25,17
2026-10-03,wk inc flu hosp,1,2026-10-10,27,quantile,0.3,19
2026-10-03,wk inc flu hosp,1,2026-10-10,27,quantile,0.35,21
2026-10-03,wk inc flu hosp,1,2026-10-10,27,quantile,0.4,24
2026-10-03,wk inc flu hosp,1,2026-10-10,27,quantile,0.45,27
2026-10-03,wk inc flu hosp,1,2026-10-10,27,quantile,0.5,30
2026-10-03,wk inc flu hosp,1,2026-10-10,27,quantile,0.55,33
2026-10-03,wk inc flu hosp,1,2026-10-10,27,quantile,0.6,37
2026-10-03,wk inc flu hosp,1,2026-10-10,27,quantile,0.65,41
2026-10-03,wk inc flu hosp,1,2026-10-10,27,quantile,0.7,46
2026-10-03,wk inc flu hosp,1,2026-10-10,27,quantile,0.75,52
2026-10-03,wk inc flu hosp,1,2026-10-10,27,quantile,0.8,60
2026-10-03,wk inc flu hosp,1,2026-10-10,27,quantile,0.85,70
2026-10-03,wk inc flu hosp,1,2026-10-10,27,quantile,0.9,84
2026-10-03,wk inc flu hosp,1,2026-10-10,27,quantile,0.95,111
2026-10-03,wk inc flu hosp,1,2026-10-10,27,quantile,0.975,143
2026-10-03,wk inc flu hosp,1,2026-10-10,27,quantile,0.99,191
2026-10-03,wk inc flu hosp,2,2026-10-17,27,quantile,0.01,4
2026-10-03,wk inc flu hosp,2,2026-10-17,27,quantile,0.025,5
2026-10-03,wk inc flu hosp,2,2026-10-17,27,quantile,0.05,8
2026-10-03,wk inc flu hosp,2,2026-10-17,27,quantile,0.1,11
2026-10-03,wk inc flu hosp,2,2026-10-17,27,quantile,0.15,14
2026-10-03,wk inc flu hosp,2,2026-10-17,27,quantile,0.2,17
2026-10-03,wk inc flu hosp,2,2026-10-17,27,quantile,0.25,20
2026-10-03,wk inc flu hosp,2,2026-10-17,27,quantile,0.3,23
2026-10-03,wk inc flu hosp,2,2026-10-17,27,quantile,0.35,26
2026-10-03,wk inc flu hosp,2,2026-10-17,27,quantile,0.4,29
2026-10-03,wk inc flu hosp,2,2026-10-17,27,quantile,0.45,33
2026-10-03,wk inc flu hosp,2,2026-10-17,27,quantile,0.5,37
2026-10-03,wk inc flu hosp,2,2026-10-17,27,quantile,0.55,41
2026-10-03,wk inc flu hosp,2,2026-10-17,27,quantile,0.6,47
2026-10-03,wk inc flu hosp,2,2026-10-17,27,quantile,0.65,53
2026-10-03,wk inc flu hosp,2,2026-10-17,27,quantile,0.7,61
2026-10-03,wk inc flu hosp,2,2026-10-17,27,quantile,0.75,70
2026-10-03,wk inc flu hosp,2,2026-10-17,27,quantile,0.8,83
2026-10-03,wk inc flu hosp,2,2026-10-17,27,quantile,0.85,99
2026-10-03,wk inc flu hosp,2,2026-10-17,27,quantile,0.9,126
2026-10-03,wk inc flu hosp,2,2026-10-17,27,quantile,0.95,179
2026-10-03,wk inc flu hosp,2,2026-10-17,27,quantile,0.975,242
2026-10-03,wk inc flu hosp,2,2026-10-17,27,quantile,0.99,342
2026-10-03,wk inc flu hosp,3,2026-10-24,27,quantile,0.01,4
2026-10-03,wk inc flu hosp,3,2026-10-24,27,quantile,0.025,6
2026-10-03,wk inc flu hosp,3,2026-10-24,27,quantile,0.05,8
2026-10-03,wk inc flu hosp,3,2026-10-24,27,quantile,0.1,12
2026-10-03,wk inc flu hosp,3,2026-10-24,27,quantile,0.15,16
2026-10-03,wk inc flu hosp,3,2026-10-24,27,quantile,0.2,20
2026-10-03,wk inc flu hosp,3,2026-10-24,27,quantile,0.25,24
2026-10-03,wk inc flu hosp,3,2026-10-24,27,quantile,0.3,28
2026-10-03,wk inc flu hosp,3,2026-10-24,27,quantile,0.35,33
2026-10-03,wk inc flu hosp,3,2026-10-24,27,quantile,0.4,38
2026-10-03,wk inc flu hosp,3,2026-10-24,27,quantile,0.45,43
2026-10-03,wk inc flu hosp,3,2026-10-24,27,quantile,0.5,49
2026-10-03,wk inc flu hosp,3,2026-10-24,27,quantile,0.55,56
2026-10-03,wk inc flu hosp,3,2026-10-24,27,quantile,0.6,65
2026-10-03,wk inc flu hosp,3,2026-10-24,27,quantile,0.65,75
2026-10-03,wk inc flu hosp,3,2026-10-24,27,quantile,0.7,86
2026-10-03,wk inc flu hosp,3,2026-10-24,27,quantile,0.75,101
2026-10-03,wk inc flu hosp,3,2026-10-24,27,quantile,0.8,121
2026-10-03,wk inc flu hosp,3,2026-10-24,27,quantile,0.85,148
2026-10-03,wk inc flu hosp,3,2026-10-24,27,quantile,0.9,190
2026-10-03,wk inc flu hosp,3,2026-10-24,27,quantile,0.95,278
2026-10-03,wk inc flu hosp,3,2026-10-24,27,quantile,0.975,387
2026-10-03,wk inc flu hosp,3,2026-10-24,27,quantile,0.99,574
2026-10-03,wk inc flu hosp,0,2026-10-03,28,quantile,0.01,7
2026-10-03,wk inc flu hosp,0,2026-10-03,28,quantile,0.025,9
2026-10-03,wk inc flu hosp,0,2026-10-03,28,quantile,0.05,11
2026-10-03,wk inc flu hosp,0,2026-10-03,28,quantile,0.1,13
2026-10-03,wk inc flu hosp,0,2026-10-03,28,quantile,0.15,15
2026-10-03,wk inc flu hosp,0,2026-10-03,28,quantile,0.2,16
2026-10-03,wk inc flu hosp,0,2026-10-03,28,quantile,0.25,18
2026-10-03,wk inc flu hosp,0,2026-10-03,28,quantile,0.3,19
2026-10-03,wk inc flu hosp,0,2026-10-03,28,quantile,0.35,20
2026-10-03,wk inc flu hosp,0,2026-10-03,28,quantile,0.4,22
2026-10-03,wk inc flu hosp,0,2026-10-03,28,quantile,0.45,23
2026-10-03,wk inc flu hosp,0,2026-10-03,28,quantile,0.5,25
2026-10-03,wk inc flu hosp,0,2026-10-03,28,quantile,0.55,27
2026-10-03,wk inc flu hosp,0,2026-10-03,28,quantile,0.6,29
2026-10-03,wk inc flu hosp,0,2026-10-03,28,quantile,0.65,31
2026-10-03,wk inc flu hosp,0,2026-10-03,28,quantile,0.7,33
2026-10-03,wk inc flu hosp,0,2026-10-03,28,quantile,0.75,35
2026-10-03,wk inc flu hosp,0,2026-10-03,28,quantile,0.8,38
2026-10-03,wk inc flu hosp,0,2026-10-03,28,quantile,0.85,43
2026-10-03,wk inc flu hosp,0,2026-10-03,28,quantile,0.9,48
2026-10-03,wk inc flu hosp,0,2026-10-03,28,quantile,0.95,58
2026-10-03,wk inc flu hosp,0,2026-10-03,28,quantile,0.975,68
2026-10-03,wk inc flu hosp,0,2026-10-03,28,quantile,0.99,82
2026-10-03,wk inc flu hosp,1,2026-10-10,28,quantile,0.01,7
2026-10-03,wk inc flu hosp,1,2026-10-10,28,quantile,0.025,9
2026-10-03,wk inc flu hosp,1,2026-10-10,28,quantile,0.05,11
2026-10-03,wk inc flu hosp,1,2026-10-10,28,quantile,0.1,14
2026-10-03,wk inc flu hosp,1,2026-10-10,28,quantile,0.15,16
2026-10-03,wk inc flu hosp,1,2026-10-10,28,quantile,0.2,18
2026-10-03,wk inc flu hosp,1,2026-10-10,28,quantile,0.25,20
2026-10-03,wk inc flu hosp,1,2026-10-10,28,quantile,0.3,22
2026-10-03,wk inc flu hosp,1,2026-10-10,28,quantile,0.35,23
2026-10-03,wk inc flu hosp,1,2026-10-10,28,quantile,0.4,26
2026-10-03,wk inc flu hosp,1,2026-10-10,28,quantile,0.45,28
2026-10-03,wk inc flu hosp,1,2026-10-10,28,quantile,0.5,30
2026-10-03,wk inc flu hosp,1,2026-10-10,28,quantile,0.55,32
2026-10-03,wk inc flu hosp,1,2026-10-10,28,quantile,0.6,35
2026-10-03,wk inc flu hosp,1,2026-10-10,28,quantile,0.65,38
2026-10-03,wk inc flu hosp,1,2026-10-10,28,quantile,0.7,41
2026-10-03,wk inc flu hosp,1,2026-10-10,28,quantile,0.75,45
2026-10-03,wk inc flu hosp,1,2026-10-10,28,quantile,0.8,50
2026-10-03,wk inc flu hosp,1,2026-10-10,28,quantile,0.85,56
2026-10-03,wk inc flu hosp,1,2026-10-10,28,quantile,0.9,65
2026-10-03,wk inc flu hosp,1,2026-10-10,28,quantile,0.95,81
2026-10-03,wk inc flu hosp,1,2026-10-10,28,quantile,0.975,98
2026-10-03,wk inc flu hosp,1,2026-10-10,28,quantile,0.99,122
2026-10-03,wk inc flu hosp,2,2026-10-17,28,quantile,0.01,7
2026-10-03,wk inc flu hosp,2,2026-10-17,28,quantile,0.025,9
2026-10-03,wk inc flu hosp,2,2026-10-17,28,quantile,0.05,12
2026-10-03,wk inc flu hosp,2,2026-10-17,28,quantile,0.1,15
2026-10-03,wk inc flu hosp,2,2026-10-17,28,quantile,0.15,18
2026-10-03,wk inc flu hosp,2,2026-10-17,28,quantile,0.2,20
2026-10-03,wk inc flu hosp,2,2026-10-17,28,quantile,0.25,23
2026-10-03,wk inc flu hosp,2,2026-10-17,28,quantile,0.3,26
2026-10-03,wk inc flu hosp,2,2026-10-17,28,quantile,0.35,28
2026-10-03,wk inc flu hosp,2,2026-10-17,28,quantile,0.4,31
2026-10-03,wk inc flu hosp,2,2026-10-17,28,quantile,0.45,34
2026-10-03,wk inc flu hosp,2,2026-10-17,28,quantile,0.5,37
2026-10-03,wk inc flu hosp,2,2026-10-17,28,quantile,0.55,40
2026-10-03,wk inc flu hosp,2,2026-10-17,28,quantile,0.6,44
2026-10-03,wk inc flu hosp,2,2026-10-17,28,quantile,0.65,49
2026-10-03,wk inc flu hosp,2,2026-10-17,28,quantile,0.7,53
2026-10-03,wk inc flu hosp,2,2026-10-17,28,quantile,0.75,59
2026-10-03,wk inc flu hosp,2,2026-10-17,28,quantile,0.8,66
2026-10-03,wk inc flu hosp,2,2026-10-17,28,quantile,0.85,76
2026-10-03,wk inc flu hosp,2,2026-10-17,28,quantile,0.9,91
2026-10-03,wk inc flu hosp,2,2026-10-17,28,quantile,0.95,119
2026-10-03,wk inc flu hosp,2,2026-10-17,28,quantile,0.975,149
2026-10-03,wk inc flu hosp,2,2026-10-17,28,quantile,0.99,193
2026-10-03,wk inc flu hosp,3,2026-10-24,28,quantile,0.01,7
2026-10-03,wk inc flu hosp,3,2026-10-24,28,quantile,0.025,10
2026-10-03,wk inc flu hosp,3,2026-10-24,28,quantile,0.05,13
2026-10-03,wk inc flu hosp,3,2026-10-24,28,quantile,0.1,17
2026-10-03,wk inc flu hosp,3,2026-10-24,28,quantile,0.15,21
2026-10-03,wk inc flu hosp,3,2026-10-24,28,quantile,0.2,24
2026-10-03,wk inc flu hosp,3,2026-10-24,28,quantile,0.25,28
2026-10-03,wk inc flu hosp,3,2026-10-24,28,quantile,0.3,31
2026-10-03,wk inc flu hosp,3,2026-10-24,28,quantile,0.35,35
2026-10-03,wk inc flu hosp,3,2026-10-24,28,quantile,0.4,39
2026-10-03,wk inc flu hosp,3,2026-10-24,28,quantile,0.45,43
2026-10-03,wk inc flu hosp,3,2026-10-24,28,quantile,0.5,47
2026-10-03,wk inc flu hosp,3,2026-10-24,28,quantile,0.55,53
2026-10-03,wk inc flu hosp,3,2026-10-24,28,quantile,0.6,59
2026-10-03,wk inc flu hosp,3,2026-10-24,28,quantile,0.65,65
2026-10-03,wk inc flu hosp,3,2026-10-24,28,quantile,0.7,72
2026-10-03,wk inc flu hosp,3,2026-10-24,28,quantile,0.75,82
2026-10-03,wk inc flu hosp,3,2026-10-24,28,quantile,0.8,93
2026-10-03,wk inc flu hosp,3,2026-10-24,28,quantile,0.85,109
2026-10-03,wk inc flu hosp,3,2026-10-24,28,quantile,0.9,135
2026-10-03,wk inc flu hosp,3,2026-10-24,28,quantile,0.95,181
2026-10-03,wk inc flu hosp,3,2026-10-24,28,quantile,0.975,231
2026-10-03,wk inc flu hosp,3,2026-10-24,28,quantile,0.99,307
2026-10-03,wk inc flu hosp,0,2026-10-03,29,quantile,0.01,12
2026-10-03,wk inc flu hosp,0,2026-10-03,29,quantile,0.025,15
2026-10-03,wk inc flu hosp,0,2026-10-03,29,quantile,0.05,18
2026-10-03,wk inc flu hosp,0,2026-10-03,29,quantile,0.1,21
2026-10-03,wk inc flu hosp,0,2026-10-03,29,quantile,0.15,24
2026-10-03,wk inc flu hosp,0,2026-10-03,29,quantile,0.2,26
2026-10-03,wk inc flu hosp,0,2026-10-03,29,quantile,0.25,28
2026-10-03,wk inc flu hosp,0,2026-10-03,29,quantile,0.3,31
2026-10-03,wk inc flu hosp,0,2026-10-03,29,quantile,0.35,33
2026-10-03,wk inc flu hosp,0,2026-10-03,29,quantile,0.4,35
2026-10-03,wk inc flu hosp,0,2026-10-03,29,quantile,0.45,37
2026-10-03,wk inc flu hosp,0,2026-10-03,29,quantile,0.5,40
2026-10-03,wk inc flu hosp,0,2026-10-03,29,quantile,0.55,42
2026-10-03,wk inc flu hosp,0,2026-10-03,29,quantile,0.6,45
2026-10-03,wk inc flu hosp,0,2026-10-03,29,quantile,0.65,48
2026-10-03,wk inc flu hosp,0,2026-10-03,29,quantile,0.7,51
2026-10-03,wk inc flu hosp,0,2026-10-03,29,quantile,0.75,55
2026-10-03,wk inc flu hosp,0,2026-10-03,29,quantile,0.8,60
2026-10-03,wk inc flu hosp,0,2026-10-03,29,quantile,0.85,66
2026-10-03,wk inc flu hosp,0,2026-10-03,29,quantile,0.9,75
2026-10-03,wk inc flu hosp,0,2026-10-03,29,quantile,0.95,89
2026-10-03,wk inc flu hosp,0,2026-10-03,29,quantile,0.975,105
2026-10-03,wk inc flu hosp,0,2026-10-03,29,quantile,0.99,126
2026-10-03,wk inc flu hosp,1,2026-10-10,29,quantile,0.01,11
2026-10-03,wk inc flu hosp,1,2026-10-10,29,quantile,0.025,14
2026-10-03,wk inc flu hosp,1,2026-10-10,29,quantile,0.05,17
2026-10-03,wk inc flu hosp,1,2026-10-10,29,quantile,0.1,22
2026-10-03,wk inc flu hosp,1,2026-10-10,29,quantile,0.15,25
2026-10-03,wk inc flu hosp,1,2026-10-10,29,quantile,0.2,28
2026-10-03,wk inc flu hosp,1,2026-10-10,29,quantile,0.25,31
2026-10-03,wk inc flu hosp,1,2026-10-10,29,quantile,0.3,34
2026-10-03,wk inc flu hosp,1,2026-10-10,29,quantile,0.35,37
2026-10-03,wk inc flu hosp,1,2026-10-10,29,quantile,0.4,40
2026-10-03,wk inc flu hosp,1,2026-10-10,29,quantile,0.45,44
2026-10-03,wk inc flu hosp,1,2026-10-10,29,quantile,0.5,47
2026-10-03,wk inc flu hosp,1,2026-10-10,29,quantile,0.55,51
2026-10-03,wk inc flu hosp,1,2026-10-10,29,quantile,0.6,55
2026-10-03,wk inc flu hosp,1,2026-10-10,29,quantile,0.65,60
2026-10-03,wk inc flu hosp,1,2026-10-10,29,quantile,0.7,65
2026-10-03,wk inc flu hosp,1,2026-10-10,29,quantile,0.75,71
2026-10-03,wk inc flu hosp,1,2026-10-10,29,quantile,0.8,78
2026-10-03,wk inc flu hosp,1,2026-10-10,29,quantile,0.85,88
2026-10-03,wk inc flu hosp,1,2026-10-10,29,quantile,0.9,102
2026-10-03,wk inc flu hosp,1,2026-10-10,29,quantile,0.95,126
2026-10-03,wk inc flu hosp,1,2026-10-10,29,quantile,0.975,153
2026-10-03,wk inc flu hosp,1,2026-10-10,29,quantile,0.99,190
2026-10-03,wk inc flu hosp,2,2026-10-17,29,quantile,0.01,11
2026-10-03,wk inc flu hosp,2,2026-10-17,29,quantile,0.025,14
2026-10-03,wk inc flu hosp,2,2026-10-17,29,quantile,0.05,18
2026-10-03,wk inc flu hosp,2,2026-10-17,29,quantile,0.1,23
2026-10-03,wk inc flu hosp,2,2026-10-17,29,quantile,0.15,27
2026-10-03,wk inc flu hosp,2,2026-10-17,29,quantile,0.2,32
2026-10-03,wk inc flu hosp,2,2026-10-17,29,quantile,0.25,36
2026-10-03,wk inc flu hosp,2,2026-10-17,29,quantile,0.3,40
2026-10-03,wk inc flu hosp,2,2026-10-17,29,quantile,0.35,44
2026-10-03,wk inc flu hosp,2,2026-10-17,29,quantile,0.4,48
2026-10-03,wk inc flu hosp,2,2026-10-17,29,quantile,0.45,53
2026-10-03,wk inc flu hosp,2,2026-10-17,29,quantile,0.5,58
2026-10-03,wk inc flu hosp,2,2026-10-17,29,quantile,0.55,64
2026-10-03,wk inc flu hosp,2,2026-10-17,29,quantile,0.6,70
2026-10-03,wk inc flu hosp,2,2026-10-17,29,quantile,0.65,77
2026-10-03,wk inc flu hosp,2,2026-10-17,29,quantile,0.7,85
2026-10-03,wk inc flu hosp,2,2026-10-17,29,quantile,0.75,95
2026-10-03,wk inc flu hosp,2,2026-10-17,29,quantile,0.8,108
2026-10-03,wk inc flu hosp,2,2026-10-17,29,quantile,0.85,125
2026-10-03,wk inc flu hosp,2,2026-10-17,29,quantile,0.9,150
2026-10-03,wk inc flu hosp,2,2026-10-17,29,quantile,0.95,196
2026-10-03,wk inc flu hosp,2,2026-10-17,29,quantile,0.975,248
2026-10-03,wk inc flu hosp,2,2026-10-17,29,quantile,0.99,322
2026-10-03,wk inc flu hosp,3,2026-10-24,29,quantile,0.01,10
2026-10-03,wk inc flu hosp,3,2026-10-24,29,quantile,0.025,14
2026-10-03,wk inc flu hosp,3,2026-10-24,29,quantile,0.05,18
2026-10-03,wk inc flu hosp,3,2026-10-24,29,quantile,0.1,25
2026-10-03,wk inc flu hosp,3,2026-10-24,29,quantile,0.15,31
2026-10-03,wk inc flu hosp,3,2026-10-24,29,quantile,0.2,36
2026-10-03,wk inc flu hosp,3,2026-10-24,29,quantile,0.25,42
2026-10-03,wk inc flu hosp,3,2026-10-24,29,quantile,0.3,47
2026-10-03,wk inc flu hosp,3,2026-10-24,29,quantile,0.35,53
2026-10-03,wk inc flu hosp,3,2026-10-24,29,quantile,0.4,60
2026-10-03,wk inc flu hosp,3,2026-10-24,29,quantile,0.45,67
2026-10-03,wk inc flu hosp,3,2026-10-24,29,quantile,0.5,75
2026-10-03,wk inc flu hosp,3,2026-10-24,29,quantile,0.55,83
2026-10-03,wk inc flu hosp,3,2026-10-24,29,quantile,0.6,93
2026-10-03,wk inc flu hosp,3,2026-10-24,29,quantile,0.65,104
2026-10-03,wk inc flu hosp,3,2026-10-24,29,quantile,0.7,117
2026-10-03,wk inc flu hosp,3,2026-10-24,29,quantile,0.75,133
2026-10-03,wk inc flu hosp,3,2026-10-24,29,quantile,0.8,153
2026-10-03,wk inc flu hosp,3,2026-10-24,29,quantile,0.85,181
2026-10-03,wk inc flu hosp,3,2026-10-24,29,quantile,0.9,222
2026-10-03,wk inc flu hosp,3,2026-10-24,29,quantile,0.95,299
2026-10-03,wk inc flu hosp,3,2026-10-24,29,quantile,0.975,391
2026-10-03,wk inc flu hosp,3,2026-10-24,29,quantile,0.99,532
2026-10-03,wk inc flu hosp,0,2026-10-03,30,quantile,0.01,2
2026-10-03,wk inc flu hosp,0,2026-10-03,30,quantile,0.025,3
2026-10-03,wk inc flu hosp,0,2026-10-03,30,quantile,0.05,4
2026-10-03,wk inc flu hosp,0,2026-10-03,30,quantile,0.1,5
2026-10-03,wk inc flu hosp,0,2026-10-03,30,quantile,0.15,6
2026-10-03,wk inc flu hosp,0,2026-10-03,30,quantile,0.2,7
2026-10-03,wk inc flu hosp,0,2026-10-03,30,quantile,0.25,8
2026-10-03,wk inc flu hosp,0,2026-10-03,30,quantile,0.3,10
2026-10-03,wk inc flu hosp,0,2026-10-03,30,quantile,0.35,11
2026-10-03,wk inc flu hosp,0,2026-10-03,30,quantile,0.4,12
2026-10-03,wk inc flu hosp,0,2026-10-03,30,quantile,0.45,14
2026-10-03,wk inc flu hosp,0,2026-10-03,30,quantile,0.5,15
2026-10-03,wk inc flu hosp,0,2026-10-03,30,quantile,0.55,17
2026-10-03,wk inc flu hosp,0,2026-10-03,30,quantile,0.6,19
2026-10-03,wk inc flu hosp,0,2026-10-03,30,quantile,0.65,21
2026-10-03,wk inc flu hosp,0,2026-10-03,30,quantile,0.7,23
2026-10-03,wk inc flu hosp,0,2026-10-03,30,quantile,0.75,26
2026-10-03,wk inc flu hosp,0,2026-10-03,30,quantile,0.8,30
2026-10-03,wk inc flu hosp,0,2026-10-03,30,quantile,0.85,35
2026-10-03,wk inc flu hosp,0,2026-10-03,30,quantile,0.9,43
2026-10-03,wk inc flu hosp,0,2026-10-03,30,quantile,0.95,58
2026-10-03,wk inc flu hosp,0,2026-10-03,30,quantile,0.975,75
2026-10-03,wk inc flu hosp,0,2026-10-03,30,quantile,0.99,99
2026-10-03,wk inc flu hosp,1,2026-10-10,30,quantile,0.01,2
2026-10-03,wk inc flu hosp,1,2026-10-10,30,quantile,0.025,3
2026-10-03,wk inc flu hosp,1,2026-10-10,30,quantile,0.05,4
2026-10-03,wk inc flu hosp,1,2026-10-10,30,quantile,0.1,5
2026-10-03,wk inc flu hosp,1,2026-10-10,30,quantile,0.15,7
2026-10-03,wk inc flu hosp,1,2026-10-10,30,quantile,0.2,8
2026-10-03,wk inc flu hosp,1,2026-10-10,30,quantile,0.25,9
2026-10-03,wk inc flu hosp,1,2026-10-10,30,quantile,0.3,11
2026-10-03,wk inc flu hosp,1,2026-10-10,30,quantile,0.35,12
2026-10-03,wk inc flu hosp,1,2026-10-10,30,quantile,0.4,13
2026-10-03,wk inc flu hosp,1,2026-10-10,30,quantile,0.45,15
2026-10-03,wk inc flu hosp,1,2026-10-10,30,quantile,0.5,17
2026-10-03,wk inc flu hosp,1,2026-10-10,30,quantile,0.55,19
2026-10-03,wk inc flu hosp,1,2026-10-10,30,quantile,0.6,21
2026-10-03,wk inc flu hosp,1,2026-10-10,30,quantile,0.65,24
2026-10-03,wk inc flu hosp,1,2026-10-10,30,quantile,0.7,27
2026-10-03,wk inc flu hosp,1,2026-10-10,30,quantile,0.75,31
2026-10-03,wk inc flu hosp,1,2026-10-10,30,quantile,0.8,36
2026-10-03,wk inc flu hosp,1,2026-10-10,30,quantile,0.85,43
2026-10-03,wk inc flu hosp,1,2026-10-10,30,quantile,0.9,54
2026-10-03,wk inc flu hosp,1,2026-10-10,30,quantile,0.95,73
2026-10-03,wk inc flu hosp,1,2026-10-10,30,quantile,0.975,96
2026-10-03,wk inc flu hosp,1,2026-10-10,30,quantile,0.99,131
2026-10-03,wk inc flu hosp,2,2026-10-17,30,quantile,0.01,2
2026-10-03,wk inc flu hosp,2,2026-10-17,30,quantile,0.025,3
2026-10-03,wk inc flu hosp,2,2026-10-17,30,quantile,0.05,4
2026-10-03,wk inc flu hosp,2,2026-10-17,30,quantile,0.1,6
2026-10-03,wk inc flu hosp,2,2026-10-17,30,quantile,0.15,7
2026-10-03,wk inc flu hosp,2,2026-10-17,30,quantile,0.2,9
2026-10-03,wk inc flu hosp,2,2026-10-17,30,quantile,0.25,10
2026-10-03,wk inc flu hosp,2,2026-10-17,30,quantile,0.3,12
2026-10-03,wk inc flu hosp,2,2026-10-17,30,quantile,0.35,14
2026-10-03,wk inc flu hosp,2,2026-10-17,30,quantile,0.4,16
2026-10-03,wk inc flu hosp,2,2026-10-17,30,quantile,0.45,18
2026-10-03,wk inc flu hosp,2,2026-10-17,30,quantile,0.5,20
2026-10-03,wk inc flu hosp,2,2026-10-17,30,quantile,0.55,23
2026-10-03,wk inc flu hosp,2,2026-10-17,30,quantile,0.6,26
2026-10-03,wk inc flu hosp,2,2026-10-17,30,quantile,0.65,30
2026-10-03,wk inc flu hosp,2,2026-10-17,30,quantile,0.7,34
2026-10-03,wk inc flu hosp,2,2026-10-17,30,quantile,0.75,40
2026-10-03,wk inc flu hosp,2,2026-10-17,30,quantile,0.8,47
2026-10-03,wk inc flu hosp,2,2026-10-17,30,quantile,0.85,56
2026-10-03,wk inc flu hosp,2,2026-10-17,30,quantile,0.9,71
2026-10-03,wk inc flu hosp,2,2026-10-17,30,quantile,0.95,102
2026-10-03,wk inc flu hosp,2,2026-10-17,30,quantile,0.975,139
2026-10-03,wk inc flu hosp,2,2026-10-17,30,quantile,0.99,197
2026-10-03,wk inc flu hosp,3,2026-10-24,30,quantile,0.01,2
2026-10-03,wk inc flu hosp,3,2026-10-24,30,quantile,0.025,3
2026-10-03,wk inc flu hosp,3,2026-10-24,30,quantile,0.05,4
2026-10-03,wk inc flu hosp,3,2026-10-24,30,quantile,0.1,6
2026-10-03,wk inc flu hosp,3,2026-10-24,30,quantile,0.15,9
2026-10-03,wk inc flu hosp,3,2026-10-24,30,quantile,0.2,11
2026-10-03,wk inc flu hosp,3,2026-10-24,30,quantile,0.25,13
2026-10-03,wk inc flu hosp,3,2026-10-24,30,quantile,0.3,15
2026-10-03,wk inc flu hosp,3,2026-10-24,30,quantile,0.35,17
2026-10-03,wk inc flu hosp,3,2026-10-24,30,quantile,0.4,20
2026-10-03,wk inc flu hosp,3,2026-10-24,30,quantile,0.45,23
2026-10-03,wk inc flu hosp,3,2026-10-24,30,quantile,0.5,26
2026-10-03,wk inc flu hosp,3,2026-10-24,30,quantile,0.55,29
2026-10-03,wk inc flu hosp,3,2026-10-24,30,quantile,0.6,33
2026-10-03,wk inc flu hosp,3,2026-10-24,30,quantile,0.65,38
2026-10-03,wk inc flu hosp,3,2026-10-24,30,quantile,0.7,44
2026-10-03,wk inc flu hosp,3,2026-10-24,30,quantile,0.75,52
2026-10-03,wk inc flu hosp,3,2026-10-24,30,quantile,0.8,61
2026-10-03,wk inc flu hosp,3,2026-10-24,30,quantile,0.85,76
2026-10-03,wk inc flu hosp,3,2026-10-24,30,quantile,0.9,98
2026-10-03,wk inc flu hosp,3,2026-10-24,30,quantile,0.95,143
2026-10-03,wk inc flu hosp,3,2026-10-24,30,quantile,0.975,194
2026-10-03,wk inc flu hosp,3,2026-10-24,30,quantile,0.99,281
2026-10-03,wk inc flu hosp,0,2026-10-03,31,quantile,0.01,0
2026-10-03,wk inc flu hosp,0,2026-10-03,31,quantile,0.025,0
2026-10-03,wk inc flu hosp,0,2026-10-03,31,quantile,0.05,0
2026-10-03,wk inc flu hosp,0,2026-10-03,31,quantile,0.1,1
2026-10-03,wk inc flu hosp,0,2026-10-03,31,quantile,0.15,1
2026-10-03,wk inc flu hosp,0,2026-10-03,31,quantile,0.2,1
2026-10-03,wk inc flu hosp,0,2026-10-03,31,quantile,0.25,2
2026-10-03,wk inc flu hosp,0,2026-10-03,31,quantile,0.3,2
2026-10-03,wk inc flu hosp,0,2026-10-03,31,quantile,0.35,3
2026-10-03,wk inc flu hosp,0,2026-10-03,31,quantile,0.4,3
2026-10-03,wk inc flu hosp,0,2026-10-03,31,quantile,0.45,3
2026-10-03,wk inc flu hosp,0,2026-10-03,31,quantile,0.5,4
2026-10-03,wk inc flu hosp,0,2026-10-03,31,quantile,0.55,4
2026-10-03,wk inc flu hosp,0,2026-10-03,31,quantile,0.6,5
2026-10-03,wk inc flu hosp,0,2026-10-03,31,quantile,0.65,6
2026-10-03,wk inc flu hosp,0,2026-10-03,31,quantile,0.7,6
2026-10-03,wk inc flu hosp,0,2026-10-03,31,quantile,0.75,7
2026-10-03,wk inc flu hosp,0,2026-10-03,31,quantile,0.8,8
2026-10-03,wk inc flu hosp,0,2026-10-03,31,quantile,0.85,10
2026-10-03,wk inc flu hosp,0,2026-10-03,31,quantile,0.9,12
2026-10-03,wk inc flu hosp,0,2026-10-03,31,quantile,0.95,16
2026-10-03,wk inc flu hosp,0,2026-10-03,31,quantile,0.975,21
2026-10-03,wk inc flu hosp,0,2026-10-03,31,quantile,0.99,28
2026-10-03,wk inc flu hosp,1,2026-10-10,31,quantile,0.01,0
2026-10-03,wk inc flu hosp,1,2026-10-10,31,quantile,0.025,0
2026-10-03,wk inc flu hosp,1,2026-10-10,31,quantile,0.05,0
2026-10-03,wk inc flu hosp,1,2026-10-10,31,quantile,0.1,1
2026-10-03,wk inc flu hosp,1,2026-10-10,31,quantile,0.15,1
2026-10-03,wk inc flu hosp,1,2026-10-10,31,quantile,0.2,2
2026-10-03,wk inc flu hosp,1,2026-10-10,31,quantile,0.25,2
2026-10-03,wk inc flu hosp,1,2026-10-10,31,quantile,0.3,2
2026-10-03,wk inc flu hosp,1,2026-10-10,31,quantile,0.35,3
2026-10-03,wk inc flu hosp,1,2026-10-10,31,quantile,0.4,3
2026-10-03,wk inc flu hosp,1,2026-10-10,31,quantile,0.45,4
2026-10-03,wk inc flu hosp,1,2026-10-10,31,quantile,0.5,4
2026-10-03,wk inc flu hosp,1,2026-10-10,31,quantile,0.55,5
2026-10-03,wk inc flu hosp,1,2026-10-10,31,quantile,0.6,6
2026-10-03,wk inc flu hosp,1,2026-10-10,31,quantile,0.65,7
2026-10-03,wk inc flu hosp,1,2026-10-10,31,quantile,0.7,8
2026-10-03,wk inc flu hosp,1,2026-10-10,31,quantile,0.75,9
2026-10-03,wk inc flu hosp,1,2026-10-10,31,quantile,0.8,10
2026-10-03,wk inc flu hosp,1,2026-10-10,31,quantile,0.85,13
2026-10-03,wk inc flu hosp,1,2026-10-10,31,quantile,0.9,16
2026-10-03,wk inc flu hosp,1,2026-10-10,31,quantile,0.95,22
2026-10-03,wk inc flu hosp,1,2026-10-10,31,quantile,0.975,29
2026-10-03,wk inc flu hosp,1,2026-10-10,31,quantile,0.99,40
2026-10-03,wk inc flu hosp,2,2026-10-17,31,quantile,0.01,0
2026-10-03,wk inc flu hosp,2,2026-10-17,31,quantile,0.025,0
2026-10-03,wk inc flu hosp,2,2026-10-17,31,quantile,0.05,0
2026-10-03,wk inc flu hosp,2,2026-10-17,31,quantile,0.1,1
2026-10-03,wk inc flu hosp,2,2026-10-17,31,quantile,0.15,1
2026-10-03,wk inc flu hosp,2,2026-10-17,31,quantile,0.2,2
2026-10-03,wk inc flu hosp,2,2026-10-17,31,quantile,0.25,2
2026-10-03,wk inc flu hosp,2,2026-10-17,31,quantile,0.3,3
2026-10-03,wk inc flu hosp,2,2026-10-17,31,quantile,0.35,3
2026-10-03,wk inc flu hosp,2,2026-10-17,31,quantile,0.4,4
2026-10-03,wk inc flu hosp,2,2026-10-17,31,quantile,0.45,4
2026-10-03,wk inc flu hosp,2,2026-10-17,31,quantile,0.5,5
2026-10-03,wk inc flu hosp,2,2026-10-17,31,quantile,0.55,6
2026-10-03,wk inc flu hosp,2,2026-10-17,31,quantile,0.6,7
2026-10-03,wk inc flu hosp,2,2026-10-17,31,quantile,0.65,8
2026-10-03,wk inc flu hosp,2,2026-10-17,31,quantile,0.7,9
2026-10-03,wk inc flu hosp,2,2026-10-17,31,quantile,0.75,11
2026-10-03,wk inc flu hosp,2,2026-10-17,31,quantile,0.8,13
2026-10-03,wk inc flu hosp,2,2026-10-17,31,quantile,0.85,16
2026-10-03,wk inc flu hosp,2,2026-10-17,31,quantile,0.9,20
2026-10-03,wk inc flu hosp,2,2026-10-17,31,quantile,0.95,29
2026-10-03,wk inc flu hosp,2,2026-10-17,31,quantile,0.975,40
2026-10-03,wk inc flu hosp,2,2026-10-17,31,quantile,0.99,58
2026-10-03,wk inc flu hosp,3,2026-10-24,31,quantile,0.01,0
2026-10-03,wk inc flu hosp,3,2026-10-24,31,quantile,0.025,0
2026-10-03,wk inc flu hosp,3,2026-10-24,31,quantile,0.05,0
2026-10-03,wk inc flu hosp,3,2026-10-24,31,quantile,0.1,1
2026-10-03,wk inc flu hosp,3,2026-10-24,31,quantile,0.15,2
2026-10-03,wk inc flu hosp,3,2026-10-24,31,quantile,0.2,2
2026-10-03,wk inc flu hosp,3,2026-10-24,31,quantile,0.25,3
2026-10-03,wk inc flu hosp,3,2026-10-24,31,quantile,0.3,3
2026-10-03,wk inc flu hosp,3,2026-10-24,31,quantile,0.35,4
2026-10-03,wk inc flu hosp,3,2026-10-24,31,quantile,0.4,5
2026-10-03,wk inc flu hosp,3,2026-10-24,31,quantile,0.45,5
2026-10-03,wk inc flu hosp,3,2026-10-24,31,quantile,0.5,6
2026-10-03,wk inc flu hosp,3,2026-10-24,31,quantile,0.55,7
2026-10-03,wk inc flu hosp,3,2026-10-24,31,quantile,0.6,8
2026-10-03,wk inc flu hosp,3,2026-10-24,31,quantile,0.65,10
2026-10-03,wk inc flu hosp,3,2026-10-24,31,quantile,0.7,12
2026-10-03,wk inc flu hosp,3,2026-10-24,31,quantile,0.75,14
2026-10-03,wk inc flu hosp,3,2026-10-24,31,quantile,0.8,17
2026-10-03,wk inc flu hosp,3,2026-10-24,31,quantile,0.85,21
2026-10-03,wk inc flu hosp,3,2026-10-24,31,quantile,0.9,27
2026-10-03,wk inc flu hosp,3,2026-10-24,31,quantile,0.95,40
2026-10-03,wk inc flu hosp,3,2026-10-24,31,quantile,0.975,56
2026-10-03,wk inc flu hosp,3,2026-10-24,31,quantile,0.99,82
2026-10-03,wk inc flu hosp,0,2026-10-03,32,quantile,0.01,8
2026-10-03,wk inc flu hosp,0,2026-10-03,32,quantile,0.025,11
2026-10-03,wk inc flu hosp,0,2026-10-03,32,quantile,0.05,13
2026-10-03,wk inc flu hosp,0,2026-10-03,32,quantile,0.1,17
2026-10-03,wk inc flu hosp,0,2026-10-03,32,quantile,0.15,20
2026-10-03,wk inc flu hosp,0,2026-10-03,32,quantile,0.2,23
2026-10-03,wk inc flu hosp,0,2026-10-03,32,quantile,0.25,26
2026-10-03,wk inc flu hosp,0,2026-10-03,32,quantile,0.3,29
2026-10-03,wk inc flu hosp,0,2026-10-03,32,quantile,0.35,31
2026-10-03,wk inc flu hosp,0,2026-10-03,32,quantile,0.4,34
2026-10-03,wk inc flu hosp,0,2026-10-03,32,quantile,0.45,37
2026-10-03,wk inc flu hosp,0,2026-10-03,32,quantile,0.5,40
2026-10-03,wk inc flu hosp,0,2026-10-03,32,quantile,0.55,43
2026-10-03,wk inc flu hosp,0,2026-10-03,32,quantile,0.6,47
2026-10-03,wk inc flu hosp,0,2026-10-03,32,quantile,0.65,51
2026-10-03,wk inc flu hosp,0,2026-10-03,32,quantile,0.7,56
2026-10-03,wk inc flu hosp,0,2026-10-03,32,quantile,0.75,61
2026-10-03,wk inc flu hosp,0,2026-10-03,32,quantile,0.8,68
2026-10-03,wk inc flu hosp,0,2026-10-03,32,quantile,0.85,77
2026-10-03,wk inc flu hosp,0,2026-10-03,32,quantile,0.9,91
2026-10-03,wk inc flu hosp,0,2026-10-03,32,quantile,0.95,115
2026-10-03,wk inc flu hosp,0,2026-10-03,32,quantile,0.975,140
2026-10-03,wk inc flu hosp,0,2026-10-03,32,quantile,0.99,177
2026-10-03,wk inc flu hosp,1,2026-10-10,32,quantile,0.01,8
2026-10-03,wk inc flu hosp,1,2026-10-10,32,quantile,0.025,11
2026-10-03,wk inc flu hosp,1,2026-10-10,32,quantile,0.05,14
2026-10-03,wk inc flu hosp,1,2026-10-10,32,quantile,0.1,19
2026-10-03,wk inc flu hosp,1,2026-10-10,32,quantile,0.15,22
2026-10-03,wk inc flu hosp,1,2026-10-10,32,quantile,0.2,26
2026-10-03,wk inc flu hosp,1,2026-10-10,32,quantile,0.25,29
2026-10-03,wk inc flu hosp,1,2026-10-10,32,quantile,0.3,32
2026-10-03,wk inc flu hosp,1,2026-10-10,32,quantile,0.35,36
2026-10-03,wk inc flu hosp,1,2026-10-10,32,quantile,0.4,40
2026-10-03,wk inc flu hosp,1,2026-10-10,32,quantile,0.45,44
2026-10-03,wk inc flu hosp,1,2026-10-10,32,quantile,0.5,48
2026-10-03,wk inc flu hosp,1,2026-10-10,32,quantile,0.55,52
2026-10-03,wk inc flu hosp,1,2026-10-10,32,quantile,0.6,57
2026-10-03,wk inc flu hosp,1,2026-10-10,32,quantile,0.65,62
2026-10-03,wk inc flu hosp,1,2026-10-10,32,quantile,0.7,69
2026-10-03,wk inc flu hosp,1,2026-10-10,32,quantile,0.75,76
2026-10-03,wk inc flu hosp,1,2026-10-10,32,quantile,0.8,86
2026-10-03,wk inc flu hosp,1,2026-10-10,32,quantile,0.85,100
2026-10-03,wk inc flu hosp,1,2026-10-10,32,quantile,0.9,118
2026-10-03,wk inc flu hosp,1,2026-10-10,32,quantile,0.95,153
2026-10-03,wk inc flu hosp,1,2026-10-10,32,quantile,0.975,193
2026-10-03,wk inc flu hosp,1,2026-10-10,32,quantile,0.99,250
2026-10-03,wk inc flu hosp,2,2026-10-17,32,quantile,0.01,8
2026-10-03,wk inc flu hosp,2,2026-10-17,32,quantile,0.025,11
2026-10-03,wk inc flu hosp,2,2026-10-17,32,quantile,0.05,14
2026-10-03,wk inc flu hosp,2,2026-10-17,32,quantile,0.1,19
2026-10-03,wk inc flu hosp,2,2026-10-17,32,quantile,0.15,23
2026-10-03,wk inc flu hosp,2,2026-10-17,32,quantile,0.2,28
2026-10-03,wk inc flu hosp,2,2026-10-17,32,quantile,0.25,32
2026-10-03,wk inc flu hosp,2,2026-10-17,32,quantile,0.3,37
2026-10-03,wk inc flu hosp,2,2026-10-17,32,quantile,0.35,41
2026-10-03,wk inc flu hosp,2,2026-10-17,32,quantile,0.4,46
2026-10-03,wk inc flu hosp,2,2026-10-17,32,quantile,0.45,51
2026-10-03,wk inc flu hosp,2,2026-10-17,32,quantile,0.5,56
2026-10-03,wk inc flu hosp,2,2026-10-17,32,quantile,0.55,62
2026-10-03,wk inc flu hosp,2,2026-10-17,32,quantile,0.6,69
2026-10-03,wk inc flu hosp,2,2026-10-17,32,quantile,0.65,76
2026-10-03,wk inc flu hosp,2,2026-10-17,32,quantile,0.7,85
2026-10-03,wk inc flu hosp,2,2026-10-17,32,quantile,0.75,96
2026-10-03,wk inc flu hosp,2,2026-10-17,32,quantile,0.8,111
2026-10-03,wk inc flu hosp,2,2026-10-17,32,quantile,0.85,130
2026-10-03,wk inc flu hosp,2,2026-10-17,32,quantile,0.9,158
2026-10-03,wk inc flu hosp,2,2026-10-17,32,quantile,0.95,213
2026-10-03,wk inc flu hosp,2,2026-10-17,32,quantile,0.975,277
2026-10-03,wk inc flu hosp,2,2026-10-17,32,quantile,0.99,379
2026-10-03,wk inc flu hosp,3,2026-10-24,32,quantile,0.01,8
2026-10-03,wk inc flu hosp,3,2026-10-24,32,quantile,0.025,11
2026-10-03,wk inc flu hosp,3,2026-10-24,32,quantile,0.05,15
2026-10-03,wk inc flu hosp,3,2026-10-24,32,quantile,0.1,22
2026-10-03,wk inc flu hosp,3,2026-10-24,32,quantile,0.15,27
2026-10-03,wk inc flu hosp,3,2026-10-24,32,quantile,0.2,32
2026-10-03,wk inc flu hosp,3,2026-10-24,32,quantile,0.25,38
2026-10-03,wk inc flu hosp,3,2026-10-24,32,quantile,0.3,44
2026-10-03,wk inc flu hosp,3,2026-10-24,32,quantile,0.35,49
2026-10-03,wk inc flu hosp,3,2026-10-24,32,quantile,0.4,56
2026-10-03,wk inc flu hosp,3,2026-10-24,32,quantile,0.45,62
2026-10-03,wk inc flu hosp,3,2026-10-24,32,quantile,0.5,70
2026-10-03,wk inc flu hosp,3,2026-10-24,32,quantile,0.55,78
2026-10-03,wk inc flu hosp,3,2026-10-24,32,quantile,0.6,88
2026-10-03,wk inc flu hosp,3,2026-10-24,32,quantile,0.65,99
2026-10-03,wk inc flu hosp,3,2026-10-24,32,quantile,0.7,111
2026-10-03,wk inc flu hosp,3,2026-10-24,32,quantile,0.75,127
2026-10-03,wk inc flu hosp,3,2026-10-24,32,quantile,0.8,149
2026-10-03,wk inc flu hosp,3,2026-10-24,32,quantile,0.85,176
2026-10-03,wk inc flu hosp,3,2026-10-24,32,quantile,0.9,227
2026-10-03,wk inc flu hosp,3,2026-10-24,32,quantile,0.95,313
2026-10-03,wk inc flu hosp,3,2026-10-24,32,quantile,0.975,423
2026-10-03,wk inc flu hosp,3,2026-10-24,32,quantile,0.99,579
2026-10-03,wk inc flu hosp,0,2026-10-03,33,quantile,0.01,0
2026-10-03,wk inc flu hosp,0,2026-10-03,33,quantile,0.025,0
2026-10-03,wk inc flu hosp,0,2026-10-03,33,quantile,0.05,0
2026-10-03,wk inc flu hosp,0,2026-10-03,33,quantile,0.1,1
2026-10-03,wk inc flu hosp,0,2026-10-03,33,quantile,0.15,1
2026-10-03,wk inc flu hosp,0,2026-10-03,33,quantile,0.2,1
2026-10-03,wk inc flu hosp,0,2026-10-03,33,quantile,0.25,2
2026-10-03,wk inc flu hosp,0,2026-10-03,33,quantile,0.3,2
2026-10-03,wk inc flu hosp,0,2026-10-03,33,quantile,0.35,2
2026-10-03,wk inc flu hosp,0,2026-10-03,33,quantile,0.4,2
2026-10-03,wk inc flu hosp,0,2026-10-03,33,quantile,0.45,3
2026-10-03,wk inc flu hosp,0,2026-10-03,33,quantile,0.5,3
2026-10-03,wk inc flu hosp,0,2026-10-03,33,quantile,0.55,3
2026-10-03,wk inc flu hosp,0,2026-10-03,33,quantile,0.6,4
2026-10-03,wk inc flu hosp,0,2026-10-03,33,quantile,0.65,4
2026-10-03,wk inc flu hosp,0,2026-10-03,33,quantile,0.7,5
2026-10-03,wk inc flu hosp,0,2026-10-03,33,quantile,0.75,5
2026-10-03,wk inc flu hosp,0,2026-10-03,33,quantile,0.8,6
2026-10-03,wk inc flu hosp,0,2026-10-03,33,quantile,0.85,7
2026-10-03,wk inc flu hosp,0,2026-10-03,33,quantile,0.9,9
2026-10-03,wk inc flu hosp,0,2026-10-03,33,quantile,0.95,11
2026-10-03,wk inc flu hosp,0,2026-10-03,33,quantile,0.975,14
2026-10-03,wk inc flu hosp,0,2026-10-03,33,quantile,0.99,19
2026-10-03,wk inc flu hosp,1,2026-10-10,33,quantile,0.01,0
2026-10-03,wk inc flu hosp,1,2026-10-10,33,quantile,0.025,0
2026-10-03,wk inc flu hosp,1,2026-10-10,33,quantile,0.05,0
2026-10-03,wk inc flu hosp,1,2026-10-10,33,quantile,0.1,1
2026-10-03,wk inc flu hosp,1,2026-10-10,33,quantile,0.15,1
2026-10-03,wk inc flu hosp,1,2026-10-10,33,quantile,0.2,2
2026-10-03,wk inc flu hosp,1,2026-10-10,33,quantile,0.25,2
2026-10-03,wk inc flu hosp,1,2026-10-10,33,quantile,0.3,2
2026-10-03,wk inc flu hosp,1,2026-10-10,33,quantile,0.35,3
2026-10-03,wk inc flu hosp,1,2026-10-10,33,quantile,0.4,3
2026-10-03,wk inc flu hosp,1,2026-10-10,33,quantile,0.45,3
2026-10-03,wk inc flu hosp,1,2026-10-10,33,quantile,0.5,4
2026-10-03,wk inc flu hosp,1,2026-10-10,33,quantile,0.55,4
2026-10-03,wk inc flu hosp,1,2026-10-10,33,quantile,0.6,5
2026-10-03,wk inc flu hosp,1,2026-10-10,33,quantile,0.65,5
2026-10-03,wk inc flu hosp,1,2026-10-10,33,quantile,0.7,6
2026-10-03,wk inc flu hosp,1,2026-10-10,33,quantile,0.75,7
2026-10-03,wk inc flu hosp,1,2026-10-10,33,quantile,0.8,8
2026-10-03,wk inc flu hosp,1,2026-10-10,33,quantile,0.85,9
2026-10-03,wk inc flu hosp,1,2026-10-10,33,quantile,0.9,11
2026-10-03,wk inc flu hosp,1,2026-10-10,33,quantile,0.95,15
2026-10-03,wk inc flu hosp,1,2026-10-10,33,quantile,0.975,19
2026-10-03,wk inc flu hosp,1,2026-10-10,33,quantile,0.99,26
2026-10-03,wk inc flu hosp,2,2026-10-17,33,quantile,0.01,0
2026-10-03,wk inc flu hosp,2,2026-10-17,33,quantile,0.025,0
2026-10-03,wk inc flu hosp,2,2026-10-17,33,quantile,0.05,1
2026-10-03,wk inc flu hosp,2,2026-10-17,33,quantile,0.1,1
2026-10-03,wk inc flu hosp,2,2026-10-17,33,quantile,0.15,1
2026-10-03,wk inc flu hosp,2,2026-10-17,33,quantile,0.2,2
2026-10-03,wk inc flu hosp,2,2026-10-17,33,quantile,0.25,2
2026-10-03,wk inc flu hosp,2,2026-10-17,33,quantile,0.3,3
2026-10-03,wk inc flu hosp,2,2026-10-17,33,quantile,0.35,3
2026-10-03,wk inc flu hosp,2,2026-10-17,33,quantile,0.4,4
2026-10-03,wk inc flu hosp,2,2026-10-17,33,quantile,0.45,4
2026-10-03,wk inc flu hosp,2,2026-10-17,33,quantile,0.5,5
2026-10-03,wk inc flu hosp,2,2026-10-17,33,quantile,0.55,5
2026-10-03,wk inc flu hosp,2,2026-10-17,33,quantile,0.6,6
2026-10-03,wk inc flu hosp,2,2026-10-17,33,quantile,0.65,7
2026-10-03,wk inc flu hosp,2,2026-10-17,33,quantile,0.7,8
2026-10-03,wk inc flu hosp,2,2026-10-17,33,quantile,0.75,9
2026-10-03,wk inc flu hosp,2,2026-10-17,33,quantile,0.8,11
2026-10-03,wk inc flu hosp,2,2026-10-17,33,quantile,0.85,13
2026-10-03,wk inc flu hosp,2,2026-10-17,33,quantile,0.9,16
2026-10-03,wk inc flu hosp,2,2026-10-17,33,quantile,0.95,22
2026-10-03,wk inc flu hosp,2,2026-10-17,33,quantile,0.975,29
2026-10-03,wk inc flu hosp,2,2026-10-17,33,quantile,0.99,40
2026-10-03,wk inc flu hosp,3,2026-10-24,33,quantile,0.01,0
2026-10-03,wk inc flu hosp,3,2026-10-24,33,quantile,0.025,0
2026-10-03,wk inc flu hosp,3,2026-10-24,33,quantile,0.05,1
2026-10-03,wk inc flu hosp,3,2026-10-24,33,quantile,0.1,1
2026-10-03,wk inc flu hosp,3,2026-10-24,33,quantile,0.15,2
2026-10-03,wk inc flu hosp,3,2026-10-24,33,quantile,0.2,2
2026-10-03,wk inc flu hosp,3,2026-10-24,33,quantile,0.25,3
2026-10-03,wk inc flu hosp,3,2026-10-24,33,quantile,0.3,4
2026-10-03,wk inc flu hosp,3,2026-10-24,33,quantile,0.35,4
2026-10-03,wk inc flu hosp,3,2026-10-24,33,quantile,0.4,5
2026-10-03,wk inc flu hosp,3,2026-10-24,33,quantile,0.45,6
2026-10-03,wk inc flu hosp,3,2026-10-24,33,quantile,0.5,7
2026-10-03,wk inc flu hosp,3,2026-10-24,33,quantile,0.55,8
2026-10-03,wk inc flu hosp,3,2026-10-24,33,quantile,0.6,9
2026-10-03,wk inc flu hosp,3,2026-10-24,33,quantile,0.65,10
2026-10-03,wk inc flu hosp,3,2026-10-24,33,quantile,0.7,12
2026-10-03,wk inc flu hosp,3,2026-10-24,33,quantile,0.75,14
2026-10-03,wk inc flu hosp,3,2026-10-24,33,quantile,0.8,16
2026-10-03,wk inc flu hosp,3,2026-10-24,33,quantile,0.85,20
2026-10-03,wk inc flu hosp,3,2026-10-24,33,quantile,0.9,25
2026-10-03,wk inc flu hosp,3,2026-10-24,33,quantile,0.95,35
2026-10-03,wk inc flu hosp,3,2026-10-24,33,quantile,0.975,47
2026-10-03,wk inc flu hosp,3,2026-10-24,33,quantile,0.99,67
2026-10-03,wk inc flu hosp,0,2026-10-03,34,quantile,0.01,17
2026-10-03,wk inc flu hosp,0,2026-10-03,34,quantile,0.025,21
2026-10-03,wk inc flu hosp,0,2026-10-03,34,quantile,0.05,25
2026-10-03,wk inc flu hosp,0,2026-10-03,34,quantile,0.1,32
2026-10-03,wk inc flu hosp,0,2026-10-03,34,quantile,0.15,37
2026-10-03,wk inc flu hosp,0,2026-10-03,34,quantile,0.2,42
2026-10-03,wk inc flu hosp,0,2026-10-03,34,quantile,0.25,46
2026-10-03,wk inc flu hosp,0,2026-10-03,34,quantile,0.3,50
2026-10-03,wk inc flu hosp,0,2026-10-03,34,quantile,0.35,55
2026-10-03,wk inc flu hosp,0,2026-10-03,34,quantile,0.4,59
2026-10-03,wk inc flu hosp,0,2026-10-03,34,quantile,0.45,64
2026-10-03,wk inc flu hosp,0,2026-10-03,34,quantile,0.5,69
2026-10-03,wk inc flu hosp,0,2026-10-03,34,quantile,0.55,74
2026-10-03,wk inc flu hosp,0,2026-10-03,34,quantile,0.6,80
2026-10-03,wk inc flu hosp,0,2026-10-03,34,quantile,0.65,87
2026-10-03,wk inc flu hosp,0,2026-10-03,34,quantile,0.7,95
2026-10-03,wk inc flu hosp,0,2026-10-03,34,quantile,0.75,104
2026-10-03,wk inc flu hosp,0,2026-10-03,34,quantile,0.8,115
2026-10-03,wk inc flu hosp,0,2026-10-03,34,quantile,0.85,129
2026-10-03,wk inc flu hosp,0,2026-10-03,34,quantile,0.9,149
2026-10-03,wk inc flu hosp,0,2026-10-03,34,quantile,0.95,184
2026-10-03,wk inc flu hosp,0,2026-10-03,34,quantile,0.975,221
2026-10-03,wk inc flu hosp,0,2026-10-03,34,quantile,0.99,274
2026-10-03,wk inc flu hosp,1,2026-10-10,34,quantile,0.01,15
2026-10-03,wk inc flu hosp,1,2026-10-10,34,quantile,0.025,20
2026-10-03,wk inc flu hosp,1,2026-10-10,34,quantile,0.05,25
2026-10-03,wk inc flu hosp,1,2026-10-10,34,quantile,0.1,32
2026-10-03,wk inc flu hosp,1,2026-10-10,34,quantile,0.15,38
2026-10-03,wk inc flu hosp,1,2026-10-10,34,quantile,0.2,44
2026-10-03,wk inc flu hosp,1,2026-10-10,34,quantile,0.25,49
2026-10-03,wk inc flu hosp,1,2026-10-10,34,quantile,0.3,55
2026-10-03,wk inc flu hosp,1,2026-10-10,34,quantile,0.35,60
2026-10-03,wk inc flu hosp,1,2026-10-10,34,quantile,0.4,66
2026-10-03,wk inc flu hosp,1,2026-10-10,34,quantile,0.45,72
2026-10-03,wk inc flu hosp,1,2026-10-10,34,quantile,0.5,79
2026-10-03,wk inc flu hosp,1,2026-10-10,34,quantile,0.55,86
2026-10-03,wk inc flu hosp,1,2026-10-10,34,quantile,0.6,95
2026-10-03,wk inc flu hosp,1,2026-10-10,34,quantile,0.65,105
2026-10-03,wk inc flu hosp,1,2026-10-10,34,quantile,0.7,115
2026-10-03,wk inc flu hosp,1,2026-10-10,34,quantile,0.75,128
2026-10-03,wk inc flu hosp,1,2026-10-10,34,quantile,0.8,144
2026-10-03,wk inc flu hosp,1,2026-10-10,34,quantile,0.85,164
2026-10-03,wk inc flu hosp,1,2026-10-10,34,quantile,0.9,194
2026-10-03,wk inc flu hosp,1,2026-10-10,34,quantile,0.95,249
2026-10-03,wk inc flu hosp,1,2026-10-10,34,quantile,0.975,307
2026-10-03,wk inc flu hosp,1,2026-10-10,34,quantile,0.99,394
2026-10-03,wk inc flu hosp,2,2026-10-17,34,quantile,0.01,14
2026-10-03,wk inc flu hosp,2,2026-10-17,34,quantile,0.025,19
2026-10-03,wk inc flu hosp,2,2026-10-17,34,quantile,0.05,25
2026-10-03,wk inc flu hosp,2,2026-10-17,34,quantile,0.1,33
2026-10-03,wk inc flu hosp,2,2026-10-17,34,quantile,0.15,40
2026-10-03,wk inc flu hosp,2,2026-10-17,34,quantile,0.2,47
2026-10-03,wk inc flu hosp,2,2026-10-17,34,quantile,0.25,54
2026-10-03,wk inc flu hosp,2,2026-10-17,34,quantile,0.3,61
2026-10-03,wk inc flu hosp,2,2026-10-17,34,quantile,0.35,69
2026-10-03,wk inc flu hosp,2,2026-10-17,34,quantile,0.4,76
2026-10-03,wk inc flu hosp,2,2026-10-17,34,quantile,0.45,84
2026-10-03,wk inc flu hosp,2,2026-10-17,34,quantile,0.5,92
2026-10-03,wk inc flu hosp,2,2026-10-17,34,quantile,0.55,101
2026-10-03,wk inc flu hosp,2,2026-10-17,34,quantile,0.6,112
2026-10-03,wk inc flu hosp,2,2026-10-17,34,quantile,0.65,124
2026-10-03,wk inc flu hosp,2,2026-10-17,34,quantile,0.7,139
2026-10-03,wk inc flu hosp,2,2026-10-17,34,quantile,0.75,157
2026-10-03,wk inc flu hosp,2,2026-10-17,34,quantile,0.8,178
2026-10-03,wk inc flu hosp,2,2026-10-17,34,quantile,0.85,208
2026-10-03,wk inc flu hosp,2,2026-10-17,34,quantile,0.9,251
2026-10-03,wk inc flu hosp,2,2026-10-17,34,quantile,0.95,334
2026-10-03,wk inc flu hosp,2,2026-10-17,34,quantile,0.975,430
2026-10-03,wk inc flu hosp,2,2026-10-17,34,quantile,0.99,576
2026-10-03,wk inc flu hosp,3,2026-10-24,34,quantile,0.01,14
2026-10-03,wk inc flu hosp,3,2026-10-24,34,quantile,0.025,19
2026-10-03,wk inc flu hosp,3,2026-10-24,34,quantile,0.05,25
2026-10-03,wk inc flu hosp,3,2026-10-24,34,quantile,0.1,35
2026-10-03,wk inc flu hosp,3,2026-10-24,34,quantile,0.15,44
2026-10-03,wk inc flu hosp,3,2026-10-24,34,quantile,0.2,53
2026-10-03,wk inc flu hosp,3,2026-10-24,34,quantile,0.25,61
2026-10-03,wk inc flu hosp,3,2026-10-24,34,quantile,0.3,69
2026-10-03,wk inc flu hosp,3,2026-10-24,34,quantile,0.35,79
2026-10-03,wk inc flu hosp,3,2026-10-24,34,quantile,0.4,88
2026-10-03,wk inc flu hosp,3,2026-10-24,34,quantile,0.45,99
2026-10-03,wk inc flu hosp,3,2026-10-24,34,quantile,0.5,109
2026-10-03,wk inc flu hosp,3,2026-10-24,34,quantile,0.55,122
2026-10-03,wk inc flu hosp,3,2026-10-24,34,quantile,0.6,138
2026-10-03,wk inc flu hosp,3,2026-10-24,34,quantile,0.65,155
2026-10-03,wk inc flu hosp,3,2026-10-24,34,quantile,0.7,176
2026-10-03,wk inc flu hosp,3,2026-10-24,34,quantile,0.75,201
2026-10-03,wk inc flu hosp,3,2026-10-24,34,quantile,0.8,233
2026-10-03,wk inc flu hosp,3,2026-10-24,34,quantile,0.85,276
2026-10-03,wk inc flu hosp,3,2026-10-24,34,quantile,0.9,350
2026-10-03,wk inc flu hosp,3,2026-10-24,34,quantile,0.95,488
2026-10-03,wk inc flu hosp,3,2026-10-24,34,quantile,0.975,643
2026-10-03,wk inc flu hosp,3,2026-10-24,34,quantile,0.99,887
2026-10-03,wk inc flu hosp,0,2026-10-03,35,quantile,0.01,1
2026-10-03,wk inc flu hosp,0,2026-10-03,35,quantile,0.025,2
2026-10-03,wk inc flu hosp,0,2026-10-03,35,quantile,0.05,3
2026-10-03,wk inc flu hosp,0,2026-10-03,35,quantile,0.1,4
2026-10-03,wk inc flu hosp,0,2026-10-03,35,quantile,0.15,5
2026-10-03,wk inc flu hosp,0,2026-10-03,35,quantile,0.2,5
2026-10-03,wk inc flu hosp,0,2026-10-03,35,quantile,0.25,6
2026-10-03,wk inc flu hosp,0,2026-10-03,35,quantile,0.3,7
2026-10-03,wk inc flu hosp,0,2026-10-03,35,quantile,0.35,7
2026-10-03,wk inc flu hosp,0,2026-10-03,35,quantile,0.4,8
2026-10-03,wk inc flu hosp,0,2026-10-03,35,quantile,0.45,9
2026-10-03,wk inc flu hosp,0,2026-10-03,35,quantile,0.5,10
2026-10-03,wk inc flu hosp,0,2026-10-03,35,quantile,0.55,10
2026-10-03,wk inc flu hosp,0,2026-10-03,35,quantile,0.6,11
2026-10-03,wk inc flu hosp,0,2026-10-03,35,quantile,0.65,12
2026-10-03,wk inc flu hosp,0,2026-10-03,35,quantile,0.7,14
2026-10-03,wk inc flu hosp,0,2026-10-03,35,quantile,0.75,15
2026-10-03,wk inc flu hosp,0,2026-10-03,35,quantile,0.8,17
2026-10-03,wk inc flu hosp,0,2026-10-03,35,quantile,0.85,19
2026-10-03,wk inc flu hosp,0,2026-10-03,35,quantile,0.9,22
2026-10-03,wk inc flu hosp,0,2026-10-03,35,quantile,0.95,28
2026-10-03,wk inc flu hosp,0,2026-10-03,35,quantile,0.975,34
2026-10-03,wk inc flu hosp,0,2026-10-03,35,quantile,0.99,44
2026-10-03,wk inc flu hosp,1,2026-10-10,35,quantile,0.01,1
2026-10-03,wk inc flu hosp,1,2026-10-10,35,quantile,0.025,2
2026-10-03,wk inc flu hosp,1,2026-10-10,35,quantile,0.05,3
2026-10-03,wk inc flu hosp,1,2026-10-10,35,quantile,0.1,4
2026-10-03,wk inc flu hosp,1,2026-10-10,35,quantile,0.15,5
2026-10-03,wk inc flu hosp,1,2026-10-10,35,quantile,0.2,6
2026-10-03,wk inc flu hosp,1,2026-10-10,35,quantile,0.25,7
2026-10-03,wk inc flu hosp,1,2026-10-10,35,quantile,0.3,8
2026-10-03,wk inc flu hosp,1,2026-10-10,35,quantile,0.35,8
2026-10-03,wk inc flu hosp,1,2026-10-10,35,quantile,0.4,9
2026-10-03,wk inc flu hosp,1,2026-10-10,35,quantile,0.45,10
2026-10-03,wk inc flu hosp,1,2026-10-10,35,quantile,0.5,12
2026-10-03,wk inc flu hosp,1,2026-10-10,35,quantile,0.55,13
2026-10-03,wk inc flu hosp,1,2026-10-10,35,quantile,0.6,14
2026-10-03,wk inc flu hosp,1,2026-10-10,35,quantile,0.65,16
2026-10-03,wk inc flu hosp,1,2026-10-10,35,quantile,0.7,18
2026-10-03,wk inc flu hosp,1,2026-10-10,35,quantile,0.75,20
2026-10-03,wk inc flu hosp,1,2026-10-10,35,quantile,0.8,22
2026-10-03,wk inc flu hosp,1,2026-10-10,35,quantile,0.85,26
2026-10-03,wk inc flu hosp,1,2026-10-10,35,quantile,0.9,31
2026-10-03,wk inc flu hosp,1,2026-10-10,35,quantile,0.95,40
2026-10-03,wk inc flu hosp,1,2026-10-10,35,quantile,0.975,51
2026-10-03,wk inc flu hosp,1,2026-10-10,35,quantile,0.99,67
2026-10-03,wk inc flu hosp,2,2026-10-17,35,quantile,0.01,1
2026-10-03,wk inc flu hosp,2,2026-10-17,35,quantile,0.025,2
2026-10-03,wk inc flu hosp,2,2026-10-17,35,quantile,0.05,3
2026-10-03,wk inc flu hosp,2,2026-10-17,35,quantile,0.1,4
2026-10-03,wk inc flu hosp,2,2026-10-17,35,quantile,0.15,6
2026-10-03,wk inc flu hosp,2,2026-10-17,35,quantile,0.2,7
2026-10-03,wk inc flu hosp,2,2026-10-17,35,quantile,0.25,8
2026-10-03,wk inc flu hosp,2,2026-10-17,35,quantile,0.3,9
2026-10-03,wk inc flu hosp,2,2026-10-17,35,quantile,0.35,10
2026-10-03,wk inc flu hosp,2,2026-10-17,35,quantile,0.4,12
2026-10-03,wk inc flu hosp,2,2026-10-17,35,quantile,0.45,13
2026-10-03,wk inc flu hosp,2,2026-10-17,35,quantile,0.5,15
2026-10-03,wk inc flu hosp,2,2026-10-17,35,quantile,0.55,16
2026-10-03,wk inc flu hosp,2,2026-10-17,35,quantile,0.6,18
2026-10-03,wk inc flu hosp,2,2026-10-17,35,quantile,0.65,21
2026-10-03,wk inc flu hosp,2,2026-10-17,35,quantile,0.7,24
2026-10-03,wk inc flu hosp,2,2026-10-17,35,quantile,0.75,27
2026-10-03,wk inc flu hosp,2,2026-10-17,35,quantile,0.8,31
2026-10-03,wk inc flu hosp,2,2026-10-17,35,quantile,0.85,37
2026-10-03,wk inc flu hosp,2,2026-10-17,35,quantile,0.9,45
2026-10-03,wk inc flu hosp,2,2026-10-17,35,quantile,0.95,63
2026-10-03,wk inc flu hosp,2,2026-10-17,35,quantile,0.975,83
2026-10-03,wk inc flu hosp,2,2026-10-17,35,quantile,0.99,113
2026-10-03,wk inc flu hosp,3,2026-10-24,35,quantile,0.01,1
2026-10-03,wk inc flu hosp,3,2026-10-24,35,quantile,0.025,2
2026-10-03,wk inc flu hosp,3,2026-10-24,35,quantile,0.05,3
2026-10-03,wk inc flu hosp,3,2026-10-24,35,quantile,0.1,5
2026-10-03,wk inc flu hosp,3,2026-10-24,35,quantile,0.15,7
2026-10-03,wk inc flu hosp,3,2026-10-24,35,quantile,0.2,8
2026-10-03,wk inc flu hosp,3,2026-10-24,35,quantile,0.25,10
2026-10-03,wk inc flu hosp,3,2026-10-24,35,quantile,0.3,11
2026-10-03,wk inc flu hosp,3,2026-10-24,35,quantile,0.35,13
2026-10-03,wk inc flu hosp,3,2026-10-24,35,quantile,0.4,15
2026-10-03,wk inc flu hosp,3,2026-10-24,35,quantile,0.45,17
2026-10-03,wk inc flu hosp,3,2026-10-24,35,quantile,0.5,20
2026-10-03,wk inc flu hosp,3,2026-10-24,35,quantile,0.55,22
2026-10-03,wk inc flu hosp,3,2026-10-24,35,quantile,0.6,26
2026-10-03,wk inc flu hosp,3,2026-10-24,35,quantile,0.65,29
2026-10-03,wk inc flu hosp,3,2026-10-24,35,quantile,0.7,34
2026-10-03,wk inc flu hosp,3,2026-10-24,35,quantile,0.75,39
2026-10-03,wk inc flu hosp,3,2026-10-24,35,quantile,0.8,46
2026-10-03,wk inc flu hosp,3,2026-10-24,35,quantile,0.85,55
2026-10-03,wk inc flu hosp,3,2026-10-24,35,quantile,0.9,70
2026-10-03,wk inc flu hosp,3,2026-10-24,35,quantile,0.95,99
2026-10-03,wk inc flu hosp,3,2026-10-24,35,quantile,0.975,133
2026-10-03,wk inc flu hosp,3,2026-10-24,35,quantile,0.99,186
2026-10-03,wk inc flu hosp,0,2026-10-03,36,quantile,0.01,32
2026-10-03,wk inc flu hosp,0,2026-10-03,36,quantile,0.025,39
2026-10-03,wk inc flu hosp,0,2026-10-03,36,quantile,0.05,46
2026-10-03,wk inc flu hosp,0,2026-10-03,36,quantile,0.1,54
2026-10-03,wk inc flu hosp,0,2026-10-03,36,quantile,0.15,62
2026-10-03,wk inc flu hosp,0,2026-10-03,36,quantile,0.2,68
2026-10-03,wk inc flu hosp,0,2026-10-03,36,quantile,0.25,74
2026-10-03,wk inc flu hosp,0,2026-10-03,36,quantile,0.3,79
2026-10-03,wk inc flu hosp,0,2026-10-03,36,quantile,0.35,85
2026-10-03,wk inc flu hosp,0,2026-10-03,36,quantile,0.4,91
2026-10-03,wk inc flu hosp,0,2026-10-03,36,quantile,0.45,97
2026-10-03,wk inc flu hosp,0,2026-10-03,36,quantile,0.5,104
2026-10-03,wk inc flu hosp,0,2026-10-03,36,quantile,0.55,110
2026-10-03,wk inc flu hosp,0,2026-10-03,36,quantile,0.6,117
2026-10-03,wk inc flu hosp,0,2026-10-03,36,quantile,0.65,125
2026-10-03,wk inc flu hosp,0,2026-10-03,36,quantile,0.7,134
2026-10-03,wk inc flu hosp,0,2026-10-03,36,quantile,0.75,144
2026-10-03,wk inc flu hosp,0,2026-10-03,36,quantile,0.8,157
2026-10-03,wk inc flu hosp,0,2026-10-03,36,quantile,0.85,172
2026-10-03,wk inc flu hosp,0,2026-10-03,36,quantile,0.9,195
2026-10-03,wk inc flu hosp,0,2026-10-03,36,quantile,0.95,233
2026-10-03,wk inc flu hosp,0,2026-10-03,36,quantile,0.975,271
2026-10-03,wk inc flu hosp,0,2026-10-03,36,quantile,0.99,326
2026-10-03,wk inc flu hosp,1,2026-10-10,36,quantile,0.01,28
2026-10-03,wk inc flu hosp,1,2026-10-10,36,quantile,0.025,35
2026-10-03,wk inc flu hosp,1,2026-10-10,36,quantile,0.05,43
2026-10-03,wk inc flu hosp,1,2026-10-10,36,quantile,0.1,53
2026-10-03,wk inc flu hosp,1,2026-10-10,36,quantile,0.15,62
2026-10-03,wk inc flu hosp,1,2026-10-10,36,quantile,0.2,70
2026-10-03,wk inc flu hosp,1,2026-10-10,36,quantile,0.25,78
2026-10-03,wk inc flu hosp,1,2026-10-10,36,quantile,0.3,85
2026-10-03,wk inc flu hosp,1,2026-10-10,36,quantile,0.35,93
2026-10-03,wk inc flu hosp,1,2026-10-10,36,quantile,0.4,102
2026-10-03,wk inc flu hosp,1,2026-10-10,36,quantile,0.45,110
2026-10-03,wk inc flu hosp,1,2026-10-10,36,quantile,0.5,120
2026-10-03,wk inc flu hosp,1,2026-10-10,36,quantile,0.55,129
2026-10-03,wk inc flu hosp,1,2026-10-10,36,quantile,0.6,140
2026-10-03,wk inc flu hosp,1,2026-10-10,36,quantile,0.65,151
2026-10-03,wk inc flu hosp,1,2026-10-10,36,quantile,0.7,166
2026-10-03,wk inc flu hosp,1,2026-10-10,36,quantile,0.75,181
2026-10-03,wk inc flu hosp,1,2026-10-10,36,quantile,0.8,201
2026-10-03,wk inc flu hosp,1,2026-10-10,36,quantile,0.85,227
2026-10-03,wk inc flu hosp,1,2026-10-10,36,quantile,0.9,262
2026-10-03,wk inc flu hosp,1,2026-10-10,36,quantile,0.95,328
2026-10-03,wk inc flu hosp,1,2026-10-10,36,quantile,0.975,402
2026-10-03,wk inc flu hosp,1,2026-10-10,36,quantile,0.99,504
2026-10-03,wk inc flu hosp,2,2026-10-17,36,quantile,0.01,25
2026-10-03,wk inc flu hosp,2,2026-10-17,36,quantile,0.025,33
2026-10-03,wk inc flu hosp,2,2026-10-17,36,quantile,0.05,42
2026-10-03,wk inc flu hosp,2,2026-10-17,36,quantile,0.1,55
2026-10-03,wk inc flu hosp,2,2026-10-17,36,quantile,0.15,66
2026-10-03,wk inc flu hosp,2,2026-10-17,36,quantile,0.2,77
2026-10-03,wk inc flu hosp,2,2026-10-17,36,quantile,0.25,87
2026-10-03,wk inc flu hosp,2,2026-10-17,36,quantile,0.3,98
2026-10-03,wk inc flu hosp,2,2026-10-17,36,quantile,0.35,109
2026-10-03,wk inc flu hosp,2,2026-10-17,36,quantile,0.4,120
2026-10-03,wk inc flu hosp,2,2026-10-17,36,quantile,0.45,133
2026-10-03,wk inc flu hosp,2,2026-10-17,36,quantile,0.5,148
2026-10-03,wk inc flu hosp,2,2026-10-17,36,quantile,0.55,162
2026-10-03,wk inc flu hosp,2,2026-10-17,36,quantile,0.6,177
2026-10-03,wk inc flu hosp,2,2026-10-17,36,quantile,0.65,194
2026-10-03,wk inc flu hosp,2,2026-10-17,36,quantile,0.7,217
2026-10-03,wk inc flu hosp,2,2026-10-17,36,quantile,0.75,243
2026-10-03,wk inc flu hosp,2,2026-10-17,36,quantile,0.8,276
2026-10-03,wk inc flu hosp,2,2026-10-17,36,quantile,0.85,317
2026-10-03,wk inc flu hosp,2,2026-10-17,36,quantile,0.9,379
2026-10-03,wk inc flu hosp,2,2026-10-17,36,quantile,0.95,507
2026-10-03,wk inc flu hosp,2,2026-10-17,36,quantile,0.975,640
2026-10-03,wk inc flu hosp,2,2026-10-17,36,quantile,0.99,839
2026-10-03,wk inc flu hosp,3,2026-10-24,36,quantile,0.01,23
2026-10-03,wk inc flu hosp,3,2026-10-24,36,quantile,0.025,32
2026-10-03,wk inc flu hosp,3,2026-10-24,36,quantile,0.05,42
2026-10-03,wk inc flu hosp,3,2026-10-24,36,quantile,0.1,58
2026-10-03,wk inc flu hosp,3,2026-10-24,36,quantile,0.15,71
2026-10-03,wk inc flu hosp,3,2026-10-24,36,quantile,0.2,85
2026-10-03,wk inc flu hosp,3,2026-10-24,36,quantile,0.25,98
2026-10-03,wk inc flu hosp,3,2026-10-24,36,quantile,0.3,112
2026-10-03,wk inc flu hosp,3,2026-10-24,36,quantile,0.35,127
2026-10-03,wk inc flu hosp,3,2026-10-24,36,quantile,0.4,143
2026-10-03,wk inc flu hosp,3,2026-10-24,36,quantile,0.45,159
2026-10-03,wk inc flu hosp,3,2026-10-24,36,quantile,0.5,179
2026-10-03,wk inc flu hosp,3,2026-10-24,36,quantile,0.55,199
2026-10-03,wk inc flu hosp,3,2026-10-24,36,quantile,0.6,224
2026-10-03,wk inc flu hosp,3,2026-10-24,36,quantile,0.65,253
2026-10-03,wk inc flu hosp,3,2026-10-24,36,quantile,0.7,286
2026-10-03,wk inc flu hosp,3,2026-10-24,36,quantile,0.75,324
2026-10-03,wk inc flu hosp,3,2026-10-24,36,quantile,0.8,374
2026-10-03,wk inc flu hosp,3,2026-10-24,36,quantile,0.85,442
2026-10-03,wk inc flu hosp,3,2026-10-24,36,quantile,0.9,547
2026-10-03,wk inc flu hosp,3,2026-10-24,36,quantile,0.95,756
2026-10-03,wk inc flu hosp,3,2026-10-24,36,quantile,0.975,987
2026-10-03,wk inc flu hosp,3,2026-10-24,36,quantile,0.99,1367
2026-10-03,wk inc flu hosp,0,2026-10-03,37,quantile,0.01,14
2026-10-03,wk inc flu hosp,0,2026-10-03,37,quantile,0.025,18
2026-10-03,wk inc flu hosp,0,2026-10-03,37,quantile,0.05,21
2026-10-03,wk inc flu hosp,0,2026-10-03,37,quantile,0.1,26
2026-10-03,wk inc flu hosp,0,2026-10-03,37,quantile,0.15,30
2026-10-03,wk inc flu hosp,0,2026-10-03,37,quantile,0.2,34
2026-10-03,wk inc flu hosp,0,2026-10-03,37,quantile,0.25,37
2026-10-03,wk inc flu hosp,0,2026-10-03,37,quantile,0.3,40
2026-10-03,wk inc flu hosp,0,2026-10-03,37,quantile,0.35,44
2026-10-03,wk inc flu hosp,0,2026-10-03,37,quantile,0.4,47
2026-10-03,wk inc flu hosp,0,2026-10-03,37,quantile,0.45,51
2026-10-03,wk inc flu hosp,0,2026-10-03,37,quantile,0.5,55
2026-10-03,wk inc flu hosp,0,2026-10-03,37,quantile,0.55,59
2026-10-03,wk inc flu hosp,0,2026-10-03,37,quantile,0.6,63
2026-10-03,wk inc flu hosp,0,2026-10-03,37,quantile,0.65,69
2026-10-03,wk inc flu hosp,0,2026-10-03,37,quantile,0.7,74
2026-10-03,wk inc flu hosp,0,2026-10-03,37,quantile,0.75,81
2026-10-03,wk inc flu hosp,0,2026-10-03,37,quantile,0.8,89
2026-10-03,wk inc flu hosp,0,2026-10-03,37,quantile,0.85,99
2026-10-03,wk inc flu hosp,0,2026-10-03,37,quantile,0.9,114
2026-10-03,wk inc flu hosp,0,2026-10-03,37,quantile,0.95,139
2026-10-03,wk inc flu hosp,0,2026-10-03,37,quantile,0.975,165
2026-10-03,wk inc flu hosp,0,2026-10-03,37,quantile,0.99,201
2026-10-03,wk inc flu hosp,1,2026-10-10,37,quantile,0.01,12
2026-10-03,wk inc flu hosp,1,2026-10-10,37,quantile,0.025,16
2026-10-03,wk inc flu hosp,1,2026-10-10,37,quantile,0.05,20
2026-10-03,wk inc flu hosp,1,2026-10-10,37,quantile,0.1,26
2026-10-03,wk inc flu hosp,1,2026-10-10,37,quantile,0.15,31
2026-10-03,wk inc flu hosp,1,2026-10-10,37,quantile,0.2,35
2026-10-03,wk inc flu hosp,1,2026-10-10,37,quantile,0.25,40
2026-10-03,wk inc flu hosp,1,2026-10-10,37,quantile,0.3,44
2026-10-03,wk inc flu hosp,1,2026-10-10,37,quantile,0.35,48
2026-10-03,wk inc flu hosp,1,2026-10-10,37,quantile,0.4,53
2026-10-03,wk inc flu hosp,1,2026-10-10,37,quantile,0.45,58
2026-10-03,wk inc flu hosp,1,2026-10-10,37,quantile,0.5,64
2026-10-03,wk inc flu hosp,1,2026-10-10,37,quantile,0.55,70
2026-10-03,wk inc flu hosp,1,2026-10-10,37,quantile,0.6,77
2026-10-03,wk inc flu hosp,1,2026-10-10,37,quantile,0.65,84
2026-10-03,wk inc flu hosp,1,2026-10-10,37,quantile,0.7,92
2026-10-03,wk inc flu hosp,1,2026-10-10,37,quantile,0.75,101
2026-10-03,wk inc flu hosp,1,2026-10-10,37,quantile,0.8,114
2026-10-03,wk inc flu hosp,1,2026-10-10,37,quantile,0.85,129
2026-10-03,wk inc flu hosp,1,2026-10-10,37,quantile,0.9,152
2026-10-03,wk inc flu hosp,1,2026-10-10,37,quantile,0.95,195
2026-10-03,wk inc flu hosp,1,2026-10-10,37,quantile,0.975,239
2026-10-03,wk inc flu hosp,1,2026-10-10,37,quantile,0.99,306
2026-10-03,wk inc flu hosp,2,2026-10-17,37,quantile,0.01,12
2026-10-03,wk inc flu hosp,2,2026-10-17,37,quantile,0.025,16
2026-10-03,wk inc flu hosp,2,2026-10-17,37,quantile,0.05,21
2026-10-03,wk inc flu hosp,2,2026-10-17,37,quantile,0.1,28
2026-10-03,wk inc flu hosp,2,2026-10-17,37,quantile,0.15,34
2026-10-03,wk inc flu hosp,2,2026-10-17,37,quantile,0.2,40
2026-10-03,wk inc flu hosp,2,2026-10-17,37,quantile,0.25,46
2026-10-03,wk inc flu hosp,2,2026-10-17,37,quantile,0.3,52
2026-10-03,wk inc flu hosp,2,2026-10-17,37,quantile,0.35,58
2026-10-03,wk inc flu hosp,2,2026-10-17,37,quantile,0.4,64
2026-10-03,wk inc flu hosp,2,2026-10-17,37,quantile,0.45,71
2026-10-03,wk inc flu hosp,2,2026-10-17,37,quantile,0.5,79
2026-10-03,wk inc flu hosp,2,2026-10-17,37,quantile,0.55,87
2026-10-03,wk inc flu hosp,2,2026-10-17,37,quantile,0.6,96
2026-10-03,wk inc flu hosp,2,2026-10-17,37,quantile,0.65,107
2026-10-03,wk inc flu hosp,2,2026-10-17,37,quantile,0.7,119
2026-10-03,wk inc flu hosp,2,2026-10-17,37,quantile,0.75,135
2026-10-03,wk inc flu hosp,2,2026-10-17,37,quantile,0.8,154
2026-10-03,wk inc flu hosp,2,2026-10-17,37,quantile,0.85,180
2026-10-03,wk inc flu hosp,2,2026-10-17,37,quantile,0.9,218
2026-10-03,wk inc flu hosp,2,2026-10-17,37,quantile,0.95,294
2026-10-03,wk inc flu hosp,2,2026-10-17,37,quantile,0.975,378
2026-10-03,wk inc flu hosp,2,2026-10-17,37,quantile,0.99,505
2026-10-03,wk inc flu hosp,3,2026-10-24,37,quantile,0.01,12
2026-10-03,wk inc flu hosp,3,2026-10-24,37,quantile,0.025,17
2026-10-03,wk inc flu hosp,3,2026-10-24,37,quantile,0.05,22
2026-10-03,wk inc flu hosp,3,2026-10-24,37,quantile,0.1,30
2026-10-03,wk inc flu hosp,3,2026-10-24,37,quantile,0.15,38
2026-10-03,wk inc flu hosp,3,2026-10-24,37,quantile,0.2,46
2026-10-03,wk inc flu hosp,3,2026-10-24,37,quantile,0.25,53
2026-10-03,wk inc flu hosp,3,2026-10-24,37,quantile,0.3,61
2026-10-03,wk inc flu hosp,3,2026-10-24,37,quantile,0.35,70
2026-10-03,wk inc flu hosp,3,2026-10-24,37,quantile,0.4,79
2026-10-03,wk inc flu hosp,3,2026-10-24,37,quantile,0.45,88
2026-10-03,wk inc flu hosp,3,2026-10-24,37,quantile,0.5,99
2026-10-03,wk inc flu hosp,3,2026-10-24,37,quantile,0.55,111
2026-10-03,wk inc flu hosp,3,2026-10-24,37,quantile,0.6,126
2026-10-03,wk inc flu hosp,3,2026-10-24,37,quantile,0.65,143
2026-10-03,wk inc flu hosp,3,2026-10-24,37,quantile,0.7,162
2026-10-03,wk inc flu hosp,3,2026-10-24,37,quantile,0.75,186
2026-10-03,wk inc flu hosp,3,2026-10-24,37,quantile,0.8,214
2026-10-03,wk inc flu hosp,3,2026-10-24,37,quantile,0.85,255
2026-10-03,wk inc flu hosp,3,2026-10-24,37,quantile,0.9,318
2026-10-03,wk inc flu hosp,3,2026-10-24,37,quantile,0.95,450
2026-10-03,wk inc flu hosp,3,2026-10-24,37,quantile,0.975,587
2026-10-03,wk inc flu hosp,3,2026-10-24,37,quantile,0.99,814
2026-10-03,wk inc flu hosp,0,2026-10-03,38,quantile,0.01,0
2026-10-03,wk inc flu hosp,0,2026-10-03,38,quantile,0.025,0
2026-10-03,wk inc flu hosp,0,2026-10-03,38,quantile,0.05,1
2026-10-03,wk inc flu hosp,0,2026-10-03,38,quantile,0.1,1
2026-10-03,wk inc flu hosp,0,2026-10-03,38,quantile,0.15,1
2026-10-03,wk inc flu hosp,0,2026-10-03,38,quantile,0.2,2
2026-10-03,wk inc flu hosp,0,2026-10-03,38,quantile,0.25,2
2026-10-03,wk inc flu hosp,0,2026-10-03,38,quantile,0.3,3
2026-10-03,wk inc flu hosp,0,2026-10-03,38,quantile,0.35,3
2026-10-03,wk inc flu hosp,0,2026-10-03,38,quantile,0.4,3
2026-10-03,wk inc flu hosp,0,2026-10-03,38,quantile,0.45,4
2026-10-03,wk inc flu hosp,0,2026-10-03,38,quantile,0.5,4
2026-10-03,wk inc flu hosp,0,2026-10-03,38,quantile,0.55,5
2026-10-03,wk inc flu hosp,0,2026-10-03,38,quantile,0.6,5
2026-10-03,wk inc flu hosp,0,2026-10-03,38,quantile,0.65,6
2026-10-03,wk inc flu hosp,0,2026-10-03,38,quantile,0.7,6
2026-10-03,wk inc flu hosp,0,2026-10-03,38,quantile,0.75,7
2026-10-03,wk inc flu hosp,0,2026-10-03,38,quantile,0.8,8
2026-10-03,wk inc flu hosp,0,2026-10-03,38,quantile,0.85,9
2026-10-03,wk inc flu hosp,0,2026-10-03,38,quantile,0.9,11
2026-10-03,wk inc flu hosp,0,2026-10-03,38,quantile,0.95,15
2026-10-03,wk inc flu hosp,0,2026-10-03,38,quantile,0.975,19
2026-10-03,wk inc flu hosp,0,2026-10-03,38,quantile,0.99,24
2026-10-03,wk inc flu hosp,1,2026-10-10,38,quantile,0.01,0
2026-10-03,wk inc flu hosp,1,2026-10-10,38,quantile,0.025,0
2026-10-03,wk inc flu hosp,1,2026-10-10,38,quantile,0.05,1
2026-10-03,wk inc flu hosp,1,2026-10-10,38,quantile,0.1,1
2026-10-03,wk inc flu hosp,1,2026-10-10,38,quantile,0.15,2
2026-10-03,wk inc flu hosp,1,2026-10-10,38,quantile,0.2,2
2026-10-03,wk inc flu hosp,1,2026-10-10,38,quantile,0.25,3
2026-10-03,wk inc flu hosp,1,2026-10-10,38,quantile,0.3,3
2026-10-03,wk inc flu hosp,1,2026-10-10,38,quantile,0.35,3
2026-10-03,wk inc flu hosp,1,2026-10-10,38,quantile,0.4,4
2026-10-03,wk inc flu hosp,1,2026-10-10,38,quantile,0.45,4
2026-10-03,wk inc flu hosp,1,2026-10-10,38,quantile,0.5,5
2026-10-03,wk inc flu hosp,1,2026-10-10,38,quantile,0.55,6
2026-10-03,wk inc flu hosp,1,2026-10-10,38,quantile,0.6,6
2026-10-03,wk inc flu hosp,1,2026-10-10,38,quantile,0.65,7
2026-10-03,wk inc flu hosp,1,2026-10-10,38,quantile,0.7,8
2026-10-03,wk inc flu hosp,1,2026-10-10,38,quantile,0.75,9
2026-10-03,wk inc flu hosp,1,2026-10-10,38,quantile,0.8,10
2026-10-03,wk inc flu hosp,1,2026-10-10,38,quantile,0.85,12
2026-10-03,wk inc flu hosp,1,2026-10-10,38,quantile,0.9,15
2026-10-03,wk inc flu hosp,1,2026-10-10,38,quantile,0.95,20
2026-10-03,wk inc flu hosp,1,2026-10-10,38,quantile,0.975,26
2026-10-03,wk inc flu hosp,1,2026-10-10,38,quantile,0.99,35
2026-10-03,wk inc flu hosp,2,2026-10-17,38,quantile,0.01,0
2026-10-03,wk inc flu hosp,2,2026-10-17,38,quantile,0.025,0
2026-10-03,wk inc flu hosp,2,2026-10-17,38,quantile,0.05,1
2026-10-03,wk inc flu hosp,2,2026-10-17,38,quantile,0.1,1
2026-10-03,wk inc flu hosp,2,2026-10-17,38,quantile,0.15,2
2026-10-03,wk inc flu hosp,2,2026-10-17,38,quantile,0.2,2
2026-10-03,wk inc flu hosp,2,2026-10-17,38,quantile,0.25,3
2026-10-03,wk inc flu hosp,2,2026-10-17,38,quantile,0.3,3
2026-10-03,wk inc flu hosp,2,2026-10-17,38,quantile,0.35,4
2026-10-03,wk inc flu hosp,2,2026-10-17,38,quantile,0.4,5
2026-10-03,wk inc flu hosp,2,2026-10-17,38,quantile,0.45,5
2026-10-03,wk inc flu hosp,2,2026-10-17,38,quantile,0.5,6
2026-10-03,wk inc flu hosp,2,2026-10-17,38,quantile,0.55,7
2026-10-03,wk inc flu hosp,2,2026-10-17,38,quantile,0.6,8
2026-10-03,wk inc flu hosp,2,2026-10-17,38,quantile,0.65,9
2026-10-03,wk inc flu hosp,2,2026-10-17,38,quantile,0.7,10
2026-10-03,wk inc flu hosp,2,2026-10-17,38,quantile,0.75,12
2026-10-03,wk inc flu hosp,2,2026-10-17,38,quantile,0.8,14
2026-10-03,wk inc flu hosp,2,2026-10-17,38,quantile,0.85,16
2026-10-03,wk inc flu hosp,2,2026-10-17,38,quantile,0.9,21
2026-10-03,wk inc flu hosp,2,2026-10-17,38,quantile,0.95,28
2026-10-03,wk inc flu hosp,2,2026-10-17,38,quantile,0.975,37
2026-10-03,wk inc flu hosp,2,2026-10-17,38,quantile,0.99,52
2026-10-03,wk inc flu hosp,3,2026-10-24,38,quantile,0.01,0
2026-10-03,wk inc flu hosp,3,2026-10-24,38,quantile,0.025,0
2026-10-03,wk inc flu hosp,3,2026-10-24,38,quantile,0.05,1
2026-10-03,wk inc flu hosp,3,2026-10-24,38,quantile,0.1,2
2026-10-03,wk inc flu hosp,3,2026-10-24,38,quantile,0.15,2
2026-10-03,wk inc flu hosp,3,2026-10-24,38,quantile,0.2,3
2026-10-03,wk inc flu hosp,3,2026-10-24,38,quantile,0.25,4
2026-10-03,wk inc flu hosp,3,2026-10-24,38,quantile,0.3,4
2026-10-03,wk inc flu hosp,3,2026-10-24,38,quantile,0.35,5
2026-10-03,wk inc flu hosp,3,2026-10-24,38,quantile,0.4,6
2026-10-03,wk inc flu hosp,3,2026-10-24,38,quantile,0.45,7
2026-10-03,wk inc flu hosp,3,2026-10-24,38,quantile,0.5,8
2026-10-03,wk inc flu hosp,3,2026-10-24,38,quantile,0.55,9
2026-10-03,wk inc flu hosp,3,2026-10-24,38,quantile,0.6,10
2026-10-03,wk inc flu hosp,3,2026-10-24,38,quantile,0.65,12
2026-10-03,wk inc flu hosp,3,2026-10-24,38,quantile,0.7,14
2026-10-03,wk inc flu hosp,3,2026-10-24,38,quantile,0.75,16
2026-10-03,wk inc flu hosp,3,2026-10-24,38,quantile,0.8,19
2026-10-03,wk inc flu hosp,3,2026-10-24,38,quantile,0.85,23
2026-10-03,wk inc flu hosp,3,2026-10-24,38,quantile,0.9,29
2026-10-03,wk inc flu hosp,3,2026-10-24,38,quantile,0.95,42
2026-10-03,wk inc flu hosp,3,2026-10-24,38,quantile,0.975,57
2026-10-03,wk inc flu hosp,3,2026-10-24,38,quantile,0.99,81
2026-10-03,wk inc flu hosp,0,2026-10-03,39,quantile,0.01,13
2026-10-03,wk inc flu hosp,0,2026-10-03,39,quantile,0.025,16
2026-10-03,wk inc flu hosp,0,2026-10-03,39,quantile,0.05,19
2026-10-03,wk inc flu hosp,0,2026-10-03,39,quantile,0.1,23
2026-10-03,wk inc flu hosp,0,2026-10-03,39,quantile,0.15,26
2026-10-03,wk inc flu hosp,0,2026-10-03,39,quantile,0.2,29
2026-10-03,wk inc flu hosp,0,2026-10-03,39,quantile,0.25,32
2026-10-03,wk inc flu hosp,0,2026-10-03,39,quantile,0.3,35
2026-10-03,wk inc flu hosp,0,2026-10-03,39,quantile,0.35,37
2026-10-03,wk inc flu hosp,0,2026-10-03,39,quantile,0.4,40
2026-10-03,wk inc flu hosp,0,2026-10-03,39,quantile,0.45,43
2026-10-03,wk inc flu hosp,0,2026-10-03,39,quantile,0.5,46
2026-10-03,wk inc flu hosp,0,2026-10-03,39,quantile,0.55,49
2026-10-03,wk inc flu hosp,0,2026-10-03,39,quantile,0.6,53
2026-10-03,wk inc flu hosp,0,2026-10-03,39,quantile,0.65,57
2026-10-03,wk inc flu hosp,0,2026-10-03,39,quantile,0.7,61
2026-10-03,wk inc flu hosp,0,2026-10-03,39,quantile,0.75,66
2026-10-03,wk inc flu hosp,0,2026-10-03,39,quantile,0.8,72
2026-10-03,wk inc flu hosp,0,2026-10-03,39,quantile,0.85,81
2026-10-03,wk inc flu hosp,0,2026-10-03,39,quantile,0.9,92
2026-10-03,wk inc flu hosp,0,2026-10-03,39,quantile,0.95,112
2026-10-03,wk inc flu hosp,0,2026-10-03,39,quantile,0.975,133
2026-10-03,wk inc flu hosp,0,2026-10-03,39,quantile,0.99,163
2026-10-03,wk inc flu hosp,1,2026-10-10,39,quantile,0.01,11
2026-10-03,wk inc flu hosp,1,2026-10-10,39,quantile,0.025,14
2026-10-03,wk inc flu hosp,1,2026-10-10,39,quantile,0.05,18
2026-10-03,wk inc flu hosp,1,2026-10-10,39,quantile,0.1,23
2026-10-03,wk inc flu hosp,1,2026-10-10,39,quantile,0.15,27
2026-10-03,wk inc flu hosp,1,2026-10-10,39,quantile,0.2,31
2026-10-03,wk inc flu hosp,1,2026-10-10,39,quantile,0.25,35
2026-10-03,wk inc flu hosp,1,2026-10-10,39,quantile,0.3,38
2026-10-03,wk inc flu hosp,1,2026-10-10,39,quantile,0.35,42
2026-10-03,wk inc flu hosp,1,2026-10-10,39,quantile,0.4,45
2026-10-03,wk inc flu hosp,1,2026-10-10,39,quantile,0.45,49
2026-10-03,wk inc flu hosp,1,2026-10-10,39,quantile,0.5,53
2026-10-03,wk inc flu hosp,1,2026-10-10,39,quantile,0.55,58
2026-10-03,wk inc flu hosp,1,2026-10-10,39,quantile,0.6,64
2026-10-03,wk inc flu hosp,1,2026-10-10,39,quantile,0.65,70
2026-10-03,wk inc flu hosp,1,2026-10-10,39,quantile,0.7,76
2026-10-03,wk inc flu hosp,1,2026-10-10,39,quantile,0.75,84
2026-10-03,wk inc flu hosp,1,2026-10-10,39,quantile,0.8,94
2026-10-03,wk inc flu hosp,1,2026-10-10,39,quantile,0.85,107
2026-10-03,wk inc flu hosp,1,2026-10-10,39,quantile,0.9,125
2026-10-03,wk inc flu hosp,1,2026-10-10,39,quantile,0.95,159
2026-10-03,wk inc flu hosp,1,2026-10-10,39,quantile,0.975,195
2026-10-03,wk inc flu hosp,1,2026-10-10,39,quantile,0.99,249
2026-10-03,wk inc flu hosp,2,2026-10-17,39,quantile,0.01,10
2026-10-03,wk inc flu hosp,2,2026-10-17,39,quantile,0.025,14
2026-10-03,wk inc flu hosp,2,2026-10-17,39,quantile,0.05,18
2026-10-03,wk inc flu hosp,2,2026-10-17,39,quantile,0.1,24
2026-10-03,wk inc flu hosp,2,2026-10-17,39,quantile,0.15,29
2026-10-03,wk inc flu hosp,2,2026-10-17,39,quantile,0.2,34
2026-10-03,wk inc flu hosp,2,2026-10-17,39,quantile,0.25,39
2026-10-03,wk inc flu hosp,2,2026-10-17,39,quantile,0.3,44
2026-10-03,wk inc flu hosp,2,2026-10-17,39,quantile,0.35,49
2026-10-03,wk inc flu hosp,2,2026-10-17,39,quantile,0.4,54
2026-10-03,wk inc flu hosp,2,2026-10-17,39,quantile,0.45,60
2026-10-03,wk inc flu hosp,2,2026-10-17,39,quantile,0.5,66
2026-10-03,wk inc flu hosp,2,2026-10-17,39,quantile,0.55,73
2026-10-03,wk inc flu hosp,2,2026-10-17,39,quantile,0.6,81
2026-10-03,wk inc flu hosp,2,2026-10-17,39,quantile,0.65,89
2026-10-03,wk inc flu hosp,2,2026-10-17,39,quantile,0.7,100
2026-10-03,wk inc flu hosp,2,2026-10-17,39,quantile,0.75,114
2026-10-03,wk inc flu hosp,2,2026-10-17,39,quantile,0.8,130
2026-10-03,wk inc flu hosp,2,2026-10-17,39,quantile,0.85,152
2026-10-03,wk inc flu hosp,2,2026-10-17,39,quantile,0.9,185
2026-10-03,wk inc flu hosp,2,2026-10-17,39,quantile,0.95,245
2026-10-03,wk inc flu hosp,2,2026-10-17,39,quantile,0.975,315
2026-10-03,wk inc flu hosp,2,2026-10-17,39,quantile,0.99,422
2026-10-03,wk inc flu hosp,3,2026-10-24,39,quantile,0.01,10
2026-10-03,wk inc flu hosp,3,2026-10-24,39,quantile,0.025,14
2026-10-03,wk inc flu hosp,3,2026-10-24,39,quantile,0.05,19
2026-10-03,wk inc flu hosp,3,2026-10-24,39,quantile,0.1,26
2026-10-03,wk inc flu hosp,3,2026-10-24,39,quantile,0.15,33
2026-10-03,wk inc flu hosp,3,2026-10-24,39,quantile,0.2,39
2026-10-03,wk inc flu hosp,3,2026-10-24,39,quantile,0.25,45
2026-10-03,wk inc flu hosp,3,2026-10-24,39,quantile,0.3,52
2026-10-03,wk inc flu hosp,3,2026-10-24,39,quantile,0.35,59
2026-10-03,wk inc flu hosp,3,2026-10-24,39,quantile,0.4,66
2026-10-03,wk inc flu hosp,3,2026-10-24,39,quantile,0.45,74
2026-10-03,wk inc flu hosp,3,2026-10-24,39,quantile,0.5,83
2026-10-03,wk inc flu hosp,3,2026-10-24,39,quantile,0.55,94
2026-10-03,wk inc flu hosp,3,2026-10-24,39,quantile,0.6,106
2026-10-03,wk inc flu hosp,3,2026-10-24,39,quantile,0.65,119
2026-10-03,wk inc flu hosp,3,2026-10-24,39,quantile,0.7,135
2026-10-03,wk inc flu hosp,3,2026-10-24,39,quantile,0.75,156
2026-10-03,wk inc flu hosp,3,2026-10-24,39,quantile,0.8,183
2026-10-03,wk inc flu hosp,3,2026-10-24,39,quantile,0.85,216
2026-10-03,wk inc flu hosp,3,2026-10-24,39,quantile,0.9,272
2026-10-03,wk inc flu hosp,3,2026-10-24,39,quantile,0.95,379
2026-10-03,wk inc flu hosp,3,2026-10-24,39,quantile,0.975,498
2026-10-03,wk inc flu hosp,3,2026-10-24,39,quantile,0.99,698
2026-10-03,wk inc flu hosp,0,2026-10-03,40,quantile,0.01,3
2026-10-03,wk inc flu hosp,0,2026-10-03,40,quantile,0.025,4
2026-10-03,wk inc flu hosp,0,2026-10-03,40,quantile,0.05,5
2026-10-03,wk inc flu hosp,0,2026-10-03,40,quantile,0.1,7
2026-10-03,wk inc flu hosp,0,2026-10-03,40,quantile,0.15,8
2026-10-03,wk inc flu hosp,0,2026-10-03,40,quantile,0.2,9
2026-10-03,wk inc flu hosp,0,2026-10-03,40,quantile,0.25,9
2026-10-03,wk inc flu hosp,0,2026-10-03,40,quantile,0.3,10
2026-10-03,wk inc flu hosp,0,2026-10-03,40,quantile,0.35,11
2026-10-03,wk inc flu hosp,0,2026-10-03,40,quantile,0.4,12
2026-10-03,wk inc flu hosp,0,2026-10-03,40,quantile,0.45,13
2026-10-03,wk inc flu hosp,0,2026-10-03,40,quantile,0.5,14
2026-10-03,wk inc flu hosp,0,2026-10-03,40,quantile,0.55,15
2026-10-03,wk inc flu hosp,0,2026-10-03,40,quantile,0.6,16
2026-10-03,wk inc flu hosp,0,2026-10-03,40,quantile,0.65,17
2026-10-03,wk inc flu hosp,0,2026-10-03,40,quantile,0.7,19
2026-10-03,wk inc flu hosp,0,2026-10-03,40,quantile,0.75,20
2026-10-03,wk inc flu hosp,0,2026-10-03,40,quantile,0.8,22
2026-10-03,wk inc flu hosp,0,2026-10-03,40,quantile,0.85,25
2026-10-03,wk inc flu hosp,0,2026-10-03,40,quantile,0.9,28
2026-10-03,wk inc flu hosp,0,2026-10-03,40,quantile,0.95,34
2026-10-03,wk inc flu hosp,0,2026-10-03,40,quantile,0.975,41
2026-10-03,wk inc flu hosp,0,2026-10-03,40,quantile,0.99,49
2026-10-03,wk inc flu hosp,1,2026-10-10,40,quantile,0.01,3
2026-10-03,wk inc flu hosp,1,2026-10-10,40,quantile,0.025,4
2026-10-03,wk inc flu hosp,1,2026-10-10,40,quantile,0.05,6
2026-10-03,wk inc flu hosp,1,2026-10-10,40,quantile,0.1,7
2026-10-03,wk inc flu hosp,1,2026-10-10,40,quantile,0.15,8
2026-10-03,wk inc flu hosp,1,2026-10-10,40,quantile,0.2,10
2026-10-03,wk inc flu hosp,1,2026-10-10,40,quantile,0.25,11
2026-10-03,wk inc flu hosp,1,2026-10-10,40,quantile,0.3,12
2026-10-03,wk inc flu hosp,1,2026-10-10,40,quantile,0.35,13
2026-10-03,wk inc flu hosp,1,2026-10-10,40,quantile,0.4,14
2026-10-03,wk inc flu hosp,1,2026-10-10,40,quantile,0.45,15
2026-10-03,wk inc flu hosp,1,2026-10-10,40,quantile,0.5,17
2026-10-03,wk inc flu hosp,1,2026-10-10,40,quantile,0.55,18
2026-10-03,wk inc flu hosp,1,2026-10-10,40,quantile,0.6,20
2026-10-03,wk inc flu hosp,1,2026-10-10,40,quantile,0.65,22
2026-10-03,wk inc flu hosp,1,2026-10-10,40,quantile,0.7,24
2026-10-03,wk inc flu hosp,1,2026-10-10,40,quantile,0.75,26
2026-10-03,wk inc flu hosp,1,2026-10-10,40,quantile,0.8,29
2026-10-03,wk inc flu hosp,1,2026-10-10,40,quantile,0.85,33
2026-10-03,wk inc flu hosp,1,2026-10-10,40,quantile,0.9,39
2026-10-03,wk inc flu hosp,1,2026-10-10,40,quantile,0.95,48
2026-10-03,wk inc flu hosp,1,2026-10-10,40,quantile,0.975,59
2026-10-03,wk inc flu hosp,1,2026-10-10,40,quantile,0.99,74
2026-10-03,wk inc flu hosp,2,2026-10-17,40,quantile,0.01,3
2026-10-03,wk inc flu hosp,2,2026-10-17,40,quantile,0.025,4
2026-10-03,wk inc flu hosp,2,2026-10-17,40,quantile,0.05,6
2026-10-03,wk inc flu hosp,2,2026-10-17,40,quantile,0.1,8
2026-10-03,wk inc flu hosp,2,2026-10-17,40,quantile,0.15,10
2026-10-03,wk inc flu hosp,2,2026-10-17,40,quantile,0.2,11
2026-10-03,wk inc flu hosp,2,2026-10-17,40,quantile,0.25,13
2026-10-03,wk inc flu hosp,2,2026-10-17,40,quantile,0.3,14
2026-10-03,wk inc flu hosp,2,2026-10-17,40,quantile,0.35,16
2026-10-03,wk inc flu hosp,2,2026-10-17,40,quantile,0.4,18
2026-10-03,wk inc flu hosp,2,2026-10-17,40,quantile,0.45,19
2026-10-03,wk inc flu hosp,2,2026-10-17,40,quantile,0.5,21
2026-10-03,wk inc flu hosp,2,2026-10-17,40,quantile,0.55,23
2026-10-03,wk inc flu hosp,2,2026-10-17,40,quantile,0.6,26
2026-10-03,wk inc flu hosp,2,2026-10-17,40,quantile,0.65,29
2026-10-03,wk inc flu hosp,2,2026-10-17,40,quantile,0.7,32
2026-10-03,wk inc flu hosp,2,2026-10-17,40,quantile,0.75,36
2026-10-03,wk inc flu hosp,2,2026-10-17,40,quantile,0.8,41
2026-10-03,wk inc flu hosp,2,2026-10-17,40,quantile,0.85,48
2026-10-03,wk inc flu hosp,2,2026-10-17,40,quantile,0.9,58
2026-10-03,wk inc flu hosp,2,2026-10-17,40,quantile,0.95,77
2026-10-03,wk inc flu hosp,2,2026-10-17,40,quantile,0.975,97
2026-10-03,wk inc flu hosp,2,2026-10-17,40,quantile,0.99,127
2026-10-03,wk inc flu hosp,3,2026-10-24,40,quantile,0.01,3
2026-10-03,wk inc flu hosp,3,2026-10-24,40,quantile,0.025,5
2026-10-03,wk inc flu hosp,3,2026-10-24,40,quantile,0.05,6
2026-10-03,wk inc flu hosp,3,2026-10-24,40,quantile,0.1,9
2026-10-03,wk inc flu hosp,3,2026-10-24,40,quantile,0.15,11
2026-10-03,wk inc flu hosp,3,2026-10-24,40,quantile,0.2,13
2026-10-03,wk inc flu hosp,3,2026-10-24,40,quantile,0.25,16
2026-10-03,wk inc flu hosp,3,2026-10-24,40,quantile,0.3,18
2026-10-03,wk inc flu hosp,3,2026-10-24,40,quantile,0.35,20
2026-10-03,wk inc flu hosp,3,2026-10-24,40,quantile,0.4,22
2026-10-03,wk inc flu hosp,3,2026-10-24,40,quantile,0.45,25
2026-10-03,wk inc flu hosp,3,2026-10-24,40,quantile,0.5,28
2026-10-03,wk inc flu hosp,3,2026-10-24,40,quantile,0.55,32
2026-10-03,wk inc flu hosp,3,2026-10-24,40,quantile,0.6,36
2026-10-03,wk inc flu hosp,3,2026-10-24,40,quantile,0.65,41
2026-10-03,wk inc flu hosp,3,2026-10-24,40,quantile,0.7,46
2026-10-03,wk inc flu hosp,3,2026-10-24,40,quantile,0.75,53
2026-10-03,wk inc flu hosp,3,2026-10-24,40,quantile,0.8,61
2026-10-03,wk inc flu hosp,3,2026-10-24,40,quantile,0.85,72
2026-10-03,wk inc flu hosp,3,2026-10-24,40,quantile,0.9,89
2026-10-03,wk inc flu hosp,3,2026-10-24,40,quantile,0.95,122
2026-10-03,wk inc flu hosp,3,2026-10-24,40,quantile,0.975,161
2026-10-03,wk inc flu hosp,3,2026-10-24,40,quantile,0.99,222
2026-10-03,wk inc flu hosp,0,2026-10-03,41,quantile,0.01,6
2026-10-03,wk inc flu hosp,0,2026-10-03,41,quantile,0.025,8
2026-10-03,wk inc flu hosp,0,2026-10-03,41,quantile,0.05,10
2026-10-03,wk inc flu hosp,0,2026-10-03,41,quantile,0.1,13
2026-10-03,wk inc flu hosp,0,2026-10-03,41,quantile,0.15,15
2026-10-03,wk inc flu hosp,0,2026-10-03,41,quantile,0.2,17
2026-10-03,wk inc flu hosp,0,2026-10-03,41,quantile,0.25,19
2026-10-03,wk inc flu hosp,0,2026-10-03,41,quantile,0.3,21
2026-10-03,wk inc flu hosp,0,2026-10-03,41,quantile,0.35,23
2026-10-03,wk inc flu hosp,0,2026-10-03,41,quantile,0.4,25
2026-10-03,wk inc flu hosp,0,2026-10-03,41,quantile,0.45,27
2026-10-03,wk inc flu hosp,0,2026-10-03,41,quantile,0.5,30
2026-10-03,wk inc flu hosp,0,2026-10-03,41,quantile,0.55,32
2026-10-03,wk inc flu hosp,0,2026-10-03,41,quantile,0.6,35
2026-10-03,wk inc flu hosp,0,2026-10-03,41,quantile,0.65,38
2026-10-03,wk inc flu hosp,0,2026-10-03,41,quantile,0.7,41
2026-10-03,wk inc flu hosp,0,2026-10-03,41,quantile,0.75,45
2026-10-03,wk inc flu hosp,0,2026-10-03,41,quantile,0.8,50
2026-10-03,wk inc flu hosp,0,2026-10-03,41,quantile,0.85,57
2026-10-03,wk inc flu hosp,0,2026-10-03,41,quantile,0.9,66
2026-10-03,wk inc flu hosp,0,2026-10-03,41,quantile,0.95,83
2026-10-03,wk inc flu hosp,0,2026-10-03,41,quantile,0.975,100
2026-10-03,wk inc flu hosp,0,2026-10-03,41,quantile,0.99,125
2026-10-03,wk inc flu hosp,1,2026-10-10,41,quantile,0.01,5
2026-10-03,wk inc flu hosp,1,2026-10-10,41,quantile,0.025,7
2026-10-03,wk inc flu hosp,1,2026-10-10,41,quantile,0.05,9
2026-10-03,wk inc flu hosp,1,2026-10-10,41,quantile,0.1,12
2026-10-03,wk inc flu hosp,1,2026-10-10,41,quantile,0.15,15
2026-10-03,wk inc flu hosp,1,2026-10-10,41,quantile,0.2,18
2026-10-03,wk inc flu hosp,1,2026-10-10,41,quantile,0.25,20
2026-10-03,wk inc flu hosp,1,2026-10-10,41,quantile,0.3,23
2026-10-03,wk inc flu hosp,1,2026-10-10,41,quantile,0.35,25
2026-10-03,wk inc flu hosp,1,2026-10-10,41,quantile,0.4,28
2026-10-03,wk inc flu hosp,1,2026-10-10,41,quantile,0.45,30
2026-10-03,wk inc flu hosp,1,2026-10-10,41,quantile,0.5,33
2026-10-03,wk inc flu hosp,1,2026-10-10,41,quantile,0.55,37
2026-10-03,wk inc flu hosp,1,2026-10-10,41,quantile,0.6,41
2026-10-03,wk inc flu hosp,1,2026-10-10,41,quantile,0.65,45
2026-10-03,wk inc flu hosp,1,2026-10-10,41,quantile,0.7,50
2026-10-03,wk inc flu hosp,1,2026-10-10,41,quantile,0.75,56
2026-10-03,wk inc flu hosp,1,2026-10-10,41,quantile,0.8,63
2026-10-03,wk inc flu hosp,1,2026-10-10,41,quantile,0.85,73
2026-10-03,wk inc flu hosp,1,2026-10-10,41,quantile,0.9,88
2026-10-03,wk inc flu hosp,1,2026-10-10,41,quantile,0.95,115
2026-10-03,wk inc flu hosp,1,2026-10-10,41,quantile,0.975,145
2026-10-03,wk inc flu hosp,1,2026-10-10,41,quantile,0.99,190
2026-10-03,wk inc flu hosp,2,2026-10-17,41,quantile,0.01,5
2026-10-03,wk inc flu hosp,2,2026-10-17,41,quantile,0.025,7
2026-10-03,wk inc flu hosp,2,2026-10-17,41,quantile,0.05,9
2026-10-03,wk inc flu hosp,2,2026-10-17,41,quantile,0.1,13
2026-10-03,wk inc flu hosp,2,2026-10-17,41,quantile,0.15,17
2026-10-03,wk inc flu hosp,2,2026-10-17,41,quantile,0.2,20
2026-10-03,wk inc flu hosp,2,2026-10-17,41,quantile,0.25,23
2026-10-03,wk inc flu hosp,2,2026-10-17,41,quantile,0.3,26
2026-10-03,wk inc flu hosp,2,2026-10-17,41,quantile,0.35,30
2026-10-03,wk inc flu hosp,2,2026-10-17,41,quantile,0.4,33
2026-10-03,wk inc flu hosp,2,2026-10-17,41,quantile,0.45,37
2026-10-03,wk inc flu hosp,2,2026-10-17,41,quantile,0.5,41
2026-10-03,wk inc flu hosp,2,2026-10-17,41,quantile,0.55,45
2026-10-03,wk inc flu hosp,2,2026-10-17,41,quantile,0.6,51
2026-10-03,wk inc flu hosp,2,2026-10-17,41,quantile,0.65,57
2026-10-03,wk inc flu hosp,2,2026-10-17,41,quantile,0.7,64
2026-10-03,wk inc flu hosp,2,2026-10-17,41,quantile,0.75,73
2026-10-03,wk inc flu hosp,2,2026-10-17,41,quantile,0.8,85
2026-10-03,wk inc flu hosp,2,2026-10-17,41,quantile,0.85,100
2026-10-03,wk inc flu hosp,2,2026-10-17,41,quantile,0.9,124
2026-10-03,wk inc flu hosp,2,2026-10-17,41,quantile,0.95,168
2026-10-03,wk inc flu hosp,2,2026-10-17,41,quantile,0.975,220
2026-10-03,wk inc flu hosp,2,2026-10-17,41,quantile,0.99,301
2026-10-03,wk inc flu hosp,3,2026-10-24,41,quantile,0.01,5
2026-10-03,wk inc flu hosp,3,2026-10-24,41,quantile,0.025,7
2026-10-03,wk inc flu hosp,3,2026-10-24,41,quantile,0.05,10
2026-10-03,wk inc flu hosp,3,2026-10-24,41,quantile,0.1,15
2026-10-03,wk inc flu hosp,3,2026-10-24,41,quantile,0.15,19
2026-10-03,wk inc flu hosp,3,2026-10-24,41,quantile,0.2,23
2026-10-03,wk inc flu hosp,3,2026-10-24,41,quantile,0.25,27
2026-10-03,wk inc flu hosp,3,2026-10-24,41,quantile,0.3,31
2026-10-03,wk inc flu hosp,3,2026-10-24,41,quantile,0.35,36
2026-10-03,wk inc flu hosp,3,2026-10-24,41,quantile,0.4,40
2026-10-03,wk inc flu hosp,3,2026-10-24,41,quantile,0.45,46
2026-10-03,wk inc flu hosp,3,2026-10-24,41,quantile,0.5,52
2026-10-03,wk inc flu hosp,3,2026-10-24,41,quantile,0.55,58
2026-10-03,wk inc flu hosp,3,2026-10-24,41,quantile,0.6,66
2026-10-03,wk inc flu hosp,3,2026-10-24,41,quantile,0.65,75
2026-10-03,wk inc flu hosp,3,2026-10-24,41,quantile,0.7,86
2026-10-03,wk inc flu hosp,3,2026-10-24,41,quantile,0.75,99
2026-10-03,wk inc flu hosp,3,2026-10-24,41,quantile,0.8,116
2026-10-03,wk inc flu hosp,3,2026-10-24,41,quantile,0.85,142
2026-10-03,wk inc flu hosp,3,2026-10-24,41,quantile,0.9,180
2026-10-03,wk inc flu hosp,3,2026-10-24,41,quantile,0.95,257
2026-10-03,wk inc flu hosp,3,2026-10-24,41,quantile,0.975,350
2026-10-03,wk inc flu hosp,3,2026-10-24,41,quantile,0.99,502
2026-10-03,wk inc flu hosp,0,2026-10-03,42,quantile,0.01,95
2026-10-03,wk inc flu hosp,0,2026-10-03,42,quantile,0.025,107
2026-10-03,wk inc flu hosp,0,2026-10-03,42,quantile,0.05,118
2026-10-03,wk inc flu hosp,0,2026-10-03,42,quantile,0.1,132
2026-10-03,wk inc flu hosp,0,2026-10-03,42,quantile,0.15,142
2026-10-03,wk inc flu hosp,0,2026-10-03,42,quantile,0.2,151
2026-10-03,wk inc flu hosp,0,2026-10-03,42,quantile,0.25,159
2026-10-03,wk inc flu hosp,0,2026-10-03,42,quantile,0.3,167
2026-10-03,wk inc flu hosp,0,2026-10-03,42,quantile,0.35,174
2026-10-03,wk inc flu hosp,0,2026-10-03,42,quantile,0.4,181
2026-10-03,wk inc flu hosp,0,2026-10-03,42,quantile,0.45,189
2026-10-03,wk inc flu hosp,0,2026-10-03,42,quantile,0.5,196
2026-10-03,wk inc flu hosp,0,2026-10-03,42,quantile,0.55,203
2026-10-03,wk inc flu hosp,0,2026-10-03,42,quantile,0.6,211
2026-10-03,wk inc flu hosp,0,2026-10-03,42,quantile,0.65,220
2026-10-03,wk inc flu hosp,0,2026-10-03,42,quantile,0.7,230
2026-10-03,wk inc flu hosp,0,2026-10-03,42,quantile,0.75,242
2026-10-03,wk inc flu hosp,0,2026-10-03,42,quantile,0.8,256
2026-10-03,wk inc flu hosp,0,2026-10-03,42,quantile,0.85,273
2026-10-03,wk inc flu hosp,0,2026-10-03,42,quantile,0.9,293
2026-10-03,wk inc flu hosp,0,2026-10-03,42,quantile,0.95,328
2026-10-03,wk inc flu hosp,0,2026-10-03,42,quantile,0.975,361
2026-10-03,wk inc flu hosp,0,2026-10-03,42,quantile,0.99,404
2026-10-03,wk inc flu hosp,1,2026-10-10,42,quantile,0.01,85
2026-10-03,wk inc flu hosp,1,2026-10-10,42,quantile,0.025,99
2026-10-03,wk inc flu hosp,1,2026-10-10,42,quantile,0.05,113
2026-10-03,wk inc flu hosp,1,2026-10-10,42,quantile,0.1,131
2026-10-03,wk inc flu hosp,1,2026-10-10,42,quantile,0.15,145
2026-10-03,wk inc flu hosp,1,2026-10-10,42,quantile,0.2,157
2026-10-03,wk inc flu hosp,1,2026-10-10,42,quantile,0.25,168
2026-10-03,wk inc flu hosp,1,2026-10-10,42,quantile,0.3,178
2026-10-03,wk inc flu hosp,1,2026-10-10,42,quantile,0.35,189
2026-10-03,wk inc flu hosp,1,2026-10-10,42,quantile,0.4,200
2026-10-03,wk inc flu hosp,1,2026-10-10,42,quantile,0.45,212
2026-10-03,wk inc flu hosp,1,2026-10-10,42,quantile,0.5,223
2026-10-03,wk inc flu hosp,1,2026-10-10,42,quantile,0.55,236
2026-10-03,wk inc flu hosp,1,2026-10-10,42,quantile,0.6,249
2026-10-03,wk inc flu hosp,1,2026-10-10,42,quantile,0.65,264
2026-10-03,wk inc flu hosp,1,2026-10-10,42,quantile,0.7,281
2026-10-03,wk inc flu hosp,1,2026-10-10,42,quantile,0.75,297
2026-10-03,wk inc flu hosp,1,2026-10-10,42,quantile,0.8,319
2026-10-03,wk inc flu hosp,1,2026-10-10,42,quantile,0.85,343
2026-10-03,wk inc flu hosp,1,2026-10-10,42,quantile,0.9,381
2026-10-03,wk inc flu hosp,1,2026-10-10,42,quantile,0.95,444
2026-10-03,wk inc flu hosp,1,2026-10-10,42,quantile,0.975,509
2026-10-03,wk inc flu hosp,1,2026-10-10,42,quantile,0.99,595
2026-10-03,wk inc flu hosp,2,2026-10-17,42,quantile,0.01,78
2026-10-03,wk inc flu hosp,2,2026-10-17,42,quantile,0.025,96
2026-10-03,wk inc flu hosp,2,2026-10-17,42,quantile,0.05,113
2026-10-03,wk inc flu hosp,2,2026-10-17,42,quantile,0.1,137
2026-10-03,wk inc flu hosp,2,2026-10-17,42,quantile,0.15,156
2026-10-03,wk inc flu hosp,2,2026-10-17,42,quantile,0.2,173
2026-10-03,wk inc flu hosp,2,2026-10-17,42,quantile,0.25,190
2026-10-03,wk inc flu hosp,2,2026-10-17,42,quantile,0.3,205
2026-10-03,wk inc flu hosp,2,2026-10-17,42,quantile,0.35,221
2026-10-03,wk inc flu hosp,2,2026-10-17,42,quantile,0.4,237
2026-10-03,wk inc flu hosp,2,2026-10-17,42,quantile,0.45,254
2026-10-03,wk inc flu hosp,2,2026-10-17,42,quantile,0.5,271
2026-10-03,wk inc flu hosp,2,2026-10-17,42,quantile,0.55,291
2026-10-03,wk inc flu hosp,2,2026-10-17,42,quantile,0.6,312
2026-10-03,wk inc flu hosp,2,2026-10-17,42,quantile,0.65,335
2026-10-03,wk inc flu hosp,2,2026-10-17,42,quantile,0.7,363
2026-10-03,wk inc flu hosp,2,2026-10-17,42,quantile,0.75,395
2026-10-03,wk inc flu hosp,2,2026-10-17,42,quantile,0.8,430
2026-10-03,wk inc flu hosp,2,2026-10-17,42,quantile,0.85,478
2026-10-03,wk inc flu hosp,2,2026-10-17,42,quantile,0.9,547
2026-10-03,wk inc flu hosp,2,2026-10-17,42,quantile,0.95,671
2026-10-03,wk inc flu hosp,2,2026-10-17,42,quantile,0.975,791
2026-10-03,wk inc flu hosp,2,2026-10-17,42,quantile,0.99,960
2026-10-03,wk inc flu hosp,3,2026-10-24,42,quantile,0.01,77
2026-10-03,wk inc flu hosp,3,2026-10-24,42,quantile,0.025,97
2026-10-03,wk inc flu hosp,3,2026-10-24,42,quantile,0.05,118
2026-10-03,wk inc flu hosp,3,2026-10-24,42,quantile,0.1,147
2026-10-03,wk inc flu hosp,3,2026-10-24,42,quantile,0.15,173
2026-10-03,wk inc flu hosp,3,2026-10-24,42,quantile,0.2,193
2026-10-03,wk inc flu hosp,3,2026-10-24,42,quantile,0.25,215
2026-10-03,wk inc flu hosp,3,2026-10-24,42,quantile,0.3,236
2026-10-03,wk inc flu hosp,3,2026-10-24,42,quantile,0.35,258
2026-10-03,wk inc flu hosp,3,2026-10-24,42,quantile,0.4,282
2026-10-03,wk inc flu hosp,3,2026-10-24,42,quantile,0.45,306
2026-10-03,wk inc flu hosp,3,2026-10-24,42,quantile,0.5,331
2026-10-03,wk inc flu hosp,3,2026-10-24,42,quantile,0.55,358
2026-10-03,wk inc flu hosp,3,2026-10-24,42,quantile,0.6,390
2026-10-03,wk inc flu hosp,3,2026-10-24,42,quantile,0.65,425
2026-10-03,wk inc flu hosp,3,2026-10-24,42,quantile,0.7,464
2026-10-03,wk inc flu hosp,3,2026-10-24,42,quantile,0.75,508
2026-10-03,wk inc flu hosp,3,2026-10-24,42,quantile,0.8,559
2026-10-03,wk inc flu hosp,3,2026-10-24,42,quantile,0.85,630
2026-10-03,wk inc flu hosp,3,2026-10-24,42,quantile,0.9,742
2026-10-03,wk inc flu hosp,3,2026-10-24,42,quantile,0.95,945
2026-10-03,wk inc flu hosp,3,2026-10-24,42,quantile,0.975,1158
2026-10-03,wk inc flu hosp,3,2026-10-24,42,quantile,0.99,1450
2026-10-03,wk inc flu hosp,0,2026-10-03,44,quantile,0.01,0
2026-10-03,wk inc flu hosp,0,2026-10-03,44,quantile,0.025,0
2026-10-03,wk inc flu hosp,0,2026-10-03,44,quantile,0.05,0
2026-10-03,wk inc flu hosp,0,2026-10-03,44,quantile,0.1,1
2026-10-03,wk inc flu hosp,0,2026-10-03,44,quantile,0.15,1
2026-10-03,wk inc flu hosp,0,2026-10-03,44,quantile,0.2,1
2026-10-03,wk inc flu hosp,0,2026-10-03,44,quantile,0.25,2
2026-10-03,wk inc flu hosp,0,2026-10-03,44,quantile,0.3,2
2026-10-03,wk inc flu hosp,0,2026-10-03,44,quantile,0.35,2
2026-10-03,wk inc flu hosp,0,2026-10-03,44,quantile,0.4,3
2026-10-03,wk inc flu hosp,0,2026-10-03,44,quantile,0.45,3
2026-10-03,wk inc flu hosp,0,2026-10-03,44,quantile,0.5,3
2026-10-03,wk inc flu hosp,0,2026-10-03,44,quantile,0.55,4
2026-10-03,wk inc flu hosp,0,2026-10-03,44,quantile,0.6,4
2026-10-03,wk inc flu hosp,0,2026-10-03,44,quantile,0.65,5
2026-10-03,wk inc flu hosp,0,2026-10-03,44,quantile,0.7,5
2026-10-03,wk inc flu hosp,0,2026-10-03,44,quantile,0.75,6
2026-10-03,wk inc flu hosp,0,2026-10-03,44,quantile,0.8,7
2026-10-03,wk inc flu hosp,0,2026-10-03,44,quantile,0.85,8
2026-10-03,wk inc flu hosp,0,2026-10-03,44,quantile,0.9,9
2026-10-03,wk inc flu hosp,0,2026-10-03,44,quantile,0.95,12
2026-10-03,wk inc flu hosp,0,2026-10-03,44,quantile,0.975,15
2026-10-03,wk inc flu hosp,0,2026-10-03,44,quantile,0.99,20
2026-10-03,wk inc flu hosp,1,2026-10-10,44,quantile,0.01,0
2026-10-03,wk inc flu hosp,1,2026-10-10,44,quantile,0.025,0
2026-10-03,wk inc flu hosp,1,2026-10-10,44,quantile,0.05,0
2026-10-03,wk inc flu hosp,1,2026-10-10,44,quantile,0.1,1
2026-10-03,wk inc flu hosp,1,2026-10-10,44,quantile,0.15,1
2026-10-03,wk inc flu hosp,1,2026-10-10,44,quantile,0.2,2
2026-10-03,wk inc flu hosp,1,2026-10-10,44,quantile,0.25,2
2026-10-03,wk inc flu hosp,1,2026-10-10,44,quantile,0.3,2
2026-10-03,wk inc flu hosp,1,2026-10-10,44,quantile,0.35,3
2026-10-03,wk inc flu hosp,1,2026-10-10,44,quantile,0.4,3
2026-10-03,wk inc flu hosp,1,2026-10-10,44,quantile,0.45,4
2026-10-03,wk inc flu hosp,1,2026-10-10,44,quantile,0.5,4
2026-10-03,wk inc flu hosp,1,2026-10-10,44,quantile,0.55,5
2026-10-03,wk inc flu hosp,1,2026-10-10,44,quantile,0.6,5
2026-10-03,wk inc flu hosp,1,2026-10-10,44,quantile,0.65,6
2026-10-03,wk inc flu hosp,1,2026-10-10,44,quantile,0.7,6
2026-10-03,wk inc flu hosp,1,2026-10-10,44,quantile,0.75,7
2026-10-03,wk inc flu hosp,1,2026-10-10,44,quantile,0.8,9
2026-10-03,wk inc flu hosp,1,2026-10-10,44,quantile,0.85,10
2026-10-03,wk inc flu hosp,1,2026-10-10,44,quantile,0.9,13
2026-10-03,wk inc flu hosp,1,2026-10-10,44,quantile,0.95,17
2026-10-03,wk inc flu hosp,1,2026-10-10,44,quantile,0.975,22
2026-10-03,wk inc flu hosp,1,2026-10-10,44,quantile,0.99,29
2026-10-03,wk inc flu hosp,2,2026-10-17,44,quantile,0.01,0
2026-10-03,wk inc flu hosp,2,2026-10-17,44,quantile,0.025,0
2026-10-03,wk inc flu hosp,2,2026-10-17,44,quantile,0.05,0
2026-10-03,wk inc flu hosp,2,2026-10-17,44,quantile,0.1,1
2026-10-03,wk inc flu hosp,2,2026-10-17,44,quantile,0.15,1
2026-10-03,wk inc flu hosp,2,2026-10-17,44,quantile,0.2,2
2026-10-03,wk inc flu hosp,2,2026-10-17,44,quantile,0.25,2
2026-10-03,wk inc flu hosp,2,2026-10-17,44,quantile,0.3,3
2026-10-03,wk inc flu hosp,2,2026-10-17,44,quantile,0.35,3
2026-10-03,wk inc flu hosp,2,2026-10-17,44,quantile,0.4,4
2026-10-03,wk inc flu hosp,2,2026-10-17,44,quantile,0.45,4
2026-10-03,wk inc flu hosp,2,2026-10-17,44,quantile,0.5,5
2026-10-03,wk inc flu hosp,2,2026-10-17,44,quantile,0.55,6
2026-10-03,wk inc flu hosp,2,2026-10-17,44,quantile,0.6,6
2026-10-03,wk inc flu hosp,2,2026-10-17,44,quantile,0.65,7
2026-10-03,wk inc flu hosp,2,2026-10-17,44,quantile,0.7,8
2026-10-03,wk inc flu hosp,2,2026-10-17,44,quantile,0.75,10
2026-10-03,wk inc flu hosp,2,2026-10-17,44,quantile,0.8,11
2026-10-03,wk inc flu hosp,2,2026-10-17,44,quantile,0.85,13
2026-10-03,wk inc flu hosp,2,2026-10-17,44,quantile,0.9,17
2026-10-03,wk inc flu hosp,2,2026-10-17,44,quantile,0.95,23
2026-10-03,wk inc flu hosp,2,2026-10-17,44,quantile,0.975,30
2026-10-03,wk inc flu hosp,2,2026-10-17,44,quantile,0.99,42
2026-10-03,wk inc flu hosp,3,2026-10-24,44,quantile,0.01,0
2026-10-03,wk inc flu hosp,3,2026-10-24,44,quantile,0.025,0
2026-10-03,wk inc flu hosp,3,2026-10-24,44,quantile,0.05,1
2026-10-03,wk inc flu hosp,3,2026-10-24,44,quantile,0.1,1
2026-10-03,wk inc flu hosp,3,2026-10-24,44,quantile,0.15,2
2026-10-03,wk inc flu hosp,3,2026-10-24,44,quantile,0.2,2
2026-10-03,wk inc flu hosp,3,2026-10-24,44,quantile,0.25,3
2026-10-03,wk inc flu hosp,3,2026-10-24,44,quantile,0.3,3
2026-10-03,wk inc flu hosp,3,2026-10-24,44,quantile,0.35,4
2026-10-03,wk inc flu hosp,3,2026-10-24,44,quantile,0.4,5
2026-10-03,wk inc flu hosp,3,2026-10-24,44,quantile,0.45,5
2026-10-03,wk inc flu hosp,3,2026-10-24,44,quantile,0.5,6
2026-10-03,wk inc flu hosp,3,2026-10-24,44,quantile,0.55,7
2026-10-03,wk inc flu hosp,3,2026-10-24,44,quantile,0.6,8
2026-10-03,wk inc flu hosp,3,2026-10-24,44,quantile,0.65,10
2026-10-03,wk inc flu hosp,3,2026-10-24,44,quantile,0.7,11
2026-10-03,wk inc flu hosp,3,2026-10-24,44,quantile,0.75,13
2026-10-03,wk inc flu hosp,3,2026-10-24,44,quantile,0.8,15
2026-10-03,wk inc flu hosp,3,2026-10-24,44,quantile,0.85,19
2026-10-03,wk inc flu hosp,3,2026-10-24,44,quantile,0.9,24
2026-10-03,wk inc flu hosp,3,2026-10-24,44,quantile,0.95,34
2026-10-03,wk inc flu hosp,3,2026-10-24,44,quantile,0.975,46
2026-10-03,wk inc flu hosp,3,2026-10-24,44,quantile,0.99,67
2026-10-03,wk inc flu hosp,0,2026-10-03,45,quantile,0.01,7
2026-10-03,wk inc flu hosp,0,2026-10-03,45,quantile,0.025,9
2026-10-03,wk inc flu hosp,0,2026-10-03,45,quantile,0.05,11
2026-10-03,wk inc flu hosp,0,2026-10-03,45,quantile,0.1,14
2026-10-03,wk inc flu hosp,0,2026-10-03,45,quantile,0.15,16
2026-10-03,wk inc flu hosp,0,2026-10-03,45,quantile,0.2,18
2026-10-03,wk inc flu hosp,0,2026-10-03,45,quantile,0.25,21
2026-10-03,wk inc flu hosp,0,2026-10-03,45,quantile,0.3,23
2026-10-03,wk inc flu hosp,0,2026-10-03,45,quantile,0.35,25
2026-10-03,wk inc flu hosp,0,2026-10-03,45,quantile,0.4,27
2026-10-03,wk inc flu hosp,0,2026-10-03,45,quantile,0.45,30
2026-10-03,wk inc flu hosp,0,2026-10-03,45,quantile,0.5,32
2026-10-03,wk inc flu hosp,0,2026-10-03,45,quantile,0.55,35
2026-10-03,wk inc flu hosp,0,2026-10-03,45,quantile,0.6,38
2026-10-03,wk inc flu hosp,0,2026-10-03,45,quantile,0.65,41
2026-10-03,wk inc flu hosp,0,2026-10-03,45,quantile,0.7,45
2026-10-03,wk inc flu hosp,0,2026-10-03,45,quantile,0.75,50
2026-10-03,wk inc flu hosp,0,2026-10-03,45,quantile,0.8,55
2026-10-03,wk inc flu hosp,0,2026-10-03,45,quantile,0.85,62
2026-10-03,wk inc flu hosp,0,2026-10-03,45,quantile,0.9,73
2026-10-03,wk inc flu hosp,0,2026-10-03,45,quantile,0.95,92
2026-10-03,wk inc flu hosp,0,2026-10-03,45,quantile,0.975,112
2026-10-03,wk inc flu hosp,0,2026-10-03,45,quantile,0.99,140
2026-10-03,wk inc flu hosp,1,2026-10-10,45,quantile,0.01,6
2026-10-03,wk inc flu hosp,1,2026-10-10,45,quantile,0.025,8
2026-10-03,wk inc flu hosp,1,2026-10-10,45,quantile,0.05,10
2026-10-03,wk inc flu hosp,1,2026-10-10,45,quantile,0.1,14
2026-10-03,wk inc flu hosp,1,2026-10-10,45,quantile,0.15,17
2026-10-03,wk inc flu hosp,1,2026-10-10,45,quantile,0.2,20
2026-10-03,wk inc flu hosp,1,2026-10-10,45,quantile,0.25,22
2026-10-03,wk inc flu hosp,1,2026-10-10,45,quantile,0.3,25
2026-10-03,wk inc flu hosp,1,2026-10-10,45,quantile,0.35,28
2026-10-03,wk inc flu hosp,1,2026-10-10,45,quantile,0.4,31
2026-10-03,wk inc flu hosp,1,2026-10-10,45,quantile,0.45,34
2026-10-03,wk inc flu hosp,1,2026-10-10,45,quantile,0.5,38
2026-10-03,wk inc flu hosp,1,2026-10-10,45,quantile,0.55,41
2026-10-03,wk inc flu hosp,1,2026-10-10,45,quantile,0.6,46
2026-10-03,wk inc flu hosp,1,2026-10-10,45,quantile,0.65,51
2026-10-03,wk inc flu hosp,1,2026-10-10,45,quantile,0.7,56
2026-10-03,wk inc flu hosp,1,2026-10-10,45,quantile,0.75,63
2026-10-03,wk inc flu hosp,1,2026-10-10,45,quantile,0.8,72
2026-10-03,wk inc flu hosp,1,2026-10-10,45,quantile,0.85,83
2026-10-03,wk inc flu hosp,1,2026-10-10,45,quantile,0.9,99
2026-10-03,wk inc flu hosp,1,2026-10-10,45,quantile,0.95,128
2026-10-03,wk inc flu hosp,1,2026-10-10,45,quantile,0.975,162
2026-10-03,wk inc flu hosp,1,2026-10-10,45,quantile,0.99,212
2026-10-03,wk inc flu hosp,2,2026-10-17,45,quantile,0.01,6
2026-10-03,wk inc flu hosp,2,2026-10-17,45,quantile,0.025,8
2026-10-03,wk inc flu hosp,2,2026-10-17,45,quantile,0.05,11
2026-10-03,wk inc flu hosp,2,2026-10-17,45,quantile,0.1,15
2026-10-03,wk inc flu hosp,2,2026-10-17,45,quantile,0.15,19
2026-10-03,wk inc flu hosp,2,2026-10-17,45,quantile,0.2,22
2026-10-03,wk inc flu hosp,2,2026-10-17,45,quantile,0.25,26
2026-10-03,wk inc flu hosp,2,2026-10-17,45,quantile,0.3,30
2026-10-03,wk inc flu hosp,2,2026-10-17,45,quantile,0.35,33
2026-10-03,wk inc flu hosp,2,2026-10-17,45,quantile,0.4,37
2026-10-03,wk inc flu hosp,2,2026-10-17,45,quantile,0.45,42
2026-10-03,wk inc flu hosp,2,2026-10-17,45,quantile,0.5,47
2026-10-03,wk inc flu hosp,2,2026-10-17,45,quantile,0.55,52
2026-10-03,wk inc flu hosp,2,2026-10-17,45,quantile,0.6,58
2026-10-03,wk inc flu hosp,2,2026-10-17,45,quantile,0.65,65
2026-10-03,wk inc flu hosp,2,2026-10-17,45,quantile,0.7,74
2026-10-03,wk inc flu hosp,2,2026-10-17,45,quantile,0.75,84
2026-10-03,wk inc flu hosp,2,2026-10-17,45,quantile,0.8,96
2026-10-03,wk inc flu hosp,2,2026-10-17,45,quantile,0.85,114
2026-10-03,wk inc flu hosp,2,2026-10-17,45,quantile,0.9,141
2026-10-03,wk inc flu hosp,2,2026-10-17,45,quantile,0.95,191
2026-10-03,wk inc flu hosp,2,2026-10-17,45,quantile,0.975,252
2026-10-03,wk inc flu hosp,2,2026-10-17,45,quantile,0.99,344
2026-10-03,wk inc flu hosp,3,2026-10-24,45,quantile,0.01,6
2026-10-03,wk inc flu hosp,3,2026-10-24,45,quantile,0.025,8
2026-10-03,wk inc flu hosp,3,2026-10-24,45,quantile,0.05,12
2026-10-03,wk inc flu hosp,3,2026-10-24,45,quantile,0.1,17
2026-10-03,wk inc flu hosp,3,2026-10-24,45,quantile,0.15,22
2026-10-03,wk inc flu hosp,3,2026-10-24,45,quantile,0.2,26
2026-10-03,wk inc flu hosp,3,2026-10-24,45,quantile,0.25,30
2026-10-03,wk inc flu hosp,3,2026-10-24,45,quantile,0.3,35
2026-10-03,wk inc flu hosp,3,2026-10-24,45,quantile,0.35,40
2026-10-03,wk inc flu hosp,3,2026-10-24,45,quantile,0.4,46
2026-10-03,wk inc flu hosp,3,2026-10-24,45,quantile,0.45,52
2026-10-03,wk inc flu hosp,3,2026-10-24,45,quantile,0.5,59
2026-10-03,wk inc flu hosp,3,2026-10-24,45,quantile,0.55,67
2026-10-03,wk inc flu hosp,3,2026-10-24,45,quantile,0.6,76
2026-10-03,wk inc flu hosp,3,2026-10-24,45,quantile,0.65,86
2026-10-03,wk inc flu hosp,3,2026-10-24,45,quantile,0.7,99
2026-10-03,wk inc flu hosp,3,2026-10-24,45,quantile,0.75,114
2026-10-03,wk inc flu hosp,3,2026-10-24,45,quantile,0.8,134
2026-10-03,wk inc flu hosp,3,2026-10-24,45,quantile,0.85,163
2026-10-03,wk inc flu hosp,3,2026-10-24,45,quantile,0.9,205
2026-10-03,wk inc flu hosp,3,2026-10-24,45,quantile,0.95,289
2026-10-03,wk inc flu hosp,3,2026-10-24,45,quantile,0.975,392
2026-10-03,wk inc flu hosp,3,2026-10-24,45,quantile,0.99,550
2026-10-03,wk inc flu hosp,0,2026-10-03,46,quantile,0.01,0
2026-10-03,wk inc flu hosp,0,2026-10-03,46,quantile,0.025,0
2026-10-03,wk inc flu hosp,0,2026-10-03,46,quantile,0.05,0
2026-10-03,wk inc flu hosp,0,2026-10-03,46,quantile,0.1,0
2026-10-03,wk inc flu hosp,0,2026-10-03,46,quantile,0.15,1
2026-10-03,wk inc flu hosp,0,2026-10-03,46,quantile,0.2,1
2026-10-03,wk inc flu hosp,0,2026-10-03,46,quantile,0.25,1
2026-10-03,wk inc flu hosp,0,2026-10-03,46,quantile,0.3,1
2026-10-03,wk inc flu hosp,0,2026-10-03,46,quantile,0.35,2
2026-10-03,wk inc flu hosp,0,2026-10-03,46,quantile,0.4,2
2026-10-03,wk inc flu hosp,0,2026-10-03,46,quantile,0.45,2
2026-10-03,wk inc flu hosp,0,2026-10-03,46,quantile,0.5,3
2026-10-03,wk inc flu hosp,0,2026-10-03,46,quantile,0.55,3
2026-10-03,wk inc flu hosp,0,2026-10-03,46,quantile,0.6,3
2026-10-03,wk inc flu hosp,0,2026-10-03,46,quantile,0.65,4
2026-10-03,wk inc flu hosp,0,2026-10-03,46,quantile,0.7,4
2026-10-03,wk inc flu hosp,0,2026-10-03,46,quantile,0.75,5
2026-10-03,wk inc flu hosp,0,2026-10-03,46,quantile,0.8,5
2026-10-03,wk inc flu hosp,0,2026-10-03,46,quantile,0.85,6
2026-10-03,wk inc flu hosp,0,2026-10-03,46,quantile,0.9,8
2026-10-03,wk inc flu hosp,0,2026-10-03,46,quantile,0.95,10
2026-10-03,wk inc flu hosp,0,2026-10-03,46,quantile,0.975,13
2026-10-03,wk inc flu hosp,0,2026-10-03,46,quantile,0.99,17
2026-10-03,wk inc flu hosp,1,2026-10-10,46,quantile,0.01,0
2026-10-03,wk inc flu hosp,1,2026-10-10,46,quantile,0.025,0
2026-10-03,wk inc flu hosp,1,2026-10-10,46,quantile,0.05,0
2026-10-03,wk inc flu hosp,1,2026-10-10,46,quantile,0.1,1
2026-10-03,wk inc flu hosp,1,2026-10-10,46,quantile,0.15,1
2026-10-03,wk inc flu hosp,1,2026-10-10,46,quantile,0.2,1
2026-10-03,wk inc flu hosp,1,2026-10-10,46,quantile,0.25,1
2026-10-03,wk inc flu hosp,1,2026-10-10,46,quantile,0.3,2
2026-10-03,wk inc flu hosp,1,2026-10-10,46,quantile,0.35,2
2026-10-03,wk inc flu hosp,1,2026-10-10,46,quantile,0.4,2
2026-10-03,wk inc flu hosp,1,2026-10-10,46,quantile,0.45,3
2026-10-03,wk inc flu hosp,1,2026-10-10,46,quantile,0.5,3
2026-10-03,wk inc flu hosp,1,2026-10-10,46,quantile,0.55,4
2026-10-03,wk inc flu hosp,1,2026-10-10,46,quantile,0.6,4
2026-10-03,wk inc flu hosp,1,2026-10-10,46,quantile,0.65,5
2026-10-03,wk inc flu hosp,1,2026-10-10,46,quantile,0.7,5
2026-10-03,wk inc flu hosp,1,2026-10-10,46,quantile,0.75,6
2026-10-03,wk inc flu hosp,1,2026-10-10,46,quantile,0.8,7
2026-10-03,wk inc flu hosp,1,2026-10-10,46,quantile,0.85,8
2026-10-03,wk inc flu hosp,1,2026-10-10,46,quantile,0.9,10
2026-10-03,wk inc flu hosp,1,2026-10-10,46,quantile,0.95,14
2026-10-03,wk inc flu hosp,1,2026-10-10,46,quantile,0.975,18
2026-10-03,wk inc flu hosp,1,2026-10-10,46,quantile,0.99,24
2026-10-03,wk inc flu hosp,2,2026-10-17,46,quantile,0.01,0
2026-10-03,wk inc flu hosp,2,2026-10-17,46,quantile,0.025,0
2026-10-03,wk inc flu hosp,2,2026-10-17,46,quantile,0.05,0
2026-10-03,wk inc flu hosp,2,2026-10-17,46,quantile,0.1,1
2026-10-03,wk inc flu hosp,2,2026-10-17,46,quantile,0.15,1
2026-10-03,wk inc flu hosp,2,2026-10-17,46,quantile,0.2,1
2026-10-03,wk inc flu hosp,2,2026-10-17,46,quantile,0.25,2
2026-10-03,wk inc flu hosp,2,2026-10-17,46,quantile,0.3,2
2026-10-03,wk inc flu hosp,2,2026-10-17,46,quantile,0.35,2
2026-10-03,wk inc flu hosp,2,2026-10-17,46,quantile,0.4,3
2026-10-03,wk inc flu hosp,2,2026-10-17,46,quantile,0.45,3
2026-10-03,wk inc flu hosp,2,2026-10-17,46,quantile,0.5,4
2026-10-03,wk inc flu hosp,2,2026-10-17,46,quantile,0.55,4
2026-10-03,wk inc flu hosp,2,2026-10-17,46,quantile,0.6,5
2026-10-03,wk inc flu hosp,2,2026-10-17,46,quantile,0.65,6
2026-10-03,wk inc flu hosp,2,2026-10-17,46,quantile,0.7,6
2026-10-03,wk inc flu hosp,2,2026-10-17,46,quantile,0.75,7
2026-10-03,wk inc flu hosp,2,2026-10-17,46,quantile,0.8,9
2026-10-03,wk inc flu hosp,2,2026-10-17,46,quantile,0.85,10
2026-10-03,wk inc flu hosp,2,2026-10-17,46,quantile,0.9,13
2026-10-03,wk inc flu hosp,2,2026-10-17,46,quantile,0.95,18
2026-10-03,wk inc flu hosp,2,2026-10-17,46,quantile,0.975,24
2026-10-03,wk inc flu hosp,2,2026-10-17,46,quantile,0.99,34
2026-10-03,wk inc flu hosp,3,2026-10-24,46,quantile,0.01,0
2026-10-03,wk inc flu hosp,3,2026-10-24,46,quantile,0.025,0
2026-10-03,wk inc flu hosp,3,2026-10-24,46,quantile,0.05,0
2026-10-03,wk inc flu hosp,3,2026-10-24,46,quantile,0.1,1
2026-10-03,wk inc flu hosp,3,2026-10-24,46,quantile,0.15,1
2026-10-03,wk inc flu hosp,3,2026-10-24,46,quantile,0.2,2
2026-10-03,wk inc flu hosp,3,2026-10-24,46,quantile,0.25,2
2026-10-03,wk inc flu hosp,3,2026-10-24,46,quantile,0.3,2
2026-10-03,wk inc flu hosp,3,2026-10-24,46,quantile,0.35,3
2026-10-03,wk inc flu hosp,3,2026-10-24,46,quantile,0.4,3
2026-10-03,wk inc flu hosp,3,2026-10-24,46,quantile,0.45,4
2026-10-03,wk inc flu hosp,3,2026-10-24,46,quantile,0.5,5
2026-10-03,wk inc flu hosp,3,2026-10-24,46,quantile,0.55,5
2026-10-03,wk inc flu hosp,3,2026-10-24,46,quantile,0.6,6
2026-10-03,wk inc flu hosp,3,2026-10-24,46,quantile,0.65,7
2026-10-03,wk inc flu hosp,3,2026-10-24,46,quantile,0.7,8
2026-10-03,wk inc flu hosp,3,2026-10-24,46,quantile,0.75,9
2026-10-03,wk inc flu hosp,3,2026-10-24,46,quantile,0.8,11
2026-10-03,wk inc flu hosp,3,2026-10-24,46,quantile,0.85,14
2026-10-03,wk inc flu hosp,3,2026-10-24,46,quantile,0.9,17
2026-10-03,wk inc flu hosp,3,2026-10-24,46,quantile,0.95,25
2026-10-03,wk inc flu hosp,3,2026-10-24,46,quantile,0.975,33
2026-10-03,wk inc flu hosp,3,2026-10-24,46,quantile,0.99,47
2026-10-03,wk inc flu hosp,0,2026-10-03,47,quantile,0.01,25
2026-10-03,wk inc flu hosp,0,2026-10-03,47,quantile,0.025,30
2026-10-03,wk inc flu hosp,0,2026-10-03,47,quantile,0.05,34
2026-10-03,wk inc flu hosp,0,2026-10-03,47,quantile,0.1,40
2026-10-03,wk inc flu hosp,0,2026-10-03,47,quantile,0.15,44
2026-10-03,wk inc flu hosp,0,2026-10-03,47,quantile,0.2,48
2026-10-03,wk inc flu hosp,0,2026-10-03,47,quantile,0.25,52
2026-10-03,wk inc flu hosp,0,2026-10-03,47,quantile,0.3,56
2026-10-03,wk inc flu hosp,0,2026-10-03,47,quantile,0.35,59
2026-10-03,wk inc flu hosp,0,2026-10-03,47,quantile,0.4,62
2026-10-03,wk inc flu hosp,0,2026-10-03,47,quantile,0.45,66
2026-10-03,wk inc flu hosp,0,2026-10-03,47,quantile,0.5,69
2026-10-03,wk inc flu hosp,0,2026-10-03,47,quantile,0.55,73
2026-10-03,wk inc flu hosp,0,2026-10-03,47,quantile,0.6,78
2026-10-03,wk inc flu hosp,0,2026-10-03,47,quantile,0.65,82
2026-10-03,wk inc flu hosp,0,2026-10-03,47,quantile,0.7,87
2026-10-03,wk inc flu hosp,0,2026-10-03,47,quantile,0.75,93
2026-10-03,wk inc flu hosp,0,2026-10-03,47,quantile,0.8,100
2026-10-03,wk inc flu hosp,0,2026-10-03,47,quantile,0.85,108
2026-10-03,wk inc flu hosp,0,2026-10-03,47,quantile,0.9,120
2026-10-03,wk inc flu hosp,0,2026-10-03,47,quantile,0.95,141
2026-10-03,wk inc flu hosp,0,2026-10-03,47,quantile,0.975,160
2026-10-03,wk inc flu hosp,0,2026-10-03,47,quantile,0.99,188
2026-10-03,wk inc flu hosp,1,2026-10-10,47,quantile,0.01,23
2026-10-03,wk inc flu hosp,1,2026-10-10,47,quantile,0.025,28
2026-10-03,wk inc flu hosp,1,2026-10-10,47,quantile,0.05,33
2026-10-03,wk inc flu hosp,1,2026-10-10,47,quantile,0.1,41
2026-10-03,wk inc flu hosp,1,2026-10-10,47,quantile,0.15,46
2026-10-03,wk inc flu hosp,1,2026-10-10,47,quantile,0.2,51
2026-10-03,wk inc flu hosp,1,2026-10-10,47,quantile,0.25,56
2026-10-03,wk inc flu hosp,1,2026-10-10,47,quantile,0.3,61
2026-10-03,wk inc flu hosp,1,2026-10-10,47,quantile,0.35,66
2026-10-03,wk inc flu hosp,1,2026-10-10,47,quantile,0.4,71
2026-10-03,wk inc flu hosp,1,2026-10-10,47,quantile,0.45,75
2026-10-03,wk inc flu hosp,1,2026-10-10,47,quantile,0.5,80
2026-10-03,wk inc flu hosp,1,2026-10-10,47,quantile,0.55,86
2026-10-03,wk inc flu hosp,1,2026-10-10,47,quantile,0.6,92
2026-10-03,wk inc flu hosp,1,2026-10-10,47,quantile,0.65,100
2026-10-03,wk inc flu hosp,1,2026-10-10,47,quantile,0.7,109
2026-10-03,wk inc flu hosp,1,2026-10-10,47,quantile,0.75,118
2026-10-03,wk inc flu hosp,1,2026-10-10,47,quantile,0.8,128
2026-10-03,wk inc flu hosp,1,2026-10-10,47,quantile,0.85,141
2026-10-03,wk inc flu hosp,1,2026-10-10,47,quantile,0.9,161
2026-10-03,wk inc flu hosp,1,2026-10-10,47,quantile,0.95,193
2026-10-03,wk inc flu hosp,1,2026-10-10,47,quantile,0.975,230
2026-10-03,wk inc flu hosp,1,2026-10-10,47,quantile,0.99,282
2026-10-03,wk inc flu hosp,2,2026-10-17,47,quantile,0.01,22
2026-10-03,wk inc flu hosp,2,2026-10-17,47,quantile,0.025,28
2026-10-03,wk inc flu hosp,2,2026-10-17,47,quantile,0.05,34
2026-10-03,wk inc flu hosp,2,2026-10-17,47,quantile,0.1,43
2026-10-03,wk inc flu hosp,2,2026-10-17,47,quantile,0.15,50
2026-10-03,wk inc flu hosp,2,2026-10-17,47,quantile,0.2,57
2026-10-03,wk inc flu hosp,2,2026-10-17,47,quantile,0.25,64
2026-10-03,wk inc flu hosp,2,2026-10-17,47,quantile,0.3,70
2026-10-03,wk inc flu hosp,2,2026-10-17,47,quantile,0.35,76
2026-10-03,wk inc flu hosp,2,2026-10-17,47,quantile,0.4,82
2026-10-03,wk inc flu hosp,2,2026-10-17,47,quantile,0.45,90
2026-10-03,wk inc flu hosp,2,2026-10-17,47,quantile,0.5,98
2026-10-03,wk inc flu hosp,2,2026-10-17,47,quantile,0.55,107
2026-10-03,wk inc flu hosp,2,2026-10-17,47,quantile,0.6,115
2026-10-03,wk inc flu hosp,2,2026-10-17,47,quantile,0.65,126
2026-10-03,wk inc flu hosp,2,2026-10-17,47,quantile,0.7,139
2026-10-03,wk inc flu hosp,2,2026-10-17,47,quantile,0.75,154
2026-10-03,wk inc flu hosp,2,2026-10-17,47,quantile,0.8,172
2026-10-03,wk inc flu hosp,2,2026-10-17,47,quantile,0.85,193
2026-10-03,wk inc flu hosp,2,2026-10-17,47,quantile,0.9,224
2026-10-03,wk inc flu hosp,2,2026-10-17,47,quantile,0.95,277
2026-10-03,wk inc flu hosp,2,2026-10-17,47,quantile,0.975,344
2026-10-03,wk inc flu hosp,2,2026-10-17,47,quantile,0.99,438
2026-10-03,wk inc flu hosp,3,2026-10-24,47,quantile,0.01,22
2026-10-03,wk inc flu hosp,3,2026-10-24,47,quantile,0.025,28
2026-10-03,wk inc flu hosp,3,2026-10-24,47,quantile,0.05,36
2026-10-03,wk inc flu hosp,3,2026-10-24,47,quantile,0.1,47
2026-10-03,wk inc flu hosp,3,2026-10-24,47,quantile,0.15,56
2026-10-03,wk inc flu hosp,3,2026-10-24,47,quantile,0.2,65
2026-10-03,wk inc flu hosp,3,2026-10-24,47,quantile,0.25,74
2026-10-03,wk inc flu hosp,3,2026-10-24,47,quantile,0.3,82
2026-10-03,wk inc flu hosp,3,2026-10-24,47,quantile,0.35,92
2026-10-03,wk inc flu hosp,3,2026-10-24,47,quantile,0.4,101
2026-10-03,wk inc flu hosp,3,2026-10-24,47,quantile,0.45,111
2026-10-03,wk inc flu hosp,3,2026-10-24,47,quantile,0.5,122
2026-10-03,wk inc flu hosp,3,2026-10-24,47,quantile,0.55,135
2026-10-03,wk inc flu hosp,3,2026-10-24,47,quantile,0.6,147
2026-10-03,wk inc flu hosp,3,2026-10-24,47,quantile,0.65,163
2026-10-03,wk inc flu hosp,3,2026-10-24,47,quantile,0.7,181
2026-10-03,wk inc flu hosp,3,2026-10-24,47,quantile,0.75,202
2026-10-03,wk inc flu hosp,3,2026-10-24,47,quantile,0.8,228
2026-10-03,wk inc flu hosp,3,2026-10-24,47,quantile,0.85,266
2026-10-03,wk inc flu hosp,3,2026-10-24,47,quantile,0.9,316
2026-10-03,wk inc flu hosp,3,2026-10-24,47,quantile,0.95,417
2026-10-03,wk inc flu hosp,3,2026-10-24,47,quantile,0.975,526
2026-10-03,wk inc flu hosp,3,2026-10-24,47,quantile,0.99,691
2026-10-03,wk inc flu hosp,0,2026-10-03,48,quantile,0.01,110
2026-10-03,wk inc flu hosp,0,2026-10-03,48,quantile,0.025,129
2026-10-03,wk inc flu hosp,0,2026-10-03,48,quantile,0.05,147
2026-10-03,wk inc flu hosp,0,2026-10-03,48,quantile,0.1,171
2026-10-03,wk inc flu hosp,0,2026-10-03,48,quantile,0.15,189
2026-10-03,wk inc flu hosp,0,2026-10-03,48,quantile,0.2,204
2026-10-03,wk inc flu hosp,0,2026-10-03,48,quantile,0.25,219
2026-10-03,wk inc flu hosp,0,2026-10-03,48,quantile,0.3,231
2026-10-03,wk inc flu hosp,0,2026-10-03,48,quantile,0.35,244
2026-10-03,wk inc flu hosp,0,2026-10-03,48,quantile,0.4,256
2026-10-03,wk inc flu hosp,0,2026-10-03,48,quantile,0.45,269
2026-10-03,wk inc flu hosp,0,2026-10-03,48,quantile,0.5,284
2026-10-03,wk inc flu hosp,0,2026-10-03,48,quantile,0.55,299
2026-10-03,wk inc flu hosp,0,2026-10-03,48,quantile,0.6,314
2026-10-03,wk inc flu hosp,0,2026-10-03,48,quantile,0.65,332
2026-10-03,wk inc flu hosp,0,2026-10-03,48,quantile,0.7,349
2026-10-03,wk inc flu hosp,0,2026-10-03,48,quantile,0.75,370
2026-10-03,wk inc flu hosp,0,2026-10-03,48,quantile,0.8,396
2026-10-03,wk inc flu hosp,0,2026-10-03,48,quantile,0.85,431
2026-10-03,wk inc flu hosp,0,2026-10-03,48,quantile,0.9,476
2026-10-03,wk inc flu hosp,0,2026-10-03,48,quantile,0.95,551
2026-10-03,wk inc flu hosp,0,2026-10-03,48,quantile,0.975,632
2026-10-03,wk inc flu hosp,0,2026-10-03,48,quantile,0.99,741
2026-10-03,wk inc flu hosp,1,2026-10-10,48,quantile,0.01,88
2026-10-03,wk inc flu hosp,1,2026-10-10,48,quantile,0.025,109
2026-10-03,wk inc flu hosp,1,2026-10-10,48,quantile,0.05,129
2026-10-03,wk inc flu hosp,1,2026-10-10,48,quantile,0.1,158
2026-10-03,wk inc flu hosp,1,2026-10-10,48,quantile,0.15,179
2026-10-03,wk inc flu hosp,1,2026-10-10,48,quantile,0.2,201
2026-10-03,wk inc flu hosp,1,2026-10-10,48,quantile,0.25,219
2026-10-03,wk inc flu hosp,1,2026-10-10,48,quantile,0.3,237
2026-10-03,wk inc flu hosp,1,2026-10-10,48,quantile,0.35,256
2026-10-03,wk inc flu hosp,1,2026-10-10,48,quantile,0.4,276
2026-10-03,wk inc flu hosp,1,2026-10-10,48,quantile,0.45,294
2026-10-03,wk inc flu hosp,1,2026-10-10,48,quantile,0.5,315
2026-10-03,wk inc flu hosp,1,2026-10-10,48,quantile,0.55,337
2026-10-03,wk inc flu hosp,1,2026-10-10,48,quantile,0.6,362
2026-10-03,wk inc flu hosp,1,2026-10-10,48,quantile,0.65,388
2026-10-03,wk inc flu hosp,1,2026-10-10,48,quantile,0.7,417
2026-10-03,wk inc flu hosp,1,2026-10-10,48,quantile,0.75,456
2026-10-03,wk inc flu hosp,1,2026-10-10,48,quantile,0.8,497
2026-10-03,wk inc flu hosp,1,2026-10-10,48,quantile,0.85,549
2026-10-03,wk inc flu hosp,1,2026-10-10,48,quantile,0.9,634
2026-10-03,wk inc flu hosp,1,2026-10-10,48,quantile,0.95,779
2026-10-03,wk inc flu hosp,1,2026-10-10,48,quantile,0.975,930
2026-10-03,wk inc flu hosp,1,2026-10-10,48,quantile,0.99,1129
2026-10-03,wk inc flu hosp,2,2026-10-17,48,quantile,0.01,79
2026-10-03,wk inc flu hosp,2,2026-10-17,48,quantile,0.025,101
2026-10-03,wk inc flu hosp,2,2026-10-17,48,quantile,0.05,125
2026-10-03,wk inc flu hosp,2,2026-10-17,48,quantile,0.1,162
2026-10-03,wk inc flu hosp,2,2026-10-17,48,quantile,0.15,190
2026-10-03,wk inc flu hosp,2,2026-10-17,48,quantile,0.2,217
2026-10-03,wk inc flu hosp,2,2026-10-17,48,quantile,0.25,242
2026-10-03,wk inc flu hosp,2,2026-10-17,48,quantile,0.3,267
2026-10-03,wk inc flu hosp,2,2026-10-17,48,quantile,0.35,292
2026-10-03,wk inc flu hosp,2,2026-10-17,48,quantile,0.4,318
2026-10-03,wk inc flu hosp,2,2026-10-17,48,quantile,0.45,346
2026-10-03,wk inc flu hosp,2,2026-10-17,48,quantile,0.5,377
2026-10-03,wk inc flu hosp,2,2026-10-17,48,quantile,0.55,410
2026-10-03,wk inc flu hosp,2,2026-10-17,48,quantile,0.6,446
2026-10-03,wk inc flu hosp,2,2026-10-17,48,quantile,0.65,488
2026-10-03,wk inc flu hosp,2,2026-10-17,48,quantile,0.7,538
2026-10-03,wk inc flu hosp,2,2026-10-17,48,quantile,0.75,596
2026-10-03,wk inc flu hosp,2,2026-10-17,48,quantile,0.8,670
2026-10-03,wk inc flu hosp,2,2026-10-17,48,quantile,0.85,763
2026-10-03,wk inc flu hosp,2,2026-10-17,48,quantile,0.9,907
2026-10-03,wk inc flu hosp,2,2026-10-17,48,quantile,0.95,1150
2026-10-03,wk inc flu hosp,2,2026-10-17,48,quantile,0.975,1435
2026-10-03,wk inc flu hosp,2,2026-10-17,48,quantile,0.99,1856
2026-10-03,wk inc flu hosp,3,2026-10-24,48,quantile,0.01,73
2026-10-03,wk inc flu hosp,3,2026-10-24,48,quantile,0.025,97
2026-10-03,wk inc flu hosp,3,2026-10-24,48,quantile,0.05,126
2026-10-03,wk inc flu hosp,3,2026-10-24,48,quantile,0.1,165
2026-10-03,wk inc flu hosp,3,2026-10-24,48,quantile,0.15,200
2026-10-03,wk inc flu hosp,3,2026-10-24,48,quantile,0.2,233
2026-10-03,wk inc flu hosp,3,2026-10-24,48,quantile,0.25,267
2026-10-03,wk inc flu hosp,3,2026-10-24,48,quantile,0.3,298
2026-10-03,wk inc flu hosp,3,2026-10-24,48,quantile,0.35,335
2026-10-03,wk inc flu hosp,3,2026-10-24,48,quantile,0.4,370
2026-10-03,wk inc flu hosp,3,2026-10-24,48,quantile,0.45,408
2026-10-03,wk inc flu hosp,3,2026-10-24,48,quantile,0.5,448
2026-10-03,wk inc flu hosp,3,2026-10-24,48,quantile,0.55,493
2026-10-03,wk inc flu hosp,3,2026-10-24,48,quantile,0.6,546
2026-10-03,wk inc flu hosp,3,2026-10-24,48,quantile,0.65,607
2026-10-03,wk inc flu hosp,3,2026-10-24,48,quantile,0.7,678
2026-10-03,wk inc flu hosp,3,2026-10-24,48,quantile,0.75,764
2026-10-03,wk inc flu hosp,3,2026-10-24,48,quantile,0.8,871
2026-10-03,wk inc flu hosp,3,2026-10-24,48,quantile,0.85,1021
2026-10-03,wk inc flu hosp,3,2026-10-24,48,quantile,0.9,1227
2026-10-03,wk inc flu hosp,3,2026-10-24,48,quantile,0.95,1618
2026-10-03,wk inc flu hosp,3,2026-10-24,48,quantile,0.975,2053
2026-10-03,wk inc flu hosp,3,2026-10-24,48,quantile,0.99,2743
2026-10-03,wk inc flu hosp,0,2026-10-03,49,quantile,0.01,4
2026-10-03,wk inc flu hosp,0,2026-10-03,49,quantile,0.025,6
2026-10-03,wk inc flu hosp,0,2026-10-03,49,quantile,0.05,7
2026-10-03,wk inc flu hosp,0,2026-10-03,49,quantile,0.1,9
2026-10-03,wk inc flu hosp,0,2026-10-03,49,quantile,0.15,11
2026-10-03,wk inc flu hosp,0,2026-10-03,49,quantile,0.2,12
2026-10-03,wk inc flu hosp,0,2026-10-03,49,quantile,0.25,14
2026-10-03,wk inc flu hosp,0,2026-10-03,49,quantile,0.3,15
2026-10-03,wk inc flu hosp,0,2026-10-03,49,quantile,0.35,16
2026-10-03,wk inc flu hosp,0,2026-10-03,49,quantile,0.4,18
2026-10-03,wk inc flu hosp,0,2026-10-03,49,quantile,0.45,19
2026-10-03,wk inc flu hosp,0,2026-10-03,49,quantile,0.5,21
2026-10-03,wk inc flu hosp,0,2026-10-03,49,quantile,0.55,22
2026-10-03,wk inc flu hosp,0,2026-10-03,49,quantile,0.6,24
2026-10-03,wk inc flu hosp,0,2026-10-03,49,quantile,0.65,26
2026-10-03,wk inc flu hosp,0,2026-10-03,49,quantile,0.7,29
2026-10-03,wk inc flu hosp,0,2026-10-03,49,quantile,0.75,31
2026-10-03,wk inc flu hosp,0,2026-10-03,49,quantile,0.8,35
2026-10-03,wk inc flu hosp,0,2026-10-03,49,quantile,0.85,39
2026-10-03,wk inc flu hosp,0,2026-10-03,49,quantile,0.9,45
2026-10-03,wk inc flu hosp,0,2026-10-03,49,quantile,0.95,56
2026-10-03,wk inc flu hosp,0,2026-10-03,49,quantile,0.975,67
2026-10-03,wk inc flu hosp,0,2026-10-03,49,quantile,0.99,84
2026-10-03,wk inc flu hosp,1,2026-10-10,49,quantile,0.01,4
2026-10-03,wk inc flu hosp,1,2026-10-10,49,quantile,0.025,5
2026-10-03,wk inc flu hosp,1,2026-10-10,49,quantile,0.05,7
2026-10-03,wk inc flu hosp,1,2026-10-10,49,quantile,0.1,9
2026-10-03,wk inc flu hosp,1,2026-10-10,49,quantile,0.15,11
2026-10-03,wk inc flu hosp,1,2026-10-10,49,quantile,0.2,13
2026-10-03,wk inc flu hosp,1,2026-10-10,49,quantile,0.25,15
2026-10-03,wk inc flu hosp,1,2026-10-10,49,quantile,0.3,17
2026-10-03,wk inc flu hosp,1,2026-10-10,49,quantile,0.35,18
2026-10-03,wk inc flu hosp,1,2026-10-10,49,quantile,0.4,20
2026-10-03,wk inc flu hosp,1,2026-10-10,49,quantile,0.45,22
2026-10-03,wk inc flu hosp,1,2026-10-10,49,quantile,0.5,24
2026-10-03,wk inc flu hosp,1,2026-10-10,49,quantile,0.55,27
2026-10-03,wk inc flu hosp,1,2026-10-10,49,quantile,0.6,30
2026-10-03,wk inc flu hosp,1,2026-10-10,49,quantile,0.65,32
2026-10-03,wk inc flu hosp,1,2026-10-10,49,quantile,0.7,36
2026-10-03,wk inc flu hosp,1,2026-10-10,49,quantile,0.75,40
2026-10-03,wk inc flu hosp,1,2026-10-10,49,quantile,0.8,44
2026-10-03,wk inc flu hosp,1,2026-10-10,49,quantile,0.85,51
2026-10-03,wk inc flu hosp,1,2026-10-10,49,quantile,0.9,61
2026-10-03,wk inc flu hosp,1,2026-10-10,49,quantile,0.95,78
2026-10-03,wk inc flu hosp,1,2026-10-10,49,quantile,0.975,98
2026-10-03,wk inc flu hosp,1,2026-10-10,49,quantile,0.99,127
2026-10-03,wk inc flu hosp,2,2026-10-17,49,quantile,0.01,4
2026-10-03,wk inc flu hosp,2,2026-10-17,49,quantile,0.025,5
2026-10-03,wk inc flu hosp,2,2026-10-17,49,quantile,0.05,7
2026-10-03,wk inc flu hosp,2,2026-10-17,49,quantile,0.1,10
2026-10-03,wk inc flu hosp,2,2026-10-17,49,quantile,0.15,12
2026-10-03,wk inc flu hosp,2,2026-10-17,49,quantile,0.2,15
2026-10-03,wk inc flu hosp,2,2026-10-17,49,quantile,0.25,17
2026-10-03,wk inc flu hosp,2,2026-10-17,49,quantile,0.3,19
2026-10-03,wk inc flu hosp,2,2026-10-17,49,quantile,0.35,22
2026-10-03,wk inc flu hosp,2,2026-10-17,49,quantile,0.4,24
2026-10-03,wk inc flu hosp,2,2026-10-17,49,quantile,0.45,27
2026-10-03,wk inc flu hosp,2,2026-10-17,49,quantile,0.5,30
2026-10-03,wk inc flu hosp,2,2026-10-17,49,quantile,0.55,33
2026-10-03,wk inc flu hosp,2,2026-10-17,49,quantile,0.6,37
2026-10-03,wk inc flu hosp,2,2026-10-17,49,quantile,0.65,41
2026-10-03,wk inc flu hosp,2,2026-10-17,49,quantile,0.7,46
2026-10-03,wk inc flu hosp,2,2026-10-17,49,quantile,0.75,52
2026-10-03,wk inc flu hosp,2,2026-10-17,49,quantile,0.8,60
2026-10-03,wk inc flu hosp,2,2026-10-17,49,quantile,0.85,71
2026-10-03,wk inc flu hosp,2,2026-10-17,49,quantile,0.9,87
2026-10-03,wk inc flu hosp,2,2026-10-17,49,quantile,0.95,120
2026-10-03,wk inc flu hosp,2,2026-10-17,49,quantile,0.975,157
2026-10-03,wk inc flu hosp,2,2026-10-17,49,quantile,0.99,213
2026-10-03,wk inc flu hosp,3,2026-10-24,49,quantile,0.01,4
2026-10-03,wk inc flu hosp,3,2026-10-24,49,quantile,0.025,6
2026-10-03,wk inc flu hosp,3,2026-10-24,49,quantile,0.05,8
2026-10-03,wk inc flu hosp,3,2026-10-24,49,quantile,0.1,11
2026-10-03,wk inc flu hosp,3,2026-10-24,49,quantile,0.15,14
2026-10-03,wk inc flu hosp,3,2026-10-24,49,quantile,0.2,17
2026-10-03,wk inc flu hosp,3,2026-10-24,49,quantile,0.25,20
2026-10-03,wk inc flu hosp,3,2026-10-24,49,quantile,0.3,23
2026-10-03,wk inc flu hosp,3,2026-10-24,49,quantile,0.35,27
2026-10-03,wk inc flu hosp,3,2026-10-24,49,quantile,0.4,30
2026-10-03,wk inc flu hosp,3,2026-10-24,49,quantile,0.45,34
2026-10-03,wk inc flu hosp,3,2026-10-24,49,quantile,0.5,38
2026-10-03,wk inc flu hosp,3,2026-10-24,49,quantile,0.55,43
2026-10-03,wk inc flu hosp,3,2026-10-24,49,quantile,0.6,49
2026-10-03,wk inc flu hosp,3,2026-10-24,49,quantile,0.65,56
2026-10-03,wk inc flu hosp,3,2026-10-24,49,quantile,0.7,63
2026-10-03,wk inc flu hosp,3,2026-10-24,49,quantile,0.75,73
2026-10-03,wk inc flu hosp,3,2026-10-24,49,quantile,0.8,85
2026-10-03,wk inc flu hosp,3,2026-10-24,49,quantile,0.85,102
2026-10-03,wk inc flu hosp,3,2026-10-24,49,quantile,0.9,127
2026-10-03,wk inc flu hosp,3,2026-10-24,49,quantile,0.95,180
2026-10-03,wk inc flu hosp,3,2026-10-24,49,quantile,0.975,242
2026-10-03,wk inc flu hosp,3,2026-10-24,49,quantile,0.99,343
2026-10-03,wk inc flu hosp,0,2026-10-03,50,quantile,0.01,0
2026-10-03,wk inc flu hosp,0,2026-10-03,50,quantile,0.025,0
2026-10-03,wk inc flu hosp,0,2026-10-03,50,quantile,0.05,0
2026-10-03,wk inc flu hosp,0,2026-10-03,50,quantile,0.1,0
2026-10-03,wk inc flu hosp,0,2026-10-03,50,quantile,0.15,0
2026-10-03,wk inc flu hosp,0,2026-10-03,50,quantile,0.2,0
2026-10-03,wk inc flu hosp,0,2026-10-03,50,quantile,0.25,1
2026-10-03,wk inc flu hosp,0,2026-10-03,50,quantile,0.3,1
2026-10-03,wk inc flu hosp,0,2026-10-03,50,quantile,0.35,1
2026-10-03,wk inc flu hosp,0,2026-10-03,50,quantile,0.4,1
2026-10-03,wk inc flu hosp,0,2026-10-03,50,quantile,0.45,1
2026-10-03,wk inc flu hosp,0,2026-10-03,50,quantile,0.5,1
2026-10-03,wk inc flu hosp,0,2026-10-03,50,quantile,0.55,2
2026-10-03,wk inc flu hosp,0,2026-10-03,50,quantile,0.6,2
2026-10-03,wk inc flu hosp,0,2026-10-03,50,quantile,0.65,2
2026-10-03,wk inc flu hosp,0,2026-10-03,50,quantile,0.7,2
2026-10-03,wk inc flu hosp,0,2026-10-03,50,quantile,0.75,3
2026-10-03,wk inc flu hosp,0,2026-10-03,50,quantile,0.8,3
2026-10-03,wk inc flu hosp,0,2026-10-03,50,quantile,0.85,4
2026-10-03,wk inc flu hosp,0,2026-10-03,50,quantile,0.9,5
2026-10-03,wk inc flu hosp,0,2026-10-03,50,quantile,0.95,6
2026-10-03,wk inc flu hosp,0,2026-10-03,50,quantile,0.975,8
2026-10-03,wk inc flu hosp,0,2026-10-03,50,quantile,0.99,10
2026-10-03,wk inc flu hosp,1,2026-10-10,50,quantile,0.01,0
2026-10-03,wk inc flu hosp,1,2026-10-10,50,quantile,0.025,0
2026-10-03,wk inc flu hosp,1,2026-10-10,50,quantile,0.05,0
2026-10-03,wk inc flu hosp,1,2026-10-10,50,quantile,0.1,0
2026-10-03,wk inc flu hosp,1,2026-10-10,50,quantile,0.15,0
2026-10-03,wk inc flu hosp,1,2026-10-10,50,quantile,0.2,0
2026-10-03,wk inc flu hosp,1,2026-10-10,50,quantile,0.25,1
2026-10-03,wk inc flu hosp,1,2026-10-10,50,quantile,0.3,1
2026-10-03,wk inc flu hosp,1,2026-10-10,50,quantile,0.35,1
2026-10-03,wk inc flu hosp,1,2026-10-10,50,quantile,0.4,1
2026-10-03,wk inc flu hosp,1,2026-10-10,50,quantile,0.45,1
2026-10-03,wk inc flu hosp,1,2026-10-10,50,quantile,0.5,2
2026-10-03,wk inc flu hosp,1,2026-10-10,50,quantile,0.55,2
2026-10-03,wk inc flu hosp,1,2026-10-10,50,quantile,0.6,2
2026-10-03,wk inc flu hosp,1,2026-10-10,50,quantile,0.65,3
2026-10-03,wk inc flu hosp,1,2026-10-10,50,quantile,0.7,3
2026-10-03,wk inc flu hosp,1,2026-10-10,50,quantile,0.75,3
2026-10-03,wk inc flu hosp,1,2026-10-10,50,quantile,0.8,4
2026-10-03,wk inc flu hosp,1,2026-10-10,50,quantile,0.85,5
2026-10-03,wk inc flu hosp,1,2026-10-10,50,quantile,0.9,6
2026-10-03,wk inc flu hosp,1,2026-10-10,50,quantile,0.95,8
2026-10-03,wk inc flu hosp,1,2026-10-10,50,quantile,0.975,11
2026-10-03,wk inc flu hosp,1,2026-10-10,50,quantile,0.99,14
2026-10-03,wk inc flu hosp,2,2026-10-17,50,quantile,0.01,0
2026-10-03,wk inc flu hosp,2,2026-10-17,50,quantile,0.025,0
2026-10-03,wk inc flu hosp,2,2026-10-17,50,quantile,0.05,0
2026-10-03,wk inc flu hosp,2,2026-10-17,50,quantile,0.1,0
2026-10-03,wk inc flu hosp,2,2026-10-17,50,quantile,0.15,0
2026-10-03,wk inc flu hosp,2,2026-10-17,50,quantile,0.2,1
2026-10-03,wk inc flu hosp,2,2026-10-17,50,quantile,0.25,1
2026-10-03,wk inc flu hosp,2,2026-10-17,50,quantile,0.3,1
2026-10-03,wk inc flu hosp,2,2026-10-17,50,quantile,0.35,1
2026-10-03,wk inc flu hosp,2,2026-10-17,50,quantile,0.4,1
2026-10-03,wk inc flu hosp,2,2026-10-17,50,quantile,0.45,2
2026-10-03,wk inc flu hosp,2,2026-10-17,50,quantile,0.5,2
2026-10-03,wk inc flu hosp,2,2026-10-17,50,quantile,0.55,2
2026-10-03,wk inc flu hosp,2,2026-10-17,50,quantile,0.6,3
2026-10-03,wk inc flu hosp,2,2026-10-17,50,quantile,0.65,3
2026-10-03,wk inc flu hosp,2,2026-10-17,50,quantile,0.7,4
2026-10-03,wk inc flu hosp,2,2026-10-17,50,quantile,0.75,4
2026-10-03,wk inc flu hosp,2,2026-10-17,50,quantile,0.8,5
2026-10-03,wk inc flu hosp,2,2026-10-17,50,quantile,0.85,6
2026-10-03,wk inc flu hosp,2,2026-10-17,50,quantile,0.9,8
2026-10-03,wk inc flu hosp,2,2026-10-17,50,quantile,0.95,11
2026-10-03,wk inc flu hosp,2,2026-10-17,50,quantile,0.975,15
2026-10-03,wk inc flu hosp,2,2026-10-17,50,quantile,0.99,21
2026-10-03,wk inc flu hosp,3,2026-10-24,50,quantile,0.01,0
2026-10-03,wk inc flu hosp,3,2026-10-24,50,quantile,0.025,0
2026-10-03,wk inc flu hosp,3,2026-10-24,50,quantile,0.05,0
2026-10-03,wk inc flu hosp,3,2026-10-24,50,quantile,0.1,0
2026-10-03,wk inc flu hosp,3,2026-10-24,50,quantile,0.15,1
2026-10-03,wk inc flu hosp,3,2026-10-24,50,quantile,0.2,1
2026-10-03,wk inc flu hosp,3,2026-10-24,50,quantile,0.25,1
2026-10-03,wk inc flu hosp,3,2026-10-24,50,quantile,0.3,1
2026-10-03,wk inc flu hosp,3,2026-10-24,50,quantile,0.35,2
2026-10-03,wk inc flu hosp,3,2026-10-24,50,quantile,0.4,2
2026-10-03,wk inc flu hosp,3,2026-10-24,50,quantile,0.45,2
2026-10-03,wk inc flu hosp,3,2026-10-24,50,quantile,0.5,3
2026-10-03,wk inc flu hosp,3,2026-10-24,50,quantile,0.55,3
2026-10-03,wk inc flu hosp,3,2026-10-24,50,quantile,0.6,4
2026-10-03,wk inc flu hosp,3,2026-10-24,50,quantile,0.65,5
2026-10-03,wk inc flu hosp,3,2026-10-24,50,quantile,0.7,5
2026-10-03,wk inc flu hosp,3,2026-10-24,50,quantile,0.75,6
2026-10-03,wk inc flu hosp,3,2026-10-24,50,quantile,0.8,7
2026-10-03,wk inc flu hosp,3,2026-10-24,50,quantile,0.85,9
2026-10-03,wk inc flu hosp,3,2026-10-24,50,quantile,0.9,12
2026-10-03,wk inc flu hosp,3,2026-10-24,50,quantile,0.95,17
2026-10-03,wk inc flu hosp,3,2026-10-24,50,quantile,0.975,23
2026-10-03,wk inc flu hosp,3,2026-10-24,50,quantile,0.99,32
2026-10-03,wk inc flu hosp,0,2026-10-03,51,quantile,0.01,14
2026-10-03,wk inc flu hosp,0,2026-10-03,51,quantile,0.025,16
2026-10-03,wk inc flu hosp,0,2026-10-03,51,quantile,0.05,19
2026-10-03,wk inc flu hosp,0,2026-10-03,51,quantile,0.1,22
2026-10-03,wk inc flu hosp,0,2026-10-03,51,quantile,0.15,25
2026-10-03,wk inc flu hosp,0,2026-10-03,51,quantile,0.2,28
2026-10-03,wk inc flu hosp,0,2026-10-03,51,quantile,0.25,30
2026-10-03,wk inc flu hosp,0,2026-10-03,51,quantile,0.3,32
2026-10-03,wk inc flu hosp,0,2026-10-03,51,quantile,0.35,34
2026-10-03,wk inc flu hosp,0,2026-10-03,51,quantile,0.4,36
2026-10-03,wk inc flu hosp,0,2026-10-03,51,quantile,0.45,38
2026-10-03,wk inc flu hosp,0,2026-10-03,51,quantile,0.5,41
2026-10-03,wk inc flu hosp,0,2026-10-03,51,quantile,0.55,43
2026-10-03,wk inc flu hosp,0,2026-10-03,51,quantile,0.6,46
2026-10-03,wk inc flu hosp,0,2026-10-03,51,quantile,0.65,49
2026-10-03,wk inc flu hosp,0,2026-10-03,51,quantile,0.7,52
2026-10-03,wk inc flu hosp,0,2026-10-03,51,quantile,0.75,55
2026-10-03,wk inc flu hosp,0,2026-10-03,51,quantile,0.8,60
2026-10-03,wk inc flu hosp,0,2026-10-03,51,quantile,0.85,65
2026-10-03,wk inc flu hosp,0,2026-10-03,51,quantile,0.9,73
2026-10-03,wk inc flu hosp,0,2026-10-03,51,quantile,0.95,86
2026-10-03,wk inc flu hosp,0,2026-10-03,51,quantile,0.975,100
2026-10-03,wk inc flu hosp,0,2026-10-03,51,quantile,0.99,117
2026-10-03,wk inc flu hosp,1,2026-10-10,51,quantile,0.01,13
2026-10-03,wk inc flu hosp,1,2026-10-10,51,quantile,0.025,16
2026-10-03,wk inc flu hosp,1,2026-10-10,51,quantile,0.05,19
2026-10-03,wk inc flu hosp,1,2026-10-10,51,quantile,0.1,24
2026-10-03,wk inc flu hosp,1,2026-10-10,51,quantile,0.15,27
2026-10-03,wk inc flu hosp,1,2026-10-10,51,quantile,0.2,30
2026-10-03,wk inc flu hosp,1,2026-10-10,51,quantile,0.25,33
2026-10-03,wk inc flu hosp,1,2026-10-10,51,quantile,0.3,36
2026-10-03,wk inc flu hosp,1,2026-10-10,51,quantile,0.35,38
2026-10-03,wk inc flu hosp,1,2026-10-10,51,quantile,0.4,41
2026-10-03,wk inc flu hosp,1,2026-10-10,51,quantile,0.45,44
2026-10-03,wk inc flu hosp,1,2026-10-10,51,quantile,0.5,48
2026-10-03,wk inc flu hosp,1,2026-10-10,51,quantile,0.55,51
2026-10-03,wk inc flu hosp,1,2026-10-10,51,quantile,0.6,55
2026-10-03,wk inc flu hosp,1,2026-10-10,51,quantile,0.65,60
2026-10-03,wk inc flu hosp,1,2026-10-10,51,quantile,0.7,65
2026-10-03,wk inc flu hosp,1,2026-10-10,51,quantile,0.75,70
2026-10-03,wk inc flu hosp,1,2026-10-10,51,quantile,0.8,76
2026-10-03,wk inc flu hosp,1,2026-10-10,51,quantile,0.85,84
2026-10-03,wk inc flu hosp,1,2026-10-10,51,quantile,0.9,96
2026-10-03,wk inc flu hosp,1,2026-10-10,51,quantile,0.95,115
2026-10-03,wk inc flu hosp,1,2026-10-10,51,quantile,0.975,136
2026-10-03,wk inc flu hosp,1,2026-10-10,51,quantile,0.99,166
2026-10-03,wk inc flu hosp,2,2026-10-17,51,quantile,0.01,12
2026-10-03,wk inc flu hosp,2,2026-10-17,51,quantile,0.025,16
2026-10-03,wk inc flu hosp,2,2026-10-17,51,quantile,0.05,20
2026-10-03,wk inc flu hosp,2,2026-10-17,51,quantile,0.1,25
2026-10-03,wk inc flu hosp,2,2026-10-17,51,quantile,0.15,29
2026-10-03,wk inc flu hosp,2,2026-10-17,51,quantile,0.2,33
2026-10-03,wk inc flu hosp,2,2026-10-17,51,quantile,0.25,37
2026-10-03,wk inc flu hosp,2,2026-10-17,51,quantile,0.3,41
2026-10-03,wk inc flu hosp,2,2026-10-17,51,quantile,0.35,45
2026-10-03,wk inc flu hosp,2,2026-10-17,51,quantile,0.4,49
2026-10-03,wk inc flu hosp,2,2026-10-17,51,quantile,0.45,53
2026-10-03,wk inc flu hosp,2,2026-10-17,51,quantile,0.5,57
2026-10-03,wk inc flu hosp,2,2026-10-17,51,quantile,0.55,62
2026-10-03,wk inc flu hosp,2,2026-10-17,51,quantile,0.6,67
2026-10-03,wk inc flu hosp,2,2026-10-17,51,quantile,0.65,73
2026-10-03,wk inc flu hosp,2,2026-10-17,51,quantile,0.7,80
2026-10-03,wk inc flu hosp,2,2026-10-17,51,quantile,0.75,89
2026-10-03,wk inc flu hosp,2,2026-10-17,51,quantile,0.8,99
2026-10-03,wk inc flu hosp,2,2026-10-17,51,quantile,0.85,112
2026-10-03,wk inc flu hosp,2,2026-10-17,51,quantile,0.9,131
2026-10-03,wk inc flu hosp,2,2026-10-17,51,quantile,0.95,166
2026-10-03,wk inc flu hosp,2,2026-10-17,51,quantile,0.975,200
2026-10-03,wk inc flu hosp,2,2026-10-17,51,quantile,0.99,253
2026-10-03,wk inc flu hosp,3,2026-10-24,51,quantile,0.01,12
2026-10-03,wk inc flu hosp,3,2026-10-24,51,quantile,0.025,16
2026-10-03,wk inc flu hosp,3,2026-10-24,51,quantile,0.05,20
2026-10-03,wk inc flu hosp,3,2026-10-24,51,quantile,0.1,26
2026-10-03,wk inc flu hosp,3,2026-10-24,51,quantile,0.15,32
2026-10-03,wk inc flu hosp,3,2026-10-24,51,quantile,0.2,38
2026-10-03,wk inc flu hosp,3,2026-10-24,51,quantile,0.25,43
2026-10-03,wk inc flu hosp,3,2026-10-24,51,quantile,0.3,48
2026-10-03,wk inc flu hosp,3,2026-10-24,51,quantile,0.35,53
2026-10-03,wk inc flu hosp,3,2026-10-24,51,quantile,0.4,59
2026-10-03,wk inc flu hosp,3,2026-10-24,51,quantile,0.45,65
2026-10-03,wk inc flu hosp,3,2026-10-24,51,quantile,0.5,71
2026-10-03,wk inc flu hosp,3,2026-10-24,51,quantile,0.55,79
2026-10-03,wk inc flu hosp,3,2026-10-24,51,quantile,0.6,87
2026-10-03,wk inc flu hosp,3,2026-10-24,51,quantile,0.65,95
2026-10-03,wk inc flu hosp,3,2026-10-24,51,quantile,0.7,107
2026-10-03,wk inc flu hosp,3,2026-10-24,51,quantile,0.75,120
2026-10-03,wk inc flu hosp,3,2026-10-24,51,quantile,0.8,136
2026-10-03,wk inc flu hosp,3,2026-10-24,51,quantile,0.85,158
2026-10-03,wk inc flu hosp,3,2026-10-24,51,quantile,0.9,190
2026-10-03,wk inc flu hosp,3,2026-10-24,51,quantile,0.95,250
2026-10-03,wk inc flu hosp,3,2026-10-24,51,quantile,0.975,312
2026-10-03,wk inc flu hosp,3,2026-10-24,51,quantile,0.99,409
2026-10-03,wk inc flu hosp,0,2026-10-03,53,quantile,0.01,27
2026-10-03,wk inc flu hosp,0,2026-10-03,53,quantile,0.025,34
2026-10-03,wk inc flu hosp,0,2026-10-03,53,quantile,0.05,41
2026-10-03,wk inc flu hosp,0,2026-10-03,53,quantile,0.1,50
2026-10-03,wk inc flu hosp,0,2026-10-03,53,quantile,0.15,57
2026-10-03,wk inc flu hosp,0,2026-10-03,53,quantile,0.2,64
2026-10-03,wk inc flu hosp,0,2026-10-03,53,quantile,0.25,70
2026-10-03,wk inc flu hosp,0,2026-10-03,53,quantile,0.3,76
2026-10-03,wk inc flu hosp,0,2026-10-03,53,quantile,0.35,81
2026-10-03,wk inc flu hosp,0,2026-10-03,53,quantile,0.4,87
2026-10-03,wk inc flu hosp,0,2026-10-03,53,quantile,0.45,94
2026-10-03,wk inc flu hosp,0,2026-10-03,53,quantile,0.5,100
2026-10-03,wk inc flu hosp,0,2026-10-03,53,quantile,0.55,107
2026-10-03,wk inc flu hosp,0,2026-10-03,53,quantile,0.6,115
2026-10-03,wk inc flu hosp,0,2026-10-03,53,quantile,0.65,123
2026-10-03,wk inc flu hosp,0,2026-10-03,53,quantile,0.7,133
2026-10-03,wk inc flu hosp,0,2026-10-03,53,quantile,0.75,144
2026-10-03,wk inc flu hosp,0,2026-10-03,53,quantile,0.8,159
2026-10-03,wk inc flu hosp,0,2026-10-03,53,quantile,0.85,177
2026-10-03,wk inc flu hosp,0,2026-10-03,53,quantile,0.9,201
2026-10-03,wk inc flu hosp,0,2026-10-03,53,quantile,0.95,244
2026-10-03,wk inc flu hosp,0,2026-10-03,53,quantile,0.975,291
2026-10-03,wk inc flu hosp,0,2026-10-03,53,quantile,0.99,357
2026-10-03,wk inc flu hosp,1,2026-10-10,53,quantile,0.01,23
2026-10-03,wk inc flu hosp,1,2026-10-10,53,quantile,0.025,30
2026-10-03,wk inc flu hosp,1,2026-10-10,53,quantile,0.05,37
2026-10-03,wk inc flu hosp,1,2026-10-10,53,quantile,0.1,47
2026-10-03,wk inc flu hosp,1,2026-10-10,53,quantile,0.15,56
2026-10-03,wk inc flu hosp,1,2026-10-10,53,quantile,0.2,64
2026-10-03,wk inc flu hosp,1,2026-10-10,53,quantile,0.25,72
2026-10-03,wk inc flu hosp,1,2026-10-10,53,quantile,0.3,79
2026-10-03,wk inc flu hosp,1,2026-10-10,53,quantile,0.35,88
2026-10-03,wk inc flu hosp,1,2026-10-10,53,quantile,0.4,96
2026-10-03,wk inc flu hosp,1,2026-10-10,53,quantile,0.45,105
2026-10-03,wk inc flu hosp,1,2026-10-10,53,quantile,0.5,114
2026-10-03,wk inc flu hosp,1,2026-10-10,53,quantile,0.55,125
2026-10-03,wk inc flu hosp,1,2026-10-10,53,quantile,0.6,135
2026-10-03,wk inc flu hosp,1,2026-10-10,53,quantile,0.65,147
2026-10-03,wk inc flu hosp,1,2026-10-10,53,quantile,0.7,162
2026-10-03,wk inc flu hosp,1,2026-10-10,53,quantile,0.75,177
2026-10-03,wk inc flu hosp,1,2026-10-10,53,quantile,0.8,197
2026-10-03,wk inc flu hosp,1,2026-10-10,53,quantile,0.85,223
2026-10-03,wk inc flu hosp,1,2026-10-10,53,quantile,0.9,262
2026-10-03,wk inc flu hosp,1,2026-10-10,53,quantile,0.95,336
2026-10-03,wk inc flu hosp,1,2026-10-10,53,quantile,0.975,414
2026-10-03,wk inc flu hosp,1,2026-10-10,53,quantile,0.99,527
2026-10-03,wk inc flu hosp,2,2026-10-17,53,quantile,0.01,21
2026-10-03,wk inc flu hosp,2,2026-10-17,53,quantile,0.025,28
2026-10-03,wk inc flu hosp,2,2026-10-17,53,quantile,0.05,36
2026-10-03,wk inc flu hosp,2,2026-10-17,53,quantile,0.1,49
2026-10-03,wk inc flu hosp,2,2026-10-17,53,quantile,0.15,59
2026-10-03,wk inc flu hosp,2,2026-10-17,53,quantile,0.2,69
2026-10-03,wk inc flu hosp,2,2026-10-17,53,quantile,0.25,78
2026-10-03,wk inc flu hosp,2,2026-10-17,53,quantile,0.3,88
2026-10-03,wk inc flu hosp,2,2026-10-17,53,quantile,0.35,97
2026-10-03,wk inc flu hosp,2,2026-10-17,53,quantile,0.4,108
2026-10-03,wk inc flu hosp,2,2026-10-17,53,quantile,0.45,120
2026-10-03,wk inc flu hosp,2,2026-10-17,53,quantile,0.5,133
2026-10-03,wk inc flu hosp,2,2026-10-17,53,quantile,0.55,147
2026-10-03,wk inc flu hosp,2,2026-10-17,53,quantile,0.6,162
2026-10-03,wk inc flu hosp,2,2026-10-17,53,quantile,0.65,181
2026-10-03,wk inc flu hosp,2,2026-10-17,53,quantile,0.7,202
2026-10-03,wk inc flu hosp,2,2026-10-17,53,quantile,0.75,230
2026-10-03,wk inc flu hosp,2,2026-10-17,53,quantile,0.8,262
2026-10-03,wk inc flu hosp,2,2026-10-17,53,quantile,0.85,305
2026-10-03,wk inc flu hosp,2,2026-10-17,53,quantile,0.9,368
2026-10-03,wk inc flu hosp,2,2026-10-17,53,quantile,0.95,502
2026-10-03,wk inc flu hosp,2,2026-10-17,53,quantile,0.975,635
2026-10-03,wk inc flu hosp,2,2026-10-17,53,quantile,0.99,843
2026-10-03,wk inc flu hosp,3,2026-10-24,53,quantile,0.01,19
2026-10-03,wk inc flu hosp,3,2026-10-24,53,quantile,0.025,27
2026-10-03,wk inc flu hosp,3,2026-10-24,53,quantile,0.05,35
2026-10-03,wk inc flu hosp,3,2026-10-24,53,quantile,0.1,51
2026-10-03,wk inc flu hosp,3,2026-10-24,53,quantile,0.15,64
2026-10-03,wk inc flu hosp,3,2026-10-24,53,quantile,0.2,75
2026-10-03,wk inc flu hosp,3,2026-10-24,53,quantile,0.25,87
2026-10-03,wk inc flu hosp,3,2026-10-24,53,quantile,0.3,100
2026-10-03,wk inc flu hosp,3,2026-10-24,53,quantile,0.35,114
2026-10-03,wk inc flu hosp,3,2026-10-24,53,quantile,0.4,127
2026-10-03,wk inc flu hosp,3,2026-10-24,53,quantile,0.45,142
2026-10-03,wk inc flu hosp,3,2026-10-24,53,quantile,0.5,159
2026-10-03,wk inc flu hosp,3,2026-10-24,53,quantile,0.55,179
2026-10-03,wk inc flu hosp,3,2026-10-24,53,quantile,0.6,201
2026-10-03,wk inc flu hosp,3,2026-10-24,53,quantile,0.65,226
2026-10-03,wk inc flu hosp,3,2026-10-24,53,quantile,0.7,257
2026-10-03,wk inc flu hosp,3,2026-10-24,53,quantile,0.75,296
2026-10-03,wk inc flu hosp,3,2026-10-24,53,quantile,0.8,344
2026-10-03,wk inc flu hosp,3,2026-10-24,53,quantile,0.85,412
2026-10-03,wk inc flu hosp,3,2026-10-24,53,quantile,0.9,514
2026-10-03,wk inc flu hosp,3,2026-10-24,53,quantile,0.95,716
2026-10-03,wk inc flu hosp,3,2026-10-24,53,quantile,0.975,959
2026-10-03,wk inc flu hosp,3,2026-10-24,53,quantile,0.99,1328
2026-10-03,wk inc flu hosp,0,2026-10-03,54,quantile,0.01,0
2026-10-03,wk inc flu hosp,0,2026-10-03,54,quantile,0.025,1
2026-10-03,wk inc flu hosp,0,2026-10-03,54,quantile,0.05,1
2026-10-03,wk inc flu hosp,0,2026-10-03,54,quantile,0.1,2
2026-10-03,wk inc flu hosp,0,2026-10-03,54,quantile,0.15,2
2026-10-03,wk inc flu hosp,0,2026-10-03,54,quantile,0.2,3
2026-10-03,wk inc flu hosp,0,2026-10-03,54,quantile,0.25,3
2026-10-03,wk inc flu hosp,0,2026-10-03,54,quantile,0.3,3
2026-10-03,wk inc flu hosp,0,2026-10-03,54,quantile,0.35,4
2026-10-03,wk inc flu hosp,0,2026-10-03,54,quantile,0.4,4
2026-10-03,wk inc flu hosp,0,2026-10-03,54,quantile,0.45,5
2026-10-03,wk inc flu hosp,0,2026-10-03,54,quantile,0.5,5
2026-10-03,wk inc flu hosp,0,2026-10-03,54,quantile,0.55,5
2026-10-03,wk inc flu hosp,0,2026-10-03,54,quantile,0.6,6
2026-10-03,wk inc flu hosp,0,2026-10-03,54,quantile,0.65,7
2026-10-03,wk inc flu hosp,0,2026-10-03,54,quantile,0.7,7
2026-10-03,wk inc flu hosp,0,2026-10-03,54,quantile,0.75,8
2026-10-03,wk inc flu hosp,0,2026-10-03,54,quantile,0.8,9
2026-10-03,wk inc flu hosp,0,2026-10-03,54,quantile,0.85,10
2026-10-03,wk inc flu hosp,0,2026-10-03,54,quantile,0.9,12
2026-10-03,wk inc flu hosp,0,2026-10-03,54,quantile,0.95,15
2026-10-03,wk inc flu hosp,0,2026-10-03,54,quantile,0.975,19
2026-10-03,wk inc flu hosp,0,2026-10-03,54,quantile,0.99,24
2026-10-03,wk inc flu hosp,1,2026-10-10,54,quantile,0.01,0
2026-10-03,wk inc flu hosp,1,2026-10-10,54,quantile,0.025,1
2026-10-03,wk inc flu hosp,1,2026-10-10,54,quantile,0.05,1
2026-10-03,wk inc flu hosp,1,2026-10-10,54,quantile,0.1,2
2026-10-03,wk inc flu hosp,1,2026-10-10,54,quantile,0.15,2
2026-10-03,wk inc flu hosp,1,2026-10-10,54,quantile,0.2,3
2026-10-03,wk inc flu hosp,1,2026-10-10,54,quantile,0.25,3
2026-10-03,wk inc flu hosp,1,2026-10-10,54,quantile,0.3,4
2026-10-03,wk inc flu hosp,1,2026-10-10,54,quantile,0.35,4
2026-10-03,wk inc flu hosp,1,2026-10-10,54,quantile,0.4,5
2026-10-03,wk inc flu hosp,1,2026-10-10,54,quantile,0.45,5
2026-10-03,wk inc flu hosp,1,2026-10-10,54,quantile,0.5,6
2026-10-03,wk inc flu hosp,1,2026-10-10,54,quantile,0.55,7
2026-10-03,wk inc flu hosp,1,2026-10-10,54,quantile,0.6,8
2026-10-03,wk inc flu hosp,1,2026-10-10,54,quantile,0.65,8
2026-10-03,wk inc flu hosp,1,2026-10-10,54,quantile,0.7,9
2026-10-03,wk inc flu hosp,1,2026-10-10,54,quantile,0.75,11
2026-10-03,wk inc flu hosp,1,2026-10-10,54,quantile,0.8,12
2026-10-03,wk inc flu hosp,1,2026-10-10,54,quantile,0.85,14
2026-10-03,wk inc flu hosp,1,2026-10-10,54,quantile,0.9,17
2026-10-03,wk inc flu hosp,1,2026-10-10,54,quantile,0.95,23
2026-10-03,wk inc flu hosp,1,2026-10-10,54,quantile,0.975,29
2026-10-03,wk inc flu hosp,1,2026-10-10,54,quantile,0.99,38
2026-10-03,wk inc flu hosp,2,2026-10-17,54,quantile,0.01,0
2026-10-03,wk inc flu hosp,2,2026-10-17,54,quantile,0.025,1
2026-10-03,wk inc flu hosp,2,2026-10-17,54,quantile,0.05,1
2026-10-03,wk inc flu hosp,2,2026-10-17,54,quantile,0.1,2
2026-10-03,wk inc flu hosp,2,2026-10-17,54,quantile,0.15,3
2026-10-03,wk inc flu hosp,2,2026-10-17,54,quantile,0.2,3
2026-10-03,wk inc flu hosp,2,2026-10-17,54,quantile,0.25,4
2026-10-03,wk inc flu hosp,2,2026-10-17,54,quantile,0.3,5
2026-10-03,wk inc flu hosp,2,2026-10-17,54,quantile,0.35,6
2026-10-03,wk inc flu hosp,2,2026-10-17,54,quantile,0.4,6
2026-10-03,wk inc flu hosp,2,2026-10-17,54,quantile,0.45,7
2026-10-03,wk inc flu hosp,2,2026-10-17,54,quantile,0.5,8
2026-10-03,wk inc flu hosp,2,2026-10-17,54,quantile,0.55,9
2026-10-03,wk inc flu hosp,2,2026-10-17,54,quantile,0.6,10
2026-10-03,wk inc flu hosp,2,2026-10-17,54,quantile,0.65,11
2026-10-03,wk inc flu hosp,2,2026-10-17,54,quantile,0.7,13
2026-10-03,wk inc flu hosp,2,2026-10-17,54,quantile,0.75,15
2026-10-03,wk inc flu hosp,2,2026-10-17,54,quantile,0.8,17
2026-10-03,wk inc flu hosp,2,2026-10-17,54,quantile,0.85,21
2026-10-03,wk inc flu hosp,2,2026-10-17,54,quantile,0.9,26
2026-10-03,wk inc flu hosp,2,2026-10-17,54,quantile,0.95,35
2026-10-03,wk inc flu hosp,2,2026-10-17,54,quantile,0.975,46
2026-10-03,wk inc flu hosp,2,2026-10-17,54,quantile,0.99,63
2026-10-03,wk inc flu hosp,3,2026-10-24,54,quantile,0.01,0
2026-10-03,wk inc flu hosp,3,2026-10-24,54,quantile,0.025,1
2026-10-03,wk inc flu hosp,3,2026-10-24,54,quantile,0.05,2
2026-10-03,wk inc flu hosp,3,2026-10-24,54,quantile,0.1,2
2026-10-03,wk inc flu hosp,3,2026-10-24,54,quantile,0.15,3
2026-10-03,wk inc flu hosp,3,2026-10-24,54,quantile,0.2,4
2026-10-03,wk inc flu hosp,3,2026-10-24,54,quantile,0.25,5
2026-10-03,wk inc flu hosp,3,2026-10-24,54,quantile,0.3,6
2026-10-03,wk inc flu hosp,3,2026-10-24,54,quantile,0.35,7
2026-10-03,wk inc flu hosp,3,2026-10-24,54,quantile,0.4,8
2026-10-03,wk inc flu hosp,3,2026-10-24,54,quantile,0.45,9
2026-10-03,wk inc flu hosp,3,2026-10-24,54,quantile,0.5,10
2026-10-03,wk inc flu hosp,3,2026-10-24,54,quantile,0.55,12
2026-10-03,wk inc flu hosp,3,2026-10-24,54,quantile,0.6,14
2026-10-03,wk inc flu hosp,3,2026-10-24,54,quantile,0.65,16
2026-10-03,wk inc flu hosp,3,2026-10-24,54,quantile,0.7,18
2026-10-03,wk inc flu hosp,3,2026-10-24,54,quantile,0.75,22
2026-10-03,wk inc flu hosp,3,2026-10-24,54,quantile,0.8,26
2026-10-03,wk inc flu hosp,3,2026-10-24,54,quantile,0.85,32
2026-10-03,wk inc flu hosp,3,2026-10-24,54,quantile,0.9,40
2026-10-03,wk inc flu hosp,3,2026-10-24,54,quantile,0.95,56
2026-10-03,wk inc flu hosp,3,2026-10-24,54,quantile,0.975,76
2026-10-03,wk inc flu hosp,3,2026-10-24,54,quantile,0.99,106
2026-10-03,wk inc flu hosp,0,2026-10-03,55,quantile,0.01,8
2026-10-03,wk inc flu hosp,0,2026-10-03,55,quantile,0.025,11
2026-10-03,wk inc flu hosp,0,2026-10-03,55,quantile,0.05,13
2026-10-03,wk inc flu hosp,0,2026-10-03,55,quantile,0.1,17
2026-10-03,wk inc flu hosp,0,2026-10-03,55,quantile,0.15,20
2026-10-03,wk inc flu hosp,0,2026-10-03,55,quantile,0.2,22
2026-10-03,wk inc flu hosp,0,2026-10-03,55,quantile,0.25,25
2026-10-03,wk inc flu hosp,0,2026-10-03,55,quantile,0.3,27
2026-10-03,wk inc flu hosp,0,2026-10-03,55,quantile,0.35,30
2026-10-03,wk inc flu hosp,0,2026-10-03,55,quantile,0.4,32
2026-10-03,wk inc flu hosp,0,2026-10-03,55,quantile,0.45,35
2026-10-03,wk inc flu hosp,0,2026-10-03,55,quantile,0.5,38
2026-10-03,wk inc flu hosp,0,2026-10-03,55,quantile,0.55,41
2026-10-03,wk inc flu hosp,0,2026-10-03,55,quantile,0.6,44
2026-10-03,wk inc flu hosp,0,2026-10-03,55,quantile,0.65,48
2026-10-03,wk inc flu hosp,0,2026-10-03,55,quantile,0.7,52
2026-10-03,wk inc flu hosp,0,2026-10-03,55,quantile,0.75,57
2026-10-03,wk inc flu hosp,0,2026-10-03,55,quantile,0.8,64
2026-10-03,wk inc flu hosp,0,2026-10-03,55,quantile,0.85,71
2026-10-03,wk inc flu hosp,0,2026-10-03,55,quantile,0.9,83
2026-10-03,wk inc flu hosp,0,2026-10-03,55,quantile,0.95,104
2026-10-03,wk inc flu hosp,0,2026-10-03,55,quantile,0.975,127
2026-10-03,wk inc flu hosp,0,2026-10-03,55,quantile,0.99,160
2026-10-03,wk inc flu hosp,1,2026-10-10,55,quantile,0.01,7
2026-10-03,wk inc flu hosp,1,2026-10-10,55,quantile,0.025,10
2026-10-03,wk inc flu hosp,1,2026-10-10,55,quantile,0.05,12
2026-10-03,wk inc flu hosp,1,2026-10-10,55,quantile,0.1,17
2026-10-03,wk inc flu hosp,1,2026-10-10,55,quantile,0.15,20
2026-10-03,wk inc flu hosp,1,2026-10-10,55,quantile,0.2,24
2026-10-03,wk inc flu hosp,1,2026-10-10,55,quantile,0.25,27
2026-10-03,wk inc flu hosp,1,2026-10-10,55,quantile,0.3,30
2026-10-03,wk inc flu hosp,1,2026-10-10,55,quantile,0.35,33
2026-10-03,wk inc flu hosp,1,2026-10-10,55,quantile,0.4,37
2026-10-03,wk inc flu hosp,1,2026-10-10,55,quantile,0.45,41
2026-10-03,wk inc flu hosp,1,2026-10-10,55,quantile,0.5,45
2026-10-03,wk inc flu hosp,1,2026-10-10,55,quantile,0.55,49
2026-10-03,wk inc flu hosp,1,2026-10-10,55,quantile,0.6,54
2026-10-03,wk inc flu hosp,1,2026-10-10,55,quantile,0.65,60
2026-10-03,wk inc flu hosp,1,2026-10-10,55,quantile,0.7,66
2026-10-03,wk inc flu hosp,1,2026-10-10,55,quantile,0.75,74
2026-10-03,wk inc flu hosp,1,2026-10-10,55,quantile,0.8,84
2026-10-03,wk inc flu hosp,1,2026-10-10,55,quantile,0.85,97
2026-10-03,wk inc flu hosp,1,2026-10-10,55,quantile,0.9,116
2026-10-03,wk inc flu hosp,1,2026-10-10,55,quantile,0.95,152
2026-10-03,wk inc flu hosp,1,2026-10-10,55,quantile,0.975,192
2026-10-03,wk inc flu hosp,1,2026-10-10,55,quantile,0.99,251
2026-10-03,wk inc flu hosp,2,2026-10-17,55,quantile,0.01,7
2026-10-03,wk inc flu hosp,2,2026-10-17,55,quantile,0.025,9
2026-10-03,wk inc flu hosp,2,2026-10-17,55,quantile,0.05,13
2026-10-03,wk inc flu hosp,2,2026-10-17,55,quantile,0.1,17
2026-10-03,wk inc flu hosp,2,2026-10-17,55,quantile,0.15,22
2026-10-03,wk inc flu hosp,2,2026-10-17,55,quantile,0.2,26
2026-10-03,wk inc flu hosp,2,2026-10-17,55,quantile,0.25,30
2026-10-03,wk inc flu hosp,2,2026-10-17,55,quantile,0.3,34
2026-10-03,wk inc flu hosp,2,2026-10-17,55,quantile,0.35,39
2026-10-03,wk inc flu hosp,2,2026-10-17,55,quantile,0.4,44
2026-10-03,wk inc flu hosp,2,2026-10-17,55,quantile,0.45,48
2026-10-03,wk inc flu hosp,2,2026-10-17,55,quantile,0.5,54
2026-10-03,wk inc flu hosp,2,2026-10-17,55,quantile,0.55,60
2026-10-03,wk inc flu hosp,2,2026-10-17,55,quantile,0.6,67
2026-10-03,wk inc flu hosp,2,2026-10-17,55,quantile,0.65,76
2026-10-03,wk inc flu hosp,2,2026-10-17,55,quantile,0.7,86
2026-10-03,wk inc flu hosp,2,2026-10-17,55,quantile,0.75,97
2026-10-03,wk inc flu hosp,2,2026-10-17,55,quantile,0.8,112
2026-10-03,wk inc flu hosp,2,2026-10-17,55,quantile,0.85,133
2026-10-03,wk inc flu hosp,2,2026-10-17,55,quantile,0.9,164
2026-10-03,wk inc flu hosp,2,2026-10-17,55,quantile,0.95,228
2026-10-03,wk inc flu hosp,2,2026-10-17,55,quantile,0.975,303
2026-10-03,wk inc flu hosp,2,2026-10-17,55,quantile,0.99,422
2026-10-03,wk inc flu hosp,3,2026-10-24,55,quantile,0.01,6
2026-10-03,wk inc flu hosp,3,2026-10-24,55,quantile,0.025,9
2026-10-03,wk inc flu hosp,3,2026-10-24,55,quantile,0.05,13
2026-10-03,wk inc flu hosp,3,2026-10-24,55,quantile,0.1,19
2026-10-03,wk inc flu hosp,3,2026-10-24,55,quantile,0.15,24
2026-10-03,wk inc flu hosp,3,2026-10-24,55,quantile,0.2,29
2026-10-03,wk inc flu hosp,3,2026-10-24,55,quantile,0.25,35
2026-10-03,wk inc flu hosp,3,2026-10-24,55,quantile,0.3,40
2026-10-03,wk inc flu hosp,3,2026-10-24,55,quantile,0.35,46
2026-10-03,wk inc flu hosp,3,2026-10-24,55,quantile,0.4,53
2026-10-03,wk inc flu hosp,3,2026-10-24,55,quantile,0.45,59
2026-10-03,wk inc flu hosp,3,2026-10-24,55,quantile,0.5,67
2026-10-03,wk inc flu hosp,3,2026-10-24,55,quantile,0.55,76
2026-10-03,wk inc flu hosp,3,2026-10-24,55,quantile,0.6,87
2026-10-03,wk inc flu hosp,3,2026-10-24,55,quantile,0.65,99
2026-10-03,wk inc flu hosp,3,2026-10-24,55,quantile,0.7,114
2026-10-03,wk inc flu hosp,3,2026-10-24,55,quantile,0.75,131
2026-10-03,wk inc flu hosp,3,2026-10-24,55,quantile,0.8,156
2026-10-03,wk inc flu hosp,3,2026-10-24,55,quantile,0.85,190
2026-10-03,wk inc flu hosp,3,2026-10-24,55,quantile,0.9,247
2026-10-03,wk inc flu hosp,3,2026-10-24,55,quantile,0.95,351
2026-10-03,wk inc flu hosp,3,2026-10-24,55,quantile,0.975,473
2026-10-03,wk inc flu hosp,3,2026-10-24,55,quantile,0.99,673
2026-10-03,wk inc flu hosp,0,2026-10-03,56,quantile,0.01,0
2026-10-03,wk inc flu hosp,0,2026-10-03,56,quantile,0.025,0
2026-10-03,wk inc flu hosp,0,2026-10-03,56,quantile,0.05,0
2026-10-03,wk inc flu hosp,0,2026-10-03,56,quantile,0.1,1
2026-10-03,wk inc flu hosp,0,2026-10-03,56,quantile,0.15,1
2026-10-03,wk inc flu hosp,0,2026-10-03,56,quantile,0.2,1
2026-10-03,wk inc flu hosp,0,2026-10-03,56,quantile,0.25,1
2026-10-03,wk inc flu hosp,0,2026-10-03,56,quantile,0.3,2
2026-10-03,wk inc flu hosp,0,2026-10-03,56,quantile,0.35,2
2026-10-03,wk inc flu hosp,0,2026-10-03,56,quantile,0.4,2
2026-10-03,wk inc flu hosp,0,2026-10-03,56,quantile,0.45,3
2026-10-03,wk inc flu hosp,0,2026-10-03,56,quantile,0.5,3
2026-10-03,wk inc flu hosp,0,2026-10-03,56,quantile,0.55,3
2026-10-03,wk inc flu hosp,0,2026-10-03,56,quantile,0.6,4
2026-10-03,wk inc flu hosp,0,2026-10-03,56,quantile,0.65,4
2026-10-03,wk inc flu hosp,0,2026-10-03,56,quantile,0.7,5
2026-10-03,wk inc flu hosp,0,2026-10-03,56,quantile,0.75,5
2026-10-03,wk inc flu hosp,0,2026-10-03,56,quantile,0.8,6
2026-10-03,wk inc flu hosp,0,2026-10-03,56,quantile,0.85,7
2026-10-03,wk inc flu hosp,0,2026-10-03,56,quantile,0.9,8
2026-10-03,wk inc flu hosp,0,2026-10-03,56,quantile,0.95,11
2026-10-03,wk inc flu hosp,0,2026-10-03,56,quantile,0.975,13
2026-10-03,wk inc flu hosp,0,2026-10-03,56,quantile,0.99,17
2026-10-03,wk inc flu hosp,1,2026-10-10,56,quantile,0.01,0
2026-10-03,wk inc flu hosp,1,2026-10-10,56,quantile,0.025,0
2026-10-03,wk inc flu hosp,1,2026-10-10,56,quantile,0.05,0
2026-10-03,wk inc flu hosp,1,2026-10-10,56,quantile,0.1,1
2026-10-03,wk inc flu hosp,1,2026-10-10,56,quantile,0.15,1
2026-10-03,wk inc flu hosp,1,2026-10-10,56,quantile,0.2,1
2026-10-03,wk inc flu hosp,1,2026-10-10,56,quantile,0.25,2
2026-10-03,wk inc flu hosp,1,2026-10-10,56,quantile,0.3,2
2026-10-03,wk inc flu hosp,1,2026-10-10,56,quantile,0.35,2
2026-10-03,wk inc flu hosp,1,2026-10-10,56,quantile,0.4,3
2026-10-03,wk inc flu hosp,1,2026-10-10,56,quantile,0.45,3
2026-10-03,wk inc flu hosp,1,2026-10-10,56,quantile,0.5,4
2026-10-03,wk inc flu hosp,1,2026-10-10,56,quantile,0.55,4
2026-10-03,wk inc flu hosp,1,2026-10-10,56,quantile,0.6,4
2026-10-03,wk inc flu hosp,1,2026-10-10,56,quantile,0.65,5
2026-10-03,wk inc flu hosp,1,2026-10-10,56,quantile,0.7,6
2026-10-03,wk inc flu hosp,1,2026-10-10,56,quantile,0.75,6
2026-10-03,wk inc flu hosp,1,2026-10-10,56,quantile,0.8,7
2026-10-03,wk inc flu hosp,1,2026-10-10,56,quantile,0.85,9
2026-10-03,wk inc flu hosp,1,2026-10-10,56,quantile,0.9,11
2026-10-03,wk inc flu hosp,1,2026-10-10,56,quantile,0.95,15
2026-10-03,wk inc flu hosp,1,2026-10-10,56,quantile,0.975,19
2026-10-03,wk inc flu hosp,1,2026-10-10,56,quantile,0.99,25
2026-10-03,wk inc flu hosp,2,2026-10-17,56,quantile,0.01,0
2026-10-03,wk inc flu hosp,2,2026-10-17,56,quantile,0.025,0
2026-10-03,wk inc flu hosp,2,2026-10-17,56,quantile,0.05,0
2026-10-03,wk inc flu hosp,2,2026-10-17,56,quantile,0.1,1
2026-10-03,wk inc flu hosp,2,2026-10-17,56,quantile,0.15,1
2026-10-03,wk inc flu hosp,2,2026-10-17,56,quantile,0.2,2
2026-10-03,wk inc flu hosp,2,2026-10-17,56,quantile,0.25,2
2026-10-03,wk inc flu hosp,2,2026-10-17,56,quantile,0.3,2
2026-10-03,wk inc flu hosp,2,2026-10-17,56,quantile,0.35,3
2026-10-03,wk inc flu hosp,2,2026-10-17,56,quantile,0.4,3
2026-10-03,wk inc flu hosp,2,2026-10-17,56,quantile,0.45,4
2026-10-03,wk inc flu hosp,2,2026-10-17,56,quantile,0.5,4
2026-10-03,wk inc flu hosp,2,2026-10-17,56,quantile,0.55,5
2026-10-03,wk inc flu hosp,2,2026-10-17,56,quantile,0.6,6
2026-10-03,wk inc flu hosp,2,2026-10-17,56,quantile,0.65,7
2026-10-03,wk inc flu hosp,2,2026-10-17,56,quantile,0.7,7
2026-10-03,wk inc flu hosp,2,2026-10-17,56,quantile,0.75,9
2026-10-03,wk inc flu hosp,2,2026-10-17,56,quantile,0.8,10
2026-10-03,wk inc flu hosp,2,2026-10-17,56,quantile,0.85,12
2026-10-03,wk inc flu hosp,2,2026-10-17,56,quantile,0.9,15
2026-10-03,wk inc flu hosp,2,2026-10-17,56,quantile,0.95,21
2026-10-03,wk inc flu hosp,2,2026-10-17,56,quantile,0.975,28
2026-10-03,wk inc flu hosp,2,2026-10-17,56,quantile,0.99,39
2026-10-03,wk inc flu hosp,3,2026-10-24,56,quantile,0.01,0
2026-10-03,wk inc flu hosp,3,2026-10-24,56,quantile,0.025,0
2026-10-03,wk inc flu hosp,3,2026-10-24,56,quantile,0.05,0
2026-10-03,wk inc flu hosp,3,2026-10-24,56,quantile,0.1,1
2026-10-03,wk inc flu hosp,3,2026-10-24,56,quantile,0.15,2
2026-10-03,wk inc flu hosp,3,2026-10-24,56,quantile,0.2,2
2026-10-03,wk inc flu hosp,3,2026-10-24,56,quantile,0.25,3
2026-10-03,wk inc flu hosp,3,2026-10-24,56,quantile,0.3,3
2026-10-03,wk inc flu hosp,3,2026-10-24,56,quantile,0.35,4
2026-10-03,wk inc flu hosp,3,2026-10-24,56,quantile,0.4,4
2026-10-03,wk inc flu hosp,3,2026-10-24,56,quantile,0.45,5
2026-10-03,wk inc flu hosp,3,2026-10-24,56,quantile,0.5,6
2026-10-03,wk inc flu hosp,3,2026-10-24,56,quantile,0.55,7
2026-10-03,wk inc flu hosp,3,2026-10-24,56,quantile,0.6,8
2026-10-03,wk inc flu hosp,3,2026-10-24,56,quantile,0.65,9
2026-10-03,wk inc flu hosp,3,2026-10-24,56,quantile,0.7,10
2026-10-03,wk inc flu hosp,3,2026-10-24,56,quantile,0.75,12
2026-10-03,wk inc flu hosp,3,2026-10-24,56,quantile,0.8,14
2026-10-03,wk inc flu hosp,3,2026-10-24,56,quantile,0.85,17
2026-10-03,wk inc flu hosp,3,2026-10-24,56,quantile,0.9,21
2026-10-03,wk inc flu hosp,3,2026-10-24,56,quantile,0.95,30
2026-10-03,wk inc flu hosp,3,2026-10-24,56,quantile,0.975,41
2026-10-03,wk inc flu hosp,3,2026-10-24,56,quantile,0.99,59
2026-10-03,wk inc flu hosp,0,2026-10-03,72,quantile,0.01,39
2026-10-03,wk inc flu hosp,0,2026-10-03,72,quantile,0.025,47
2026-10-03,wk inc flu hosp,0,2026-10-03,72,quantile,0.05,54
2026-10-03,wk inc flu hosp,0,2026-10-03,72,quantile,0.1,64
2026-10-03,wk inc flu hosp,0,2026-10-03,72,quantile,0.15,71
2026-10-03,wk inc flu hosp,0,2026-10-03,72,quantile,0.2,78
2026-10-03,wk inc flu hosp,0,2026-10-03,72,quantile,0.25,84
2026-10-03,wk inc flu hosp,0,2026-10-03,72,quantile,0.3,90
2026-10-03,wk inc flu hosp,0,2026-10-03,72,quantile,0.35,96
2026-10-03,wk inc flu hosp,0,2026-10-03,72,quantile,0.4,103
2026-10-03,wk inc flu hosp,0,2026-10-03,72,quantile,0.45,109
2026-10-03,wk inc flu hosp,0,2026-10-03,72,quantile,0.5,115
2026-10-03,wk inc flu hosp,0,2026-10-03,72,quantile,0.55,122
2026-10-03,wk inc flu hosp,0,2026-10-03,72,quantile,0.6,129
2026-10-03,wk inc flu hosp,0,2026-10-03,72,quantile,0.65,138
2026-10-03,wk inc flu hosp,0,2026-10-03,72,quantile,0.7,146
2026-10-03,wk inc flu hosp,0,2026-10-03,72,quantile,0.75,156
2026-10-03,wk inc flu hosp,0,2026-10-03,72,quantile,0.8,168
2026-10-03,wk inc flu hosp,0,2026-10-03,72,quantile,0.85,183
2026-10-03,wk inc flu hosp,0,2026-10-03,72,quantile,0.9,205
2026-10-03,wk inc flu hosp,0,2026-10-03,72,quantile,0.95,243
2026-10-03,wk inc flu hosp,0,2026-10-03,72,quantile,0.975,280
2026-10-03,wk inc flu hosp,0,2026-10-03,72,quantile,0.99,330
2026-10-03,wk inc flu hosp,1,2026-10-10,72,quantile,0.01,33
2026-10-03,wk inc flu hosp,1,2026-10-10,72,quantile,0.025,42
2026-10-03,wk inc flu hosp,1,2026-10-10,72,quantile,0.05,50
2026-10-03,wk inc flu hosp,1,2026-10-10,72,quantile,0.1,62
2026-10-03,wk inc flu hosp,1,2026-10-10,72,quantile,0.15,71
2026-10-03,wk inc flu hosp,1,2026-10-10,72,quantile,0.2,80
2026-10-03,wk inc flu hosp,1,2026-10-10,72,quantile,0.25,88
2026-10-03,wk inc flu hosp,1,2026-10-10,72,quantile,0.3,96
2026-10-03,wk inc flu hosp,1,2026-10-10,72,quantile,0.35,104
2026-10-03,wk inc flu hosp,1,2026-10-10,72,quantile,0.4,113
2026-10-03,wk inc flu hosp,1,2026-10-10,72,quantile,0.45,121
2026-10-03,wk inc flu hosp,1,2026-10-10,72,quantile,0.5,131
2026-10-03,wk inc flu hosp,1,2026-10-10,72,quantile,0.55,140
2026-10-03,wk inc flu hosp,1,2026-10-10,72,quantile,0.6,151
2026-10-03,wk inc flu hosp,1,2026-10-10,72,quantile,0.65,163
2026-10-03,wk inc flu hosp,1,2026-10-10,72,quantile,0.7,177
2026-10-03,wk inc flu hosp,1,2026-10-10,72,quantile,0.75,193
2026-10-03,wk inc flu hosp,1,2026-10-10,72,quantile,0.8,212
2026-10-03,wk inc flu hosp,1,2026-10-10,72,quantile,0.85,236
2026-10-03,wk inc flu hosp,1,2026-10-10,72,quantile,0.9,272
2026-10-03,wk inc flu hosp,1,2026-10-10,72,quantile,0.95,334
2026-10-03,wk inc flu hosp,1,2026-10-10,72,quantile,0.975,400
2026-10-03,wk inc flu hosp,1,2026-10-10,72,quantile,0.99,495
2026-10-03,wk inc flu hosp,2,2026-10-17,72,quantile,0.01,31
2026-10-03,wk inc flu hosp,2,2026-10-17,72,quantile,0.025,40
2026-10-03,wk inc flu hosp,2,2026-10-17,72,quantile,0.05,49
2026-10-03,wk inc flu hosp,2,2026-10-17,72,quantile,0.1,64
2026-10-03,wk inc flu hosp,2,2026-10-17,72,quantile,0.15,76
2026-10-03,wk inc flu hosp,2,2026-10-17,72,quantile,0.2,87
2026-10-03,wk inc flu hosp,2,2026-10-17,72,quantile,0.25,98
2026-10-03,wk inc flu hosp,2,2026-10-17,72,quantile,0.3,109
2026-10-03,wk inc flu hosp,2,2026-10-17,72,quantile,0.35,119
2026-10-03,wk inc flu hosp,2,2026-10-17,72,quantile,0.4,131
2026-10-03,wk inc flu hosp,2,2026-10-17,72,quantile,0.45,144
2026-10-03,wk inc flu hosp,2,2026-10-17,72,quantile,0.5,157
2026-10-03,wk inc flu hosp,2,2026-10-17,72,quantile,0.55,171
2026-10-03,wk inc flu hosp,2,2026-10-17,72,quantile,0.6,186
2026-10-03,wk inc flu hosp,2,2026-10-17,72,quantile,0.65,204
2026-10-03,wk inc flu hosp,2,2026-10-17,72,quantile,0.7,225
2026-10-03,wk inc flu hosp,2,2026-10-17,72,quantile,0.75,251
2026-10-03,wk inc flu hosp,2,2026-10-17,72,quantile,0.8,284
2026-10-03,wk inc flu hosp,2,2026-10-17,72,quantile,0.85,327
2026-10-03,wk inc flu hosp,2,2026-10-17,72,quantile,0.9,390
2026-10-03,wk inc flu hosp,2,2026-10-17,72,quantile,0.95,503
2026-10-03,wk inc flu hosp,2,2026-10-17,72,quantile,0.975,634
2026-10-03,wk inc flu hosp,2,2026-10-17,72,quantile,0.99,813
2026-10-03,wk inc flu hosp,3,2026-10-24,72,quantile,0.01,28
2026-10-03,wk inc flu hosp,3,2026-10-24,72,quantile,0.025,37
2026-10-03,wk inc flu hosp,3,2026-10-24,72,quantile,0.05,48
2026-10-03,wk inc flu hosp,3,2026-10-24,72,quantile,0.1,65
2026-10-03,wk inc flu hosp,3,2026-10-24,72,quantile,0.15,79
2026-10-03,wk inc flu hosp,3,2026-10-24,72,quantile,0.2,93
2026-10-03,wk inc flu hosp,3,2026-10-24,72,quantile,0.25,107
2026-10-03,wk inc flu hosp,3,2026-10-24,72,quantile,0.3,121
2026-10-03,wk inc flu hosp,3,2026-10-24,72,quantile,0.35,135
2026-10-03,wk inc flu hosp,3,2026-10-24,72,quantile,0.4,151
2026-10-03,wk inc flu hosp,3,2026-10-24,72,quantile,0.45,167
2026-10-03,wk inc flu hosp,3,2026-10-24,72,quantile,0.5,185
2026-10-03,wk inc flu hosp,3,2026-10-24,72,quantile,0.55,206
2026-10-03,wk inc flu hosp,3,2026-10-24,72,quantile,0.6,230
2026-10-03,wk inc flu hosp,3,2026-10-24,72,quantile,0.65,255
2026-10-03,wk inc flu hosp,3,2026-10-24,72,quantile,0.7,286
2026-10-03,wk inc flu hosp,3,2026-10-24,72,quantile,0.75,325
2026-10-03,wk inc flu hosp,3,2026-10-24,72,quantile,0.8,375
2026-10-03,wk inc flu hosp,3,2026-10-24,72,quantile,0.85,444
2026-10-03,wk inc flu hosp,3,2026-10-24,72,quantile,0.9,543
2026-10-03,wk inc flu hosp,3,2026-10-24,72,quantile,0.95,739
2026-10-03,wk inc flu hosp,3,2026-10-24,72,quantile,0.975,947
2026-10-03,wk inc flu hosp,3,2026-10-24,72,quantile,0.99,1266
2026-10-03,wk inc flu hosp,0,2026-10-03,US,quantile,0.01,2006
2026-10-03,wk inc flu hosp,0,2026-10-03,US,quantile,0.025,2139
2026-10-03,wk inc flu hosp,0,2026-10-03,US,quantile,0.05,2262
2026-10-03,wk inc flu hosp,0,2026-10-03,US,quantile,0.1,2406
2026-10-03,wk inc flu hosp,0,2026-10-03,US,quantile,0.15,2510
2026-10-03,wk inc flu hosp,0,2026-10-03,US,quantile,0.2,2601
2026-10-03,wk inc flu hosp,0,2026-10-03,US,quantile,0.25,2685
2026-10-03,wk inc flu hosp,0,2026-10-03,US,quantile,0.3,2758
2026-10-03,wk inc flu hosp,0,2026-10-03,US,quantile,0.35,2823
2026-10-03,wk inc flu hosp,0,2026-10-03,US,quantile,0.4,2889
2026-10-03,wk inc flu hosp,0,2026-10-03,US,quantile,0.45,2961
2026-10-03,wk inc flu hosp,0,2026-10-03,US,quantile,0.5,3031
2026-10-03,wk inc flu hosp,0,2026-10-03,US,quantile,0.55,3098
2026-10-03,wk inc flu hosp,0,2026-10-03,US,quantile,0.6,3173
2026-10-03,wk inc flu hosp,0,2026-10-03,US,quantile,0.65,3249
2026-10-03,wk inc flu hosp,0,2026-10-03,US,quantile,0.7,3323
2026-10-03,wk inc flu hosp,0,2026-10-03,US,quantile,0.75,3413
2026-10-03,wk inc flu hosp,0,2026-10-03,US,quantile,0.8,3520
2026-10-03,wk inc flu hosp,0,2026-10-03,US,quantile,0.85,3642
2026-10-03,wk inc flu hosp,0,2026-10-03,US,quantile,0.9,3794
2026-10-03,wk inc flu hosp,0,2026-10-03,US,quantile,0.95,4028
2026-10-03,wk inc flu hosp,0,2026-10-03,US,quantile,0.975,4282
2026-10-03,wk inc flu hosp,0,2026-10-03,US,quantile,0.99,4558
2026-10-03,wk inc flu hosp,1,2026-10-10,US,quantile,0.01,1848
2026-10-03,wk inc flu hosp,1,2026-10-10,US,quantile,0.025,2023
2026-10-03,wk inc flu hosp,1,2026-10-10,US,quantile,0.05,2204
2026-10-03,wk inc flu hosp,1,2026-10-10,US,quantile,0.1,2427
2026-10-03,wk inc flu hosp,1,2026-10-10,US,quantile,0.15,2569
2026-10-03,wk inc flu hosp,1,2026-10-10,US,quantile,0.2,2693
2026-10-03,wk inc flu hosp,1,2026-10-10,US,quantile,0.25,2803
2026-10-03,wk inc flu hosp,1,2026-10-10,US,quantile,0.3,2928
2026-10-03,wk inc flu hosp,1,2026-10-10,US,quantile,0.35,3046
2026-10-03,wk inc flu hosp,1,2026-10-10,US,quantile,0.4,3160
2026-10-03,wk inc flu hosp,1,2026-10-10,US,quantile,0.45,3278
2026-10-03,wk inc flu hosp,1,2026-10-10,US,quantile,0.5,3371
2026-10-03,wk inc flu hosp,1,2026-10-10,US,quantile,0.55,3489
2026-10-03,wk inc flu hosp,1,2026-10-10,US,quantile,0.6,3620
2026-10-03,wk inc flu hosp,1,2026-10-10,US,quantile,0.65,3762
2026-10-03,wk inc flu hosp,1,2026-10-10,US,quantile,0.7,3914
2026-10-03,wk inc flu hosp,1,2026-10-10,US,quantile,0.75,4074
2026-10-03,wk inc flu hosp,1,2026-10-10,US,quantile,0.8,4253
2026-10-03,wk inc flu hosp,1,2026-10-10,US,quantile,0.85,4475
2026-10-03,wk inc flu hosp,1,2026-10-10,US,quantile,0.9,4769
2026-10-03,wk inc flu hosp,1,2026-10-10,US,quantile,0.95,5244
2026-10-03,wk inc flu hosp,1,2026-10-10,US,quantile,0.975,5697
2026-10-03,wk inc flu hosp,1,2026-10-10,US,quantile,0.99,6258
2026-10-03,wk inc flu hosp,2,2026-10-17,US,quantile,0.01,1456
2026-10-03,wk inc flu hosp,2,2026-10-17,US,quantile,0.025,1704
2026-10-03,wk inc flu hosp,2,2026-10-17,US,quantile,0.05,1953
2026-10-03,wk inc flu hosp,2,2026-10-17,US,quantile,0.1,2282
2026-10-03,wk inc flu hosp,2,2026-10-17,US,quantile,0.15,2542
2026-10-03,wk inc flu hosp,2,2026-10-17,US,quantile,0.2,2776
2026-10-03,wk inc flu hosp,2,2026-10-17,US,quantile,0.25,3006
2026-10-03,wk inc flu hosp,2,2026-10-17,US,quantile,0.3,3208
2026-10-03,wk inc flu hosp,2,2026-10-17,US,quantile,0.35,3395
2026-10-03,wk inc flu hosp,2,2026-10-17,US,quantile,0.4,3621
2026-10-03,wk inc flu hosp,2,2026-10-17,US,quantile,0.45,3832
2026-10-03,wk inc flu hosp,2,2026-10-17,US,quantile,0.5,4037
2026-10-03,wk inc flu hosp,2,2026-10-17,US,quantile,0.55,4268
2026-10-03,wk inc flu hosp,2,2026-10-17,US,quantile,0.6,4515
2026-10-03,wk inc flu hosp,2,2026-10-17,US,quantile,0.65,4787
2026-10-03,wk inc flu hosp,2,2026-10-17,US,quantile,0.7,5102
2026-10-03,wk inc flu hosp,2,2026-10-17,US,quantile,0.75,5468
2026-10-03,wk inc flu hosp,2,2026-10-17,US,quantile,0.8,5905
2026-10-03,wk inc flu hosp,2,2026-10-17,US,quantile,0.85,6472
2026-10-03,wk inc flu hosp,2,2026-10-17,US,quantile,0.9,7255
2026-10-03,wk inc flu hosp,2,2026-10-17,US,quantile,0.95,8590
2026-10-03,wk inc flu hosp,2,2026-10-17,US,quantile,0.975,9850
2026-10-03,wk inc flu hosp,2,2026-10-17,US,quantile,0.99,11657
2026-10-03,wk inc flu hosp,3,2026-10-24,US,quantile,0.01,1316
2026-10-03,wk inc flu hosp,3,2026-10-24,US,quantile,0.025,1638
2026-10-03,wk inc flu hosp,3,2026-10-24,US,quantile,0.05,1939
2026-10-03,wk inc flu hosp,3,2026-10-24,US,quantile,0.1,2342
2026-10-03,wk inc flu hosp,3,2026-10-24,US,quantile,0.15,2648
2026-10-03,wk inc flu hosp,3,2026-10-24,US,quantile,0.2,2961
2026-10-03,wk inc flu hosp,3,2026-10-24,US,quantile,0.25,3259
2026-10-03,wk inc flu hosp,3,2026-10-24,US,quantile,0.3,3558
2026-10-03,wk inc flu hosp,3,2026-10-24,US,quantile,0.35,3850
2026-10-03,wk inc flu hosp,3,2026-10-24,US,quantile,0.4,4129
2026-10-03,wk inc flu hosp,3,2026-10-24,US,quantile,0.45,4433
2026-10-03,wk inc flu hosp,3,2026-10-24,US,quantile,0.5,4752
2026-10-03,wk inc flu hosp,3,2026-10-24,US,quantile,0.55,5117
2026-10-03,wk inc flu hosp,3,2026-10-24,US,quantile,0.6,5493
2026-10-03,wk inc flu hosp,3,2026-10-24,US,quantile,0.65,5904
2026-10-03,wk inc flu hosp,3,2026-10-24,US,quantile,0.7,6388
2026-10-03,wk inc flu hosp,3,2026-10-24,US,quantile,0.75,6901
2026-10-03,wk inc flu hosp,3,2026-10-24,US,quantile,0.8,7578
2026-10-03,wk inc flu hosp,3,2026-10-24,US,quantile,0.85,8427
2026-10-03,wk inc flu hosp,3,2026-10-24,US,quantile,0.9,9608
2026-10-03,wk inc flu hosp,3,2026-10-24,US,quantile,0.95,11814
2026-10-03,wk inc flu hosp,3,2026-10-24,US,quantile,0.975,14096
2026-10-03,wk inc flu hosp,3,2026-10-24,US,quantile,0.99,17279
2026-10-03,wk inc flu prop ed visits,0,2026-10-03,01,quantile,0.01,0.00268181899516
2026-10-03,wk inc flu prop ed visits,0,2026-10-03,01,quantile,0.025,0.00311645653085
2026-10-03,wk inc flu prop ed visits,0,2026-10-03,01,quantile,0.05,0.00352352680716
2026-10-03,wk inc flu prop ed visits,0,2026-10-03,01,quantile,0.1,0.00405256430555
2026-10-03,wk inc flu prop ed visits,0,2026-10-03,01,quantile,0.15,0.00446385674161
2026-10-03,wk inc flu prop ed visits,0,2026-10-03,01,quantile,0.2,0.00484513897595
2026-10-03,wk inc flu prop ed visits,0,2026-10-03,01,quantile,0.25,0.00518433503046
2026-10-03,wk inc flu prop ed visits,0,2026-10-03,01,quantile,0.3,0.00550232349498
2026-10-03,wk inc flu prop ed visits,0,2026-10-03,01,quantile,0.35,0.00582128119536
2026-10-03,wk inc flu prop ed visits,0,2026-10-03,01,quantile,0.4,0.00612719299904
2026-10-03,wk inc flu prop ed visits,0,2026-10-03,01,quantile,0.45,0.00646067099516
2026-10-03,wk inc flu prop ed visits,0,2026-10-03,01,quantile,0.5,0.00679146305703
2026-10-03,wk inc flu prop ed visits,0,2026-10-03,01,quantile,0.55,0.00714807454078
2026-10-03,wk inc flu prop ed visits,0,2026-10-03,01,quantile,0.6,0.00754156870494
2026-10-03,wk inc flu prop ed visits,0,2026-10-03,01,quantile,0.65,0.00797088197153
2026-10-03,wk inc flu prop ed visits,0,2026-10-03,01,quantile,0.7,0.0084279342319
2026-10-03,wk inc flu prop ed visits,0,2026-10-03,01,quantile,0.75,0.00895188574881
2026-10-03,wk inc flu prop ed visits,0,2026-10-03,01,quantile,0.8,0.00961539047918
2026-10-03,wk inc flu prop ed visits,0,2026-10-03,01,quantile,0.85,0.0103854993044
2026-10-03,wk inc flu prop ed visits,0,2026-10-03,01,quantile,0.9,0.0114776137586
2026-10-03,wk inc flu prop ed visits,0,2026-10-03,01,quantile,0.95,0.0133668901462
2026-10-03,wk inc flu prop ed visits,0,2026-10-03,01,quantile,0.975,0.0151260057713
2026-10-03,wk inc flu prop ed visits,0,2026-10-03,01,quantile,0.99,0.0174122035236
2026-10-03,wk inc flu prop ed visits,1,2026-10-10,01,quantile,0.01,0.00215454432335
2026-10-03,wk inc flu prop ed visits,1,2026-10-10,01,quantile,0.025,0.00263666018566
2026-10-03,wk inc flu prop ed visits,1,2026-10-10,01,quantile,0.05,0.00313512702344
2026-10-03,wk inc flu prop ed visits,1,2026-10-10,01,quantile,0.1,0.00383954589509
2026-10-03,wk inc flu prop ed visits,1,2026-10-10,01,quantile,0.15,0.00438899664285
2026-10-03,wk inc flu prop ed visits,1,2026-10-10,01,quantile,0.2,0.00488328066264
2026-10-03,wk inc flu prop ed visits,1,2026-10-10,01,quantile,0.25,0.00535864552648
2026-10-03,wk inc flu prop ed visits,1,2026-10-10,01,quantile,0.3,0.00583105265539
2026-10-03,wk inc flu prop ed visits,1,2026-10-10,01,quantile,0.35,0.00627796085826
2026-10-03,wk inc flu prop ed visits,1,2026-10-10,01,quantile,0.4,0.00672706929414
2026-10-03,wk inc flu prop ed visits,1,2026-10-10,01,quantile,0.45,0.00719521640973
2026-10-03,wk inc flu prop ed visits,1,2026-10-10,01,quantile,0.5,0.00769510592912
2026-10-03,wk inc flu prop ed visits,1,2026-10-10,01,quantile,0.55,0.00824608505878
2026-10-03,wk inc flu prop ed visits,1,2026-10-10,01,quantile,0.6,0.00882263124527
2026-10-03,wk inc flu prop ed visits,1,2026-10-10,01,quantile,0.65,0.00945991397651
2026-10-03,wk inc flu prop ed visits,1,2026-10-10,01,quantile,0.7,0.0102094324245
2026-10-03,wk inc flu prop ed visits,1,2026-10-10,01,quantile,0.75,0.0111241663633
2026-10-03,wk inc flu prop ed visits,1,2026-10-10,01,quantile,0.8,0.0121791938142
2026-10-03,wk inc flu prop ed visits,1,2026-10-10,01,quantile,0.85,0.0135576783552
2026-10-03,wk inc flu prop ed visits,1,2026-10-10,01,quantile,0.9,0.0155336417358
2026-10-03,wk inc flu prop ed visits,1,2026-10-10,01,quantile,0.95,0.0189519602568
2026-10-03,wk inc flu prop ed visits,1,2026-10-10,01,quantile,0.975,0.0224983409788
2026-10-03,wk inc flu prop ed visits,1,2026-10-10,01,quantile,0.99,0.0274031416978
2026-10-03,wk inc flu prop ed visits,2,2026-10-17,01,quantile,0.01,0.00179861250603
2026-10-03,wk inc flu prop ed visits,2,2026-10-17,01,quantile,0.025,0.00229935180957
2026-10-03,wk inc flu prop ed visits,2,2026-10-17,01,quantile,0.05,0.0028716371662
2026-10-03,wk inc flu prop ed visits,2,2026-10-17,01,quantile,0.1,0.00369382655332
2026-10-03,wk inc flu prop ed visits,2,2026-10-17,01,quantile,0.15,0.00437903059163
2026-10-03,wk inc flu prop ed visits,2,2026-10-17,01,quantile,0.2,0.00498150458314
2026-10-03,wk inc flu prop ed visits,2,2026-10-17,01,quantile,0.25,0.00555041853179
2026-10-03,wk inc flu prop ed visits,2,2026-10-17,01,quantile,0.3,0.00619434167684
2026-10-03,wk inc flu prop ed visits,2,2026-10-17,01,quantile,0.35,0.00686339614263
2026-10-03,wk inc flu prop ed visits,2,2026-10-17,01,quantile,0.4,0.00753904978863
2026-10-03,wk inc flu prop ed visits,2,2026-10-17,01,quantile,0.45,0.00823163809071
2026-10-03,wk inc flu prop ed visits,2,2026-10-17,01,quantile,0.5,0.00897996704185
2026-10-03,wk inc flu prop ed visits,2,2026-10-17,01,quantile,0.55,0.00980060884507
2026-10-03,wk inc flu prop ed visits,2,2026-10-17,01,quantile,0.6,0.0106723314581
2026-10-03,wk inc flu prop ed visits,2,2026-10-17,01,quantile,0.65,0.0116403498283
2026-10-03,wk inc flu prop ed visits,2,2026-10-17,01,quantile,0.7,0.0128975284734
2026-10-03,wk inc flu prop ed visits,2,2026-10-17,01,quantile,0.75,0.0143822905277
2026-10-03,wk inc flu prop ed visits,2,2026-10-17,01,quantile,0.8,0.0161981058957
2026-10-03,wk inc flu prop ed visits,2,2026-10-17,01,quantile,0.85,0.0185575047112
2026-10-03,wk inc flu prop ed visits,2,2026-10-17,01,quantile,0.9,0.0219662766827
2026-10-03,wk inc flu prop ed visits,2,2026-10-17,01,quantile,0.95,0.0282187489491
2026-10-03,wk inc flu prop ed visits,2,2026-10-17,01,quantile,0.975,0.0351160299872
2026-10-03,wk inc flu prop ed visits,2,2026-10-17,01,quantile,0.99,0.0448542718621
2026-10-03,wk inc flu prop ed visits,3,2026-10-24,01,quantile,0.01,0.00167917601714
2026-10-03,wk inc flu prop ed visits,3,2026-10-24,01,quantile,0.025,0.0022347498482
2026-10-03,wk inc flu prop ed visits,3,2026-10-24,01,quantile,0.05,0.00284213905796
2026-10-03,wk inc flu prop ed visits,3,2026-10-24,01,quantile,0.1,0.00376900167605
2026-10-03,wk inc flu prop ed visits,3,2026-10-24,01,quantile,0.15,0.00454376334145
2026-10-03,wk inc flu prop ed visits,3,2026-10-24,01,quantile,0.2,0.00529635905751
2026-10-03,wk inc flu prop ed visits,3,2026-10-24,01,quantile,0.25,0.00605691090137
2026-10-03,wk inc flu prop ed visits,3,2026-10-24,01,quantile,0.3,0.00680809621386
2026-10-03,wk inc flu prop ed visits,3,2026-10-24,01,quantile,0.35,0.00759133722172
2026-10-03,wk inc flu prop ed visits,3,2026-10-24,01,quantile,0.4,0.00841212320832
2026-10-03,wk inc flu prop ed visits,3,2026-10-24,01,quantile,0.45,0.00924572297102
2026-10-03,wk inc flu prop ed visits,3,2026-10-24,01,quantile,0.5,0.0101692360211
2026-10-03,wk inc flu prop ed visits,3,2026-10-24,01,quantile,0.55,0.0112325061996
2026-10-03,wk inc flu prop ed visits,3,2026-10-24,01,quantile,0.6,0.0124136501641
2026-10-03,wk inc flu prop ed visits,3,2026-10-24,01,quantile,0.65,0.0137182941918
2026-10-03,wk inc flu prop ed visits,3,2026-10-24,01,quantile,0.7,0.0152928738582
2026-10-03,wk inc flu prop ed visits,3,2026-10-24,01,quantile,0.75,0.0171969736577
2026-10-03,wk inc flu prop ed visits,3,2026-10-24,01,quantile,0.8,0.019631492111
2026-10-03,wk inc flu prop ed visits,3,2026-10-24,01,quantile,0.85,0.0229138860763
2026-10-03,wk inc flu prop ed visits,3,2026-10-24,01,quantile,0.9,0.0278123278232
2026-10-03,wk inc flu prop ed visits,3,2026-10-24,01,quantile,0.95,0.0368198982835
2026-10-03,wk inc flu prop ed visits,3,2026-10-24,01,quantile,0.975,0.0465005826961
2026-10-03,wk inc flu prop ed visits,3,2026-10-24,01,quantile,0.99,0.0614477531999
2026-10-03,wk inc flu prop ed visits,0,2026-10-03,02,quantile,0.01,0.00672011742261
2026-10-03,wk inc flu prop ed visits,0,2026-10-03,02,quantile,0.025,0.00776493254137
2026-10-03,wk inc flu prop ed visits,0,2026-10-03,02,quantile,0.05,0.00879986029715
2026-10-03,wk inc flu prop ed visits,0,2026-10-03,02,quantile,0.1,0.010063416119
2026-10-03,wk inc flu prop ed visits,0,2026-10-03,02,quantile,0.15,0.0110023583002
2026-10-03,wk inc flu prop ed visits,0,2026-10-03,02,quantile,0.2,0.0118763690527
2026-10-03,wk inc flu prop ed visits,0,2026-10-03,02,quantile,0.25,0.012591871632
2026-10-03,wk inc flu prop ed visits,0,2026-10-03,02,quantile,0.3,0.0133370659958
2026-10-03,wk inc flu prop ed visits,0,2026-10-03,02,quantile,0.35,0.0140913319039
2026-10-03,wk inc flu prop ed visits,0,2026-10-03,02,quantile,0.4,0.0148505999898
2026-10-03,wk inc flu prop ed visits,0,2026-10-03,02,quantile,0.45,0.0155479986257
2026-10-03,wk inc flu prop ed visits,0,2026-10-03,02,quantile,0.5,0.0163079697365
2026-10-03,wk inc flu prop ed visits,0,2026-10-03,02,quantile,0.55,0.0170471850096
2026-10-03,wk inc flu prop ed visits,0,2026-10-03,02,quantile,0.6,0.0179734277339
2026-10-03,wk inc flu prop ed visits,0,2026-10-03,02,quantile,0.65,0.0188530810339
2026-10-03,wk inc flu prop ed visits,0,2026-10-03,02,quantile,0.7,0.0198251341138
2026-10-03,wk inc flu prop ed visits,0,2026-10-03,02,quantile,0.75,0.0209495333802
2026-10-03,wk inc flu prop ed visits,0,2026-10-03,02,quantile,0.8,0.0222176143879
2026-10-03,wk inc flu prop ed visits,0,2026-10-03,02,quantile,0.85,0.0239769929946
2026-10-03,wk inc flu prop ed visits,0,2026-10-03,02,quantile,0.9,0.0262046276507
2026-10-03,wk inc flu prop ed visits,0,2026-10-03,02,quantile,0.95,0.0301342028819
2026-10-03,wk inc flu prop ed visits,0,2026-10-03,02,quantile,0.975,0.0339608815717
2026-10-03,wk inc flu prop ed visits,0,2026-10-03,02,quantile,0.99,0.0387536171414
2026-10-03,wk inc flu prop ed visits,1,2026-10-10,02,quantile,0.01,0.00524585991063
2026-10-03,wk inc flu prop ed visits,1,2026-10-10,02,quantile,0.025,0.0063046398403
2026-10-03,wk inc flu prop ed visits,1,2026-10-10,02,quantile,0.05,0.00737611115424
2026-10-03,wk inc flu prop ed visits,1,2026-10-10,02,quantile,0.1,0.00887173039934
2026-10-03,wk inc flu prop ed visits,1,2026-10-10,02,quantile,0.15,0.0100811302767
2026-10-03,wk inc flu prop ed visits,1,2026-10-10,02,quantile,0.2,0.0111798675223
2026-10-03,wk inc flu prop ed visits,1,2026-10-10,02,quantile,0.25,0.0121861403652
2026-10-03,wk inc flu prop ed visits,1,2026-10-10,02,quantile,0.3,0.0131386929583
2026-10-03,wk inc flu prop ed visits,1,2026-10-10,02,quantile,0.35,0.0141166215626
2026-10-03,wk inc flu prop ed visits,1,2026-10-10,02,quantile,0.4,0.0150816048837
2026-10-03,wk inc flu prop ed visits,1,2026-10-10,02,quantile,0.45,0.0159866121438
2026-10-03,wk inc flu prop ed visits,1,2026-10-10,02,quantile,0.5,0.0169540408491
2026-10-03,wk inc flu prop ed visits,1,2026-10-10,02,quantile,0.55,0.0180760133382
2026-10-03,wk inc flu prop ed visits,1,2026-10-10,02,quantile,0.6,0.0193178182872
2026-10-03,wk inc flu prop ed visits,1,2026-10-10,02,quantile,0.65,0.0206878012948
2026-10-03,wk inc flu prop ed visits,1,2026-10-10,02,quantile,0.7,0.0221414606615
2026-10-03,wk inc flu prop ed visits,1,2026-10-10,02,quantile,0.75,0.0238367330113
2026-10-03,wk inc flu prop ed visits,1,2026-10-10,02,quantile,0.8,0.0258665688942
2026-10-03,wk inc flu prop ed visits,1,2026-10-10,02,quantile,0.85,0.0283986919153
2026-10-03,wk inc flu prop ed visits,1,2026-10-10,02,quantile,0.9,0.0322424142192
2026-10-03,wk inc flu prop ed visits,1,2026-10-10,02,quantile,0.95,0.039051968672
2026-10-03,wk inc flu prop ed visits,1,2026-10-10,02,quantile,0.975,0.0455387053765
2026-10-03,wk inc flu prop ed visits,1,2026-10-10,02,quantile,0.99,0.0536441997416
2026-10-03,wk inc flu prop ed visits,2,2026-10-17,02,quantile,0.01,0.0041125621025
2026-10-03,wk inc flu prop ed visits,2,2026-10-17,02,quantile,0.025,0.00519757790121
2026-10-03,wk inc flu prop ed visits,2,2026-10-17,02,quantile,0.05,0.0063740830286
2026-10-03,wk inc flu prop ed visits,2,2026-10-17,02,quantile,0.1,0.00810249370748
2026-10-03,wk inc flu prop ed visits,2,2026-10-17,02,quantile,0.15,0.00958936749861
2026-10-03,wk inc flu prop ed visits,2,2026-10-17,02,quantile,0.2,0.0108572160066
2026-10-03,wk inc flu prop ed visits,2,2026-10-17,02,quantile,0.25,0.0120653933599
2026-10-03,wk inc flu prop ed visits,2,2026-10-17,02,quantile,0.3,0.0132457750566
2026-10-03,wk inc flu prop ed visits,2,2026-10-17,02,quantile,0.35,0.0145156368427
2026-10-03,wk inc flu prop ed visits,2,2026-10-17,02,quantile,0.4,0.0159224909308
2026-10-03,wk inc flu prop ed visits,2,2026-10-17,02,quantile,0.45,0.0172270796225
2026-10-03,wk inc flu prop ed visits,2,2026-10-17,02,quantile,0.5,0.0185376799264
2026-10-03,wk inc flu prop ed visits,2,2026-10-17,02,quantile,0.55,0.0200066684279
2026-10-03,wk inc flu prop ed visits,2,2026-10-17,02,quantile,0.6,0.0215670539875
2026-10-03,wk inc flu prop ed visits,2,2026-10-17,02,quantile,0.65,0.0233562350972
2026-10-03,wk inc flu prop ed visits,2,2026-10-17,02,quantile,0.7,0.0255034844663
2026-10-03,wk inc flu prop ed visits,2,2026-10-17,02,quantile,0.75,0.0280538742971
2026-10-03,wk inc flu prop ed visits,2,2026-10-17,02,quantile,0.8,0.0311300686481
2026-10-03,wk inc flu prop ed visits,2,2026-10-17,02,quantile,0.85,0.0354176401234
2026-10-03,wk inc flu prop ed visits,2,2026-10-17,02,quantile,0.9,0.0412013599111
2026-10-03,wk inc flu prop ed visits,2,2026-10-17,02,quantile,0.95,0.0510752462057
2026-10-03,wk inc flu prop ed visits,2,2026-10-17,02,quantile,0.975,0.0613712090377
2026-10-03,wk inc flu prop ed visits,2,2026-10-17,02,quantile,0.99,0.0765816198747
2026-10-03,wk inc flu prop ed visits,3,2026-10-24,02,quantile,0.01,0.00341770006006
2026-10-03,wk inc flu prop ed visits,3,2026-10-24,02,quantile,0.025,0.00453947667543
2026-10-03,wk inc flu prop ed visits,3,2026-10-24,02,quantile,0.05,0.00576382701859
2026-10-03,wk inc flu prop ed visits,3,2026-10-24,02,quantile,0.1,0.007616658854
2026-10-03,wk inc flu prop ed visits,3,2026-10-24,02,quantile,0.15,0.00913391858065
2026-10-03,wk inc flu prop ed visits,3,2026-10-24,02,quantile,0.2,0.0104591489706
2026-10-03,wk inc flu prop ed visits,3,2026-10-24,02,quantile,0.25,0.0118368918158
2026-10-03,wk inc flu prop ed visits,3,2026-10-24,02,quantile,0.3,0.0132660579549
2026-10-03,wk inc flu prop ed visits,3,2026-10-24,02,quantile,0.35,0.0146986347495
2026-10-03,wk inc flu prop ed visits,3,2026-10-24,02,quantile,0.4,0.0161678153571
2026-10-03,wk inc flu prop ed visits,3,2026-10-24,02,quantile,0.45,0.0176937710962
2026-10-03,wk inc flu prop ed visits,3,2026-10-24,02,quantile,0.5,0.0193702980684
2026-10-03,wk inc flu prop ed visits,3,2026-10-24,02,quantile,0.55,0.0212080211372
2026-10-03,wk inc flu prop ed visits,3,2026-10-24,02,quantile,0.6,0.0232609926519
2026-10-03,wk inc flu prop ed visits,3,2026-10-24,02,quantile,0.65,0.0254745138436
2026-10-03,wk inc flu prop ed visits,3,2026-10-24,02,quantile,0.7,0.0281516766975
2026-10-03,wk inc flu prop ed visits,3,2026-10-24,02,quantile,0.75,0.0312932039177
2026-10-03,wk inc flu prop ed visits,3,2026-10-24,02,quantile,0.8,0.0350688044134
2026-10-03,wk inc flu prop ed visits,3,2026-10-24,02,quantile,0.85,0.0399982499448
2026-10-03,wk inc flu prop ed visits,3,2026-10-24,02,quantile,0.9,0.047255041335
2026-10-03,wk inc flu prop ed visits,3,2026-10-24,02,quantile,0.95,0.0608335423121
2026-10-03,wk inc flu prop ed visits,3,2026-10-24,02,quantile,0.975,0.07571519852
2026-10-03,wk inc flu prop ed visits,3,2026-10-24,02,quantile,0.99,0.0978219556755
2026-10-03,wk inc flu prop ed visits,0,2026-10-03,04,quantile,0.01,0.00140589557226
2026-10-03,wk inc flu prop ed visits,0,2026-10-03,04,quantile,0.025,0.00168993125351
2026-10-03,wk inc flu prop ed visits,0,2026-10-03,04,quantile,0.05,0.00197464934199
2026-10-03,wk inc flu prop ed visits,0,2026-10-03,04,quantile,0.1,0.00235919284319
2026-10-03,wk inc flu prop ed visits,0,2026-10-03,04,quantile,0.15,0.00266067119127
2026-10-03,wk inc flu prop ed visits,0,2026-10-03,04,quantile,0.2,0.00293772625436
2026-10-03,wk inc flu prop ed visits,0,2026-10-03,04,quantile,0.25,0.00319266199481
2026-10-03,wk inc flu prop ed visits,0,2026-10-03,04,quantile,0.3,0.00344295733357
2026-10-03,wk inc flu prop ed visits,0,2026-10-03,04,quantile,0.35,0.00369549233935
2026-10-03,wk inc flu prop ed visits,0,2026-10-03,04,quantile,0.4,0.00395463627037
2026-10-03,wk inc flu prop ed visits,0,2026-10-03,04,quantile,0.45,0.00421185141793
2026-10-03,wk inc flu prop ed visits,0,2026-10-03,04,quantile,0.5,0.00448664027925
2026-10-03,wk inc flu prop ed visits,0,2026-10-03,04,quantile,0.55,0.00477988385682
2026-10-03,wk inc flu prop ed visits,0,2026-10-03,04,quantile,0.6,0.00508720415059
2026-10-03,wk inc flu prop ed visits,0,2026-10-03,04,quantile,0.65,0.00543538579128
2026-10-03,wk inc flu prop ed visits,0,2026-10-03,04,quantile,0.7,0.00580407285669
2026-10-03,wk inc flu prop ed visits,0,2026-10-03,04,quantile,0.75,0.00624862316627
2026-10-03,wk inc flu prop ed visits,0,2026-10-03,04,quantile,0.8,0.00678338367082
2026-10-03,wk inc flu prop ed visits,0,2026-10-03,04,quantile,0.85,0.0074941220537
2026-10-03,wk inc flu prop ed visits,0,2026-10-03,04,quantile,0.9,0.00849802378141
2026-10-03,wk inc flu prop ed visits,0,2026-10-03,04,quantile,0.95,0.0101676957078
2026-10-03,wk inc flu prop ed visits,0,2026-10-03,04,quantile,0.975,0.0118192857822
2026-10-03,wk inc flu prop ed visits,0,2026-10-03,04,quantile,0.99,0.0140768058256
2026-10-03,wk inc flu prop ed visits,1,2026-10-10,04,quantile,0.01,0.00116981223268
2026-10-03,wk inc flu prop ed visits,1,2026-10-10,04,quantile,0.025,0.0014852647792
2026-10-03,wk inc flu prop ed visits,1,2026-10-10,04,quantile,0.05,0.0018051870374
2026-10-03,wk inc flu prop ed visits,1,2026-10-10,04,quantile,0.1,0.00225637260304
2026-10-03,wk inc flu prop ed visits,1,2026-10-10,04,quantile,0.15,0.00263587692238
2026-10-03,wk inc flu prop ed visits,1,2026-10-10,04,quantile,0.2,0.00298876550977
2026-10-03,wk inc flu prop ed visits,1,2026-10-10,04,quantile,0.25,0.00330099254853
2026-10-03,wk inc flu prop ed visits,1,2026-10-10,04,quantile,0.3,0.00362068889908
2026-10-03,wk inc flu prop ed visits,1,2026-10-10,04,quantile,0.35,0.00395517252352
2026-10-03,wk inc flu prop ed visits,1,2026-10-10,04,quantile,0.4,0.00430811263093
2026-10-03,wk inc flu prop ed visits,1,2026-10-10,04,quantile,0.45,0.00466164084202
2026-10-03,wk inc flu prop ed visits,1,2026-10-10,04,quantile,0.5,0.00501205042257
2026-10-03,wk inc flu prop ed visits,1,2026-10-10,04,quantile,0.55,0.00542270335381
2026-10-03,wk inc flu prop ed visits,1,2026-10-10,04,quantile,0.6,0.00586904045311
2026-10-03,wk inc flu prop ed visits,1,2026-10-10,04,quantile,0.65,0.00639052449814
2026-10-03,wk inc flu prop ed visits,1,2026-10-10,04,quantile,0.7,0.00694911081985
2026-10-03,wk inc flu prop ed visits,1,2026-10-10,04,quantile,0.75,0.0076351900695
2026-10-03,wk inc flu prop ed visits,1,2026-10-10,04,quantile,0.8,0.00845477101951
2026-10-03,wk inc flu prop ed visits,1,2026-10-10,04,quantile,0.85,0.00955211948206
2026-10-03,wk inc flu prop ed visits,1,2026-10-10,04,quantile,0.9,0.0111609818837
2026-10-03,wk inc flu prop ed visits,1,2026-10-10,04,quantile,0.95,0.0138925386416
2026-10-03,wk inc flu prop ed visits,1,2026-10-10,04,quantile,0.975,0.0168374837742
2026-10-03,wk inc flu prop ed visits,1,2026-10-10,04,quantile,0.99,0.0210239178018
2026-10-03,wk inc flu prop ed visits,2,2026-10-17,04,quantile,0.01,0.00109713773625
2026-10-03,wk inc flu prop ed visits,2,2026-10-17,04,quantile,0.025,0.001424781893
2026-10-03,wk inc flu prop ed visits,2,2026-10-17,04,quantile,0.05,0.00178647129779
2026-10-03,wk inc flu prop ed visits,2,2026-10-17,04,quantile,0.1,0.00233579586222
2026-10-03,wk inc flu prop ed visits,2,2026-10-17,04,quantile,0.15,0.00280401367228
2026-10-03,wk inc flu prop ed visits,2,2026-10-17,04,quantile,0.2,0.0032350085321
2026-10-03,wk inc flu prop ed visits,2,2026-10-17,04,quantile,0.25,0.00367434374605
2026-10-03,wk inc flu prop ed visits,2,2026-10-17,04,quantile,0.3,0.00411967527774
2026-10-03,wk inc flu prop ed visits,2,2026-10-17,04,quantile,0.35,0.0045672152015
2026-10-03,wk inc flu prop ed visits,2,2026-10-17,04,quantile,0.4,0.00499530489304
2026-10-03,wk inc flu prop ed visits,2,2026-10-17,04,quantile,0.45,0.00546439787989
2026-10-03,wk inc flu prop ed visits,2,2026-10-17,04,quantile,0.5,0.00597841585178
2026-10-03,wk inc flu prop ed visits,2,2026-10-17,04,quantile,0.55,0.0064957597085
2026-10-03,wk inc flu prop ed visits,2,2026-10-17,04,quantile,0.6,0.00710240240184
2026-10-03,wk inc flu prop ed visits,2,2026-10-17,04,quantile,0.65,0.00781966222799
2026-10-03,wk inc flu prop ed visits,2,2026-10-17,04,quantile,0.7,0.00863069314925
2026-10-03,wk inc flu prop ed visits,2,2026-10-17,04,quantile,0.75,0.00959275227919
2026-10-03,wk inc flu prop ed visits,2,2026-10-17,04,quantile,0.8,0.0108200796268
2026-10-03,wk inc flu prop ed visits,2,2026-10-17,04,quantile,0.85,0.0124928069166
2026-10-03,wk inc flu prop ed visits,2,2026-10-17,04,quantile,0.9,0.0148901463693
2026-10-03,wk inc flu prop ed visits,2,2026-10-17,04,quantile,0.95,0.0193606883253
2026-10-03,wk inc flu prop ed visits,2,2026-10-17,04,quantile,0.975,0.0242463019609
2026-10-03,wk inc flu prop ed visits,2,2026-10-17,04,quantile,0.99,0.0315054188669
2026-10-03,wk inc flu prop ed visits,3,2026-10-24,04,quantile,0.01,0.00110354314155
2026-10-03,wk inc flu prop ed visits,3,2026-10-24,04,quantile,0.025,0.00147410939135
2026-10-03,wk inc flu prop ed visits,3,2026-10-24,04,quantile,0.05,0.00189644855933
2026-10-03,wk inc flu prop ed visits,3,2026-10-24,04,quantile,0.1,0.00253776179594
2026-10-03,wk inc flu prop ed visits,3,2026-10-24,04,quantile,0.15,0.00309965038149
2026-10-03,wk inc flu prop ed visits,3,2026-10-24,04,quantile,0.2,0.00363042012721
2026-10-03,wk inc flu prop ed visits,3,2026-10-24,04,quantile,0.25,0.00416783971301
2026-10-03,wk inc flu prop ed visits,3,2026-10-24,04,quantile,0.3,0.00466969974615
2026-10-03,wk inc flu prop ed visits,3,2026-10-24,04,quantile,0.35,0.00515922197135
2026-10-03,wk inc flu prop ed visits,3,2026-10-24,04,quantile,0.4,0.00568254119948
2026-10-03,wk inc flu prop ed visits,3,2026-10-24,04,quantile,0.45,0.00622772806858
2026-10-03,wk inc flu prop ed visits,3,2026-10-24,04,quantile,0.5,0.00689820039787
2026-10-03,wk inc flu prop ed visits,3,2026-10-24,04,quantile,0.55,0.00764326776919
2026-10-03,wk inc flu prop ed visits,3,2026-10-24,04,quantile,0.6,0.00839736264848
2026-10-03,wk inc flu prop ed visits,3,2026-10-24,04,quantile,0.65,0.00924193710462
2026-10-03,wk inc flu prop ed visits,3,2026-10-24,04,quantile,0.7,0.0103576382433
2026-10-03,wk inc flu prop ed visits,3,2026-10-24,04,quantile,0.75,0.0116613076779
2026-10-03,wk inc flu prop ed visits,3,2026-10-24,04,quantile,0.8,0.0133191783824
2026-10-03,wk inc flu prop ed visits,3,2026-10-24,04,quantile,0.85,0.0156890809729
2026-10-03,wk inc flu prop ed visits,3,2026-10-24,04,quantile,0.9,0.0191279231285
2026-10-03,wk inc flu prop ed visits,3,2026-10-24,04,quantile,0.95,0.0256518117997
2026-10-03,wk inc flu prop ed visits,3,2026-10-24,04,quantile,0.975,0.0325886003639
2026-10-03,wk inc flu prop ed visits,3,2026-10-24,04,quantile,0.99,0.0434683553174
2026-10-03,wk inc flu prop ed visits,0,2026-10-03,05,quantile,0.01,0.00134789083685
2026-10-03,wk inc flu prop ed visits,0,2026-10-03,05,quantile,0.025,0.00160770128363
2026-10-03,wk inc flu prop ed visits,0,2026-10-03,05,quantile,0.05,0.00187017854001
2026-10-03,wk inc flu prop ed visits,0,2026-10-03,05,quantile,0.1,0.00221843734995
2026-10-03,wk inc flu prop ed visits,0,2026-10-03,05,quantile,0.15,0.00249579044965
2026-10-03,wk inc flu prop ed visits,0,2026-10-03,05,quantile,0.2,0.00272585964983
2026-10-03,wk inc flu prop ed visits,0,2026-10-03,05,quantile,0.25,0.00294242194118
2026-10-03,wk inc flu prop ed visits,0,2026-10-03,05,quantile,0.3,0.00315997012386
2026-10-03,wk inc flu prop ed visits,0,2026-10-03,05,quantile,0.35,0.0033708285776
2026-10-03,wk inc flu prop ed visits,0,2026-10-03,05,quantile,0.4,0.00359030365417
2026-10-03,wk inc flu prop ed visits,0,2026-10-03,05,quantile,0.45,0.00381429871461
2026-10-03,wk inc flu prop ed visits,0,2026-10-03,05,quantile,0.5,0.00404298374356
2026-10-03,wk inc flu prop ed visits,0,2026-10-03,05,quantile,0.55,0.0042940846936
2026-10-03,wk inc flu prop ed visits,0,2026-10-03,05,quantile,0.6,0.00456605496221
2026-10-03,wk inc flu prop ed visits,0,2026-10-03,05,quantile,0.65,0.00486061509624
2026-10-03,wk inc flu prop ed visits,0,2026-10-03,05,quantile,0.7,0.00517880355007
2026-10-03,wk inc flu prop ed visits,0,2026-10-03,05,quantile,0.75,0.00555686961921
2026-10-03,wk inc flu prop ed visits,0,2026-10-03,05,quantile,0.8,0.00598704827948
2026-10-03,wk inc flu prop ed visits,0,2026-10-03,05,quantile,0.85,0.00656666227665
2026-10-03,wk inc flu prop ed visits,0,2026-10-03,05,quantile,0.9,0.00735030776088
2026-10-03,wk inc flu prop ed visits,0,2026-10-03,05,quantile,0.95,0.00863085713356
2026-10-03,wk inc flu prop ed visits,0,2026-10-03,05,quantile,0.975,0.00996771326599
2026-10-03,wk inc flu prop ed visits,0,2026-10-03,05,quantile,0.99,0.0117921384655
2026-10-03,wk inc flu prop ed visits,1,2026-10-10,05,quantile,0.01,0.00109531911905
2026-10-03,wk inc flu prop ed visits,1,2026-10-10,05,quantile,0.025,0.00137184990083
2026-10-03,wk inc flu prop ed visits,1,2026-10-10,05,quantile,0.05,0.00166665493633
2026-10-03,wk inc flu prop ed visits,1,2026-10-10,05,quantile,0.1,0.00208207436256
2026-10-03,wk inc flu prop ed visits,1,2026-10-10,05,quantile,0.15,0.00243070557483
2026-10-03,wk inc flu prop ed visits,1,2026-10-10,05,quantile,0.2,0.00274723719462
2026-10-03,wk inc flu prop ed visits,1,2026-10-10,05,quantile,0.25,0.00304152548602
2026-10-03,wk inc flu prop ed visits,1,2026-10-10,05,quantile,0.3,0.00331800549324
2026-10-03,wk inc flu prop ed visits,1,2026-10-10,05,quantile,0.35,0.00361352728833
2026-10-03,wk inc flu prop ed visits,1,2026-10-10,05,quantile,0.4,0.00391197763589
2026-10-03,wk inc flu prop ed visits,1,2026-10-10,05,quantile,0.45,0.00421605804842
2026-10-03,wk inc flu prop ed visits,1,2026-10-10,05,quantile,0.5,0.00453674087701
2026-10-03,wk inc flu prop ed visits,1,2026-10-10,05,quantile,0.55,0.00490041067989
2026-10-03,wk inc flu prop ed visits,1,2026-10-10,05,quantile,0.6,0.00529149966121
2026-10-03,wk inc flu prop ed visits,1,2026-10-10,05,quantile,0.65,0.00575273629639
2026-10-03,wk inc flu prop ed visits,1,2026-10-10,05,quantile,0.7,0.00627050693876
2026-10-03,wk inc flu prop ed visits,1,2026-10-10,05,quantile,0.75,0.00687682090869
2026-10-03,wk inc flu prop ed visits,1,2026-10-10,05,quantile,0.8,0.00763738451252
2026-10-03,wk inc flu prop ed visits,1,2026-10-10,05,quantile,0.85,0.00861791302266
2026-10-03,wk inc flu prop ed visits,1,2026-10-10,05,quantile,0.9,0.00999717564531
2026-10-03,wk inc flu prop ed visits,1,2026-10-10,05,quantile,0.95,0.0124353331701
2026-10-03,wk inc flu prop ed visits,1,2026-10-10,05,quantile,0.975,0.0149921222925
2026-10-03,wk inc flu prop ed visits,1,2026-10-10,05,quantile,0.99,0.0187513915329
2026-10-03,wk inc flu prop ed visits,2,2026-10-17,05,quantile,0.01,0.000948612889222
2026-10-03,wk inc flu prop ed visits,2,2026-10-17,05,quantile,0.025,0.00125328897804
2026-10-03,wk inc flu prop ed visits,2,2026-10-17,05,quantile,0.05,0.0015832723798
2026-10-03,wk inc flu prop ed visits,2,2026-10-17,05,quantile,0.1,0.00209392861479
2026-10-03,wk inc flu prop ed visits,2,2026-10-17,05,quantile,0.15,0.00251334695955
2026-10-03,wk inc flu prop ed visits,2,2026-10-17,05,quantile,0.2,0.00291180871489
2026-10-03,wk inc flu prop ed visits,2,2026-10-17,05,quantile,0.25,0.0033022241842
2026-10-03,wk inc flu prop ed visits,2,2026-10-17,05,quantile,0.3,0.00367777733137
2026-10-03,wk inc flu prop ed visits,2,2026-10-17,05,quantile,0.35,0.00407171963375
2026-10-03,wk inc flu prop ed visits,2,2026-10-17,05,quantile,0.4,0.00449364422394
2026-10-03,wk inc flu prop ed visits,2,2026-10-17,05,quantile,0.45,0.00493369121249
2026-10-03,wk inc flu prop ed visits,2,2026-10-17,05,quantile,0.5,0.00541431294155
2026-10-03,wk inc flu prop ed visits,2,2026-10-17,05,quantile,0.55,0.00594282939051
2026-10-03,wk inc flu prop ed visits,2,2026-10-17,05,quantile,0.6,0.00653627253979
2026-10-03,wk inc flu prop ed visits,2,2026-10-17,05,quantile,0.65,0.00719640958475
2026-10-03,wk inc flu prop ed visits,2,2026-10-17,05,quantile,0.7,0.00799043868377
2026-10-03,wk inc flu prop ed visits,2,2026-10-17,05,quantile,0.75,0.00896203376345
2026-10-03,wk inc flu prop ed visits,2,2026-10-17,05,quantile,0.8,0.0101706383798
2026-10-03,wk inc flu prop ed visits,2,2026-10-17,05,quantile,0.85,0.011815681754
2026-10-03,wk inc flu prop ed visits,2,2026-10-17,05,quantile,0.9,0.0141516329433
2026-10-03,wk inc flu prop ed visits,2,2026-10-17,05,quantile,0.95,0.018284735312
2026-10-03,wk inc flu prop ed visits,2,2026-10-17,05,quantile,0.975,0.0229499514741
2026-10-03,wk inc flu prop ed visits,2,2026-10-17,05,quantile,0.99,0.0299785966877
2026-10-03,wk inc flu prop ed visits,3,2026-10-24,05,quantile,0.01,0.00092480290063
2026-10-03,wk inc flu prop ed visits,3,2026-10-24,05,quantile,0.025,0.00124037324504
2026-10-03,wk inc flu prop ed visits,3,2026-10-24,05,quantile,0.05,0.00160914415097
2026-10-03,wk inc flu prop ed visits,3,2026-10-24,05,quantile,0.1,0.00219130015719
2026-10-03,wk inc flu prop ed visits,3,2026-10-24,05,quantile,0.15,0.00268994628881
2026-10-03,wk inc flu prop ed visits,3,2026-10-24,05,quantile,0.2,0.00318796057408
2026-10-03,wk inc flu prop ed visits,3,2026-10-24,05,quantile,0.25,0.00365633717463
2026-10-03,wk inc flu prop ed visits,3,2026-10-24,05,quantile,0.3,0.00411480433318
2026-10-03,wk inc flu prop ed visits,3,2026-10-24,05,quantile,0.35,0.0045823868971
2026-10-03,wk inc flu prop ed visits,3,2026-10-24,05,quantile,0.4,0.00510707979877
2026-10-03,wk inc flu prop ed visits,3,2026-10-24,05,quantile,0.45,0.00565614952735
2026-10-03,wk inc flu prop ed visits,3,2026-10-24,05,quantile,0.5,0.00627492446864
2026-10-03,wk inc flu prop ed visits,3,2026-10-24,05,quantile,0.55,0.00689088231726
2026-10-03,wk inc flu prop ed visits,3,2026-10-24,05,quantile,0.6,0.00763288675678
2026-10-03,wk inc flu prop ed visits,3,2026-10-24,05,quantile,0.65,0.00851891228703
2026-10-03,wk inc flu prop ed visits,3,2026-10-24,05,quantile,0.7,0.00959496880115
2026-10-03,wk inc flu prop ed visits,3,2026-10-24,05,quantile,0.75,0.0109034339289
2026-10-03,wk inc flu prop ed visits,3,2026-10-24,05,quantile,0.8,0.0125805091884
2026-10-03,wk inc flu prop ed visits,3,2026-10-24,05,quantile,0.85,0.0148211543981
2026-10-03,wk inc flu prop ed visits,3,2026-10-24,05,quantile,0.9,0.0181906681103
2026-10-03,wk inc flu prop ed visits,3,2026-10-24,05,quantile,0.95,0.0244558464511
2026-10-03,wk inc flu prop ed visits,3,2026-10-24,05,quantile,0.975,0.0314769600074
2026-10-03,wk inc flu prop ed visits,3,2026-10-24,05,quantile,0.99,0.0424063113603
2026-10-03,wk inc flu prop ed visits,0,2026-10-03,06,quantile,0.01,0.00318048650012
2026-10-03,wk inc flu prop ed visits,0,2026-10-03,06,quantile,0.025,0.00363587910407
2026-10-03,wk inc flu prop ed visits,0,2026-10-03,06,quantile,0.05,0.00406060318198
2026-10-03,wk inc flu prop ed visits,0,2026-10-03,06,quantile,0.1,0.00463463594413
2026-10-03,wk inc flu prop ed visits,0,2026-10-03,06,quantile,0.15,0.00506874979927
2026-10-03,wk inc flu prop ed visits,0,2026-10-03,06,quantile,0.2,0.0054737934124
2026-10-03,wk inc flu prop ed visits,0,2026-10-03,06,quantile,0.25,0.0058437445099
2026-10-03,wk inc flu prop ed visits,0,2026-10-03,06,quantile,0.3,0.00618987441914
2026-10-03,wk inc flu prop ed visits,0,2026-10-03,06,quantile,0.35,0.00653605407227
2026-10-03,wk inc flu prop ed visits,0,2026-10-03,06,quantile,0.4,0.00686622411522
2026-10-03,wk inc flu prop ed visits,0,2026-10-03,06,quantile,0.45,0.00720368156666
2026-10-03,wk inc flu prop ed visits,0,2026-10-03,06,quantile,0.5,0.00758746281515
2026-10-03,wk inc flu prop ed visits,0,2026-10-03,06,quantile,0.55,0.00793204709463
2026-10-03,wk inc flu prop ed visits,0,2026-10-03,06,quantile,0.6,0.00834347316546
2026-10-03,wk inc flu prop ed visits,0,2026-10-03,06,quantile,0.65,0.00876251581433
2026-10-03,wk inc flu prop ed visits,0,2026-10-03,06,quantile,0.7,0.00920270241007
2026-10-03,wk inc flu prop ed visits,0,2026-10-03,06,quantile,0.75,0.00968519962244
2026-10-03,wk inc flu prop ed visits,0,2026-10-03,06,quantile,0.8,0.0102705122184
2026-10-03,wk inc flu prop ed visits,0,2026-10-03,06,quantile,0.85,0.0109571179229
2026-10-03,wk inc flu prop ed visits,0,2026-10-03,06,quantile,0.9,0.0120059645996
2026-10-03,wk inc flu prop ed visits,0,2026-10-03,06,quantile,0.95,0.013674472297
2026-10-03,wk inc flu prop ed visits,0,2026-10-03,06,quantile,0.975,0.015406429112
2026-10-03,wk inc flu prop ed visits,0,2026-10-03,06,quantile,0.99,0.0176187873903
2026-10-03,wk inc flu prop ed visits,1,2026-10-10,06,quantile,0.01,0.00254887714508
2026-10-03,wk inc flu prop ed visits,1,2026-10-10,06,quantile,0.025,0.00309498439021
2026-10-03,wk inc flu prop ed visits,1,2026-10-10,06,quantile,0.05,0.00365467818844
2026-10-03,wk inc flu prop ed visits,1,2026-10-10,06,quantile,0.1,0.00437393974489
2026-10-03,wk inc flu prop ed visits,1,2026-10-10,06,quantile,0.15,0.00494791522614
2026-10-03,wk inc flu prop ed visits,1,2026-10-10,06,quantile,0.2,0.0054899063186
2026-10-03,wk inc flu prop ed visits,1,2026-10-10,06,quantile,0.25,0.00596484863241
2026-10-03,wk inc flu prop ed visits,1,2026-10-10,06,quantile,0.3,0.00644519867904
2026-10-03,wk inc flu prop ed visits,1,2026-10-10,06,quantile,0.35,0.0069251561291
2026-10-03,wk inc flu prop ed visits,1,2026-10-10,06,quantile,0.4,0.00743643547138
2026-10-03,wk inc flu prop ed visits,1,2026-10-10,06,quantile,0.45,0.00797243519359
2026-10-03,wk inc flu prop ed visits,1,2026-10-10,06,quantile,0.5,0.00850147280467
2026-10-03,wk inc flu prop ed visits,1,2026-10-10,06,quantile,0.55,0.00905546754349
2026-10-03,wk inc flu prop ed visits,1,2026-10-10,06,quantile,0.6,0.00968844108818
2026-10-03,wk inc flu prop ed visits,1,2026-10-10,06,quantile,0.65,0.0103619154207
2026-10-03,wk inc flu prop ed visits,1,2026-10-10,06,quantile,0.7,0.0110873550721
2026-10-03,wk inc flu prop ed visits,1,2026-10-10,06,quantile,0.75,0.0119668796788
2026-10-03,wk inc flu prop ed visits,1,2026-10-10,06,quantile,0.8,0.0130509176319
2026-10-03,wk inc flu prop ed visits,1,2026-10-10,06,quantile,0.85,0.0143487224577
2026-10-03,wk inc flu prop ed visits,1,2026-10-10,06,quantile,0.9,0.0161467720316
2026-10-03,wk inc flu prop ed visits,1,2026-10-10,06,quantile,0.95,0.0193850292018
2026-10-03,wk inc flu prop ed visits,1,2026-10-10,06,quantile,0.975,0.0226463035092
2026-10-03,wk inc flu prop ed visits,1,2026-10-10,06,quantile,0.99,0.0272260229438
2026-10-03,wk inc flu prop ed visits,2,2026-10-17,06,quantile,0.01,0.00238116950167
2026-10-03,wk inc flu prop ed visits,2,2026-10-17,06,quantile,0.025,0.00295737792824
2026-10-03,wk inc flu prop ed visits,2,2026-10-17,06,quantile,0.05,0.00360586697767
2026-10-03,wk inc flu prop ed visits,2,2026-10-17,06,quantile,0.1,0.00452602396232
2026-10-03,wk inc flu prop ed visits,2,2026-10-17,06,quantile,0.15,0.00527224775438
2026-10-03,wk inc flu prop ed visits,2,2026-10-17,06,quantile,0.2,0.00593399804874
2026-10-03,wk inc flu prop ed visits,2,2026-10-17,06,quantile,0.25,0.00659760357745
2026-10-03,wk inc flu prop ed visits,2,2026-10-17,06,quantile,0.3,0.00725913952864
2026-10-03,wk inc flu prop ed visits,2,2026-10-17,06,quantile,0.35,0.00792970049519
2026-10-03,wk inc flu prop ed visits,2,2026-10-17,06,quantile,0.4,0.00861112461363
2026-10-03,wk inc flu prop ed visits,2,2026-10-17,06,quantile,0.45,0.00930175764528
2026-10-03,wk inc flu prop ed visits,2,2026-10-17,06,quantile,0.5,0.00993355735475
2026-10-03,wk inc flu prop ed visits,2,2026-10-17,06,quantile,0.55,0.0107547213521
2026-10-03,wk inc flu prop ed visits,2,2026-10-17,06,quantile,0.6,0.011574131443
2026-10-03,wk inc flu prop ed visits,2,2026-10-17,06,quantile,0.65,0.0125440591001
2026-10-03,wk inc flu prop ed visits,2,2026-10-17,06,quantile,0.7,0.0136563746988
2026-10-03,wk inc flu prop ed visits,2,2026-10-17,06,quantile,0.75,0.0149157687513
2026-10-03,wk inc flu prop ed visits,2,2026-10-17,06,quantile,0.8,0.016518649256
2026-10-03,wk inc flu prop ed visits,2,2026-10-17,06,quantile,0.85,0.0187130371283
2026-10-03,wk inc flu prop ed visits,2,2026-10-17,06,quantile,0.9,0.0217377635747
2026-10-03,wk inc flu prop ed visits,2,2026-10-17,06,quantile,0.95,0.0273610908543
2026-10-03,wk inc flu prop ed visits,2,2026-10-17,06,quantile,0.975,0.03291537822
2026-10-03,wk inc flu prop ed visits,2,2026-10-17,06,quantile,0.99,0.0408769950553
2026-10-03,wk inc flu prop ed visits,3,2026-10-24,06,quantile,0.01,0.00230958918927
2026-10-03,wk inc flu prop ed visits,3,2026-10-24,06,quantile,0.025,0.00296427549228
2026-10-03,wk inc flu prop ed visits,3,2026-10-24,06,quantile,0.05,0.00372838471896
2026-10-03,wk inc flu prop ed visits,3,2026-10-24,06,quantile,0.1,0.00488086264473
2026-10-03,wk inc flu prop ed visits,3,2026-10-24,06,quantile,0.15,0.00571606268407
2026-10-03,wk inc flu prop ed visits,3,2026-10-24,06,quantile,0.2,0.00652743242709
2026-10-03,wk inc flu prop ed visits,3,2026-10-24,06,quantile,0.25,0.00735408705154
2026-10-03,wk inc flu prop ed visits,3,2026-10-24,06,quantile,0.3,0.00819081699801
2026-10-03,wk inc flu prop ed visits,3,2026-10-24,06,quantile,0.35,0.00896407170501
2026-10-03,wk inc flu prop ed visits,3,2026-10-24,06,quantile,0.4,0.00964426712803
2026-10-03,wk inc flu prop ed visits,3,2026-10-24,06,quantile,0.45,0.0105116493633
2026-10-03,wk inc flu prop ed visits,3,2026-10-24,06,quantile,0.5,0.0113702847081
2026-10-03,wk inc flu prop ed visits,3,2026-10-24,06,quantile,0.55,0.0123869885739
2026-10-03,wk inc flu prop ed visits,3,2026-10-24,06,quantile,0.6,0.0135326727927
2026-10-03,wk inc flu prop ed visits,3,2026-10-24,06,quantile,0.65,0.014872253892
2026-10-03,wk inc flu prop ed visits,3,2026-10-24,06,quantile,0.7,0.0164253890901
2026-10-03,wk inc flu prop ed visits,3,2026-10-24,06,quantile,0.75,0.0182587737129
2026-10-03,wk inc flu prop ed visits,3,2026-10-24,06,quantile,0.8,0.0205103968734
2026-10-03,wk inc flu prop ed visits,3,2026-10-24,06,quantile,0.85,0.0234006501381
2026-10-03,wk inc flu prop ed visits,3,2026-10-24,06,quantile,0.9,0.0277712563199
2026-10-03,wk inc flu prop ed visits,3,2026-10-24,06,quantile,0.95,0.0356871797662
2026-10-03,wk inc flu prop ed visits,3,2026-10-24,06,quantile,0.975,0.0441929692272
2026-10-03,wk inc flu prop ed visits,3,2026-10-24,06,quantile,0.99,0.0563769043016
2026-10-03,wk inc flu prop ed visits,0,2026-10-03,08,quantile,0.01,0.00097843346919
2026-10-03,wk inc flu prop ed visits,0,2026-10-03,08,quantile,0.025,0.00119396805509
2026-10-03,wk inc flu prop ed visits,0,2026-10-03,08,quantile,0.05,0.00141383469892
2026-10-03,wk inc flu prop ed visits,0,2026-10-03,08,quantile,0.1,0.00171554995716
2026-10-03,wk inc flu prop ed visits,0,2026-10-03,08,quantile,0.15,0.00197112673276
2026-10-03,wk inc flu prop ed visits,0,2026-10-03,08,quantile,0.2,0.00220218559831
2026-10-03,wk inc flu prop ed visits,0,2026-10-03,08,quantile,0.25,0.00241829888256
2026-10-03,wk inc flu prop ed visits,0,2026-10-03,08,quantile,0.3,0.00264024512082
2026-10-03,wk inc flu prop ed visits,0,2026-10-03,08,quantile,0.35,0.00286444876279
2026-10-03,wk inc flu prop ed visits,0,2026-10-03,08,quantile,0.4,0.00308471179406
2026-10-03,wk inc flu prop ed visits,0,2026-10-03,08,quantile,0.45,0.00331293734861
2026-10-03,wk inc flu prop ed visits,0,2026-10-03,08,quantile,0.5,0.00354215213288
2026-10-03,wk inc flu prop ed visits,0,2026-10-03,08,quantile,0.55,0.00383959479582
2026-10-03,wk inc flu prop ed visits,0,2026-10-03,08,quantile,0.6,0.00410356748687
2026-10-03,wk inc flu prop ed visits,0,2026-10-03,08,quantile,0.65,0.00437667162843
2026-10-03,wk inc flu prop ed visits,0,2026-10-03,08,quantile,0.7,0.00471120941042
2026-10-03,wk inc flu prop ed visits,0,2026-10-03,08,quantile,0.75,0.00512599931233
2026-10-03,wk inc flu prop ed visits,0,2026-10-03,08,quantile,0.8,0.0055966448801
2026-10-03,wk inc flu prop ed visits,0,2026-10-03,08,quantile,0.85,0.0062423305795
2026-10-03,wk inc flu prop ed visits,0,2026-10-03,08,quantile,0.9,0.00717750154413
2026-10-03,wk inc flu prop ed visits,0,2026-10-03,08,quantile,0.95,0.0088227320218
2026-10-03,wk inc flu prop ed visits,0,2026-10-03,08,quantile,0.975,0.0104987824972
2026-10-03,wk inc flu prop ed visits,0,2026-10-03,08,quantile,0.99,0.0128568404438
2026-10-03,wk inc flu prop ed visits,1,2026-10-10,08,quantile,0.01,0.000801937451185
2026-10-03,wk inc flu prop ed visits,1,2026-10-10,08,quantile,0.025,0.00103228366286
2026-10-03,wk inc flu prop ed visits,1,2026-10-10,08,quantile,0.05,0.00128635549156
2026-10-03,wk inc flu prop ed visits,1,2026-10-10,08,quantile,0.1,0.00166747225921
2026-10-03,wk inc flu prop ed visits,1,2026-10-10,08,quantile,0.15,0.00197627867968
2026-10-03,wk inc flu prop ed visits,1,2026-10-10,08,quantile,0.2,0.00225728264082
2026-10-03,wk inc flu prop ed visits,1,2026-10-10,08,quantile,0.25,0.00252280028378
2026-10-03,wk inc flu prop ed visits,1,2026-10-10,08,quantile,0.3,0.0027920671931
2026-10-03,wk inc flu prop ed visits,1,2026-10-10,08,quantile,0.35,0.00309429896203
2026-10-03,wk inc flu prop ed visits,1,2026-10-10,08,quantile,0.4,0.00341371745995
2026-10-03,wk inc flu prop ed visits,1,2026-10-10,08,quantile,0.45,0.00372763773942
2026-10-03,wk inc flu prop ed visits,1,2026-10-10,08,quantile,0.5,0.00405448956473
2026-10-03,wk inc flu prop ed visits,1,2026-10-10,08,quantile,0.55,0.00445689488579
2026-10-03,wk inc flu prop ed visits,1,2026-10-10,08,quantile,0.6,0.00488660762399
2026-10-03,wk inc flu prop ed visits,1,2026-10-10,08,quantile,0.65,0.00534180434342
2026-10-03,wk inc flu prop ed visits,1,2026-10-10,08,quantile,0.7,0.0058826198019
2026-10-03,wk inc flu prop ed visits,1,2026-10-10,08,quantile,0.75,0.00652748789126
2026-10-03,wk inc flu prop ed visits,1,2026-10-10,08,quantile,0.8,0.00728387125152
2026-10-03,wk inc flu prop ed visits,1,2026-10-10,08,quantile,0.85,0.00832596791925
2026-10-03,wk inc flu prop ed visits,1,2026-10-10,08,quantile,0.9,0.00989260580173
2026-10-03,wk inc flu prop ed visits,1,2026-10-10,08,quantile,0.95,0.0127378132868
2026-10-03,wk inc flu prop ed visits,1,2026-10-10,08,quantile,0.975,0.0157308617591
2026-10-03,wk inc flu prop ed visits,1,2026-10-10,08,quantile,0.99,0.020157369135
2026-10-03,wk inc flu prop ed visits,2,2026-10-17,08,quantile,0.01,0.000693753273346
2026-10-03,wk inc flu prop ed visits,2,2026-10-17,08,quantile,0.025,0.000948658661217
2026-10-03,wk inc flu prop ed visits,2,2026-10-17,08,quantile,0.05,0.00124126270382
2026-10-03,wk inc flu prop ed visits,2,2026-10-17,08,quantile,0.1,0.00168513252069
2026-10-03,wk inc flu prop ed visits,2,2026-10-17,08,quantile,0.15,0.00207208546375
2026-10-03,wk inc flu prop ed visits,2,2026-10-17,08,quantile,0.2,0.00241144886096
2026-10-03,wk inc flu prop ed visits,2,2026-10-17,08,quantile,0.25,0.00276875521225
2026-10-03,wk inc flu prop ed visits,2,2026-10-17,08,quantile,0.3,0.00312108008351
2026-10-03,wk inc flu prop ed visits,2,2026-10-17,08,quantile,0.35,0.00350579880543
2026-10-03,wk inc flu prop ed visits,2,2026-10-17,08,quantile,0.4,0.00389541069697
2026-10-03,wk inc flu prop ed visits,2,2026-10-17,08,quantile,0.45,0.00434615104631
2026-10-03,wk inc flu prop ed visits,2,2026-10-17,08,quantile,0.5,0.00484050807786
2026-10-03,wk inc flu prop ed visits,2,2026-10-17,08,quantile,0.55,0.00541969682734
2026-10-03,wk inc flu prop ed visits,2,2026-10-17,08,quantile,0.6,0.00602765132445
2026-10-03,wk inc flu prop ed visits,2,2026-10-17,08,quantile,0.65,0.00671622176407
2026-10-03,wk inc flu prop ed visits,2,2026-10-17,08,quantile,0.7,0.00756379554617
2026-10-03,wk inc flu prop ed visits,2,2026-10-17,08,quantile,0.75,0.00853721982981
2026-10-03,wk inc flu prop ed visits,2,2026-10-17,08,quantile,0.8,0.009769483916
2026-10-03,wk inc flu prop ed visits,2,2026-10-17,08,quantile,0.85,0.0114294617468
2026-10-03,wk inc flu prop ed visits,2,2026-10-17,08,quantile,0.9,0.0140564937425
2026-10-03,wk inc flu prop ed visits,2,2026-10-17,08,quantile,0.95,0.0190151729338
2026-10-03,wk inc flu prop ed visits,2,2026-10-17,08,quantile,0.975,0.0243997134384
2026-10-03,wk inc flu prop ed visits,2,2026-10-17,08,quantile,0.99,0.0328403981546
2026-10-03,wk inc flu prop ed visits,3,2026-10-24,08,quantile,0.01,0.000678466630248
2026-10-03,wk inc flu prop ed visits,3,2026-10-24,08,quantile,0.025,0.000947811946833
2026-10-03,wk inc flu prop ed visits,3,2026-10-24,08,quantile,0.05,0.00127940310393
2026-10-03,wk inc flu prop ed visits,3,2026-10-24,08,quantile,0.1,0.00179135525376
2026-10-03,wk inc flu prop ed visits,3,2026-10-24,08,quantile,0.15,0.00223976433421
2026-10-03,wk inc flu prop ed visits,3,2026-10-24,08,quantile,0.2,0.00267248018574
2026-10-03,wk inc flu prop ed visits,3,2026-10-24,08,quantile,0.25,0.00310695705411
2026-10-03,wk inc flu prop ed visits,3,2026-10-24,08,quantile,0.3,0.00353525274697
2026-10-03,wk inc flu prop ed visits,3,2026-10-24,08,quantile,0.35,0.00401187141929
2026-10-03,wk inc flu prop ed visits,3,2026-10-24,08,quantile,0.4,0.00449119573431
2026-10-03,wk inc flu prop ed visits,3,2026-10-24,08,quantile,0.45,0.00502791883249
2026-10-03,wk inc flu prop ed visits,3,2026-10-24,08,quantile,0.5,0.00561661347461
2026-10-03,wk inc flu prop ed visits,3,2026-10-24,08,quantile,0.55,0.0062863763485
2026-10-03,wk inc flu prop ed visits,3,2026-10-24,08,quantile,0.6,0.0070570732319
2026-10-03,wk inc flu prop ed visits,3,2026-10-24,08,quantile,0.65,0.0079571529437
2026-10-03,wk inc flu prop ed visits,3,2026-10-24,08,quantile,0.7,0.00910015328651
2026-10-03,wk inc flu prop ed visits,3,2026-10-24,08,quantile,0.75,0.0104450659416
2026-10-03,wk inc flu prop ed visits,3,2026-10-24,08,quantile,0.8,0.0121157155272
2026-10-03,wk inc flu prop ed visits,3,2026-10-24,08,quantile,0.85,0.0145951789976
2026-10-03,wk inc flu prop ed visits,3,2026-10-24,08,quantile,0.9,0.0184934920186
2026-10-03,wk inc flu prop ed visits,3,2026-10-24,08,quantile,0.95,0.0262047534474
2026-10-03,wk inc flu prop ed visits,3,2026-10-24,08,quantile,0.975,0.0353340665801
2026-10-03,wk inc flu prop ed visits,3,2026-10-24,08,quantile,0.99,0.0492219778809
2026-10-03,wk inc flu prop ed visits,0,2026-10-03,09,quantile,0.01,0.000655473729645
2026-10-03,wk inc flu prop ed visits,0,2026-10-03,09,quantile,0.025,0.000797172309866
2026-10-03,wk inc flu prop ed visits,0,2026-10-03,09,quantile,0.05,0.000943568053155
2026-10-03,wk inc flu prop ed visits,0,2026-10-03,09,quantile,0.1,0.00114845018045
2026-10-03,wk inc flu prop ed visits,0,2026-10-03,09,quantile,0.15,0.00131011156482
2026-10-03,wk inc flu prop ed visits,0,2026-10-03,09,quantile,0.2,0.00145113454634
2026-10-03,wk inc flu prop ed visits,0,2026-10-03,09,quantile,0.25,0.00158157451237
2026-10-03,wk inc flu prop ed visits,0,2026-10-03,09,quantile,0.3,0.00171176539323
2026-10-03,wk inc flu prop ed visits,0,2026-10-03,09,quantile,0.35,0.0018381147822
2026-10-03,wk inc flu prop ed visits,0,2026-10-03,09,quantile,0.4,0.00196892522897
2026-10-03,wk inc flu prop ed visits,0,2026-10-03,09,quantile,0.45,0.00211016875109
2026-10-03,wk inc flu prop ed visits,0,2026-10-03,09,quantile,0.5,0.00225056626157
2026-10-03,wk inc flu prop ed visits,0,2026-10-03,09,quantile,0.55,0.00240159880329
2026-10-03,wk inc flu prop ed visits,0,2026-10-03,09,quantile,0.6,0.00255970739433
2026-10-03,wk inc flu prop ed visits,0,2026-10-03,09,quantile,0.65,0.00274090242947
2026-10-03,wk inc flu prop ed visits,0,2026-10-03,09,quantile,0.7,0.00293867735512
2026-10-03,wk inc flu prop ed visits,0,2026-10-03,09,quantile,0.75,0.00318559131075
2026-10-03,wk inc flu prop ed visits,0,2026-10-03,09,quantile,0.8,0.00349180116891
2026-10-03,wk inc flu prop ed visits,0,2026-10-03,09,quantile,0.85,0.00386710377697
2026-10-03,wk inc flu prop ed visits,0,2026-10-03,09,quantile,0.9,0.00441112253212
2026-10-03,wk inc flu prop ed visits,0,2026-10-03,09,quantile,0.95,0.00531290889972
2026-10-03,wk inc flu prop ed visits,0,2026-10-03,09,quantile,0.975,0.00629150606699
2026-10-03,wk inc flu prop ed visits,0,2026-10-03,09,quantile,0.99,0.00768326033152
2026-10-03,wk inc flu prop ed visits,1,2026-10-10,09,quantile,0.01,0.000548243576234
2026-10-03,wk inc flu prop ed visits,1,2026-10-10,09,quantile,0.025,0.000700190425837
2026-10-03,wk inc flu prop ed visits,1,2026-10-10,09,quantile,0.05,0.000868415008915
2026-10-03,wk inc flu prop ed visits,1,2026-10-10,09,quantile,0.1,0.001106970739
2026-10-03,wk inc flu prop ed visits,1,2026-10-10,09,quantile,0.15,0.00129957455226
2026-10-03,wk inc flu prop ed visits,1,2026-10-10,09,quantile,0.2,0.00148462102459
2026-10-03,wk inc flu prop ed visits,1,2026-10-10,09,quantile,0.25,0.00165347853219
2026-10-03,wk inc flu prop ed visits,1,2026-10-10,09,quantile,0.3,0.00182304587623
2026-10-03,wk inc flu prop ed visits,1,2026-10-10,09,quantile,0.35,0.002004574961
2026-10-03,wk inc flu prop ed visits,1,2026-10-10,09,quantile,0.4,0.00219637613424
2026-10-03,wk inc flu prop ed visits,1,2026-10-10,09,quantile,0.45,0.00239369349301
2026-10-03,wk inc flu prop ed visits,1,2026-10-10,09,quantile,0.5,0.00260403033385
2026-10-03,wk inc flu prop ed visits,1,2026-10-10,09,quantile,0.55,0.00283352704265
2026-10-03,wk inc flu prop ed visits,1,2026-10-10,09,quantile,0.6,0.00307341094337
2026-10-03,wk inc flu prop ed visits,1,2026-10-10,09,quantile,0.65,0.00333935395854
2026-10-03,wk inc flu prop ed visits,1,2026-10-10,09,quantile,0.7,0.00366889349903
2026-10-03,wk inc flu prop ed visits,1,2026-10-10,09,quantile,0.75,0.00405095408088
2026-10-03,wk inc flu prop ed visits,1,2026-10-10,09,quantile,0.8,0.00453309374296
2026-10-03,wk inc flu prop ed visits,1,2026-10-10,09,quantile,0.85,0.0051606993938
2026-10-03,wk inc flu prop ed visits,1,2026-10-10,09,quantile,0.9,0.00611279732613
2026-10-03,wk inc flu prop ed visits,1,2026-10-10,09,quantile,0.95,0.0077464442041
2026-10-03,wk inc flu prop ed visits,1,2026-10-10,09,quantile,0.975,0.00949513179715
2026-10-03,wk inc flu prop ed visits,1,2026-10-10,09,quantile,0.99,0.0120534166087
2026-10-03,wk inc flu prop ed visits,2,2026-10-17,09,quantile,0.01,0.000478499719272
2026-10-03,wk inc flu prop ed visits,2,2026-10-17,09,quantile,0.025,0.000647918630302
2026-10-03,wk inc flu prop ed visits,2,2026-10-17,09,quantile,0.05,0.000831232676237
2026-10-03,wk inc flu prop ed visits,2,2026-10-17,09,quantile,0.1,0.00111280140598
2026-10-03,wk inc flu prop ed visits,2,2026-10-17,09,quantile,0.15,0.0013562800967
2026-10-03,wk inc flu prop ed visits,2,2026-10-17,09,quantile,0.2,0.00158913606158
2026-10-03,wk inc flu prop ed visits,2,2026-10-17,09,quantile,0.25,0.00181567384458
2026-10-03,wk inc flu prop ed visits,2,2026-10-17,09,quantile,0.3,0.00205761910001
2026-10-03,wk inc flu prop ed visits,2,2026-10-17,09,quantile,0.35,0.00229745741561
2026-10-03,wk inc flu prop ed visits,2,2026-10-17,09,quantile,0.4,0.00253574791331
2026-10-03,wk inc flu prop ed visits,2,2026-10-17,09,quantile,0.45,0.00280515691779
2026-10-03,wk inc flu prop ed visits,2,2026-10-17,09,quantile,0.5,0.00311249927886
2026-10-03,wk inc flu prop ed visits,2,2026-10-17,09,quantile,0.55,0.00342404730742
2026-10-03,wk inc flu prop ed visits,2,2026-10-17,09,quantile,0.6,0.00379521470761
2026-10-03,wk inc flu prop ed visits,2,2026-10-17,09,quantile,0.65,0.00422493298612
2026-10-03,wk inc flu prop ed visits,2,2026-10-17,09,quantile,0.7,0.00471982265804
2026-10-03,wk inc flu prop ed visits,2,2026-10-17,09,quantile,0.75,0.00532798524435
2026-10-03,wk inc flu prop ed visits,2,2026-10-17,09,quantile,0.8,0.006121629688
2026-10-03,wk inc flu prop ed visits,2,2026-10-17,09,quantile,0.85,0.00719676523389
2026-10-03,wk inc flu prop ed visits,2,2026-10-17,09,quantile,0.9,0.00878712088813
2026-10-03,wk inc flu prop ed visits,2,2026-10-17,09,quantile,0.95,0.0117725220152
2026-10-03,wk inc flu prop ed visits,2,2026-10-17,09,quantile,0.975,0.0152925124698
2026-10-03,wk inc flu prop ed visits,2,2026-10-17,09,quantile,0.99,0.0205337606093
2026-10-03,wk inc flu prop ed visits,3,2026-10-24,09,quantile,0.01,0.000430601792268
2026-10-03,wk inc flu prop ed visits,3,2026-10-24,09,quantile,0.025,0.000602797405272
2026-10-03,wk inc flu prop ed visits,3,2026-10-24,09,quantile,0.05,0.000819111425057
2026-10-03,wk inc flu prop ed visits,3,2026-10-24,09,quantile,0.1,0.0011460746495
2026-10-03,wk inc flu prop ed visits,3,2026-10-24,09,quantile,0.15,0.00143841551207
2026-10-03,wk inc flu prop ed visits,3,2026-10-24,09,quantile,0.2,0.00170931092795
2026-10-03,wk inc flu prop ed visits,3,2026-10-24,09,quantile,0.25,0.00198185391591
2026-10-03,wk inc flu prop ed visits,3,2026-10-24,09,quantile,0.3,0.00227486207148
2026-10-03,wk inc flu prop ed visits,3,2026-10-24,09,quantile,0.35,0.0025595091115
2026-10-03,wk inc flu prop ed visits,3,2026-10-24,09,quantile,0.4,0.00286982717132
2026-10-03,wk inc flu prop ed visits,3,2026-10-24,09,quantile,0.45,0.00321565200547
2026-10-03,wk inc flu prop ed visits,3,2026-10-24,09,quantile,0.5,0.00360235320936
2026-10-03,wk inc flu prop ed visits,3,2026-10-24,09,quantile,0.55,0.00403808879681
2026-10-03,wk inc flu prop ed visits,3,2026-10-24,09,quantile,0.6,0.00452793692724
2026-10-03,wk inc flu prop ed visits,3,2026-10-24,09,quantile,0.65,0.00507662035067
2026-10-03,wk inc flu prop ed visits,3,2026-10-24,09,quantile,0.7,0.00579051059627
2026-10-03,wk inc flu prop ed visits,3,2026-10-24,09,quantile,0.75,0.00666334690827
2026-10-03,wk inc flu prop ed visits,3,2026-10-24,09,quantile,0.8,0.00780321028215
2026-10-03,wk inc flu prop ed visits,3,2026-10-24,09,quantile,0.85,0.0093178674633
2026-10-03,wk inc flu prop ed visits,3,2026-10-24,09,quantile,0.9,0.0116639979578
2026-10-03,wk inc flu prop ed visits,3,2026-10-24,09,quantile,0.95,0.0165610505652
2026-10-03,wk inc flu prop ed visits,3,2026-10-24,09,quantile,0.975,0.0223056588672
2026-10-03,wk inc flu prop ed visits,3,2026-10-24,09,quantile,0.99,0.0311815377664
2026-10-03,wk inc flu prop ed visits,0,2026-10-03,10,quantile,0.01,0.000854705099791
2026-10-03,wk inc flu prop ed visits,0,2026-10-03,10,quantile,0.025,0.00105021260871
2026-10-03,wk inc flu prop ed visits,0,2026-10-03,10,quantile,0.05,0.00125642593559
2026-10-03,wk inc flu prop ed visits,0,2026-10-03,10,quantile,0.1,0.00154821539605
2026-10-03,wk inc flu prop ed visits,0,2026-10-03,10,quantile,0.15,0.00179036747629
2026-10-03,wk inc flu prop ed visits,0,2026-10-03,10,quantile,0.2,0.00199788795155
2026-10-03,wk inc flu prop ed visits,0,2026-10-03,10,quantile,0.25,0.00219482332042
2026-10-03,wk inc flu prop ed visits,0,2026-10-03,10,quantile,0.3,0.00239803325962
2026-10-03,wk inc flu prop ed visits,0,2026-10-03,10,quantile,0.35,0.0025813878735
2026-10-03,wk inc flu prop ed visits,0,2026-10-03,10,quantile,0.4,0.00277048458508
2026-10-03,wk inc flu prop ed visits,0,2026-10-03,10,quantile,0.45,0.00298207275613
2026-10-03,wk inc flu prop ed visits,0,2026-10-03,10,quantile,0.5,0.00321758303461
2026-10-03,wk inc flu prop ed visits,0,2026-10-03,10,quantile,0.55,0.00346274055686
2026-10-03,wk inc flu prop ed visits,0,2026-10-03,10,quantile,0.6,0.00373094697419
2026-10-03,wk inc flu prop ed visits,0,2026-10-03,10,quantile,0.65,0.00402081921297
2026-10-03,wk inc flu prop ed visits,0,2026-10-03,10,quantile,0.7,0.00432925657984
2026-10-03,wk inc flu prop ed visits,0,2026-10-03,10,quantile,0.75,0.00471324002439
2026-10-03,wk inc flu prop ed visits,0,2026-10-03,10,quantile,0.8,0.00515265806784
2026-10-03,wk inc flu prop ed visits,0,2026-10-03,10,quantile,0.85,0.00573036398593
2026-10-03,wk inc flu prop ed visits,0,2026-10-03,10,quantile,0.9,0.00660146398883
2026-10-03,wk inc flu prop ed visits,0,2026-10-03,10,quantile,0.95,0.00810275948993
2026-10-03,wk inc flu prop ed visits,0,2026-10-03,10,quantile,0.975,0.00968415696845
2026-10-03,wk inc flu prop ed visits,0,2026-10-03,10,quantile,0.99,0.0118828693685
2026-10-03,wk inc flu prop ed visits,1,2026-10-10,10,quantile,0.01,0.000727232631736
2026-10-03,wk inc flu prop ed visits,1,2026-10-10,10,quantile,0.025,0.00092855096688
2026-10-03,wk inc flu prop ed visits,1,2026-10-10,10,quantile,0.05,0.00115402261049
2026-10-03,wk inc flu prop ed visits,1,2026-10-10,10,quantile,0.1,0.00148412756718
2026-10-03,wk inc flu prop ed visits,1,2026-10-10,10,quantile,0.15,0.00178344852009
2026-10-03,wk inc flu prop ed visits,1,2026-10-10,10,quantile,0.2,0.00204264371126
2026-10-03,wk inc flu prop ed visits,1,2026-10-10,10,quantile,0.25,0.00228153343313
2026-10-03,wk inc flu prop ed visits,1,2026-10-10,10,quantile,0.3,0.00252132944937
2026-10-03,wk inc flu prop ed visits,1,2026-10-10,10,quantile,0.35,0.00276965315092
2026-10-03,wk inc flu prop ed visits,1,2026-10-10,10,quantile,0.4,0.0030343487035
2026-10-03,wk inc flu prop ed visits,1,2026-10-10,10,quantile,0.45,0.00332185654413
2026-10-03,wk inc flu prop ed visits,1,2026-10-10,10,quantile,0.5,0.00364353249856
2026-10-03,wk inc flu prop ed visits,1,2026-10-10,10,quantile,0.55,0.00399658122438
2026-10-03,wk inc flu prop ed visits,1,2026-10-10,10,quantile,0.6,0.0043833924878
2026-10-03,wk inc flu prop ed visits,1,2026-10-10,10,quantile,0.65,0.00481246471876
2026-10-03,wk inc flu prop ed visits,1,2026-10-10,10,quantile,0.7,0.00530134246823
2026-10-03,wk inc flu prop ed visits,1,2026-10-10,10,quantile,0.75,0.00589584144893
2026-10-03,wk inc flu prop ed visits,1,2026-10-10,10,quantile,0.8,0.00659760137288
2026-10-03,wk inc flu prop ed visits,1,2026-10-10,10,quantile,0.85,0.00758568310297
2026-10-03,wk inc flu prop ed visits,1,2026-10-10,10,quantile,0.9,0.00897750266748
2026-10-03,wk inc flu prop ed visits,1,2026-10-10,10,quantile,0.95,0.0115081508512
2026-10-03,wk inc flu prop ed visits,1,2026-10-10,10,quantile,0.975,0.0143316837347
2026-10-03,wk inc flu prop ed visits,1,2026-10-10,10,quantile,0.99,0.0187152211231
2026-10-03,wk inc flu prop ed visits,2,2026-10-17,10,quantile,0.01,0.000654103434007
2026-10-03,wk inc flu prop ed visits,2,2026-10-17,10,quantile,0.025,0.000886420660584
2026-10-03,wk inc flu prop ed visits,2,2026-10-17,10,quantile,0.05,0.00115154973025
2026-10-03,wk inc flu prop ed visits,2,2026-10-17,10,quantile,0.1,0.00154748403369
2026-10-03,wk inc flu prop ed visits,2,2026-10-17,10,quantile,0.15,0.00187841046529
2026-10-03,wk inc flu prop ed visits,2,2026-10-17,10,quantile,0.2,0.00219984760219
2026-10-03,wk inc flu prop ed visits,2,2026-10-17,10,quantile,0.25,0.00251513462609
2026-10-03,wk inc flu prop ed visits,2,2026-10-17,10,quantile,0.3,0.00283377637898
2026-10-03,wk inc flu prop ed visits,2,2026-10-17,10,quantile,0.35,0.00317937708445
2026-10-03,wk inc flu prop ed visits,2,2026-10-17,10,quantile,0.4,0.00353760485993
2026-10-03,wk inc flu prop ed visits,2,2026-10-17,10,quantile,0.45,0.00392717586607
2026-10-03,wk inc flu prop ed visits,2,2026-10-17,10,quantile,0.5,0.00434121808309
2026-10-03,wk inc flu prop ed visits,2,2026-10-17,10,quantile,0.55,0.00478434327677
2026-10-03,wk inc flu prop ed visits,2,2026-10-17,10,quantile,0.6,0.00533263494297
2026-10-03,wk inc flu prop ed visits,2,2026-10-17,10,quantile,0.65,0.00591793470083
2026-10-03,wk inc flu prop ed visits,2,2026-10-17,10,quantile,0.7,0.00665846838498
2026-10-03,wk inc flu prop ed visits,2,2026-10-17,10,quantile,0.75,0.00748388060364
2026-10-03,wk inc flu prop ed visits,2,2026-10-17,10,quantile,0.8,0.00854943502494
2026-10-03,wk inc flu prop ed visits,2,2026-10-17,10,quantile,0.85,0.0100754070122
2026-10-03,wk inc flu prop ed visits,2,2026-10-17,10,quantile,0.9,0.0122142844634
2026-10-03,wk inc flu prop ed visits,2,2026-10-17,10,quantile,0.95,0.0164111565036
2026-10-03,wk inc flu prop ed visits,2,2026-10-17,10,quantile,0.975,0.0210514027263
2026-10-03,wk inc flu prop ed visits,2,2026-10-17,10,quantile,0.99,0.0279720273726
2026-10-03,wk inc flu prop ed visits,3,2026-10-24,10,quantile,0.01,0.000640608770253
2026-10-03,wk inc flu prop ed visits,3,2026-10-24,10,quantile,0.025,0.00088974759236
2026-10-03,wk inc flu prop ed visits,3,2026-10-24,10,quantile,0.05,0.0011720485198
2026-10-03,wk inc flu prop ed visits,3,2026-10-24,10,quantile,0.1,0.00163932582803
2026-10-03,wk inc flu prop ed visits,3,2026-10-24,10,quantile,0.15,0.00202920196732
2026-10-03,wk inc flu prop ed visits,3,2026-10-24,10,quantile,0.2,0.00239773545746
2026-10-03,wk inc flu prop ed visits,3,2026-10-24,10,quantile,0.25,0.002769349032
2026-10-03,wk inc flu prop ed visits,3,2026-10-24,10,quantile,0.3,0.00315781854602
2026-10-03,wk inc flu prop ed visits,3,2026-10-24,10,quantile,0.35,0.00355700578022
2026-10-03,wk inc flu prop ed visits,3,2026-10-24,10,quantile,0.4,0.00400731949568
2026-10-03,wk inc flu prop ed visits,3,2026-10-24,10,quantile,0.45,0.00449288823392
2026-10-03,wk inc flu prop ed visits,3,2026-10-24,10,quantile,0.5,0.00500937869787
2026-10-03,wk inc flu prop ed visits,3,2026-10-24,10,quantile,0.55,0.00560696290254
2026-10-03,wk inc flu prop ed visits,3,2026-10-24,10,quantile,0.6,0.0062749846069
2026-10-03,wk inc flu prop ed visits,3,2026-10-24,10,quantile,0.65,0.00706553227265
2026-10-03,wk inc flu prop ed visits,3,2026-10-24,10,quantile,0.7,0.0080119028523
2026-10-03,wk inc flu prop ed visits,3,2026-10-24,10,quantile,0.75,0.00916122731412
2026-10-03,wk inc flu prop ed visits,3,2026-10-24,10,quantile,0.8,0.0107160174199
2026-10-03,wk inc flu prop ed visits,3,2026-10-24,10,quantile,0.85,0.012794342831
2026-10-03,wk inc flu prop ed visits,3,2026-10-24,10,quantile,0.9,0.0159791342118
2026-10-03,wk inc flu prop ed visits,3,2026-10-24,10,quantile,0.95,0.0219667922057
2026-10-03,wk inc flu prop ed visits,3,2026-10-24,10,quantile,0.975,0.0290411468611
2026-10-03,wk inc flu prop ed visits,3,2026-10-24,10,quantile,0.99,0.0402552588294
2026-10-03,wk inc flu prop ed visits,0,2026-10-03,11,quantile,0.01,0.000262615860145
2026-10-03,wk inc flu prop ed visits,0,2026-10-03,11,quantile,0.025,0.000335331695729
2026-10-03,wk inc flu prop ed visits,0,2026-10-03,11,quantile,0.05,0.000415603232858
2026-10-03,wk inc flu prop ed visits,0,2026-10-03,11,quantile,0.1,0.000528480426935
2026-10-03,wk inc flu prop ed visits,0,2026-10-03,11,quantile,0.15,0.000622502367227
2026-10-03,wk inc flu prop ed visits,0,2026-10-03,11,quantile,0.2,0.000711751300508
2026-10-03,wk inc flu prop ed visits,0,2026-10-03,11,quantile,0.25,0.000797272904399
2026-10-03,wk inc flu prop ed visits,0,2026-10-03,11,quantile,0.3,0.000882547386285
2026-10-03,wk inc flu prop ed visits,0,2026-10-03,11,quantile,0.35,0.000967865119403
2026-10-03,wk inc flu prop ed visits,0,2026-10-03,11,quantile,0.4,0.0010569072074
2026-10-03,wk inc flu prop ed visits,0,2026-10-03,11,quantile,0.45,0.00115293138888
2026-10-03,wk inc flu prop ed visits,0,2026-10-03,11,quantile,0.5,0.0012547555421
2026-10-03,wk inc flu prop ed visits,0,2026-10-03,11,quantile,0.55,0.00136761703986
2026-10-03,wk inc flu prop ed visits,0,2026-10-03,11,quantile,0.6,0.00148922172144
2026-10-03,wk inc flu prop ed visits,0,2026-10-03,11,quantile,0.65,0.00162126297955
2026-10-03,wk inc flu prop ed visits,0,2026-10-03,11,quantile,0.7,0.00177656578864
2026-10-03,wk inc flu prop ed visits,0,2026-10-03,11,quantile,0.75,0.00195672877666
2026-10-03,wk inc flu prop ed visits,0,2026-10-03,11,quantile,0.8,0.00218542656514
2026-10-03,wk inc flu prop ed visits,0,2026-10-03,11,quantile,0.85,0.00249510471774
2026-10-03,wk inc flu prop ed visits,0,2026-10-03,11,quantile,0.9,0.00294625693569
2026-10-03,wk inc flu prop ed visits,0,2026-10-03,11,quantile,0.95,0.00377356949967
2026-10-03,wk inc flu prop ed visits,0,2026-10-03,11,quantile,0.975,0.00463229608136
2026-10-03,wk inc flu prop ed visits,0,2026-10-03,11,quantile,0.99,0.00593508565686
2026-10-03,wk inc flu prop ed visits,1,2026-10-10,11,quantile,0.01,0.000228448547461
2026-10-03,wk inc flu prop ed visits,1,2026-10-10,11,quantile,0.025,0.000306312609879
2026-10-03,wk inc flu prop ed visits,1,2026-10-10,11,quantile,0.05,0.000391174992244
2026-10-03,wk inc flu prop ed visits,1,2026-10-10,11,quantile,0.1,0.000519507191183
2026-10-03,wk inc flu prop ed visits,1,2026-10-10,11,quantile,0.15,0.000626003980397
2026-10-03,wk inc flu prop ed visits,1,2026-10-10,11,quantile,0.2,0.000727597091585
2026-10-03,wk inc flu prop ed visits,1,2026-10-10,11,quantile,0.25,0.000829169742276
2026-10-03,wk inc flu prop ed visits,1,2026-10-10,11,quantile,0.3,0.000935278330411
2026-10-03,wk inc flu prop ed visits,1,2026-10-10,11,quantile,0.35,0.00104424009031
2026-10-03,wk inc flu prop ed visits,1,2026-10-10,11,quantile,0.4,0.00115740641944
2026-10-03,wk inc flu prop ed visits,1,2026-10-10,11,quantile,0.45,0.0012795221255
2026-10-03,wk inc flu prop ed visits,1,2026-10-10,11,quantile,0.5,0.00141448727769
2026-10-03,wk inc flu prop ed visits,1,2026-10-10,11,quantile,0.55,0.00156716913334
2026-10-03,wk inc flu prop ed visits,1,2026-10-10,11,quantile,0.6,0.00173518070321
2026-10-03,wk inc flu prop ed visits,1,2026-10-10,11,quantile,0.65,0.00192268372024
2026-10-03,wk inc flu prop ed visits,1,2026-10-10,11,quantile,0.7,0.00214501277643
2026-10-03,wk inc flu prop ed visits,1,2026-10-10,11,quantile,0.75,0.00241011172412
2026-10-03,wk inc flu prop ed visits,1,2026-10-10,11,quantile,0.8,0.00274577867671
2026-10-03,wk inc flu prop ed visits,1,2026-10-10,11,quantile,0.85,0.00319241670957
2026-10-03,wk inc flu prop ed visits,1,2026-10-10,11,quantile,0.9,0.00385016864117
2026-10-03,wk inc flu prop ed visits,1,2026-10-10,11,quantile,0.95,0.00507358174352
2026-10-03,wk inc flu prop ed visits,1,2026-10-10,11,quantile,0.975,0.00646409512769
2026-10-03,wk inc flu prop ed visits,1,2026-10-10,11,quantile,0.99,0.00851301905886
2026-10-03,wk inc flu prop ed visits,2,2026-10-17,11,quantile,0.01,0.000246553099329
2026-10-03,wk inc flu prop ed visits,2,2026-10-17,11,quantile,0.025,0.000332153226856
2026-10-03,wk inc flu prop ed visits,2,2026-10-17,11,quantile,0.05,0.000428061833138
2026-10-03,wk inc flu prop ed visits,2,2026-10-17,11,quantile,0.1,0.000582634243707
2026-10-03,wk inc flu prop ed visits,2,2026-10-17,11,quantile,0.15,0.000714648292691
2026-10-03,wk inc flu prop ed visits,2,2026-10-17,11,quantile,0.2,0.000831209041115
2026-10-03,wk inc flu prop ed visits,2,2026-10-17,11,quantile,0.25,0.000946234396366
2026-10-03,wk inc flu prop ed visits,2,2026-10-17,11,quantile,0.3,0.00106542343907
2026-10-03,wk inc flu prop ed visits,2,2026-10-17,11,quantile,0.35,0.00119619741418
2026-10-03,wk inc flu prop ed visits,2,2026-10-17,11,quantile,0.4,0.00133980609608
2026-10-03,wk inc flu prop ed visits,2,2026-10-17,11,quantile,0.45,0.0014916717301
2026-10-03,wk inc flu prop ed visits,2,2026-10-17,11,quantile,0.5,0.00164282697765
2026-10-03,wk inc flu prop ed visits,2,2026-10-17,11,quantile,0.55,0.00182303463637
2026-10-03,wk inc flu prop ed visits,2,2026-10-17,11,quantile,0.6,0.00202756145218
2026-10-03,wk inc flu prop ed visits,2,2026-10-17,11,quantile,0.65,0.00227042870831
2026-10-03,wk inc flu prop ed visits,2,2026-10-17,11,quantile,0.7,0.00255162678332
2026-10-03,wk inc flu prop ed visits,2,2026-10-17,11,quantile,0.75,0.00288067417301
2026-10-03,wk inc flu prop ed visits,2,2026-10-17,11,quantile,0.8,0.00331337069412
2026-10-03,wk inc flu prop ed visits,2,2026-10-17,11,quantile,0.85,0.00390381655611
2026-10-03,wk inc flu prop ed visits,2,2026-10-17,11,quantile,0.9,0.0047658843055
2026-10-03,wk inc flu prop ed visits,2,2026-10-17,11,quantile,0.95,0.00637790349073
2026-10-03,wk inc flu prop ed visits,2,2026-10-17,11,quantile,0.975,0.00817920146227
2026-10-03,wk inc flu prop ed visits,2,2026-10-17,11,quantile,0.99,0.0109741300085
2026-10-03,wk inc flu prop ed visits,3,2026-10-24,11,quantile,0.01,0.000249453822213
2026-10-03,wk inc flu prop ed visits,3,2026-10-24,11,quantile,0.025,0.00034263379848
2026-10-03,wk inc flu prop ed visits,3,2026-10-24,11,quantile,0.05,0.000450815513745
2026-10-03,wk inc flu prop ed visits,3,2026-10-24,11,quantile,0.1,0.000617396635648
2026-10-03,wk inc flu prop ed visits,3,2026-10-24,11,quantile,0.15,0.000756632690677
2026-10-03,wk inc flu prop ed visits,3,2026-10-24,11,quantile,0.2,0.000898055649615
2026-10-03,wk inc flu prop ed visits,3,2026-10-24,11,quantile,0.25,0.00104031131279
2026-10-03,wk inc flu prop ed visits,3,2026-10-24,11,quantile,0.3,0.00118474612285
2026-10-03,wk inc flu prop ed visits,3,2026-10-24,11,quantile,0.35,0.00133634421282
2026-10-03,wk inc flu prop ed visits,3,2026-10-24,11,quantile,0.4,0.00150493093005
2026-10-03,wk inc flu prop ed visits,3,2026-10-24,11,quantile,0.45,0.00168088359193
2026-10-03,wk inc flu prop ed visits,3,2026-10-24,11,quantile,0.5,0.00187649426181
2026-10-03,wk inc flu prop ed visits,3,2026-10-24,11,quantile,0.55,0.00210739225558
2026-10-03,wk inc flu prop ed visits,3,2026-10-24,11,quantile,0.6,0.00235883892069
2026-10-03,wk inc flu prop ed visits,3,2026-10-24,11,quantile,0.65,0.00264765447496
2026-10-03,wk inc flu prop ed visits,3,2026-10-24,11,quantile,0.7,0.00300538392074
2026-10-03,wk inc flu prop ed visits,3,2026-10-24,11,quantile,0.75,0.00344781234477
2026-10-03,wk inc flu prop ed visits,3,2026-10-24,11,quantile,0.8,0.00399458874171
2026-10-03,wk inc flu prop ed visits,3,2026-10-24,11,quantile,0.85,0.00472006360793
2026-10-03,wk inc flu prop ed visits,3,2026-10-24,11,quantile,0.9,0.00583476988444
2026-10-03,wk inc flu prop ed visits,3,2026-10-24,11,quantile,0.95,0.00794779399605
2026-10-03,wk inc flu prop ed visits,3,2026-10-24,11,quantile,0.975,0.0104869531675
2026-10-03,wk inc flu prop ed visits,3,2026-10-24,11,quantile,0.99,0.0143877788979
2026-10-03,wk inc flu prop ed visits,0,2026-10-03,12,quantile,0.01,0.00514725752481
2026-10-03,wk inc flu prop ed visits,0,2026-10-03,12,quantile,0.025,0.00577430067447
2026-10-03,wk inc flu prop ed visits,0,2026-10-03,12,quantile,0.05,0.0063167478445
2026-10-03,wk inc flu prop ed visits,0,2026-10-03,12,quantile,0.1,0.007098655603
2026-10-03,wk inc flu prop ed visits,0,2026-10-03,12,quantile,0.15,0.0077097742413
2026-10-03,wk inc flu prop ed visits,0,2026-10-03,12,quantile,0.2,0.00823792500712
2026-10-03,wk inc flu prop ed visits,0,2026-10-03,12,quantile,0.25,0.00867376387352
2026-10-03,wk inc flu prop ed visits,0,2026-10-03,12,quantile,0.3,0.00908088146959
2026-10-03,wk inc flu prop ed visits,0,2026-10-03,12,quantile,0.35,0.00950717643209
2026-10-03,wk inc flu prop ed visits,0,2026-10-03,12,quantile,0.4,0.00991411453881
2026-10-03,wk inc flu prop ed visits,0,2026-10-03,12,quantile,0.45,0.0103199810679
2026-10-03,wk inc flu prop ed visits,0,2026-10-03,12,quantile,0.5,0.0107166123428
2026-10-03,wk inc flu prop ed visits,0,2026-10-03,12,quantile,0.55,0.0111595006046
2026-10-03,wk inc flu prop ed visits,0,2026-10-03,12,quantile,0.6,0.0116266055218
2026-10-03,wk inc flu prop ed visits,0,2026-10-03,12,quantile,0.65,0.0121186340427
2026-10-03,wk inc flu prop ed visits,0,2026-10-03,12,quantile,0.7,0.0126273872271
2026-10-03,wk inc flu prop ed visits,0,2026-10-03,12,quantile,0.75,0.0132323416041
2026-10-03,wk inc flu prop ed visits,0,2026-10-03,12,quantile,0.8,0.0138603077979
2026-10-03,wk inc flu prop ed visits,0,2026-10-03,12,quantile,0.85,0.0146548169229
2026-10-03,wk inc flu prop ed visits,0,2026-10-03,12,quantile,0.9,0.0157310143381
2026-10-03,wk inc flu prop ed visits,0,2026-10-03,12,quantile,0.95,0.0174814048157
2026-10-03,wk inc flu prop ed visits,0,2026-10-03,12,quantile,0.975,0.0191493336142
2026-10-03,wk inc flu prop ed visits,0,2026-10-03,12,quantile,0.99,0.0213557977398
2026-10-03,wk inc flu prop ed visits,1,2026-10-10,12,quantile,0.01,0.00461769593631
2026-10-03,wk inc flu prop ed visits,1,2026-10-10,12,quantile,0.025,0.00535491198142
2026-10-03,wk inc flu prop ed visits,1,2026-10-10,12,quantile,0.05,0.00608781163072
2026-10-03,wk inc flu prop ed visits,1,2026-10-10,12,quantile,0.1,0.00696825487736
2026-10-03,wk inc flu prop ed visits,1,2026-10-10,12,quantile,0.15,0.00765956648852
2026-10-03,wk inc flu prop ed visits,1,2026-10-10,12,quantile,0.2,0.00828198389269
2026-10-03,wk inc flu prop ed visits,1,2026-10-10,12,quantile,0.25,0.00892071910555
2026-10-03,wk inc flu prop ed visits,1,2026-10-10,12,quantile,0.3,0.00953165224317
2026-10-03,wk inc flu prop ed visits,1,2026-10-10,12,quantile,0.35,0.0101354475742
2026-10-03,wk inc flu prop ed visits,1,2026-10-10,12,quantile,0.4,0.0107254777292
2026-10-03,wk inc flu prop ed visits,1,2026-10-10,12,quantile,0.45,0.0113293365876
2026-10-03,wk inc flu prop ed visits,1,2026-10-10,12,quantile,0.5,0.0119725618688
2026-10-03,wk inc flu prop ed visits,1,2026-10-10,12,quantile,0.55,0.0126587397232
2026-10-03,wk inc flu prop ed visits,1,2026-10-10,12,quantile,0.6,0.0133448789209
2026-10-03,wk inc flu prop ed visits,1,2026-10-10,12,quantile,0.65,0.0141053113744
2026-10-03,wk inc flu prop ed visits,1,2026-10-10,12,quantile,0.7,0.0148861099981
2026-10-03,wk inc flu prop ed visits,1,2026-10-10,12,quantile,0.75,0.0158735113505
2026-10-03,wk inc flu prop ed visits,1,2026-10-10,12,quantile,0.8,0.0170388089949
2026-10-03,wk inc flu prop ed visits,1,2026-10-10,12,quantile,0.85,0.0183024918695
2026-10-03,wk inc flu prop ed visits,1,2026-10-10,12,quantile,0.9,0.0199938246708
2026-10-03,wk inc flu prop ed visits,1,2026-10-10,12,quantile,0.95,0.0230284499168
2026-10-03,wk inc flu prop ed visits,1,2026-10-10,12,quantile,0.975,0.0261028763388
2026-10-03,wk inc flu prop ed visits,1,2026-10-10,12,quantile,0.99,0.030435739811
2026-10-03,wk inc flu prop ed visits,2,2026-10-17,12,quantile,0.01,0.00429190373652
2026-10-03,wk inc flu prop ed visits,2,2026-10-17,12,quantile,0.025,0.00509224289222
2026-10-03,wk inc flu prop ed visits,2,2026-10-17,12,quantile,0.05,0.00593319255077
2026-10-03,wk inc flu prop ed visits,2,2026-10-17,12,quantile,0.1,0.00708827268809
2026-10-03,wk inc flu prop ed visits,2,2026-10-17,12,quantile,0.15,0.00805163468158
2026-10-03,wk inc flu prop ed visits,2,2026-10-17,12,quantile,0.2,0.00891693362943
2026-10-03,wk inc flu prop ed visits,2,2026-10-17,12,quantile,0.25,0.00971352617322
2026-10-03,wk inc flu prop ed visits,2,2026-10-17,12,quantile,0.3,0.0105375055802
2026-10-03,wk inc flu prop ed visits,2,2026-10-17,12,quantile,0.35,0.0113729330228
2026-10-03,wk inc flu prop ed visits,2,2026-10-17,12,quantile,0.4,0.0122013115275
2026-10-03,wk inc flu prop ed visits,2,2026-10-17,12,quantile,0.45,0.0130704116333
2026-10-03,wk inc flu prop ed visits,2,2026-10-17,12,quantile,0.5,0.0139764768688
2026-10-03,wk inc flu prop ed visits,2,2026-10-17,12,quantile,0.55,0.0149538309756
2026-10-03,wk inc flu prop ed visits,2,2026-10-17,12,quantile,0.6,0.0160287494552
2026-10-03,wk inc flu prop ed visits,2,2026-10-17,12,quantile,0.65,0.0171794703314
2026-10-03,wk inc flu prop ed visits,2,2026-10-17,12,quantile,0.7,0.0184073372455
2026-10-03,wk inc flu prop ed visits,2,2026-10-17,12,quantile,0.75,0.0198198967413
2026-10-03,wk inc flu prop ed visits,2,2026-10-17,12,quantile,0.8,0.0216397137442
2026-10-03,wk inc flu prop ed visits,2,2026-10-17,12,quantile,0.85,0.0237947207651
2026-10-03,wk inc flu prop ed visits,2,2026-10-17,12,quantile,0.9,0.0270247986569
2026-10-03,wk inc flu prop ed visits,2,2026-10-17,12,quantile,0.95,0.0325361635048
2026-10-03,wk inc flu prop ed visits,2,2026-10-17,12,quantile,0.975,0.0381376996263
2026-10-03,wk inc flu prop ed visits,2,2026-10-17,12,quantile,0.99,0.0456416913173
2026-10-03,wk inc flu prop ed visits,3,2026-10-24,12,quantile,0.01,0.0041726084507
2026-10-03,wk inc flu prop ed visits,3,2026-10-24,12,quantile,0.025,0.00520266831836
2026-10-03,wk inc flu prop ed visits,3,2026-10-24,12,quantile,0.05,0.0062552623652
2026-10-03,wk inc flu prop ed visits,3,2026-10-24,12,quantile,0.1,0.00760130615499
2026-10-03,wk inc flu prop ed visits,3,2026-10-24,12,quantile,0.15,0.00875325453467
2026-10-03,wk inc flu prop ed visits,3,2026-10-24,12,quantile,0.2,0.00971546495912
2026-10-03,wk inc flu prop ed visits,3,2026-10-24,12,quantile,0.25,0.0106806169797
2026-10-03,wk inc flu prop ed visits,3,2026-10-24,12,quantile,0.3,0.0116614428657
2026-10-03,wk inc flu prop ed visits,3,2026-10-24,12,quantile,0.35,0.0126077347389
2026-10-03,wk inc flu prop ed visits,3,2026-10-24,12,quantile,0.4,0.0136456786812
2026-10-03,wk inc flu prop ed visits,3,2026-10-24,12,quantile,0.45,0.0147370815952
2026-10-03,wk inc flu prop ed visits,3,2026-10-24,12,quantile,0.5,0.0158928542066
2026-10-03,wk inc flu prop ed visits,3,2026-10-24,12,quantile,0.55,0.01705858635
2026-10-03,wk inc flu prop ed visits,3,2026-10-24,12,quantile,0.6,0.0183032209956
2026-10-03,wk inc flu prop ed visits,3,2026-10-24,12,quantile,0.65,0.0198351260183
2026-10-03,wk inc flu prop ed visits,3,2026-10-24,12,quantile,0.7,0.0214409908801
2026-10-03,wk inc flu prop ed visits,3,2026-10-24,12,quantile,0.75,0.0234144005564
2026-10-03,wk inc flu prop ed visits,3,2026-10-24,12,quantile,0.8,0.025703974579
2026-10-03,wk inc flu prop ed visits,3,2026-10-24,12,quantile,0.85,0.0286274013387
2026-10-03,wk inc flu prop ed visits,3,2026-10-24,12,quantile,0.9,0.0328727387861
2026-10-03,wk inc flu prop ed visits,3,2026-10-24,12,quantile,0.95,0.0408154456549
2026-10-03,wk inc flu prop ed visits,3,2026-10-24,12,quantile,0.975,0.0484871624174
2026-10-03,wk inc flu prop ed visits,3,2026-10-24,12,quantile,0.99,0.0585967315758
2026-10-03,wk inc flu prop ed visits,0,2026-10-03,13,quantile,0.01,0.00101846338305
2026-10-03,wk inc flu prop ed visits,0,2026-10-03,13,quantile,0.025,0.00122974029974
2026-10-03,wk inc flu prop ed visits,0,2026-10-03,13,quantile,0.05,0.00144105557786
2026-10-03,wk inc flu prop ed visits,0,2026-10-03,13,quantile,0.1,0.00172817706434
2026-10-03,wk inc flu prop ed visits,0,2026-10-03,13,quantile,0.15,0.00194594928876
2026-10-03,wk inc flu prop ed visits,0,2026-10-03,13,quantile,0.2,0.00215517593716
2026-10-03,wk inc flu prop ed visits,0,2026-10-03,13,quantile,0.25,0.00234289170876
2026-10-03,wk inc flu prop ed visits,0,2026-10-03,13,quantile,0.3,0.00252876856139
2026-10-03,wk inc flu prop ed visits,0,2026-10-03,13,quantile,0.35,0.00270391942483
2026-10-03,wk inc flu prop ed visits,0,2026-10-03,13,quantile,0.4,0.00288894183327
2026-10-03,wk inc flu prop ed visits,0,2026-10-03,13,quantile,0.45,0.00308352039749
2026-10-03,wk inc flu prop ed visits,0,2026-10-03,13,quantile,0.5,0.00327800992425
2026-10-03,wk inc flu prop ed visits,0,2026-10-03,13,quantile,0.55,0.00348381022092
2026-10-03,wk inc flu prop ed visits,0,2026-10-03,13,quantile,0.6,0.00371762391051
2026-10-03,wk inc flu prop ed visits,0,2026-10-03,13,quantile,0.65,0.00396547177517
2026-10-03,wk inc flu prop ed visits,0,2026-10-03,13,quantile,0.7,0.00424207181572
2026-10-03,wk inc flu prop ed visits,0,2026-10-03,13,quantile,0.75,0.00456199383682
2026-10-03,wk inc flu prop ed visits,0,2026-10-03,13,quantile,0.8,0.00494725776959
2026-10-03,wk inc flu prop ed visits,0,2026-10-03,13,quantile,0.85,0.00544293747179
2026-10-03,wk inc flu prop ed visits,0,2026-10-03,13,quantile,0.9,0.00613912062677
2026-10-03,wk inc flu prop ed visits,0,2026-10-03,13,quantile,0.95,0.00738750124043
2026-10-03,wk inc flu prop ed visits,0,2026-10-03,13,quantile,0.975,0.00862365747452
2026-10-03,wk inc flu prop ed visits,0,2026-10-03,13,quantile,0.99,0.0103149366431
2026-10-03,wk inc flu prop ed visits,1,2026-10-10,13,quantile,0.01,0.000815147767618
2026-10-03,wk inc flu prop ed visits,1,2026-10-10,13,quantile,0.025,0.00102827900599
2026-10-03,wk inc flu prop ed visits,1,2026-10-10,13,quantile,0.05,0.00127041709163
2026-10-03,wk inc flu prop ed visits,1,2026-10-10,13,quantile,0.1,0.00159439790526
2026-10-03,wk inc flu prop ed visits,1,2026-10-10,13,quantile,0.15,0.00186928425832
2026-10-03,wk inc flu prop ed visits,1,2026-10-10,13,quantile,0.2,0.00212589902239
2026-10-03,wk inc flu prop ed visits,1,2026-10-10,13,quantile,0.25,0.00237931666575
2026-10-03,wk inc flu prop ed visits,1,2026-10-10,13,quantile,0.3,0.00263183277861
2026-10-03,wk inc flu prop ed visits,1,2026-10-10,13,quantile,0.35,0.00287267620479
2026-10-03,wk inc flu prop ed visits,1,2026-10-10,13,quantile,0.4,0.00312669677617
2026-10-03,wk inc flu prop ed visits,1,2026-10-10,13,quantile,0.45,0.00340071882526
2026-10-03,wk inc flu prop ed visits,1,2026-10-10,13,quantile,0.5,0.00368076258527
2026-10-03,wk inc flu prop ed visits,1,2026-10-10,13,quantile,0.55,0.00398665865295
2026-10-03,wk inc flu prop ed visits,1,2026-10-10,13,quantile,0.6,0.00432631384185
2026-10-03,wk inc flu prop ed visits,1,2026-10-10,13,quantile,0.65,0.00473259852878
2026-10-03,wk inc flu prop ed visits,1,2026-10-10,13,quantile,0.7,0.00519299051898
2026-10-03,wk inc flu prop ed visits,1,2026-10-10,13,quantile,0.75,0.00572063865752
2026-10-03,wk inc flu prop ed visits,1,2026-10-10,13,quantile,0.8,0.00639314284191
2026-10-03,wk inc flu prop ed visits,1,2026-10-10,13,quantile,0.85,0.00728704446952
2026-10-03,wk inc flu prop ed visits,1,2026-10-10,13,quantile,0.9,0.00854402612589
2026-10-03,wk inc flu prop ed visits,1,2026-10-10,13,quantile,0.95,0.0108628477743
2026-10-03,wk inc flu prop ed visits,1,2026-10-10,13,quantile,0.975,0.0132948208707
2026-10-03,wk inc flu prop ed visits,1,2026-10-10,13,quantile,0.99,0.016747813099
2026-10-03,wk inc flu prop ed visits,2,2026-10-17,13,quantile,0.01,0.000701062830187
2026-10-03,wk inc flu prop ed visits,2,2026-10-17,13,quantile,0.025,0.000935159903264
2026-10-03,wk inc flu prop ed visits,2,2026-10-17,13,quantile,0.05,0.00120568013878
2026-10-03,wk inc flu prop ed visits,2,2026-10-17,13,quantile,0.1,0.00160905682979
2026-10-03,wk inc flu prop ed visits,2,2026-10-17,13,quantile,0.15,0.00194310643909
2026-10-03,wk inc flu prop ed visits,2,2026-10-17,13,quantile,0.2,0.00226440502121
2026-10-03,wk inc flu prop ed visits,2,2026-10-17,13,quantile,0.25,0.00259224053724
2026-10-03,wk inc flu prop ed visits,2,2026-10-17,13,quantile,0.3,0.00292231184143
2026-10-03,wk inc flu prop ed visits,2,2026-10-17,13,quantile,0.35,0.00325446216735
2026-10-03,wk inc flu prop ed visits,2,2026-10-17,13,quantile,0.4,0.0036116256453
2026-10-03,wk inc flu prop ed visits,2,2026-10-17,13,quantile,0.45,0.00398144297517
2026-10-03,wk inc flu prop ed visits,2,2026-10-17,13,quantile,0.5,0.00436559100794
2026-10-03,wk inc flu prop ed visits,2,2026-10-17,13,quantile,0.55,0.00483485612767
2026-10-03,wk inc flu prop ed visits,2,2026-10-17,13,quantile,0.6,0.00534642702378
2026-10-03,wk inc flu prop ed visits,2,2026-10-17,13,quantile,0.65,0.00591810155319
2026-10-03,wk inc flu prop ed visits,2,2026-10-17,13,quantile,0.7,0.00661676107619
2026-10-03,wk inc flu prop ed visits,2,2026-10-17,13,quantile,0.75,0.0074652139077
2026-10-03,wk inc flu prop ed visits,2,2026-10-17,13,quantile,0.8,0.00851129058454
2026-10-03,wk inc flu prop ed visits,2,2026-10-17,13,quantile,0.85,0.00989855321216
2026-10-03,wk inc flu prop ed visits,2,2026-10-17,13,quantile,0.9,0.0119381450572
2026-10-03,wk inc flu prop ed visits,2,2026-10-17,13,quantile,0.95,0.0158955652705
2026-10-03,wk inc flu prop ed visits,2,2026-10-17,13,quantile,0.975,0.0202896899898
2026-10-03,wk inc flu prop ed visits,2,2026-10-17,13,quantile,0.99,0.026820578786
2026-10-03,wk inc flu prop ed visits,3,2026-10-24,13,quantile,0.01,0.000667467978931
2026-10-03,wk inc flu prop ed visits,3,2026-10-24,13,quantile,0.025,0.000919063066456
2026-10-03,wk inc flu prop ed visits,3,2026-10-24,13,quantile,0.05,0.0012193716471
2026-10-03,wk inc flu prop ed visits,3,2026-10-24,13,quantile,0.1,0.00169926322744
2026-10-03,wk inc flu prop ed visits,3,2026-10-24,13,quantile,0.15,0.00210045955328
2026-10-03,wk inc flu prop ed visits,3,2026-10-24,13,quantile,0.2,0.0024702242223
2026-10-03,wk inc flu prop ed visits,3,2026-10-24,13,quantile,0.25,0.00285374391561
2026-10-03,wk inc flu prop ed visits,3,2026-10-24,13,quantile,0.3,0.00327265837574
2026-10-03,wk inc flu prop ed visits,3,2026-10-24,13,quantile,0.35,0.00368112308643
2026-10-03,wk inc flu prop ed visits,3,2026-10-24,13,quantile,0.4,0.004121491177
2026-10-03,wk inc flu prop ed visits,3,2026-10-24,13,quantile,0.45,0.00451411718098
2026-10-03,wk inc flu prop ed visits,3,2026-10-24,13,quantile,0.5,0.00504745752361
2026-10-03,wk inc flu prop ed visits,3,2026-10-24,13,quantile,0.55,0.00564374083847
2026-10-03,wk inc flu prop ed visits,3,2026-10-24,13,quantile,0.6,0.00627127931178
2026-10-03,wk inc flu prop ed visits,3,2026-10-24,13,quantile,0.65,0.00704034772751
2026-10-03,wk inc flu prop ed visits,3,2026-10-24,13,quantile,0.7,0.0079589445711
2026-10-03,wk inc flu prop ed visits,3,2026-10-24,13,quantile,0.75,0.00910601239356
2026-10-03,wk inc flu prop ed visits,3,2026-10-24,13,quantile,0.8,0.0105486815047
2026-10-03,wk inc flu prop ed visits,3,2026-10-24,13,quantile,0.85,0.0125807712121
2026-10-03,wk inc flu prop ed visits,3,2026-10-24,13,quantile,0.9,0.0157648667429
2026-10-03,wk inc flu prop ed visits,3,2026-10-24,13,quantile,0.95,0.0216067228312
2026-10-03,wk inc flu prop ed visits,3,2026-10-24,13,quantile,0.975,0.0283802785306
2026-10-03,wk inc flu prop ed visits,3,2026-10-24,13,quantile,0.99,0.0388774856925
2026-10-03,wk inc flu prop ed visits,0,2026-10-03,15,quantile,0.01,0.00769986764894
2026-10-03,wk inc flu prop ed visits,0,2026-10-03,15,quantile,0.025,0.00902956732941
2026-10-03,wk inc flu prop ed visits,0,2026-10-03,15,quantile,0.05,0.0104359110095
2026-10-03,wk inc flu prop ed visits,0,2026-10-03,15,quantile,0.1,0.0123852396705
2026-10-03,wk inc flu prop ed visits,0,2026-10-03,15,quantile,0.15,0.0139325239653
2026-10-03,wk inc flu prop ed visits,0,2026-10-03,15,quantile,0.2,0.015263166432
2026-10-03,wk inc flu prop ed visits,0,2026-10-03,15,quantile,0.25,0.0164744372633
2026-10-03,wk inc flu prop ed visits,0,2026-10-03,15,quantile,0.3,0.0177270955376
2026-10-03,wk inc flu prop ed visits,0,2026-10-03,15,quantile,0.35,0.0189215401919
2026-10-03,wk inc flu prop ed visits,0,2026-10-03,15,quantile,0.4,0.0203044362765
2026-10-03,wk inc flu prop ed visits,0,2026-10-03,15,quantile,0.45,0.0217005681718
2026-10-03,wk inc flu prop ed visits,0,2026-10-03,15,quantile,0.5,0.0230957795413
2026-10-03,wk inc flu prop ed visits,0,2026-10-03,15,quantile,0.55,0.0243242549846
2026-10-03,wk inc flu prop ed visits,0,2026-10-03,15,quantile,0.6,0.0255905993388
2026-10-03,wk inc flu prop ed visits,0,2026-10-03,15,quantile,0.65,0.0273398261488
2026-10-03,wk inc flu prop ed visits,0,2026-10-03,15,quantile,0.7,0.0290764453387
2026-10-03,wk inc flu prop ed visits,0,2026-10-03,15,quantile,0.75,0.0309265054837
2026-10-03,wk inc flu prop ed visits,0,2026-10-03,15,quantile,0.8,0.0335465402111
2026-10-03,wk inc flu prop ed visits,0,2026-10-03,15,quantile,0.85,0.0366394669428
2026-10-03,wk inc flu prop ed visits,0,2026-10-03,15,quantile,0.9,0.0409459214513
2026-10-03,wk inc flu prop ed visits,0,2026-10-03,15,quantile,0.95,0.0480400434694
2026-10-03,wk inc flu prop ed visits,0,2026-10-03,15,quantile,0.975,0.0553800333871
2026-10-03,wk inc flu prop ed visits,0,2026-10-03,15,quantile,0.99,0.0652869845264
2026-10-03,wk inc flu prop ed visits,1,2026-10-10,15,quantile,0.01,0.00555639839062
2026-10-03,wk inc flu prop ed visits,1,2026-10-10,15,quantile,0.025,0.00704142264831
2026-10-03,wk inc flu prop ed visits,1,2026-10-10,15,quantile,0.05,0.00852377816458
2026-10-03,wk inc flu prop ed visits,1,2026-10-10,15,quantile,0.1,0.0106253338488
2026-10-03,wk inc flu prop ed visits,1,2026-10-10,15,quantile,0.15,0.0123404110125
2026-10-03,wk inc flu prop ed visits,1,2026-10-10,15,quantile,0.2,0.0138862221288
2026-10-03,wk inc flu prop ed visits,1,2026-10-10,15,quantile,0.25,0.0153910471785
2026-10-03,wk inc flu prop ed visits,1,2026-10-10,15,quantile,0.3,0.0168543863347
2026-10-03,wk inc flu prop ed visits,1,2026-10-10,15,quantile,0.35,0.0183430783352
2026-10-03,wk inc flu prop ed visits,1,2026-10-10,15,quantile,0.4,0.0199372750543
2026-10-03,wk inc flu prop ed visits,1,2026-10-10,15,quantile,0.45,0.0214779365972
2026-10-03,wk inc flu prop ed visits,1,2026-10-10,15,quantile,0.5,0.0231904037983
2026-10-03,wk inc flu prop ed visits,1,2026-10-10,15,quantile,0.55,0.0250511034717
2026-10-03,wk inc flu prop ed visits,1,2026-10-10,15,quantile,0.6,0.0271815420275
2026-10-03,wk inc flu prop ed visits,1,2026-10-10,15,quantile,0.65,0.0293450731232
2026-10-03,wk inc flu prop ed visits,1,2026-10-10,15,quantile,0.7,0.0317447486072
2026-10-03,wk inc flu prop ed visits,1,2026-10-10,15,quantile,0.75,0.0346450172023
2026-10-03,wk inc flu prop ed visits,1,2026-10-10,15,quantile,0.8,0.0380147364913
2026-10-03,wk inc flu prop ed visits,1,2026-10-10,15,quantile,0.85,0.0424300373758
2026-10-03,wk inc flu prop ed visits,1,2026-10-10,15,quantile,0.9,0.0492776238482
2026-10-03,wk inc flu prop ed visits,1,2026-10-10,15,quantile,0.95,0.0610547116206
2026-10-03,wk inc flu prop ed visits,1,2026-10-10,15,quantile,0.975,0.0738953644314
2026-10-03,wk inc flu prop ed visits,1,2026-10-10,15,quantile,0.99,0.0910168930577
2026-10-03,wk inc flu prop ed visits,2,2026-10-17,15,quantile,0.01,0.00464840489375
2026-10-03,wk inc flu prop ed visits,2,2026-10-17,15,quantile,0.025,0.00608877494815
2026-10-03,wk inc flu prop ed visits,2,2026-10-17,15,quantile,0.05,0.0075776242622
2026-10-03,wk inc flu prop ed visits,2,2026-10-17,15,quantile,0.1,0.00986320562191
2026-10-03,wk inc flu prop ed visits,2,2026-10-17,15,quantile,0.15,0.0117927853281
2026-10-03,wk inc flu prop ed visits,2,2026-10-17,15,quantile,0.2,0.0135443875649
2026-10-03,wk inc flu prop ed visits,2,2026-10-17,15,quantile,0.25,0.0152093688786
2026-10-03,wk inc flu prop ed visits,2,2026-10-17,15,quantile,0.3,0.0168995578511
2026-10-03,wk inc flu prop ed visits,2,2026-10-17,15,quantile,0.35,0.0187291717581
2026-10-03,wk inc flu prop ed visits,2,2026-10-17,15,quantile,0.4,0.0205776902025
2026-10-03,wk inc flu prop ed visits,2,2026-10-17,15,quantile,0.45,0.0224989603004
2026-10-03,wk inc flu prop ed visits,2,2026-10-17,15,quantile,0.5,0.0245319018439
2026-10-03,wk inc flu prop ed visits,2,2026-10-17,15,quantile,0.55,0.0267742245691
2026-10-03,wk inc flu prop ed visits,2,2026-10-17,15,quantile,0.6,0.0291417485432
2026-10-03,wk inc flu prop ed visits,2,2026-10-17,15,quantile,0.65,0.0318146011344
2026-10-03,wk inc flu prop ed visits,2,2026-10-17,15,quantile,0.7,0.0351543746846
2026-10-03,wk inc flu prop ed visits,2,2026-10-17,15,quantile,0.75,0.0387412289259
2026-10-03,wk inc flu prop ed visits,2,2026-10-17,15,quantile,0.8,0.0433464460695
2026-10-03,wk inc flu prop ed visits,2,2026-10-17,15,quantile,0.85,0.0497836263029
2026-10-03,wk inc flu prop ed visits,2,2026-10-17,15,quantile,0.9,0.0591023789231
2026-10-03,wk inc flu prop ed visits,2,2026-10-17,15,quantile,0.95,0.0756042273125
2026-10-03,wk inc flu prop ed visits,2,2026-10-17,15,quantile,0.975,0.092183413526
2026-10-03,wk inc flu prop ed visits,2,2026-10-17,15,quantile,0.99,0.116020049259
2026-10-03,wk inc flu prop ed visits,3,2026-10-24,15,quantile,0.01,0.00415849069769
2026-10-03,wk inc flu prop ed visits,3,2026-10-24,15,quantile,0.025,0.00549001913731
2026-10-03,wk inc flu prop ed visits,3,2026-10-24,15,quantile,0.05,0.00696883104403
2026-10-03,wk inc flu prop ed visits,3,2026-10-24,15,quantile,0.1,0.00924693603881
2026-10-03,wk inc flu prop ed visits,3,2026-10-24,15,quantile,0.15,0.0111665495433
2026-10-03,wk inc flu prop ed visits,3,2026-10-24,15,quantile,0.2,0.0130195522397
2026-10-03,wk inc flu prop ed visits,3,2026-10-24,15,quantile,0.25,0.0148333404905
2026-10-03,wk inc flu prop ed visits,3,2026-10-24,15,quantile,0.3,0.0166715712338
2026-10-03,wk inc flu prop ed visits,3,2026-10-24,15,quantile,0.35,0.018566967876
2026-10-03,wk inc flu prop ed visits,3,2026-10-24,15,quantile,0.4,0.0205019004686
2026-10-03,wk inc flu prop ed visits,3,2026-10-24,15,quantile,0.45,0.0225350860983
2026-10-03,wk inc flu prop ed visits,3,2026-10-24,15,quantile,0.5,0.0249844809437
2026-10-03,wk inc flu prop ed visits,3,2026-10-24,15,quantile,0.55,0.0274816095769
2026-10-03,wk inc flu prop ed visits,3,2026-10-24,15,quantile,0.6,0.030375053739
2026-10-03,wk inc flu prop ed visits,3,2026-10-24,15,quantile,0.65,0.0336124570737
2026-10-03,wk inc flu prop ed visits,3,2026-10-24,15,quantile,0.7,0.0373712299424
2026-10-03,wk inc flu prop ed visits,3,2026-10-24,15,quantile,0.75,0.0418799616664
2026-10-03,wk inc flu prop ed visits,3,2026-10-24,15,quantile,0.8,0.0476598660712
2026-10-03,wk inc flu prop ed visits,3,2026-10-24,15,quantile,0.85,0.0549841880827
2026-10-03,wk inc flu prop ed visits,3,2026-10-24,15,quantile,0.9,0.0674517338851
2026-10-03,wk inc flu prop ed visits,3,2026-10-24,15,quantile,0.95,0.0869346528998
2026-10-03,wk inc flu prop ed visits,3,2026-10-24,15,quantile,0.975,0.108372762374
2026-10-03,wk inc flu prop ed visits,3,2026-10-24,15,quantile,0.99,0.13934837397
2026-10-03,wk inc flu prop ed visits,0,2026-10-03,16,quantile,0.01,0.00153587744884
2026-10-03,wk inc flu prop ed visits,0,2026-10-03,16,quantile,0.025,0.00183871379956
2026-10-03,wk inc flu prop ed visits,0,2026-10-03,16,quantile,0.05,0.00214284875874
2026-10-03,wk inc flu prop ed visits,0,2026-10-03,16,quantile,0.1,0.00254570243738
2026-10-03,wk inc flu prop ed visits,0,2026-10-03,16,quantile,0.15,0.00285190202848
2026-10-03,wk inc flu prop ed visits,0,2026-10-03,16,quantile,0.2,0.00311532782302
2026-10-03,wk inc flu prop ed visits,0,2026-10-03,16,quantile,0.25,0.00337450208686
2026-10-03,wk inc flu prop ed visits,0,2026-10-03,16,quantile,0.3,0.00363179143725
2026-10-03,wk inc flu prop ed visits,0,2026-10-03,16,quantile,0.35,0.00389549488614
2026-10-03,wk inc flu prop ed visits,0,2026-10-03,16,quantile,0.4,0.00415752736484
2026-10-03,wk inc flu prop ed visits,0,2026-10-03,16,quantile,0.45,0.00441784778512
2026-10-03,wk inc flu prop ed visits,0,2026-10-03,16,quantile,0.5,0.00468544477279
2026-10-03,wk inc flu prop ed visits,0,2026-10-03,16,quantile,0.55,0.00497825848605
2026-10-03,wk inc flu prop ed visits,0,2026-10-03,16,quantile,0.6,0.00527902457767
2026-10-03,wk inc flu prop ed visits,0,2026-10-03,16,quantile,0.65,0.00561239186346
2026-10-03,wk inc flu prop ed visits,0,2026-10-03,16,quantile,0.7,0.00599080803274
2026-10-03,wk inc flu prop ed visits,0,2026-10-03,16,quantile,0.75,0.00643428973283
2026-10-03,wk inc flu prop ed visits,0,2026-10-03,16,quantile,0.8,0.00699866321726
2026-10-03,wk inc flu prop ed visits,0,2026-10-03,16,quantile,0.85,0.00766386276405
2026-10-03,wk inc flu prop ed visits,0,2026-10-03,16,quantile,0.9,0.00861664876525
2026-10-03,wk inc flu prop ed visits,0,2026-10-03,16,quantile,0.95,0.0102281509052
2026-10-03,wk inc flu prop ed visits,0,2026-10-03,16,quantile,0.975,0.0118087979091
2026-10-03,wk inc flu prop ed visits,0,2026-10-03,16,quantile,0.99,0.0140177110488
2026-10-03,wk inc flu prop ed visits,1,2026-10-10,16,quantile,0.01,0.00128493030338
2026-10-03,wk inc flu prop ed visits,1,2026-10-10,16,quantile,0.025,0.0015983798332
2026-10-03,wk inc flu prop ed visits,1,2026-10-10,16,quantile,0.05,0.00194354348987
2026-10-03,wk inc flu prop ed visits,1,2026-10-10,16,quantile,0.1,0.00242406756525
2026-10-03,wk inc flu prop ed visits,1,2026-10-10,16,quantile,0.15,0.0028074596987
2026-10-03,wk inc flu prop ed visits,1,2026-10-10,16,quantile,0.2,0.00316513631642
2026-10-03,wk inc flu prop ed visits,1,2026-10-10,16,quantile,0.25,0.00349531698752
2026-10-03,wk inc flu prop ed visits,1,2026-10-10,16,quantile,0.3,0.00381805833972
2026-10-03,wk inc flu prop ed visits,1,2026-10-10,16,quantile,0.35,0.00414306270018
2026-10-03,wk inc flu prop ed visits,1,2026-10-10,16,quantile,0.4,0.0044813527826
2026-10-03,wk inc flu prop ed visits,1,2026-10-10,16,quantile,0.45,0.00485544633331
2026-10-03,wk inc flu prop ed visits,1,2026-10-10,16,quantile,0.5,0.00523929088764
2026-10-03,wk inc flu prop ed visits,1,2026-10-10,16,quantile,0.55,0.0056553406598
2026-10-03,wk inc flu prop ed visits,1,2026-10-10,16,quantile,0.6,0.00608609999117
2026-10-03,wk inc flu prop ed visits,1,2026-10-10,16,quantile,0.65,0.00659459008442
2026-10-03,wk inc flu prop ed visits,1,2026-10-10,16,quantile,0.7,0.00718892967137
2026-10-03,wk inc flu prop ed visits,1,2026-10-10,16,quantile,0.75,0.00787823979255
2026-10-03,wk inc flu prop ed visits,1,2026-10-10,16,quantile,0.8,0.00872870367717
2026-10-03,wk inc flu prop ed visits,1,2026-10-10,16,quantile,0.85,0.0098504606826
2026-10-03,wk inc flu prop ed visits,1,2026-10-10,16,quantile,0.9,0.0113768267076
2026-10-03,wk inc flu prop ed visits,1,2026-10-10,16,quantile,0.95,0.0141026922822
2026-10-03,wk inc flu prop ed visits,1,2026-10-10,16,quantile,0.975,0.0169951976543
2026-10-03,wk inc flu prop ed visits,1,2026-10-10,16,quantile,0.99,0.0211016704682
2026-10-03,wk inc flu prop ed visits,2,2026-10-17,16,quantile,0.01,0.00119711863402
2026-10-03,wk inc flu prop ed visits,2,2026-10-17,16,quantile,0.025,0.00154235202047
2026-10-03,wk inc flu prop ed visits,2,2026-10-17,16,quantile,0.05,0.00192640693357
2026-10-03,wk inc flu prop ed visits,2,2026-10-17,16,quantile,0.1,0.00249469460332
2026-10-03,wk inc flu prop ed visits,2,2026-10-17,16,quantile,0.15,0.00296442704563
2026-10-03,wk inc flu prop ed visits,2,2026-10-17,16,quantile,0.2,0.00340667096696
2026-10-03,wk inc flu prop ed visits,2,2026-10-17,16,quantile,0.25,0.00384173957415
2026-10-03,wk inc flu prop ed visits,2,2026-10-17,16,quantile,0.3,0.00428335090428
2026-10-03,wk inc flu prop ed visits,2,2026-10-17,16,quantile,0.35,0.00472746535485
2026-10-03,wk inc flu prop ed visits,2,2026-10-17,16,quantile,0.4,0.00518995353115
2026-10-03,wk inc flu prop ed visits,2,2026-10-17,16,quantile,0.45,0.00566048522356
2026-10-03,wk inc flu prop ed visits,2,2026-10-17,16,quantile,0.5,0.00616945944857
2026-10-03,wk inc flu prop ed visits,2,2026-10-17,16,quantile,0.55,0.00671073877835
2026-10-03,wk inc flu prop ed visits,2,2026-10-17,16,quantile,0.6,0.00734851260406
2026-10-03,wk inc flu prop ed visits,2,2026-10-17,16,quantile,0.65,0.00806501331045
2026-10-03,wk inc flu prop ed visits,2,2026-10-17,16,quantile,0.7,0.00890320960409
2026-10-03,wk inc flu prop ed visits,2,2026-10-17,16,quantile,0.75,0.00990671590224
2026-10-03,wk inc flu prop ed visits,2,2026-10-17,16,quantile,0.8,0.0111347149205
2026-10-03,wk inc flu prop ed visits,2,2026-10-17,16,quantile,0.85,0.0127966659137
2026-10-03,wk inc flu prop ed visits,2,2026-10-17,16,quantile,0.9,0.0152336623725
2026-10-03,wk inc flu prop ed visits,2,2026-10-17,16,quantile,0.95,0.0196390092333
2026-10-03,wk inc flu prop ed visits,2,2026-10-17,16,quantile,0.975,0.024485324349
2026-10-03,wk inc flu prop ed visits,2,2026-10-17,16,quantile,0.99,0.0315158174143
2026-10-03,wk inc flu prop ed visits,3,2026-10-24,16,quantile,0.01,0.00119342141351
2026-10-03,wk inc flu prop ed visits,3,2026-10-24,16,quantile,0.025,0.00158987939233
2026-10-03,wk inc flu prop ed visits,3,2026-10-24,16,quantile,0.05,0.0020609521271
2026-10-03,wk inc flu prop ed visits,3,2026-10-24,16,quantile,0.1,0.00271573518627
2026-10-03,wk inc flu prop ed visits,3,2026-10-24,16,quantile,0.15,0.00328908772347
2026-10-03,wk inc flu prop ed visits,3,2026-10-24,16,quantile,0.2,0.00380190637957
2026-10-03,wk inc flu prop ed visits,3,2026-10-24,16,quantile,0.25,0.00433113775913
2026-10-03,wk inc flu prop ed visits,3,2026-10-24,16,quantile,0.3,0.00483994952667
2026-10-03,wk inc flu prop ed visits,3,2026-10-24,16,quantile,0.35,0.00535279310606
2026-10-03,wk inc flu prop ed visits,3,2026-10-24,16,quantile,0.4,0.00593327406943
2026-10-03,wk inc flu prop ed visits,3,2026-10-24,16,quantile,0.45,0.00654704792508
2026-10-03,wk inc flu prop ed visits,3,2026-10-24,16,quantile,0.5,0.00718341044578
2026-10-03,wk inc flu prop ed visits,3,2026-10-24,16,quantile,0.55,0.00782591242435
2026-10-03,wk inc flu prop ed visits,3,2026-10-24,16,quantile,0.6,0.00858166905932
2026-10-03,wk inc flu prop ed visits,3,2026-10-24,16,quantile,0.65,0.00947629472645
2026-10-03,wk inc flu prop ed visits,3,2026-10-24,16,quantile,0.7,0.0105855185972
2026-10-03,wk inc flu prop ed visits,3,2026-10-24,16,quantile,0.75,0.0119570153577
2026-10-03,wk inc flu prop ed visits,3,2026-10-24,16,quantile,0.8,0.0137032439687
2026-10-03,wk inc flu prop ed visits,3,2026-10-24,16,quantile,0.85,0.0159996136526
2026-10-03,wk inc flu prop ed visits,3,2026-10-24,16,quantile,0.9,0.0194801851111
2026-10-03,wk inc flu prop ed visits,3,2026-10-24,16,quantile,0.95,0.0258334947149
2026-10-03,wk inc flu prop ed visits,3,2026-10-24,16,quantile,0.975,0.0327848094779
2026-10-03,wk inc flu prop ed visits,3,2026-10-24,16,quantile,0.99,0.0438893429511
2026-10-03,wk inc flu prop ed visits,0,2026-10-03,17,quantile,0.01,0.000846804118623
2026-10-03,wk inc flu prop ed visits,0,2026-10-03,17,quantile,0.025,0.00102170274466
2026-10-03,wk inc flu prop ed visits,0,2026-10-03,17,quantile,0.05,0.00120472155095
2026-10-03,wk inc flu prop ed visits,0,2026-10-03,17,quantile,0.1,0.00145182035996
2026-10-03,wk inc flu prop ed visits,0,2026-10-03,17,quantile,0.15,0.00164660470572
2026-10-03,wk inc flu prop ed visits,0,2026-10-03,17,quantile,0.2,0.00181695491526
2026-10-03,wk inc flu prop ed visits,0,2026-10-03,17,quantile,0.25,0.00197212763119
2026-10-03,wk inc flu prop ed visits,0,2026-10-03,17,quantile,0.3,0.00213804804785
2026-10-03,wk inc flu prop ed visits,0,2026-10-03,17,quantile,0.35,0.00228968959831
2026-10-03,wk inc flu prop ed visits,0,2026-10-03,17,quantile,0.4,0.0024559106513
2026-10-03,wk inc flu prop ed visits,0,2026-10-03,17,quantile,0.45,0.00262408247127
2026-10-03,wk inc flu prop ed visits,0,2026-10-03,17,quantile,0.5,0.00279825045269
2026-10-03,wk inc flu prop ed visits,0,2026-10-03,17,quantile,0.55,0.00298330550365
2026-10-03,wk inc flu prop ed visits,0,2026-10-03,17,quantile,0.6,0.00318015669075
2026-10-03,wk inc flu prop ed visits,0,2026-10-03,17,quantile,0.65,0.00339624600611
2026-10-03,wk inc flu prop ed visits,0,2026-10-03,17,quantile,0.7,0.00363960689988
2026-10-03,wk inc flu prop ed visits,0,2026-10-03,17,quantile,0.75,0.00391677340194
2026-10-03,wk inc flu prop ed visits,0,2026-10-03,17,quantile,0.8,0.00426170621966
2026-10-03,wk inc flu prop ed visits,0,2026-10-03,17,quantile,0.85,0.00470127232483
2026-10-03,wk inc flu prop ed visits,0,2026-10-03,17,quantile,0.9,0.00529839392163
2026-10-03,wk inc flu prop ed visits,0,2026-10-03,17,quantile,0.95,0.00631690629718
2026-10-03,wk inc flu prop ed visits,0,2026-10-03,17,quantile,0.975,0.00731313927703
2026-10-03,wk inc flu prop ed visits,0,2026-10-03,17,quantile,0.99,0.00874411543324
2026-10-03,wk inc flu prop ed visits,1,2026-10-10,17,quantile,0.01,0.000684160047195
2026-10-03,wk inc flu prop ed visits,1,2026-10-10,17,quantile,0.025,0.000873733049671
2026-10-03,wk inc flu prop ed visits,1,2026-10-10,17,quantile,0.05,0.00107524002562
2026-10-03,wk inc flu prop ed visits,1,2026-10-10,17,quantile,0.1,0.00137168596216
2026-10-03,wk inc flu prop ed visits,1,2026-10-10,17,quantile,0.15,0.00161382486222
2026-10-03,wk inc flu prop ed visits,1,2026-10-10,17,quantile,0.2,0.00183667828647
2026-10-03,wk inc flu prop ed visits,1,2026-10-10,17,quantile,0.25,0.00205091238745
2026-10-03,wk inc flu prop ed visits,1,2026-10-10,17,quantile,0.3,0.00226998540549
2026-10-03,wk inc flu prop ed visits,1,2026-10-10,17,quantile,0.35,0.00249863452191
2026-10-03,wk inc flu prop ed visits,1,2026-10-10,17,quantile,0.4,0.00270646161852
2026-10-03,wk inc flu prop ed visits,1,2026-10-10,17,quantile,0.45,0.00292616912758
2026-10-03,wk inc flu prop ed visits,1,2026-10-10,17,quantile,0.5,0.00319630645475
2026-10-03,wk inc flu prop ed visits,1,2026-10-10,17,quantile,0.55,0.00346669911995
2026-10-03,wk inc flu prop ed visits,1,2026-10-10,17,quantile,0.6,0.00374117872861
2026-10-03,wk inc flu prop ed visits,1,2026-10-10,17,quantile,0.65,0.00404262961121
2026-10-03,wk inc flu prop ed visits,1,2026-10-10,17,quantile,0.7,0.00441409670281
2026-10-03,wk inc flu prop ed visits,1,2026-10-10,17,quantile,0.75,0.00485485463386
2026-10-03,wk inc flu prop ed visits,1,2026-10-10,17,quantile,0.8,0.00538007653477
2026-10-03,wk inc flu prop ed visits,1,2026-10-10,17,quantile,0.85,0.00609933701311
2026-10-03,wk inc flu prop ed visits,1,2026-10-10,17,quantile,0.9,0.00708525252269
2026-10-03,wk inc flu prop ed visits,1,2026-10-10,17,quantile,0.95,0.00891834421071
2026-10-03,wk inc flu prop ed visits,1,2026-10-10,17,quantile,0.975,0.0109123789296
2026-10-03,wk inc flu prop ed visits,1,2026-10-10,17,quantile,0.99,0.0138101061376
2026-10-03,wk inc flu prop ed visits,2,2026-10-17,17,quantile,0.01,0.000617600209449
2026-10-03,wk inc flu prop ed visits,2,2026-10-17,17,quantile,0.025,0.000823349316603
2026-10-03,wk inc flu prop ed visits,2,2026-10-17,17,quantile,0.05,0.00106162402281
2026-10-03,wk inc flu prop ed visits,2,2026-10-17,17,quantile,0.1,0.00141664884291
2026-10-03,wk inc flu prop ed visits,2,2026-10-17,17,quantile,0.15,0.00172347567111
2026-10-03,wk inc flu prop ed visits,2,2026-10-17,17,quantile,0.2,0.00199948025173
2026-10-03,wk inc flu prop ed visits,2,2026-10-17,17,quantile,0.25,0.00225108603254
2026-10-03,wk inc flu prop ed visits,2,2026-10-17,17,quantile,0.3,0.0025258323217
2026-10-03,wk inc flu prop ed visits,2,2026-10-17,17,quantile,0.35,0.00281580891562
2026-10-03,wk inc flu prop ed visits,2,2026-10-17,17,quantile,0.4,0.00312193985575
2026-10-03,wk inc flu prop ed visits,2,2026-10-17,17,quantile,0.45,0.0034263576107
2026-10-03,wk inc flu prop ed visits,2,2026-10-17,17,quantile,0.5,0.0037547303233
2026-10-03,wk inc flu prop ed visits,2,2026-10-17,17,quantile,0.55,0.00415258293996
2026-10-03,wk inc flu prop ed visits,2,2026-10-17,17,quantile,0.6,0.00460753436756
2026-10-03,wk inc flu prop ed visits,2,2026-10-17,17,quantile,0.65,0.00512953941787
2026-10-03,wk inc flu prop ed visits,2,2026-10-17,17,quantile,0.7,0.0056917769487
2026-10-03,wk inc flu prop ed visits,2,2026-10-17,17,quantile,0.75,0.00638055703867
2026-10-03,wk inc flu prop ed visits,2,2026-10-17,17,quantile,0.8,0.00729146300949
2026-10-03,wk inc flu prop ed visits,2,2026-10-17,17,quantile,0.85,0.00851347818885
2026-10-03,wk inc flu prop ed visits,2,2026-10-17,17,quantile,0.9,0.0103709512664
2026-10-03,wk inc flu prop ed visits,2,2026-10-17,17,quantile,0.95,0.0137636117762
2026-10-03,wk inc flu prop ed visits,2,2026-10-17,17,quantile,0.975,0.0177588783264
2026-10-03,wk inc flu prop ed visits,2,2026-10-17,17,quantile,0.99,0.0234709542483
2026-10-03,wk inc flu prop ed visits,3,2026-10-24,17,quantile,0.01,0.000589269757529
2026-10-03,wk inc flu prop ed visits,3,2026-10-24,17,quantile,0.025,0.000815324500079
2026-10-03,wk inc flu prop ed visits,3,2026-10-24,17,quantile,0.05,0.00108054725707
2026-10-03,wk inc flu prop ed visits,3,2026-10-24,17,quantile,0.1,0.00148512263374
2026-10-03,wk inc flu prop ed visits,3,2026-10-24,17,quantile,0.15,0.00184686456003
2026-10-03,wk inc flu prop ed visits,3,2026-10-24,17,quantile,0.2,0.00219407047344
2026-10-03,wk inc flu prop ed visits,3,2026-10-24,17,quantile,0.25,0.00251637621666
2026-10-03,wk inc flu prop ed visits,3,2026-10-24,17,quantile,0.3,0.00284582992104
2026-10-03,wk inc flu prop ed visits,3,2026-10-24,17,quantile,0.35,0.00319611191285
2026-10-03,wk inc flu prop ed visits,3,2026-10-24,17,quantile,0.4,0.00356726713727
2026-10-03,wk inc flu prop ed visits,3,2026-10-24,17,quantile,0.45,0.00392324465668
2026-10-03,wk inc flu prop ed visits,3,2026-10-24,17,quantile,0.5,0.0043588789292
2026-10-03,wk inc flu prop ed visits,3,2026-10-24,17,quantile,0.55,0.0048908834813
2026-10-03,wk inc flu prop ed visits,3,2026-10-24,17,quantile,0.6,0.00544581343399
2026-10-03,wk inc flu prop ed visits,3,2026-10-24,17,quantile,0.65,0.00610443665828
2026-10-03,wk inc flu prop ed visits,3,2026-10-24,17,quantile,0.7,0.00684525694328
2026-10-03,wk inc flu prop ed visits,3,2026-10-24,17,quantile,0.75,0.00781390119283
2026-10-03,wk inc flu prop ed visits,3,2026-10-24,17,quantile,0.8,0.00911785487081
2026-10-03,wk inc flu prop ed visits,3,2026-10-24,17,quantile,0.85,0.0108814924535
2026-10-03,wk inc flu prop ed visits,3,2026-10-24,17,quantile,0.9,0.0134920197672
2026-10-03,wk inc flu prop ed visits,3,2026-10-24,17,quantile,0.95,0.0185902584858
2026-10-03,wk inc flu prop ed visits,3,2026-10-24,17,quantile,0.975,0.0245891679606
2026-10-03,wk inc flu prop ed visits,3,2026-10-24,17,quantile,0.99,0.0339388178479
2026-10-03,wk inc flu prop ed visits,0,2026-10-03,18,quantile,0.01,0.000598148565677
2026-10-03,wk inc flu prop ed visits,0,2026-10-03,18,quantile,0.025,0.000757216683284
2026-10-03,wk inc flu prop ed visits,0,2026-10-03,18,quantile,0.05,0.000925398371787
2026-10-03,wk inc flu prop ed visits,0,2026-10-03,18,quantile,0.1,0.00116349905243
2026-10-03,wk inc flu prop ed visits,0,2026-10-03,18,quantile,0.15,0.00136142082032
2026-10-03,wk inc flu prop ed visits,0,2026-10-03,18,quantile,0.2,0.00154578795965
2026-10-03,wk inc flu prop ed visits,0,2026-10-03,18,quantile,0.25,0.0017188412484
2026-10-03,wk inc flu prop ed visits,0,2026-10-03,18,quantile,0.3,0.00188947451285
2026-10-03,wk inc flu prop ed visits,0,2026-10-03,18,quantile,0.35,0.00205437082073
2026-10-03,wk inc flu prop ed visits,0,2026-10-03,18,quantile,0.4,0.00223062218724
2026-10-03,wk inc flu prop ed visits,0,2026-10-03,18,quantile,0.45,0.00241777038057
2026-10-03,wk inc flu prop ed visits,0,2026-10-03,18,quantile,0.5,0.00262026901308
2026-10-03,wk inc flu prop ed visits,0,2026-10-03,18,quantile,0.55,0.00283940898362
2026-10-03,wk inc flu prop ed visits,0,2026-10-03,18,quantile,0.6,0.00307727459234
2026-10-03,wk inc flu prop ed visits,0,2026-10-03,18,quantile,0.65,0.00333404453803
2026-10-03,wk inc flu prop ed visits,0,2026-10-03,18,quantile,0.7,0.00362875044254
2026-10-03,wk inc flu prop ed visits,0,2026-10-03,18,quantile,0.75,0.00398138461323
2026-10-03,wk inc flu prop ed visits,0,2026-10-03,18,quantile,0.8,0.00443055684314
2026-10-03,wk inc flu prop ed visits,0,2026-10-03,18,quantile,0.85,0.00499848197322
2026-10-03,wk inc flu prop ed visits,0,2026-10-03,18,quantile,0.9,0.00578835806781
2026-10-03,wk inc flu prop ed visits,0,2026-10-03,18,quantile,0.95,0.00726850211613
2026-10-03,wk inc flu prop ed visits,0,2026-10-03,18,quantile,0.975,0.00886567197874
2026-10-03,wk inc flu prop ed visits,0,2026-10-03,18,quantile,0.99,0.0111510846217
2026-10-03,wk inc flu prop ed visits,1,2026-10-10,18,quantile,0.01,0.000503338605979
2026-10-03,wk inc flu prop ed visits,1,2026-10-10,18,quantile,0.025,0.000664381187105
2026-10-03,wk inc flu prop ed visits,1,2026-10-10,18,quantile,0.05,0.000845270430263
2026-10-03,wk inc flu prop ed visits,1,2026-10-10,18,quantile,0.1,0.00112191118576
2026-10-03,wk inc flu prop ed visits,1,2026-10-10,18,quantile,0.15,0.00135602835397
2026-10-03,wk inc flu prop ed visits,1,2026-10-10,18,quantile,0.2,0.0015760839818
2026-10-03,wk inc flu prop ed visits,1,2026-10-10,18,quantile,0.25,0.00178838788523
2026-10-03,wk inc flu prop ed visits,1,2026-10-10,18,quantile,0.3,0.00200750080512
2026-10-03,wk inc flu prop ed visits,1,2026-10-10,18,quantile,0.35,0.0022199257764
2026-10-03,wk inc flu prop ed visits,1,2026-10-10,18,quantile,0.4,0.00243753927693
2026-10-03,wk inc flu prop ed visits,1,2026-10-10,18,quantile,0.45,0.00268796666866
2026-10-03,wk inc flu prop ed visits,1,2026-10-10,18,quantile,0.5,0.00296264338495
2026-10-03,wk inc flu prop ed visits,1,2026-10-10,18,quantile,0.55,0.00326542253747
2026-10-03,wk inc flu prop ed visits,1,2026-10-10,18,quantile,0.6,0.00358778040476
2026-10-03,wk inc flu prop ed visits,1,2026-10-10,18,quantile,0.65,0.0039746681076
2026-10-03,wk inc flu prop ed visits,1,2026-10-10,18,quantile,0.7,0.00442463571191
2026-10-03,wk inc flu prop ed visits,1,2026-10-10,18,quantile,0.75,0.00491511611995
2026-10-03,wk inc flu prop ed visits,1,2026-10-10,18,quantile,0.8,0.00560096816218
2026-10-03,wk inc flu prop ed visits,1,2026-10-10,18,quantile,0.85,0.00645846878103
2026-10-03,wk inc flu prop ed visits,1,2026-10-10,18,quantile,0.9,0.00778144025598
2026-10-03,wk inc flu prop ed visits,1,2026-10-10,18,quantile,0.95,0.0101506962527
2026-10-03,wk inc flu prop ed visits,1,2026-10-10,18,quantile,0.975,0.0128250841931
2026-10-03,wk inc flu prop ed visits,1,2026-10-10,18,quantile,0.99,0.0168567603669
2026-10-03,wk inc flu prop ed visits,2,2026-10-17,18,quantile,0.01,0.000474523074434
2026-10-03,wk inc flu prop ed visits,2,2026-10-17,18,quantile,0.025,0.000656423993329
2026-10-03,wk inc flu prop ed visits,2,2026-10-17,18,quantile,0.05,0.00086593262432
2026-10-03,wk inc flu prop ed visits,2,2026-10-17,18,quantile,0.1,0.00119531731355
2026-10-03,wk inc flu prop ed visits,2,2026-10-17,18,quantile,0.15,0.00146914239727
2026-10-03,wk inc flu prop ed visits,2,2026-10-17,18,quantile,0.2,0.00173804852603
2026-10-03,wk inc flu prop ed visits,2,2026-10-17,18,quantile,0.25,0.00199409229127
2026-10-03,wk inc flu prop ed visits,2,2026-10-17,18,quantile,0.3,0.00224708748597
2026-10-03,wk inc flu prop ed visits,2,2026-10-17,18,quantile,0.35,0.00252484955014
2026-10-03,wk inc flu prop ed visits,2,2026-10-17,18,quantile,0.4,0.00282355538691
2026-10-03,wk inc flu prop ed visits,2,2026-10-17,18,quantile,0.45,0.00315840993441
2026-10-03,wk inc flu prop ed visits,2,2026-10-17,18,quantile,0.5,0.00352147667399
2026-10-03,wk inc flu prop ed visits,2,2026-10-17,18,quantile,0.55,0.00392737131935
2026-10-03,wk inc flu prop ed visits,2,2026-10-17,18,quantile,0.6,0.00437505843535
2026-10-03,wk inc flu prop ed visits,2,2026-10-17,18,quantile,0.65,0.00487922197963
2026-10-03,wk inc flu prop ed visits,2,2026-10-17,18,quantile,0.7,0.00549173067978
2026-10-03,wk inc flu prop ed visits,2,2026-10-17,18,quantile,0.75,0.0062336114544
2026-10-03,wk inc flu prop ed visits,2,2026-10-17,18,quantile,0.8,0.00723977972646
2026-10-03,wk inc flu prop ed visits,2,2026-10-17,18,quantile,0.85,0.00853035448254
2026-10-03,wk inc flu prop ed visits,2,2026-10-17,18,quantile,0.9,0.0104879948487
2026-10-03,wk inc flu prop ed visits,2,2026-10-17,18,quantile,0.95,0.0143258293105
2026-10-03,wk inc flu prop ed visits,2,2026-10-17,18,quantile,0.975,0.0187214974287
2026-10-03,wk inc flu prop ed visits,2,2026-10-17,18,quantile,0.99,0.0255319282783
2026-10-03,wk inc flu prop ed visits,3,2026-10-24,18,quantile,0.01,0.000465014953741
2026-10-03,wk inc flu prop ed visits,3,2026-10-24,18,quantile,0.025,0.000656410912264
2026-10-03,wk inc flu prop ed visits,3,2026-10-24,18,quantile,0.05,0.000884410451897
2026-10-03,wk inc flu prop ed visits,3,2026-10-24,18,quantile,0.1,0.00125740957732
2026-10-03,wk inc flu prop ed visits,3,2026-10-24,18,quantile,0.15,0.00159034371457
2026-10-03,wk inc flu prop ed visits,3,2026-10-24,18,quantile,0.2,0.00191676805012
2026-10-03,wk inc flu prop ed visits,3,2026-10-24,18,quantile,0.25,0.00223850810334
2026-10-03,wk inc flu prop ed visits,3,2026-10-24,18,quantile,0.3,0.00258469761061
2026-10-03,wk inc flu prop ed visits,3,2026-10-24,18,quantile,0.35,0.0029284800214
2026-10-03,wk inc flu prop ed visits,3,2026-10-24,18,quantile,0.4,0.00328913140214
2026-10-03,wk inc flu prop ed visits,3,2026-10-24,18,quantile,0.45,0.00365874585051
2026-10-03,wk inc flu prop ed visits,3,2026-10-24,18,quantile,0.5,0.00410763604182
2026-10-03,wk inc flu prop ed visits,3,2026-10-24,18,quantile,0.55,0.00458699564018
2026-10-03,wk inc flu prop ed visits,3,2026-10-24,18,quantile,0.6,0.00517014613477
2026-10-03,wk inc flu prop ed visits,3,2026-10-24,18,quantile,0.65,0.00586727749387
2026-10-03,wk inc flu prop ed visits,3,2026-10-24,18,quantile,0.7,0.0066551964256
2026-10-03,wk inc flu prop ed visits,3,2026-10-24,18,quantile,0.75,0.00762116799019
2026-10-03,wk inc flu prop ed visits,3,2026-10-24,18,quantile,0.8,0.00896325341897
2026-10-03,wk inc flu prop ed visits,3,2026-10-24,18,quantile,0.85,0.0108487799051
2026-10-03,wk inc flu prop ed visits,3,2026-10-24,18,quantile,0.9,0.0137080529942
2026-10-03,wk inc flu prop ed visits,3,2026-10-24,18,quantile,0.95,0.0194022610372
2026-10-03,wk inc flu prop ed visits,3,2026-10-24,18,quantile,0.975,0.0261777150236
2026-10-03,wk inc flu prop ed visits,3,2026-10-24,18,quantile,0.99,0.0369546559586
2026-10-03,wk inc flu prop ed visits,0,2026-10-03,19,quantile,0.01,9.79090444441e-06
2026-10-03,wk inc flu prop ed visits,0,2026-10-03,19,quantile,0.025,1.30670247543e-05
2026-10-03,wk inc flu prop ed visits,0,2026-10-03,19,quantile,0.05,1.68303976482e-05
2026-10-03,wk inc flu prop ed visits,0,2026-10-03,19,quantile,0.1,2.24416001221e-05
2026-10-03,wk inc flu prop ed visits,0,2026-10-03,19,quantile,0.15,2.70499286525e-05
2026-10-03,wk inc flu prop ed visits,0,2026-10-03,19,quantile,0.2,3.15242723328e-05
2026-10-03,wk inc flu prop ed visits,0,2026-10-03,19,quantile,0.25,3.59404165333e-05
2026-10-03,wk inc flu prop ed visits,0,2026-10-03,19,quantile,0.3,4.04971834703e-05
2026-10-03,wk inc flu prop ed visits,0,2026-10-03,19,quantile,0.35,4.54277319439e-05
2026-10-03,wk inc flu prop ed visits,0,2026-10-03,19,quantile,0.4,5.06628146715e-05
2026-10-03,wk inc flu prop ed visits,0,2026-10-03,19,quantile,0.45,5.64547343445e-05
2026-10-03,wk inc flu prop ed visits,0,2026-10-03,19,quantile,0.5,6.24107775956e-05
2026-10-03,wk inc flu prop ed visits,0,2026-10-03,19,quantile,0.55,6.89857978821e-05
2026-10-03,wk inc flu prop ed visits,0,2026-10-03,19,quantile,0.6,7.62305139015e-05
2026-10-03,wk inc flu prop ed visits,0,2026-10-03,19,quantile,0.65,8.54127427409e-05
2026-10-03,wk inc flu prop ed visits,0,2026-10-03,19,quantile,0.7,9.54258635342e-05
2026-10-03,wk inc flu prop ed visits,0,2026-10-03,19,quantile,0.75,0.000107538357009
2026-10-03,wk inc flu prop ed visits,0,2026-10-03,19,quantile,0.8,0.000123351176878
2026-10-03,wk inc flu prop ed visits,0,2026-10-03,19,quantile,0.85,0.000144125297788
2026-10-03,wk inc flu prop ed visits,0,2026-10-03,19,quantile,0.9,0.000176660592926
2026-10-03,wk inc flu prop ed visits,0,2026-10-03,19,quantile,0.95,0.000237758053478
2026-10-03,wk inc flu prop ed visits,0,2026-10-03,19,quantile,0.975,0.000307787223847
2026-10-03,wk inc flu prop ed visits,0,2026-10-03,19,quantile,0.99,0.000410920800754
2026-10-03,wk inc flu prop ed visits,1,2026-10-10,19,quantile,0.01,8.19060438863e-06
2026-10-03,wk inc flu prop ed visits,1,2026-10-10,19,quantile,0.025,1.13140234455e-05
2026-10-03,wk inc flu prop ed visits,1,2026-10-10,19,quantile,0.05,1.51467830633e-05
2026-10-03,wk inc flu prop ed visits,1,2026-10-10,19,quantile,0.1,2.1151005763e-05
2026-10-03,wk inc flu prop ed visits,1,2026-10-10,19,quantile,0.15,2.64996696514e-05
2026-10-03,wk inc flu prop ed visits,1,2026-10-10,19,quantile,0.2,3.18497471365e-05
2026-10-03,wk inc flu prop ed visits,1,2026-10-10,19,quantile,0.25,3.73395287929e-05
2026-10-03,wk inc flu prop ed visits,1,2026-10-10,19,quantile,0.3,4.29100587823e-05
2026-10-03,wk inc flu prop ed visits,1,2026-10-10,19,quantile,0.35,4.89502082621e-05
2026-10-03,wk inc flu prop ed visits,1,2026-10-10,19,quantile,0.4,5.55922466774e-05
2026-10-03,wk inc flu prop ed visits,1,2026-10-10,19,quantile,0.45,6.21175072342e-05
2026-10-03,wk inc flu prop ed visits,1,2026-10-10,19,quantile,0.5,6.88865703491e-05
2026-10-03,wk inc flu prop ed visits,1,2026-10-10,19,quantile,0.55,7.79325791773e-05
2026-10-03,wk inc flu prop ed visits,1,2026-10-10,19,quantile,0.6,8.76760941439e-05
2026-10-03,wk inc flu prop ed visits,1,2026-10-10,19,quantile,0.65,9.94218303933e-05
2026-10-03,wk inc flu prop ed visits,1,2026-10-10,19,quantile,0.7,0.000112371312538
2026-10-03,wk inc flu prop ed visits,1,2026-10-10,19,quantile,0.75,0.000130480320305
2026-10-03,wk inc flu prop ed visits,1,2026-10-10,19,quantile,0.8,0.00015159107665
2026-10-03,wk inc flu prop ed visits,1,2026-10-10,19,quantile,0.85,0.000181040886019
2026-10-03,wk inc flu prop ed visits,1,2026-10-10,19,quantile,0.9,0.000225217200107
2026-10-03,wk inc flu prop ed visits,1,2026-10-10,19,quantile,0.95,0.000315612560749
2026-10-03,wk inc flu prop ed visits,1,2026-10-10,19,quantile,0.975,0.000422840811616
2026-10-03,wk inc flu prop ed visits,1,2026-10-10,19,quantile,0.99,0.000597331791341
2026-10-03,wk inc flu prop ed visits,2,2026-10-17,19,quantile,0.01,7.63899641973e-06
2026-10-03,wk inc flu prop ed visits,2,2026-10-17,19,quantile,0.025,1.12092839919e-05
2026-10-03,wk inc flu prop ed visits,2,2026-10-17,19,quantile,0.05,1.55119145029e-05
2026-10-03,wk inc flu prop ed visits,2,2026-10-17,19,quantile,0.1,2.24952993959e-05
2026-10-03,wk inc flu prop ed visits,2,2026-10-17,19,quantile,0.15,2.85493810259e-05
2026-10-03,wk inc flu prop ed visits,2,2026-10-17,19,quantile,0.2,3.47473577636e-05
2026-10-03,wk inc flu prop ed visits,2,2026-10-17,19,quantile,0.25,4.15406415987e-05
2026-10-03,wk inc flu prop ed visits,2,2026-10-17,19,quantile,0.3,4.83916796139e-05
2026-10-03,wk inc flu prop ed visits,2,2026-10-17,19,quantile,0.35,5.50606948324e-05
2026-10-03,wk inc flu prop ed visits,2,2026-10-17,19,quantile,0.4,6.26467230392e-05
2026-10-03,wk inc flu prop ed visits,2,2026-10-17,19,quantile,0.45,7.16903396731e-05
2026-10-03,wk inc flu prop ed visits,2,2026-10-17,19,quantile,0.5,8.0769241583e-05
2026-10-03,wk inc flu prop ed visits,2,2026-10-17,19,quantile,0.55,9.11349756106e-05
2026-10-03,wk inc flu prop ed visits,2,2026-10-17,19,quantile,0.6,0.000104014320112
2026-10-03,wk inc flu prop ed visits,2,2026-10-17,19,quantile,0.65,0.000118795778652
2026-10-03,wk inc flu prop ed visits,2,2026-10-17,19,quantile,0.7,0.000137580096338
2026-10-03,wk inc flu prop ed visits,2,2026-10-17,19,quantile,0.75,0.000160417223263
2026-10-03,wk inc flu prop ed visits,2,2026-10-17,19,quantile,0.8,0.00018648550289
2026-10-03,wk inc flu prop ed visits,2,2026-10-17,19,quantile,0.85,0.000226018845929
2026-10-03,wk inc flu prop ed visits,2,2026-10-17,19,quantile,0.9,0.000293200319005
2026-10-03,wk inc flu prop ed visits,2,2026-10-17,19,quantile,0.95,0.000429208797703
2026-10-03,wk inc flu prop ed visits,2,2026-10-17,19,quantile,0.975,0.000598574560033
2026-10-03,wk inc flu prop ed visits,2,2026-10-17,19,quantile,0.99,0.000860515012181
2026-10-03,wk inc flu prop ed visits,3,2026-10-24,19,quantile,0.01,7.47644422824e-06
2026-10-03,wk inc flu prop ed visits,3,2026-10-24,19,quantile,0.025,1.13223390688e-05
2026-10-03,wk inc flu prop ed visits,3,2026-10-24,19,quantile,0.05,1.58373521916e-05
2026-10-03,wk inc flu prop ed visits,3,2026-10-24,19,quantile,0.1,2.37797865297e-05
2026-10-03,wk inc flu prop ed visits,3,2026-10-24,19,quantile,0.15,3.10327620668e-05
2026-10-03,wk inc flu prop ed visits,3,2026-10-24,19,quantile,0.2,3.76870052644e-05
2026-10-03,wk inc flu prop ed visits,3,2026-10-24,19,quantile,0.25,4.52773218881e-05
2026-10-03,wk inc flu prop ed visits,3,2026-10-24,19,quantile,0.3,5.40655922511e-05
2026-10-03,wk inc flu prop ed visits,3,2026-10-24,19,quantile,0.35,6.2816095161e-05
2026-10-03,wk inc flu prop ed visits,3,2026-10-24,19,quantile,0.4,7.29194589707e-05
2026-10-03,wk inc flu prop ed visits,3,2026-10-24,19,quantile,0.45,8.3971249258e-05
2026-10-03,wk inc flu prop ed visits,3,2026-10-24,19,quantile,0.5,9.58296696882e-05
2026-10-03,wk inc flu prop ed visits,3,2026-10-24,19,quantile,0.55,0.000108410770898
2026-10-03,wk inc flu prop ed visits,3,2026-10-24,19,quantile,0.6,0.00012353588681
2026-10-03,wk inc flu prop ed visits,3,2026-10-24,19,quantile,0.65,0.000142648469636
2026-10-03,wk inc flu prop ed visits,3,2026-10-24,19,quantile,0.7,0.000166805116345
2026-10-03,wk inc flu prop ed visits,3,2026-10-24,19,quantile,0.75,0.00019784461254
2026-10-03,wk inc flu prop ed visits,3,2026-10-24,19,quantile,0.8,0.000236069537333
2026-10-03,wk inc flu prop ed visits,3,2026-10-24,19,quantile,0.85,0.000288902129401
2026-10-03,wk inc flu prop ed visits,3,2026-10-24,19,quantile,0.9,0.000377401971791
2026-10-03,wk inc flu prop ed visits,3,2026-10-24,19,quantile,0.95,0.000558519559701
2026-10-03,wk inc flu prop ed visits,3,2026-10-24,19,quantile,0.975,0.000786788937082
2026-10-03,wk inc flu prop ed visits,3,2026-10-24,19,quantile,0.99,0.00118396658033
2026-10-03,wk inc flu prop ed visits,0,2026-10-03,20,quantile,0.01,0.000606736551971
2026-10-03,wk inc flu prop ed visits,0,2026-10-03,20,quantile,0.025,0.000742367094937
2026-10-03,wk inc flu prop ed visits,0,2026-10-03,20,quantile,0.05,0.000884970317143
2026-10-03,wk inc flu prop ed visits,0,2026-10-03,20,quantile,0.1,0.00108063683073
2026-10-03,wk inc flu prop ed visits,0,2026-10-03,20,quantile,0.15,0.0012311949297
2026-10-03,wk inc flu prop ed visits,0,2026-10-03,20,quantile,0.2,0.00136565715136
2026-10-03,wk inc flu prop ed visits,0,2026-10-03,20,quantile,0.25,0.00148947898043
2026-10-03,wk inc flu prop ed visits,0,2026-10-03,20,quantile,0.3,0.00161621998964
2026-10-03,wk inc flu prop ed visits,0,2026-10-03,20,quantile,0.35,0.00174198939874
2026-10-03,wk inc flu prop ed visits,0,2026-10-03,20,quantile,0.4,0.00187395273453
2026-10-03,wk inc flu prop ed visits,0,2026-10-03,20,quantile,0.45,0.00200526707847
2026-10-03,wk inc flu prop ed visits,0,2026-10-03,20,quantile,0.5,0.00214235689238
2026-10-03,wk inc flu prop ed visits,0,2026-10-03,20,quantile,0.55,0.00228762904506
2026-10-03,wk inc flu prop ed visits,0,2026-10-03,20,quantile,0.6,0.0024490129282
2026-10-03,wk inc flu prop ed visits,0,2026-10-03,20,quantile,0.65,0.00262478440652
2026-10-03,wk inc flu prop ed visits,0,2026-10-03,20,quantile,0.7,0.0028273018201
2026-10-03,wk inc flu prop ed visits,0,2026-10-03,20,quantile,0.75,0.00305887847474
2026-10-03,wk inc flu prop ed visits,0,2026-10-03,20,quantile,0.8,0.00334168391565
2026-10-03,wk inc flu prop ed visits,0,2026-10-03,20,quantile,0.85,0.00369692016243
2026-10-03,wk inc flu prop ed visits,0,2026-10-03,20,quantile,0.9,0.00420071347442
2026-10-03,wk inc flu prop ed visits,0,2026-10-03,20,quantile,0.95,0.00509149968048
2026-10-03,wk inc flu prop ed visits,0,2026-10-03,20,quantile,0.975,0.00603634728723
2026-10-03,wk inc flu prop ed visits,0,2026-10-03,20,quantile,0.99,0.00732226363429
2026-10-03,wk inc flu prop ed visits,1,2026-10-10,20,quantile,0.01,0.000487627613258
2026-10-03,wk inc flu prop ed visits,1,2026-10-10,20,quantile,0.025,0.000634906808005
2026-10-03,wk inc flu prop ed visits,1,2026-10-10,20,quantile,0.05,0.000789423078865
2026-10-03,wk inc flu prop ed visits,1,2026-10-10,20,quantile,0.1,0.00101239006547
2026-10-03,wk inc flu prop ed visits,1,2026-10-10,20,quantile,0.15,0.00120309810327
2026-10-03,wk inc flu prop ed visits,1,2026-10-10,20,quantile,0.2,0.00138393092306
2026-10-03,wk inc flu prop ed visits,1,2026-10-10,20,quantile,0.25,0.0015490852353
2026-10-03,wk inc flu prop ed visits,1,2026-10-10,20,quantile,0.3,0.00170954130079
2026-10-03,wk inc flu prop ed visits,1,2026-10-10,20,quantile,0.35,0.00187960749684
2026-10-03,wk inc flu prop ed visits,1,2026-10-10,20,quantile,0.4,0.00205626817541
2026-10-03,wk inc flu prop ed visits,1,2026-10-10,20,quantile,0.45,0.00224519331921
2026-10-03,wk inc flu prop ed visits,1,2026-10-10,20,quantile,0.5,0.00245482889893
2026-10-03,wk inc flu prop ed visits,1,2026-10-10,20,quantile,0.55,0.00267600854149
2026-10-03,wk inc flu prop ed visits,1,2026-10-10,20,quantile,0.6,0.00291312092641
2026-10-03,wk inc flu prop ed visits,1,2026-10-10,20,quantile,0.65,0.00318354758252
2026-10-03,wk inc flu prop ed visits,1,2026-10-10,20,quantile,0.7,0.00349526960192
2026-10-03,wk inc flu prop ed visits,1,2026-10-10,20,quantile,0.75,0.00386763093543
2026-10-03,wk inc flu prop ed visits,1,2026-10-10,20,quantile,0.8,0.004350655204
2026-10-03,wk inc flu prop ed visits,1,2026-10-10,20,quantile,0.85,0.00497065869523
2026-10-03,wk inc flu prop ed visits,1,2026-10-10,20,quantile,0.9,0.00586535291736
2026-10-03,wk inc flu prop ed visits,1,2026-10-10,20,quantile,0.95,0.0074520584358
2026-10-03,wk inc flu prop ed visits,1,2026-10-10,20,quantile,0.975,0.00918776716137
2026-10-03,wk inc flu prop ed visits,1,2026-10-10,20,quantile,0.99,0.0117939740271
2026-10-03,wk inc flu prop ed visits,2,2026-10-17,20,quantile,0.01,0.000458030396722
2026-10-03,wk inc flu prop ed visits,2,2026-10-17,20,quantile,0.025,0.000614302316252
2026-10-03,wk inc flu prop ed visits,2,2026-10-17,20,quantile,0.05,0.000789856190717
2026-10-03,wk inc flu prop ed visits,2,2026-10-17,20,quantile,0.1,0.00105349889281
2026-10-03,wk inc flu prop ed visits,2,2026-10-17,20,quantile,0.15,0.00128713850978
2026-10-03,wk inc flu prop ed visits,2,2026-10-17,20,quantile,0.2,0.00149582283786
2026-10-03,wk inc flu prop ed visits,2,2026-10-17,20,quantile,0.25,0.00170928553384
2026-10-03,wk inc flu prop ed visits,2,2026-10-17,20,quantile,0.3,0.00192902759693
2026-10-03,wk inc flu prop ed visits,2,2026-10-17,20,quantile,0.35,0.00216487709551
2026-10-03,wk inc flu prop ed visits,2,2026-10-17,20,quantile,0.4,0.00240335073956
2026-10-03,wk inc flu prop ed visits,2,2026-10-17,20,quantile,0.45,0.00266012181471
2026-10-03,wk inc flu prop ed visits,2,2026-10-17,20,quantile,0.5,0.00293424932206
2026-10-03,wk inc flu prop ed visits,2,2026-10-17,20,quantile,0.55,0.00323018506469
2026-10-03,wk inc flu prop ed visits,2,2026-10-17,20,quantile,0.6,0.00357127864914
2026-10-03,wk inc flu prop ed visits,2,2026-10-17,20,quantile,0.65,0.00396158834721
2026-10-03,wk inc flu prop ed visits,2,2026-10-17,20,quantile,0.7,0.00441667334569
2026-10-03,wk inc flu prop ed visits,2,2026-10-17,20,quantile,0.75,0.00498202771411
2026-10-03,wk inc flu prop ed visits,2,2026-10-17,20,quantile,0.8,0.00570364914555
2026-10-03,wk inc flu prop ed visits,2,2026-10-17,20,quantile,0.85,0.00667031721331
2026-10-03,wk inc flu prop ed visits,2,2026-10-17,20,quantile,0.9,0.00811057448503
2026-10-03,wk inc flu prop ed visits,2,2026-10-17,20,quantile,0.95,0.0107644436701
2026-10-03,wk inc flu prop ed visits,2,2026-10-17,20,quantile,0.975,0.0138320282307
2026-10-03,wk inc flu prop ed visits,2,2026-10-17,20,quantile,0.99,0.0184445174486
2026-10-03,wk inc flu prop ed visits,3,2026-10-24,20,quantile,0.01,0.000442256545914
2026-10-03,wk inc flu prop ed visits,3,2026-10-24,20,quantile,0.025,0.000606729335459
2026-10-03,wk inc flu prop ed visits,3,2026-10-24,20,quantile,0.05,0.000798492172036
2026-10-03,wk inc flu prop ed visits,3,2026-10-24,20,quantile,0.1,0.00110005118133
2026-10-03,wk inc flu prop ed visits,3,2026-10-24,20,quantile,0.15,0.00137090322055
2026-10-03,wk inc flu prop ed visits,3,2026-10-24,20,quantile,0.2,0.00163349209118
2026-10-03,wk inc flu prop ed visits,3,2026-10-24,20,quantile,0.25,0.00190503063478
2026-10-03,wk inc flu prop ed visits,3,2026-10-24,20,quantile,0.3,0.00217312694795
2026-10-03,wk inc flu prop ed visits,3,2026-10-24,20,quantile,0.35,0.00243603599541
2026-10-03,wk inc flu prop ed visits,3,2026-10-24,20,quantile,0.4,0.0027427584733
2026-10-03,wk inc flu prop ed visits,3,2026-10-24,20,quantile,0.45,0.00304655553486
2026-10-03,wk inc flu prop ed visits,3,2026-10-24,20,quantile,0.5,0.00339848115501
2026-10-03,wk inc flu prop ed visits,3,2026-10-24,20,quantile,0.55,0.00381299854561
2026-10-03,wk inc flu prop ed visits,3,2026-10-24,20,quantile,0.6,0.00428278911844
2026-10-03,wk inc flu prop ed visits,3,2026-10-24,20,quantile,0.65,0.00481726161717
2026-10-03,wk inc flu prop ed visits,3,2026-10-24,20,quantile,0.7,0.00545231309905
2026-10-03,wk inc flu prop ed visits,3,2026-10-24,20,quantile,0.75,0.00629479713835
2026-10-03,wk inc flu prop ed visits,3,2026-10-24,20,quantile,0.8,0.00737056460273
2026-10-03,wk inc flu prop ed visits,3,2026-10-24,20,quantile,0.85,0.00881749382431
2026-10-03,wk inc flu prop ed visits,3,2026-10-24,20,quantile,0.9,0.0109881078437
2026-10-03,wk inc flu prop ed visits,3,2026-10-24,20,quantile,0.95,0.0151559162431
2026-10-03,wk inc flu prop ed visits,3,2026-10-24,20,quantile,0.975,0.0202345607205
2026-10-03,wk inc flu prop ed visits,3,2026-10-24,20,quantile,0.99,0.0279985376891
2026-10-03,wk inc flu prop ed visits,0,2026-10-03,21,quantile,0.01,0.000945875226618
2026-10-03,wk inc flu prop ed visits,0,2026-10-03,21,quantile,0.025,0.0011563644047
2026-10-03,wk inc flu prop ed visits,0,2026-10-03,21,quantile,0.05,0.00136727493142
2026-10-03,wk inc flu prop ed visits,0,2026-10-03,21,quantile,0.1,0.00166355045318
2026-10-03,wk inc flu prop ed visits,0,2026-10-03,21,quantile,0.15,0.00190160476794
2026-10-03,wk inc flu prop ed visits,0,2026-10-03,21,quantile,0.2,0.00212075148622
2026-10-03,wk inc flu prop ed visits,0,2026-10-03,21,quantile,0.25,0.00231845059057
2026-10-03,wk inc flu prop ed visits,0,2026-10-03,21,quantile,0.3,0.00250119019198
2026-10-03,wk inc flu prop ed visits,0,2026-10-03,21,quantile,0.35,0.00270129467423
2026-10-03,wk inc flu prop ed visits,0,2026-10-03,21,quantile,0.4,0.00290227705648
2026-10-03,wk inc flu prop ed visits,0,2026-10-03,21,quantile,0.45,0.00311575587738
2026-10-03,wk inc flu prop ed visits,0,2026-10-03,21,quantile,0.5,0.00332881485551
2026-10-03,wk inc flu prop ed visits,0,2026-10-03,21,quantile,0.55,0.0035544275008
2026-10-03,wk inc flu prop ed visits,0,2026-10-03,21,quantile,0.6,0.00380537062764
2026-10-03,wk inc flu prop ed visits,0,2026-10-03,21,quantile,0.65,0.00407391093798
2026-10-03,wk inc flu prop ed visits,0,2026-10-03,21,quantile,0.7,0.00438549902528
2026-10-03,wk inc flu prop ed visits,0,2026-10-03,21,quantile,0.75,0.00475562318585
2026-10-03,wk inc flu prop ed visits,0,2026-10-03,21,quantile,0.8,0.00520088926547
2026-10-03,wk inc flu prop ed visits,0,2026-10-03,21,quantile,0.85,0.00576015589638
2026-10-03,wk inc flu prop ed visits,0,2026-10-03,21,quantile,0.9,0.0065850954891
2026-10-03,wk inc flu prop ed visits,0,2026-10-03,21,quantile,0.95,0.00801859989244
2026-10-03,wk inc flu prop ed visits,0,2026-10-03,21,quantile,0.975,0.00943440492177
2026-10-03,wk inc flu prop ed visits,0,2026-10-03,21,quantile,0.99,0.0114862115702
2026-10-03,wk inc flu prop ed visits,1,2026-10-10,21,quantile,0.01,0.000773754192828
2026-10-03,wk inc flu prop ed visits,1,2026-10-10,21,quantile,0.025,0.000991914982011
2026-10-03,wk inc flu prop ed visits,1,2026-10-10,21,quantile,0.05,0.00123394358729
2026-10-03,wk inc flu prop ed visits,1,2026-10-10,21,quantile,0.1,0.00158657812372
2026-10-03,wk inc flu prop ed visits,1,2026-10-10,21,quantile,0.15,0.00187745441142
2026-10-03,wk inc flu prop ed visits,1,2026-10-10,21,quantile,0.2,0.00214068250829
2026-10-03,wk inc flu prop ed visits,1,2026-10-10,21,quantile,0.25,0.0023999956232
2026-10-03,wk inc flu prop ed visits,1,2026-10-10,21,quantile,0.3,0.00265084137939
2026-10-03,wk inc flu prop ed visits,1,2026-10-10,21,quantile,0.35,0.00290053317744
2026-10-03,wk inc flu prop ed visits,1,2026-10-10,21,quantile,0.4,0.00318070550816
2026-10-03,wk inc flu prop ed visits,1,2026-10-10,21,quantile,0.45,0.00347397640129
2026-10-03,wk inc flu prop ed visits,1,2026-10-10,21,quantile,0.5,0.00379168765713
2026-10-03,wk inc flu prop ed visits,1,2026-10-10,21,quantile,0.55,0.00413098293988
2026-10-03,wk inc flu prop ed visits,1,2026-10-10,21,quantile,0.6,0.00450934195172
2026-10-03,wk inc flu prop ed visits,1,2026-10-10,21,quantile,0.65,0.00493592872866
2026-10-03,wk inc flu prop ed visits,1,2026-10-10,21,quantile,0.7,0.00542323229956
2026-10-03,wk inc flu prop ed visits,1,2026-10-10,21,quantile,0.75,0.00600191173304
2026-10-03,wk inc flu prop ed visits,1,2026-10-10,21,quantile,0.8,0.00668381587248
2026-10-03,wk inc flu prop ed visits,1,2026-10-10,21,quantile,0.85,0.00764238033459
2026-10-03,wk inc flu prop ed visits,1,2026-10-10,21,quantile,0.9,0.00902765940492
2026-10-03,wk inc flu prop ed visits,1,2026-10-10,21,quantile,0.95,0.0116018070105
2026-10-03,wk inc flu prop ed visits,1,2026-10-10,21,quantile,0.975,0.0142488703365
2026-10-03,wk inc flu prop ed visits,1,2026-10-10,21,quantile,0.99,0.0181751308492
2026-10-03,wk inc flu prop ed visits,2,2026-10-17,21,quantile,0.01,0.000718717954604
2026-10-03,wk inc flu prop ed visits,2,2026-10-17,21,quantile,0.025,0.000967446337359
2026-10-03,wk inc flu prop ed visits,2,2026-10-17,21,quantile,0.05,0.00123090490258
2026-10-03,wk inc flu prop ed visits,2,2026-10-17,21,quantile,0.1,0.00162946637268
2026-10-03,wk inc flu prop ed visits,2,2026-10-17,21,quantile,0.15,0.00197035906404
2026-10-03,wk inc flu prop ed visits,2,2026-10-17,21,quantile,0.2,0.00229359355575
2026-10-03,wk inc flu prop ed visits,2,2026-10-17,21,quantile,0.25,0.00262223065084
2026-10-03,wk inc flu prop ed visits,2,2026-10-17,21,quantile,0.3,0.0029574303681
2026-10-03,wk inc flu prop ed visits,2,2026-10-17,21,quantile,0.35,0.00330962613111
2026-10-03,wk inc flu prop ed visits,2,2026-10-17,21,quantile,0.4,0.00366073913609
2026-10-03,wk inc flu prop ed visits,2,2026-10-17,21,quantile,0.45,0.00405491171072
2026-10-03,wk inc flu prop ed visits,2,2026-10-17,21,quantile,0.5,0.00448306319507
2026-10-03,wk inc flu prop ed visits,2,2026-10-17,21,quantile,0.55,0.00492923278246
2026-10-03,wk inc flu prop ed visits,2,2026-10-17,21,quantile,0.6,0.00546248282274
2026-10-03,wk inc flu prop ed visits,2,2026-10-17,21,quantile,0.65,0.00606165523284
2026-10-03,wk inc flu prop ed visits,2,2026-10-17,21,quantile,0.7,0.00677627115278
2026-10-03,wk inc flu prop ed visits,2,2026-10-17,21,quantile,0.75,0.00762589543181
2026-10-03,wk inc flu prop ed visits,2,2026-10-17,21,quantile,0.8,0.00869501435693
2026-10-03,wk inc flu prop ed visits,2,2026-10-17,21,quantile,0.85,0.0101634871826
2026-10-03,wk inc flu prop ed visits,2,2026-10-17,21,quantile,0.9,0.0123392188128
2026-10-03,wk inc flu prop ed visits,2,2026-10-17,21,quantile,0.95,0.0164936183221
2026-10-03,wk inc flu prop ed visits,2,2026-10-17,21,quantile,0.975,0.0211012524475
2026-10-03,wk inc flu prop ed visits,2,2026-10-17,21,quantile,0.99,0.0280414523598
2026-10-03,wk inc flu prop ed visits,3,2026-10-24,21,quantile,0.01,0.00069768783765
2026-10-03,wk inc flu prop ed visits,3,2026-10-24,21,quantile,0.025,0.000957815611548
2026-10-03,wk inc flu prop ed visits,3,2026-10-24,21,quantile,0.05,0.00126277819483
2026-10-03,wk inc flu prop ed visits,3,2026-10-24,21,quantile,0.1,0.00173956897929
2026-10-03,wk inc flu prop ed visits,3,2026-10-24,21,quantile,0.15,0.00215302466531
2026-10-03,wk inc flu prop ed visits,3,2026-10-24,21,quantile,0.2,0.00256061796284
2026-10-03,wk inc flu prop ed visits,3,2026-10-24,21,quantile,0.25,0.00294509351851
2026-10-03,wk inc flu prop ed visits,3,2026-10-24,21,quantile,0.3,0.00335061558594
2026-10-03,wk inc flu prop ed visits,3,2026-10-24,21,quantile,0.35,0.00376271432474
2026-10-03,wk inc flu prop ed visits,3,2026-10-24,21,quantile,0.4,0.00418041579993
2026-10-03,wk inc flu prop ed visits,3,2026-10-24,21,quantile,0.45,0.00463266804673
2026-10-03,wk inc flu prop ed visits,3,2026-10-24,21,quantile,0.5,0.0051623089555
2026-10-03,wk inc flu prop ed visits,3,2026-10-24,21,quantile,0.55,0.00575269910261
2026-10-03,wk inc flu prop ed visits,3,2026-10-24,21,quantile,0.6,0.00640537132744
2026-10-03,wk inc flu prop ed visits,3,2026-10-24,21,quantile,0.65,0.00720026226999
2026-10-03,wk inc flu prop ed visits,3,2026-10-24,21,quantile,0.7,0.00817587014786
2026-10-03,wk inc flu prop ed visits,3,2026-10-24,21,quantile,0.75,0.00934474687219
2026-10-03,wk inc flu prop ed visits,3,2026-10-24,21,quantile,0.8,0.0108527649019
2026-10-03,wk inc flu prop ed visits,3,2026-10-24,21,quantile,0.85,0.0129933196697
2026-10-03,wk inc flu prop ed visits,3,2026-10-24,21,quantile,0.9,0.0161029318216
2026-10-03,wk inc flu prop ed visits,3,2026-10-24,21,quantile,0.95,0.0221098930692
2026-10-03,wk inc flu prop ed visits,3,2026-10-24,21,quantile,0.975,0.0288936229585
2026-10-03,wk inc flu prop ed visits,3,2026-10-24,21,quantile,0.99,0.040334477273
2026-10-03,wk inc flu prop ed visits,0,2026-10-03,22,quantile,0.01,0.002875477317
2026-10-03,wk inc flu prop ed visits,0,2026-10-03,22,quantile,0.025,0.00344260588542
2026-10-03,wk inc flu prop ed visits,0,2026-10-03,22,quantile,0.05,0.00399647352415
2026-10-03,wk inc flu prop ed visits,0,2026-10-03,22,quantile,0.1,0.00473288561403
2026-10-03,wk inc flu prop ed visits,0,2026-10-03,22,quantile,0.15,0.00529578127712
2026-10-03,wk inc flu prop ed visits,0,2026-10-03,22,quantile,0.2,0.00581473715918
2026-10-03,wk inc flu prop ed visits,0,2026-10-03,22,quantile,0.25,0.00626450129882
2026-10-03,wk inc flu prop ed visits,0,2026-10-03,22,quantile,0.3,0.00674941046172
2026-10-03,wk inc flu prop ed visits,0,2026-10-03,22,quantile,0.35,0.00724656302942
2026-10-03,wk inc flu prop ed visits,0,2026-10-03,22,quantile,0.4,0.00778107516449
2026-10-03,wk inc flu prop ed visits,0,2026-10-03,22,quantile,0.45,0.00828851751321
2026-10-03,wk inc flu prop ed visits,0,2026-10-03,22,quantile,0.5,0.00885432337424
2026-10-03,wk inc flu prop ed visits,0,2026-10-03,22,quantile,0.55,0.00943604368843
2026-10-03,wk inc flu prop ed visits,0,2026-10-03,22,quantile,0.6,0.0100715590532
2026-10-03,wk inc flu prop ed visits,0,2026-10-03,22,quantile,0.65,0.0106933764176
2026-10-03,wk inc flu prop ed visits,0,2026-10-03,22,quantile,0.7,0.0113906390133
2026-10-03,wk inc flu prop ed visits,0,2026-10-03,22,quantile,0.75,0.0122668460046
2026-10-03,wk inc flu prop ed visits,0,2026-10-03,22,quantile,0.8,0.0133485565945
2026-10-03,wk inc flu prop ed visits,0,2026-10-03,22,quantile,0.85,0.0146486057302
2026-10-03,wk inc flu prop ed visits,0,2026-10-03,22,quantile,0.9,0.0164040146746
2026-10-03,wk inc flu prop ed visits,0,2026-10-03,22,quantile,0.95,0.019522480871
2026-10-03,wk inc flu prop ed visits,0,2026-10-03,22,quantile,0.975,0.0228826895465
2026-10-03,wk inc flu prop ed visits,0,2026-10-03,22,quantile,0.99,0.0271207310483
2026-10-03,wk inc flu prop ed visits,1,2026-10-10,22,quantile,0.01,0.0023130373898
2026-10-03,wk inc flu prop ed visits,1,2026-10-10,22,quantile,0.025,0.00291142064437
2026-10-03,wk inc flu prop ed visits,1,2026-10-10,22,quantile,0.05,0.0035290540833
2026-10-03,wk inc flu prop ed visits,1,2026-10-10,22,quantile,0.1,0.00444248098445
2026-10-03,wk inc flu prop ed visits,1,2026-10-10,22,quantile,0.15,0.00515778109161
2026-10-03,wk inc flu prop ed visits,1,2026-10-10,22,quantile,0.2,0.00579260150828
2026-10-03,wk inc flu prop ed visits,1,2026-10-10,22,quantile,0.25,0.00638243436727
2026-10-03,wk inc flu prop ed visits,1,2026-10-10,22,quantile,0.3,0.00702093821086
2026-10-03,wk inc flu prop ed visits,1,2026-10-10,22,quantile,0.35,0.00768733215031
2026-10-03,wk inc flu prop ed visits,1,2026-10-10,22,quantile,0.4,0.0083617942436
2026-10-03,wk inc flu prop ed visits,1,2026-10-10,22,quantile,0.45,0.00907583440732
2026-10-03,wk inc flu prop ed visits,1,2026-10-10,22,quantile,0.5,0.00987968675654
2026-10-03,wk inc flu prop ed visits,1,2026-10-10,22,quantile,0.55,0.0107449509104
2026-10-03,wk inc flu prop ed visits,1,2026-10-10,22,quantile,0.6,0.0116355427818
2026-10-03,wk inc flu prop ed visits,1,2026-10-10,22,quantile,0.65,0.0126655275399
2026-10-03,wk inc flu prop ed visits,1,2026-10-10,22,quantile,0.7,0.01374310637
2026-10-03,wk inc flu prop ed visits,1,2026-10-10,22,quantile,0.75,0.0150310459737
2026-10-03,wk inc flu prop ed visits,1,2026-10-10,22,quantile,0.8,0.0166763484878
2026-10-03,wk inc flu prop ed visits,1,2026-10-10,22,quantile,0.85,0.0188846470433
2026-10-03,wk inc flu prop ed visits,1,2026-10-10,22,quantile,0.9,0.0220279994406
2026-10-03,wk inc flu prop ed visits,1,2026-10-10,22,quantile,0.95,0.0276872099161
2026-10-03,wk inc flu prop ed visits,1,2026-10-10,22,quantile,0.975,0.0335603657982
2026-10-03,wk inc flu prop ed visits,1,2026-10-10,22,quantile,0.99,0.0422983280869
2026-10-03,wk inc flu prop ed visits,2,2026-10-17,22,quantile,0.01,0.00212547681007
2026-10-03,wk inc flu prop ed visits,2,2026-10-17,22,quantile,0.025,0.00277236617216
2026-10-03,wk inc flu prop ed visits,2,2026-10-17,22,quantile,0.05,0.0034670929293
2026-10-03,wk inc flu prop ed visits,2,2026-10-17,22,quantile,0.1,0.00444183005486
2026-10-03,wk inc flu prop ed visits,2,2026-10-17,22,quantile,0.15,0.00535335302822
2026-10-03,wk inc flu prop ed visits,2,2026-10-17,22,quantile,0.2,0.0062756193513
2026-10-03,wk inc flu prop ed visits,2,2026-10-17,22,quantile,0.25,0.00707025313573
2026-10-03,wk inc flu prop ed visits,2,2026-10-17,22,quantile,0.3,0.00789376268621
2026-10-03,wk inc flu prop ed visits,2,2026-10-17,22,quantile,0.35,0.00864341960415
2026-10-03,wk inc flu prop ed visits,2,2026-10-17,22,quantile,0.4,0.00946186248499
2026-10-03,wk inc flu prop ed visits,2,2026-10-17,22,quantile,0.45,0.010410461278
2026-10-03,wk inc flu prop ed visits,2,2026-10-17,22,quantile,0.5,0.0114242088241
2026-10-03,wk inc flu prop ed visits,2,2026-10-17,22,quantile,0.55,0.0124923191033
2026-10-03,wk inc flu prop ed visits,2,2026-10-17,22,quantile,0.6,0.0137491862808
2026-10-03,wk inc flu prop ed visits,2,2026-10-17,22,quantile,0.65,0.015179703921
2026-10-03,wk inc flu prop ed visits,2,2026-10-17,22,quantile,0.7,0.0167433391896
2026-10-03,wk inc flu prop ed visits,2,2026-10-17,22,quantile,0.75,0.0187501380669
2026-10-03,wk inc flu prop ed visits,2,2026-10-17,22,quantile,0.8,0.0213601051093
2026-10-03,wk inc flu prop ed visits,2,2026-10-17,22,quantile,0.85,0.0246182296314
2026-10-03,wk inc flu prop ed visits,2,2026-10-17,22,quantile,0.9,0.0291876498255
2026-10-03,wk inc flu prop ed visits,2,2026-10-17,22,quantile,0.95,0.0375264201112
2026-10-03,wk inc flu prop ed visits,2,2026-10-17,22,quantile,0.975,0.0468710363088
2026-10-03,wk inc flu prop ed visits,2,2026-10-17,22,quantile,0.99,0.0602708490161
2026-10-03,wk inc flu prop ed visits,3,2026-10-24,22,quantile,0.01,0.00204958783048
2026-10-03,wk inc flu prop ed visits,3,2026-10-24,22,quantile,0.025,0.00274261830089
2026-10-03,wk inc flu prop ed visits,3,2026-10-24,22,quantile,0.05,0.00356983351505
2026-10-03,wk inc flu prop ed visits,3,2026-10-24,22,quantile,0.1,0.00480511356005
2026-10-03,wk inc flu prop ed visits,3,2026-10-24,22,quantile,0.15,0.00578697067546
2026-10-03,wk inc flu prop ed visits,3,2026-10-24,22,quantile,0.2,0.00668050037003
2026-10-03,wk inc flu prop ed visits,3,2026-10-24,22,quantile,0.25,0.00768602542452
2026-10-03,wk inc flu prop ed visits,3,2026-10-24,22,quantile,0.3,0.00875125819879
2026-10-03,wk inc flu prop ed visits,3,2026-10-24,22,quantile,0.35,0.00975659600234
2026-10-03,wk inc flu prop ed visits,3,2026-10-24,22,quantile,0.4,0.010910614831
2026-10-03,wk inc flu prop ed visits,3,2026-10-24,22,quantile,0.45,0.0121555211793
2026-10-03,wk inc flu prop ed visits,3,2026-10-24,22,quantile,0.5,0.0134026557321
2026-10-03,wk inc flu prop ed visits,3,2026-10-24,22,quantile,0.55,0.014807319178
2026-10-03,wk inc flu prop ed visits,3,2026-10-24,22,quantile,0.6,0.0163800270448
2026-10-03,wk inc flu prop ed visits,3,2026-10-24,22,quantile,0.65,0.0180669910408
2026-10-03,wk inc flu prop ed visits,3,2026-10-24,22,quantile,0.7,0.0200881619595
2026-10-03,wk inc flu prop ed visits,3,2026-10-24,22,quantile,0.75,0.0226365150927
2026-10-03,wk inc flu prop ed visits,3,2026-10-24,22,quantile,0.8,0.0259292801762
2026-10-03,wk inc flu prop ed visits,3,2026-10-24,22,quantile,0.85,0.0303578507805
2026-10-03,wk inc flu prop ed visits,3,2026-10-24,22,quantile,0.9,0.0369787557213
2026-10-03,wk inc flu prop ed visits,3,2026-10-24,22,quantile,0.95,0.0490150213639
2026-10-03,wk inc flu prop ed visits,3,2026-10-24,22,quantile,0.975,0.0624875172454
2026-10-03,wk inc flu prop ed visits,3,2026-10-24,22,quantile,0.99,0.0834782805441
2026-10-03,wk inc flu prop ed visits,0,2026-10-03,23,quantile,0.01,0.00085148675589
2026-10-03,wk inc flu prop ed visits,0,2026-10-03,23,quantile,0.025,0.00104991819631
2026-10-03,wk inc flu prop ed visits,0,2026-10-03,23,quantile,0.05,0.00124794321976
2026-10-03,wk inc flu prop ed visits,0,2026-10-03,23,quantile,0.1,0.00153511818084
2026-10-03,wk inc flu prop ed visits,0,2026-10-03,23,quantile,0.15,0.00176793036884
2026-10-03,wk inc flu prop ed visits,0,2026-10-03,23,quantile,0.2,0.00197911578458
2026-10-03,wk inc flu prop ed visits,0,2026-10-03,23,quantile,0.25,0.00217185196951
2026-10-03,wk inc flu prop ed visits,0,2026-10-03,23,quantile,0.3,0.00236935180186
2026-10-03,wk inc flu prop ed visits,0,2026-10-03,23,quantile,0.35,0.00256655022996
2026-10-03,wk inc flu prop ed visits,0,2026-10-03,23,quantile,0.4,0.00277176054544
2026-10-03,wk inc flu prop ed visits,0,2026-10-03,23,quantile,0.45,0.00297518187102
2026-10-03,wk inc flu prop ed visits,0,2026-10-03,23,quantile,0.5,0.00318933648331
2026-10-03,wk inc flu prop ed visits,0,2026-10-03,23,quantile,0.55,0.00341388700183
2026-10-03,wk inc flu prop ed visits,0,2026-10-03,23,quantile,0.6,0.00366358560437
2026-10-03,wk inc flu prop ed visits,0,2026-10-03,23,quantile,0.65,0.00394499372262
2026-10-03,wk inc flu prop ed visits,0,2026-10-03,23,quantile,0.7,0.00426472112239
2026-10-03,wk inc flu prop ed visits,0,2026-10-03,23,quantile,0.75,0.00463132457542
2026-10-03,wk inc flu prop ed visits,0,2026-10-03,23,quantile,0.8,0.00506642090027
2026-10-03,wk inc flu prop ed visits,0,2026-10-03,23,quantile,0.85,0.00561923272394
2026-10-03,wk inc flu prop ed visits,0,2026-10-03,23,quantile,0.9,0.00642251335555
2026-10-03,wk inc flu prop ed visits,0,2026-10-03,23,quantile,0.95,0.00784029898527
2026-10-03,wk inc flu prop ed visits,0,2026-10-03,23,quantile,0.975,0.00936748181118
2026-10-03,wk inc flu prop ed visits,0,2026-10-03,23,quantile,0.99,0.0114318160343
2026-10-03,wk inc flu prop ed visits,1,2026-10-10,23,quantile,0.01,0.000707136146946
2026-10-03,wk inc flu prop ed visits,1,2026-10-10,23,quantile,0.025,0.000913820012342
2026-10-03,wk inc flu prop ed visits,1,2026-10-10,23,quantile,0.05,0.00114726800876
2026-10-03,wk inc flu prop ed visits,1,2026-10-10,23,quantile,0.1,0.00148511246862
2026-10-03,wk inc flu prop ed visits,1,2026-10-10,23,quantile,0.15,0.00176309773702
2026-10-03,wk inc flu prop ed visits,1,2026-10-10,23,quantile,0.2,0.00202159184801
2026-10-03,wk inc flu prop ed visits,1,2026-10-10,23,quantile,0.25,0.00227263312221
2026-10-03,wk inc flu prop ed visits,1,2026-10-10,23,quantile,0.3,0.0025265836376
2026-10-03,wk inc flu prop ed visits,1,2026-10-10,23,quantile,0.35,0.00278279393521
2026-10-03,wk inc flu prop ed visits,1,2026-10-10,23,quantile,0.4,0.00304905138107
2026-10-03,wk inc flu prop ed visits,1,2026-10-10,23,quantile,0.45,0.00332440281491
2026-10-03,wk inc flu prop ed visits,1,2026-10-10,23,quantile,0.5,0.00361737992689
2026-10-03,wk inc flu prop ed visits,1,2026-10-10,23,quantile,0.55,0.00394418646068
2026-10-03,wk inc flu prop ed visits,1,2026-10-10,23,quantile,0.6,0.00430598236705
2026-10-03,wk inc flu prop ed visits,1,2026-10-10,23,quantile,0.65,0.00471438220644
2026-10-03,wk inc flu prop ed visits,1,2026-10-10,23,quantile,0.7,0.00521707215664
2026-10-03,wk inc flu prop ed visits,1,2026-10-10,23,quantile,0.75,0.00576433327619
2026-10-03,wk inc flu prop ed visits,1,2026-10-10,23,quantile,0.8,0.00644684654752
2026-10-03,wk inc flu prop ed visits,1,2026-10-10,23,quantile,0.85,0.00738400312868
2026-10-03,wk inc flu prop ed visits,1,2026-10-10,23,quantile,0.9,0.00875777780381
2026-10-03,wk inc flu prop ed visits,1,2026-10-10,23,quantile,0.95,0.0112557349863
2026-10-03,wk inc flu prop ed visits,1,2026-10-10,23,quantile,0.975,0.0140045862338
2026-10-03,wk inc flu prop ed visits,1,2026-10-10,23,quantile,0.99,0.0180867414156
2026-10-03,wk inc flu prop ed visits,2,2026-10-17,23,quantile,0.01,0.000580377295778
2026-10-03,wk inc flu prop ed visits,2,2026-10-17,23,quantile,0.025,0.000798226433007
2026-10-03,wk inc flu prop ed visits,2,2026-10-17,23,quantile,0.05,0.00105337705675
2026-10-03,wk inc flu prop ed visits,2,2026-10-17,23,quantile,0.1,0.00144888637954
2026-10-03,wk inc flu prop ed visits,2,2026-10-17,23,quantile,0.15,0.00178472020882
2026-10-03,wk inc flu prop ed visits,2,2026-10-17,23,quantile,0.2,0.00211442104484
2026-10-03,wk inc flu prop ed visits,2,2026-10-17,23,quantile,0.25,0.00242799649264
2026-10-03,wk inc flu prop ed visits,2,2026-10-17,23,quantile,0.3,0.00276040487655
2026-10-03,wk inc flu prop ed visits,2,2026-10-17,23,quantile,0.35,0.0031136328464
2026-10-03,wk inc flu prop ed visits,2,2026-10-17,23,quantile,0.4,0.0035002587948
2026-10-03,wk inc flu prop ed visits,2,2026-10-17,23,quantile,0.45,0.00388960592845
2026-10-03,wk inc flu prop ed visits,2,2026-10-17,23,quantile,0.5,0.00432867294864
2026-10-03,wk inc flu prop ed visits,2,2026-10-17,23,quantile,0.55,0.00482538449984
2026-10-03,wk inc flu prop ed visits,2,2026-10-17,23,quantile,0.6,0.00539342948827
2026-10-03,wk inc flu prop ed visits,2,2026-10-17,23,quantile,0.65,0.00603752141069
2026-10-03,wk inc flu prop ed visits,2,2026-10-17,23,quantile,0.7,0.00679211230076
2026-10-03,wk inc flu prop ed visits,2,2026-10-17,23,quantile,0.75,0.007746304482
2026-10-03,wk inc flu prop ed visits,2,2026-10-17,23,quantile,0.8,0.00896306262054
2026-10-03,wk inc flu prop ed visits,2,2026-10-17,23,quantile,0.85,0.0106177555018
2026-10-03,wk inc flu prop ed visits,2,2026-10-17,23,quantile,0.9,0.0131443233426
2026-10-03,wk inc flu prop ed visits,2,2026-10-17,23,quantile,0.95,0.0179067264356
2026-10-03,wk inc flu prop ed visits,2,2026-10-17,23,quantile,0.975,0.0235966070867
2026-10-03,wk inc flu prop ed visits,2,2026-10-17,23,quantile,0.99,0.0321339968972
2026-10-03,wk inc flu prop ed visits,3,2026-10-24,23,quantile,0.01,0.000549444712376
2026-10-03,wk inc flu prop ed visits,3,2026-10-24,23,quantile,0.025,0.000782290307817
2026-10-03,wk inc flu prop ed visits,3,2026-10-24,23,quantile,0.05,0.00105944047795
2026-10-03,wk inc flu prop ed visits,3,2026-10-24,23,quantile,0.1,0.00149911905829
2026-10-03,wk inc flu prop ed visits,3,2026-10-24,23,quantile,0.15,0.00188929633157
2026-10-03,wk inc flu prop ed visits,3,2026-10-24,23,quantile,0.2,0.00227851516504
2026-10-03,wk inc flu prop ed visits,3,2026-10-24,23,quantile,0.25,0.00266811714939
2026-10-03,wk inc flu prop ed visits,3,2026-10-24,23,quantile,0.3,0.00306935384799
2026-10-03,wk inc flu prop ed visits,3,2026-10-24,23,quantile,0.35,0.00348463317011
2026-10-03,wk inc flu prop ed visits,3,2026-10-24,23,quantile,0.4,0.00395071345262
2026-10-03,wk inc flu prop ed visits,3,2026-10-24,23,quantile,0.45,0.004472391086
2026-10-03,wk inc flu prop ed visits,3,2026-10-24,23,quantile,0.5,0.00505960238868
2026-10-03,wk inc flu prop ed visits,3,2026-10-24,23,quantile,0.55,0.0056744024339
2026-10-03,wk inc flu prop ed visits,3,2026-10-24,23,quantile,0.6,0.00644097291798
2026-10-03,wk inc flu prop ed visits,3,2026-10-24,23,quantile,0.65,0.00728484929359
2026-10-03,wk inc flu prop ed visits,3,2026-10-24,23,quantile,0.7,0.00838524635565
2026-10-03,wk inc flu prop ed visits,3,2026-10-24,23,quantile,0.75,0.00975243728279
2026-10-03,wk inc flu prop ed visits,3,2026-10-24,23,quantile,0.8,0.0115416523677
2026-10-03,wk inc flu prop ed visits,3,2026-10-24,23,quantile,0.85,0.0139438297931
2026-10-03,wk inc flu prop ed visits,3,2026-10-24,23,quantile,0.9,0.0175497270797
2026-10-03,wk inc flu prop ed visits,3,2026-10-24,23,quantile,0.95,0.0244916371403
2026-10-03,wk inc flu prop ed visits,3,2026-10-24,23,quantile,0.975,0.0324820553087
2026-10-03,wk inc flu prop ed visits,3,2026-10-24,23,quantile,0.99,0.0454069676283
2026-10-03,wk inc flu prop ed visits,0,2026-10-03,24,quantile,0.01,0.000833364393479
2026-10-03,wk inc flu prop ed visits,0,2026-10-03,24,quantile,0.025,0.00101428627815
2026-10-03,wk inc flu prop ed visits,0,2026-10-03,24,quantile,0.05,0.0011948102337
2026-10-03,wk inc flu prop ed visits,0,2026-10-03,24,quantile,0.1,0.00144312960147
2026-10-03,wk inc flu prop ed visits,0,2026-10-03,24,quantile,0.15,0.00164474111786
2026-10-03,wk inc flu prop ed visits,0,2026-10-03,24,quantile,0.2,0.00182329084851
2026-10-03,wk inc flu prop ed visits,0,2026-10-03,24,quantile,0.25,0.00198777037437
2026-10-03,wk inc flu prop ed visits,0,2026-10-03,24,quantile,0.3,0.00214618469841
2026-10-03,wk inc flu prop ed visits,0,2026-10-03,24,quantile,0.35,0.00230000476029
2026-10-03,wk inc flu prop ed visits,0,2026-10-03,24,quantile,0.4,0.00246455122509
2026-10-03,wk inc flu prop ed visits,0,2026-10-03,24,quantile,0.45,0.00263654110565
2026-10-03,wk inc flu prop ed visits,0,2026-10-03,24,quantile,0.5,0.00281245275906
2026-10-03,wk inc flu prop ed visits,0,2026-10-03,24,quantile,0.55,0.00300014363548
2026-10-03,wk inc flu prop ed visits,0,2026-10-03,24,quantile,0.6,0.00319932347722
2026-10-03,wk inc flu prop ed visits,0,2026-10-03,24,quantile,0.65,0.00341494338896
2026-10-03,wk inc flu prop ed visits,0,2026-10-03,24,quantile,0.7,0.00366444287851
2026-10-03,wk inc flu prop ed visits,0,2026-10-03,24,quantile,0.75,0.00394555670591
2026-10-03,wk inc flu prop ed visits,0,2026-10-03,24,quantile,0.8,0.00430616879527
2026-10-03,wk inc flu prop ed visits,0,2026-10-03,24,quantile,0.85,0.00474708963862
2026-10-03,wk inc flu prop ed visits,0,2026-10-03,24,quantile,0.9,0.00537036245136
2026-10-03,wk inc flu prop ed visits,0,2026-10-03,24,quantile,0.95,0.00645432317849
2026-10-03,wk inc flu prop ed visits,0,2026-10-03,24,quantile,0.975,0.00760477194789
2026-10-03,wk inc flu prop ed visits,0,2026-10-03,24,quantile,0.99,0.00918382916137
2026-10-03,wk inc flu prop ed visits,1,2026-10-10,24,quantile,0.01,0.000704303686841
2026-10-03,wk inc flu prop ed visits,1,2026-10-10,24,quantile,0.025,0.000890004287471
2026-10-03,wk inc flu prop ed visits,1,2026-10-10,24,quantile,0.05,0.00109354815261
2026-10-03,wk inc flu prop ed visits,1,2026-10-10,24,quantile,0.1,0.00138214384201
2026-10-03,wk inc flu prop ed visits,1,2026-10-10,24,quantile,0.15,0.00161903823541
2026-10-03,wk inc flu prop ed visits,1,2026-10-10,24,quantile,0.2,0.00183718703535
2026-10-03,wk inc flu prop ed visits,1,2026-10-10,24,quantile,0.25,0.0020435483801
2026-10-03,wk inc flu prop ed visits,1,2026-10-10,24,quantile,0.3,0.00225231094199
2026-10-03,wk inc flu prop ed visits,1,2026-10-10,24,quantile,0.35,0.00247123512478
2026-10-03,wk inc flu prop ed visits,1,2026-10-10,24,quantile,0.4,0.00269941636228
2026-10-03,wk inc flu prop ed visits,1,2026-10-10,24,quantile,0.45,0.00292980412838
2026-10-03,wk inc flu prop ed visits,1,2026-10-10,24,quantile,0.5,0.00319806622986
2026-10-03,wk inc flu prop ed visits,1,2026-10-10,24,quantile,0.55,0.00346854460026
2026-10-03,wk inc flu prop ed visits,1,2026-10-10,24,quantile,0.6,0.00376944415582
2026-10-03,wk inc flu prop ed visits,1,2026-10-10,24,quantile,0.65,0.00409991075014
2026-10-03,wk inc flu prop ed visits,1,2026-10-10,24,quantile,0.7,0.00449731054694
2026-10-03,wk inc flu prop ed visits,1,2026-10-10,24,quantile,0.75,0.0049508694837
2026-10-03,wk inc flu prop ed visits,1,2026-10-10,24,quantile,0.8,0.00551610414808
2026-10-03,wk inc flu prop ed visits,1,2026-10-10,24,quantile,0.85,0.00622099042113
2026-10-03,wk inc flu prop ed visits,1,2026-10-10,24,quantile,0.9,0.00731144520456
2026-10-03,wk inc flu prop ed visits,1,2026-10-10,24,quantile,0.95,0.0093248382031
2026-10-03,wk inc flu prop ed visits,1,2026-10-10,24,quantile,0.975,0.0114433316319
2026-10-03,wk inc flu prop ed visits,1,2026-10-10,24,quantile,0.99,0.0144173099139
2026-10-03,wk inc flu prop ed visits,2,2026-10-17,24,quantile,0.01,0.000600250629153
2026-10-03,wk inc flu prop ed visits,2,2026-10-17,24,quantile,0.025,0.000804139695804
2026-10-03,wk inc flu prop ed visits,2,2026-10-17,24,quantile,0.05,0.00103440845732
2026-10-03,wk inc flu prop ed visits,2,2026-10-17,24,quantile,0.1,0.00138153339678
2026-10-03,wk inc flu prop ed visits,2,2026-10-17,24,quantile,0.15,0.00168222750082
2026-10-03,wk inc flu prop ed visits,2,2026-10-17,24,quantile,0.2,0.00196654672323
2026-10-03,wk inc flu prop ed visits,2,2026-10-17,24,quantile,0.25,0.00224366589809
2026-10-03,wk inc flu prop ed visits,2,2026-10-17,24,quantile,0.3,0.00253772400264
2026-10-03,wk inc flu prop ed visits,2,2026-10-17,24,quantile,0.35,0.00281598162974
2026-10-03,wk inc flu prop ed visits,2,2026-10-17,24,quantile,0.4,0.00310322944197
2026-10-03,wk inc flu prop ed visits,2,2026-10-17,24,quantile,0.45,0.00343553441727
2026-10-03,wk inc flu prop ed visits,2,2026-10-17,24,quantile,0.5,0.00379671707916
2026-10-03,wk inc flu prop ed visits,2,2026-10-17,24,quantile,0.55,0.00415628072203
2026-10-03,wk inc flu prop ed visits,2,2026-10-17,24,quantile,0.6,0.00460880298794
2026-10-03,wk inc flu prop ed visits,2,2026-10-17,24,quantile,0.65,0.00513727249961
2026-10-03,wk inc flu prop ed visits,2,2026-10-17,24,quantile,0.7,0.00577281953254
2026-10-03,wk inc flu prop ed visits,2,2026-10-17,24,quantile,0.75,0.00653312502113
2026-10-03,wk inc flu prop ed visits,2,2026-10-17,24,quantile,0.8,0.0074498426174
2026-10-03,wk inc flu prop ed visits,2,2026-10-17,24,quantile,0.85,0.00868802140971
2026-10-03,wk inc flu prop ed visits,2,2026-10-17,24,quantile,0.9,0.0105702601374
2026-10-03,wk inc flu prop ed visits,2,2026-10-17,24,quantile,0.95,0.0140520055855
2026-10-03,wk inc flu prop ed visits,2,2026-10-17,24,quantile,0.975,0.0180028062689
2026-10-03,wk inc flu prop ed visits,2,2026-10-17,24,quantile,0.99,0.0239032714291
2026-10-03,wk inc flu prop ed visits,3,2026-10-24,24,quantile,0.01,0.000572712504814
2026-10-03,wk inc flu prop ed visits,3,2026-10-24,24,quantile,0.025,0.000782041697938
2026-10-03,wk inc flu prop ed visits,3,2026-10-24,24,quantile,0.05,0.00103361861166
2026-10-03,wk inc flu prop ed visits,3,2026-10-24,24,quantile,0.1,0.0014080747344
2026-10-03,wk inc flu prop ed visits,3,2026-10-24,24,quantile,0.15,0.00178114454692
2026-10-03,wk inc flu prop ed visits,3,2026-10-24,24,quantile,0.2,0.00211202498331
2026-10-03,wk inc flu prop ed visits,3,2026-10-24,24,quantile,0.25,0.00243841565478
2026-10-03,wk inc flu prop ed visits,3,2026-10-24,24,quantile,0.3,0.00277915242076
2026-10-03,wk inc flu prop ed visits,3,2026-10-24,24,quantile,0.35,0.00314929399004
2026-10-03,wk inc flu prop ed visits,3,2026-10-24,24,quantile,0.4,0.00353826540622
2026-10-03,wk inc flu prop ed visits,3,2026-10-24,24,quantile,0.45,0.00391403119863
2026-10-03,wk inc flu prop ed visits,3,2026-10-24,24,quantile,0.5,0.00435041362314
2026-10-03,wk inc flu prop ed visits,3,2026-10-24,24,quantile,0.55,0.00487211094941
2026-10-03,wk inc flu prop ed visits,3,2026-10-24,24,quantile,0.6,0.00544434839646
2026-10-03,wk inc flu prop ed visits,3,2026-10-24,24,quantile,0.65,0.00612692888546
2026-10-03,wk inc flu prop ed visits,3,2026-10-24,24,quantile,0.7,0.00692687708405
2026-10-03,wk inc flu prop ed visits,3,2026-10-24,24,quantile,0.75,0.00790819959003
2026-10-03,wk inc flu prop ed visits,3,2026-10-24,24,quantile,0.8,0.00917275529016
2026-10-03,wk inc flu prop ed visits,3,2026-10-24,24,quantile,0.85,0.0109737974394
2026-10-03,wk inc flu prop ed visits,3,2026-10-24,24,quantile,0.9,0.0137940673048
2026-10-03,wk inc flu prop ed visits,3,2026-10-24,24,quantile,0.95,0.0190495726293
2026-10-03,wk inc flu prop ed visits,3,2026-10-24,24,quantile,0.975,0.0253101916052
2026-10-03,wk inc flu prop ed visits,3,2026-10-24,24,quantile,0.99,0.0348948205796
2026-10-03,wk inc flu prop ed visits,0,2026-10-03,25,quantile,0.01,0.000788302145064
2026-10-03,wk inc flu prop ed visits,0,2026-10-03,25,quantile,0.025,0.000942342138785
2026-10-03,wk inc flu prop ed visits,0,2026-10-03,25,quantile,0.05,0.00110444489523
2026-10-03,wk inc flu prop ed visits,0,2026-10-03,25,quantile,0.1,0.00132596260016
2026-10-03,wk inc flu prop ed visits,0,2026-10-03,25,quantile,0.15,0.00149835131852
2026-10-03,wk inc flu prop ed visits,0,2026-10-03,25,quantile,0.2,0.00164713111319
2026-10-03,wk inc flu prop ed visits,0,2026-10-03,25,quantile,0.25,0.00178375765645
2026-10-03,wk inc flu prop ed visits,0,2026-10-03,25,quantile,0.3,0.00191465929545
2026-10-03,wk inc flu prop ed visits,0,2026-10-03,25,quantile,0.35,0.00204896858504
2026-10-03,wk inc flu prop ed visits,0,2026-10-03,25,quantile,0.4,0.0021875468745
2026-10-03,wk inc flu prop ed visits,0,2026-10-03,25,quantile,0.45,0.00232986838837
2026-10-03,wk inc flu prop ed visits,0,2026-10-03,25,quantile,0.5,0.00247068542352
2026-10-03,wk inc flu prop ed visits,0,2026-10-03,25,quantile,0.55,0.00263102444819
2026-10-03,wk inc flu prop ed visits,0,2026-10-03,25,quantile,0.6,0.00279984288913
2026-10-03,wk inc flu prop ed visits,0,2026-10-03,25,quantile,0.65,0.00297348036341
2026-10-03,wk inc flu prop ed visits,0,2026-10-03,25,quantile,0.7,0.00317616057807
2026-10-03,wk inc flu prop ed visits,0,2026-10-03,25,quantile,0.75,0.00342156918581
2026-10-03,wk inc flu prop ed visits,0,2026-10-03,25,quantile,0.8,0.0037247333031
2026-10-03,wk inc flu prop ed visits,0,2026-10-03,25,quantile,0.85,0.00409752379771
2026-10-03,wk inc flu prop ed visits,0,2026-10-03,25,quantile,0.9,0.00460937874928
2026-10-03,wk inc flu prop ed visits,0,2026-10-03,25,quantile,0.95,0.00550397914522
2026-10-03,wk inc flu prop ed visits,0,2026-10-03,25,quantile,0.975,0.00639906695807
2026-10-03,wk inc flu prop ed visits,0,2026-10-03,25,quantile,0.99,0.00763887878485
2026-10-03,wk inc flu prop ed visits,1,2026-10-10,25,quantile,0.01,0.00067284382604
2026-10-03,wk inc flu prop ed visits,1,2026-10-10,25,quantile,0.025,0.000846039904376
2026-10-03,wk inc flu prop ed visits,1,2026-10-10,25,quantile,0.05,0.0010299657763
2026-10-03,wk inc flu prop ed visits,1,2026-10-10,25,quantile,0.1,0.00129186621733
2026-10-03,wk inc flu prop ed visits,1,2026-10-10,25,quantile,0.15,0.00149607192631
2026-10-03,wk inc flu prop ed visits,1,2026-10-10,25,quantile,0.2,0.00168558427759
2026-10-03,wk inc flu prop ed visits,1,2026-10-10,25,quantile,0.25,0.00186967938682
2026-10-03,wk inc flu prop ed visits,1,2026-10-10,25,quantile,0.3,0.00205305153829
2026-10-03,wk inc flu prop ed visits,1,2026-10-10,25,quantile,0.35,0.00224243002224
2026-10-03,wk inc flu prop ed visits,1,2026-10-10,25,quantile,0.4,0.00243384280393
2026-10-03,wk inc flu prop ed visits,1,2026-10-10,25,quantile,0.45,0.0026319938572
2026-10-03,wk inc flu prop ed visits,1,2026-10-10,25,quantile,0.5,0.0028348851333
2026-10-03,wk inc flu prop ed visits,1,2026-10-10,25,quantile,0.55,0.00306142188713
2026-10-03,wk inc flu prop ed visits,1,2026-10-10,25,quantile,0.6,0.00330839610153
2026-10-03,wk inc flu prop ed visits,1,2026-10-10,25,quantile,0.65,0.00357612317296
2026-10-03,wk inc flu prop ed visits,1,2026-10-10,25,quantile,0.7,0.00389125875858
2026-10-03,wk inc flu prop ed visits,1,2026-10-10,25,quantile,0.75,0.00427340798419
2026-10-03,wk inc flu prop ed visits,1,2026-10-10,25,quantile,0.8,0.00472908792262
2026-10-03,wk inc flu prop ed visits,1,2026-10-10,25,quantile,0.85,0.00534427438186
2026-10-03,wk inc flu prop ed visits,1,2026-10-10,25,quantile,0.9,0.00619368921529
2026-10-03,wk inc flu prop ed visits,1,2026-10-10,25,quantile,0.95,0.00777152825824
2026-10-03,wk inc flu prop ed visits,1,2026-10-10,25,quantile,0.975,0.00941608403045
2026-10-03,wk inc flu prop ed visits,1,2026-10-10,25,quantile,0.99,0.0118244830249
2026-10-03,wk inc flu prop ed visits,2,2026-10-17,25,quantile,0.01,0.000560141413668
2026-10-03,wk inc flu prop ed visits,2,2026-10-17,25,quantile,0.025,0.000744084978684
2026-10-03,wk inc flu prop ed visits,2,2026-10-17,25,quantile,0.05,0.000949384258899
2026-10-03,wk inc flu prop ed visits,2,2026-10-17,25,quantile,0.1,0.00126060159642
2026-10-03,wk inc flu prop ed visits,2,2026-10-17,25,quantile,0.15,0.00152644787381
2026-10-03,wk inc flu prop ed visits,2,2026-10-17,25,quantile,0.2,0.0017710268013
2026-10-03,wk inc flu prop ed visits,2,2026-10-17,25,quantile,0.25,0.00200783132484
2026-10-03,wk inc flu prop ed visits,2,2026-10-17,25,quantile,0.3,0.00225562207166
2026-10-03,wk inc flu prop ed visits,2,2026-10-17,25,quantile,0.35,0.00249901120173
2026-10-03,wk inc flu prop ed visits,2,2026-10-17,25,quantile,0.4,0.0027640327876
2026-10-03,wk inc flu prop ed visits,2,2026-10-17,25,quantile,0.45,0.00303470527542
2026-10-03,wk inc flu prop ed visits,2,2026-10-17,25,quantile,0.5,0.00333476501728
2026-10-03,wk inc flu prop ed visits,2,2026-10-17,25,quantile,0.55,0.00366802484458
2026-10-03,wk inc flu prop ed visits,2,2026-10-17,25,quantile,0.6,0.0040441249412
2026-10-03,wk inc flu prop ed visits,2,2026-10-17,25,quantile,0.65,0.00450321309947
2026-10-03,wk inc flu prop ed visits,2,2026-10-17,25,quantile,0.7,0.00502652364348
2026-10-03,wk inc flu prop ed visits,2,2026-10-17,25,quantile,0.75,0.0056382689997
2026-10-03,wk inc flu prop ed visits,2,2026-10-17,25,quantile,0.8,0.00644005619385
2026-10-03,wk inc flu prop ed visits,2,2026-10-17,25,quantile,0.85,0.00746522545325
2026-10-03,wk inc flu prop ed visits,2,2026-10-17,25,quantile,0.9,0.00899218417216
2026-10-03,wk inc flu prop ed visits,2,2026-10-17,25,quantile,0.95,0.0118124119164
2026-10-03,wk inc flu prop ed visits,2,2026-10-17,25,quantile,0.975,0.015037148731
2026-10-03,wk inc flu prop ed visits,2,2026-10-17,25,quantile,0.99,0.019944180765
2026-10-03,wk inc flu prop ed visits,3,2026-10-24,25,quantile,0.01,0.000510170782105
2026-10-03,wk inc flu prop ed visits,3,2026-10-24,25,quantile,0.025,0.000702573782926
2026-10-03,wk inc flu prop ed visits,3,2026-10-24,25,quantile,0.05,0.000921312836863
2026-10-03,wk inc flu prop ed visits,3,2026-10-24,25,quantile,0.1,0.00127590822029
2026-10-03,wk inc flu prop ed visits,3,2026-10-24,25,quantile,0.15,0.0015916513237
2026-10-03,wk inc flu prop ed visits,3,2026-10-24,25,quantile,0.2,0.00190706939294
2026-10-03,wk inc flu prop ed visits,3,2026-10-24,25,quantile,0.25,0.00221419544903
2026-10-03,wk inc flu prop ed visits,3,2026-10-24,25,quantile,0.3,0.00250352636926
2026-10-03,wk inc flu prop ed visits,3,2026-10-24,25,quantile,0.35,0.00281345479729
2026-10-03,wk inc flu prop ed visits,3,2026-10-24,25,quantile,0.4,0.00313431029944
2026-10-03,wk inc flu prop ed visits,3,2026-10-24,25,quantile,0.45,0.00350759052605
2026-10-03,wk inc flu prop ed visits,3,2026-10-24,25,quantile,0.5,0.00390640746624
2026-10-03,wk inc flu prop ed visits,3,2026-10-24,25,quantile,0.55,0.00432402517987
2026-10-03,wk inc flu prop ed visits,3,2026-10-24,25,quantile,0.6,0.00480116443337
2026-10-03,wk inc flu prop ed visits,3,2026-10-24,25,quantile,0.65,0.00540699288849
2026-10-03,wk inc flu prop ed visits,3,2026-10-24,25,quantile,0.7,0.00609950518594
2026-10-03,wk inc flu prop ed visits,3,2026-10-24,25,quantile,0.75,0.00698315793509
2026-10-03,wk inc flu prop ed visits,3,2026-10-24,25,quantile,0.8,0.00811485284579
2026-10-03,wk inc flu prop ed visits,3,2026-10-24,25,quantile,0.85,0.00972066666766
2026-10-03,wk inc flu prop ed visits,3,2026-10-24,25,quantile,0.9,0.0120934674417
2026-10-03,wk inc flu prop ed visits,3,2026-10-24,25,quantile,0.95,0.0166401878098
2026-10-03,wk inc flu prop ed visits,3,2026-10-24,25,quantile,0.975,0.022006029135
2026-10-03,wk inc flu prop ed visits,3,2026-10-24,25,quantile,0.99,0.0303313375641
2026-10-03,wk inc flu prop ed visits,0,2026-10-03,26,quantile,0.01,0.000557942170214
2026-10-03,wk inc flu prop ed visits,0,2026-10-03,26,quantile,0.025,0.000673185406508
2026-10-03,wk inc flu prop ed visits,0,2026-10-03,26,quantile,0.05,0.000788047308964
2026-10-03,wk inc flu prop ed visits,0,2026-10-03,26,quantile,0.1,0.000947681265784
2026-10-03,wk inc flu prop ed visits,0,2026-10-03,26,quantile,0.15,0.00107665082866
2026-10-03,wk inc flu prop ed visits,0,2026-10-03,26,quantile,0.2,0.00119190373807
2026-10-03,wk inc flu prop ed visits,0,2026-10-03,26,quantile,0.25,0.00130089690131
2026-10-03,wk inc flu prop ed visits,0,2026-10-03,26,quantile,0.3,0.00140222657269
2026-10-03,wk inc flu prop ed visits,0,2026-10-03,26,quantile,0.35,0.00150037282662
2026-10-03,wk inc flu prop ed visits,0,2026-10-03,26,quantile,0.4,0.00159695969539
2026-10-03,wk inc flu prop ed visits,0,2026-10-03,26,quantile,0.45,0.00170866786777
2026-10-03,wk inc flu prop ed visits,0,2026-10-03,26,quantile,0.5,0.00181926582078
2026-10-03,wk inc flu prop ed visits,0,2026-10-03,26,quantile,0.55,0.00194060495106
2026-10-03,wk inc flu prop ed visits,0,2026-10-03,26,quantile,0.6,0.00206171094461
2026-10-03,wk inc flu prop ed visits,0,2026-10-03,26,quantile,0.65,0.00219981640647
2026-10-03,wk inc flu prop ed visits,0,2026-10-03,26,quantile,0.7,0.00235778433766
2026-10-03,wk inc flu prop ed visits,0,2026-10-03,26,quantile,0.75,0.00253201596653
2026-10-03,wk inc flu prop ed visits,0,2026-10-03,26,quantile,0.8,0.00274051035515
2026-10-03,wk inc flu prop ed visits,0,2026-10-03,26,quantile,0.85,0.00300372538716
2026-10-03,wk inc flu prop ed visits,0,2026-10-03,26,quantile,0.9,0.00338049268901
2026-10-03,wk inc flu prop ed visits,0,2026-10-03,26,quantile,0.95,0.00404396021634
2026-10-03,wk inc flu prop ed visits,0,2026-10-03,26,quantile,0.975,0.00472894464963
2026-10-03,wk inc flu prop ed visits,0,2026-10-03,26,quantile,0.99,0.00565943368092
2026-10-03,wk inc flu prop ed visits,1,2026-10-10,26,quantile,0.01,0.000465323523029
2026-10-03,wk inc flu prop ed visits,1,2026-10-10,26,quantile,0.025,0.000588576847311
2026-10-03,wk inc flu prop ed visits,1,2026-10-10,26,quantile,0.05,0.000728121430939
2026-10-03,wk inc flu prop ed visits,1,2026-10-10,26,quantile,0.1,0.000925511001224
2026-10-03,wk inc flu prop ed visits,1,2026-10-10,26,quantile,0.15,0.00107787896682
2026-10-03,wk inc flu prop ed visits,1,2026-10-10,26,quantile,0.2,0.00121834736777
2026-10-03,wk inc flu prop ed visits,1,2026-10-10,26,quantile,0.25,0.00135694770573
2026-10-03,wk inc flu prop ed visits,1,2026-10-10,26,quantile,0.3,0.00149034703896
2026-10-03,wk inc flu prop ed visits,1,2026-10-10,26,quantile,0.35,0.00162209061519
2026-10-03,wk inc flu prop ed visits,1,2026-10-10,26,quantile,0.4,0.00176699743395
2026-10-03,wk inc flu prop ed visits,1,2026-10-10,26,quantile,0.45,0.00191902802673
2026-10-03,wk inc flu prop ed visits,1,2026-10-10,26,quantile,0.5,0.00207962196451
2026-10-03,wk inc flu prop ed visits,1,2026-10-10,26,quantile,0.55,0.00225639719493
2026-10-03,wk inc flu prop ed visits,1,2026-10-10,26,quantile,0.6,0.00245163889595
2026-10-03,wk inc flu prop ed visits,1,2026-10-10,26,quantile,0.65,0.00266813442345
2026-10-03,wk inc flu prop ed visits,1,2026-10-10,26,quantile,0.7,0.00289906819417
2026-10-03,wk inc flu prop ed visits,1,2026-10-10,26,quantile,0.75,0.00317147246386
2026-10-03,wk inc flu prop ed visits,1,2026-10-10,26,quantile,0.8,0.0035342161214
2026-10-03,wk inc flu prop ed visits,1,2026-10-10,26,quantile,0.85,0.00399099285467
2026-10-03,wk inc flu prop ed visits,1,2026-10-10,26,quantile,0.9,0.00467696895501
2026-10-03,wk inc flu prop ed visits,1,2026-10-10,26,quantile,0.95,0.00585379721937
2026-10-03,wk inc flu prop ed visits,1,2026-10-10,26,quantile,0.975,0.00712577809224
2026-10-03,wk inc flu prop ed visits,1,2026-10-10,26,quantile,0.99,0.00900297531279
2026-10-03,wk inc flu prop ed visits,2,2026-10-17,26,quantile,0.01,0.00040359807188
2026-10-03,wk inc flu prop ed visits,2,2026-10-17,26,quantile,0.025,0.000538138077451
2026-10-03,wk inc flu prop ed visits,2,2026-10-17,26,quantile,0.05,0.000697062485496
2026-10-03,wk inc flu prop ed visits,2,2026-10-17,26,quantile,0.1,0.000924329063252
2026-10-03,wk inc flu prop ed visits,2,2026-10-17,26,quantile,0.15,0.00111705563738
2026-10-03,wk inc flu prop ed visits,2,2026-10-17,26,quantile,0.2,0.00130492964314
2026-10-03,wk inc flu prop ed visits,2,2026-10-17,26,quantile,0.25,0.0014817764055
2026-10-03,wk inc flu prop ed visits,2,2026-10-17,26,quantile,0.3,0.00166108905844
2026-10-03,wk inc flu prop ed visits,2,2026-10-17,26,quantile,0.35,0.0018499855142
2026-10-03,wk inc flu prop ed visits,2,2026-10-17,26,quantile,0.4,0.00205037595564
2026-10-03,wk inc flu prop ed visits,2,2026-10-17,26,quantile,0.45,0.00226676103266
2026-10-03,wk inc flu prop ed visits,2,2026-10-17,26,quantile,0.5,0.00250421092401
2026-10-03,wk inc flu prop ed visits,2,2026-10-17,26,quantile,0.55,0.00276233432683
2026-10-03,wk inc flu prop ed visits,2,2026-10-17,26,quantile,0.6,0.00302906066512
2026-10-03,wk inc flu prop ed visits,2,2026-10-17,26,quantile,0.65,0.00335844526025
2026-10-03,wk inc flu prop ed visits,2,2026-10-17,26,quantile,0.7,0.00375381937518
2026-10-03,wk inc flu prop ed visits,2,2026-10-17,26,quantile,0.75,0.00421120618681
2026-10-03,wk inc flu prop ed visits,2,2026-10-17,26,quantile,0.8,0.00477655531938
2026-10-03,wk inc flu prop ed visits,2,2026-10-17,26,quantile,0.85,0.00554545952961
2026-10-03,wk inc flu prop ed visits,2,2026-10-17,26,quantile,0.9,0.00676861938809
2026-10-03,wk inc flu prop ed visits,2,2026-10-17,26,quantile,0.95,0.00896850563926
2026-10-03,wk inc flu prop ed visits,2,2026-10-17,26,quantile,0.975,0.0115186376971
2026-10-03,wk inc flu prop ed visits,2,2026-10-17,26,quantile,0.99,0.0152611349999
2026-10-03,wk inc flu prop ed visits,3,2026-10-24,26,quantile,0.01,0.000378108290728
2026-10-03,wk inc flu prop ed visits,3,2026-10-24,26,quantile,0.025,0.000521781537801
2026-10-03,wk inc flu prop ed visits,3,2026-10-24,26,quantile,0.05,0.000689816600175
2026-10-03,wk inc flu prop ed visits,3,2026-10-24,26,quantile,0.1,0.000955724303492
2026-10-03,wk inc flu prop ed visits,3,2026-10-24,26,quantile,0.15,0.0011875861564
2026-10-03,wk inc flu prop ed visits,3,2026-10-24,26,quantile,0.2,0.00140605802501
2026-10-03,wk inc flu prop ed visits,3,2026-10-24,26,quantile,0.25,0.00163011280764
2026-10-03,wk inc flu prop ed visits,3,2026-10-24,26,quantile,0.3,0.0018557890088
2026-10-03,wk inc flu prop ed visits,3,2026-10-24,26,quantile,0.35,0.00210500685911
2026-10-03,wk inc flu prop ed visits,3,2026-10-24,26,quantile,0.4,0.00234817993859
2026-10-03,wk inc flu prop ed visits,3,2026-10-24,26,quantile,0.45,0.00261498031471
2026-10-03,wk inc flu prop ed visits,3,2026-10-24,26,quantile,0.5,0.00291058623425
2026-10-03,wk inc flu prop ed visits,3,2026-10-24,26,quantile,0.55,0.00324196458853
2026-10-03,wk inc flu prop ed visits,3,2026-10-24,26,quantile,0.6,0.00361576447007
2026-10-03,wk inc flu prop ed visits,3,2026-10-24,26,quantile,0.65,0.00403531060375
2026-10-03,wk inc flu prop ed visits,3,2026-10-24,26,quantile,0.7,0.00457262695085
2026-10-03,wk inc flu prop ed visits,3,2026-10-24,26,quantile,0.75,0.00525776436156
2026-10-03,wk inc flu prop ed visits,3,2026-10-24,26,quantile,0.8,0.00612614350265
2026-10-03,wk inc flu prop ed visits,3,2026-10-24,26,quantile,0.85,0.00730431253813
2026-10-03,wk inc flu prop ed visits,3,2026-10-24,26,quantile,0.9,0.00912934200058
2026-10-03,wk inc flu prop ed visits,3,2026-10-24,26,quantile,0.95,0.0125314564006
2026-10-03,wk inc flu prop ed visits,3,2026-10-24,26,quantile,0.975,0.0165689496564
2026-10-03,wk inc flu prop ed visits,3,2026-10-24,26,quantile,0.99,0.0231785947476
2026-10-03,wk inc flu prop ed visits,0,2026-10-03,27,quantile,0.01,0.000956639025802
2026-10-03,wk inc flu prop ed visits,0,2026-10-03,27,quantile,0.025,0.00116226490739
2026-10-03,wk inc flu prop ed visits,0,2026-10-03,27,quantile,0.05,0.00136650170525
2026-10-03,wk inc flu prop ed visits,0,2026-10-03,27,quantile,0.1,0.0016449955152
2026-10-03,wk inc flu prop ed visits,0,2026-10-03,27,quantile,0.15,0.00187815315444
2026-10-03,wk inc flu prop ed visits,0,2026-10-03,27,quantile,0.2,0.00207869275276
2026-10-03,wk inc flu prop ed visits,0,2026-10-03,27,quantile,0.25,0.00227375410658
2026-10-03,wk inc flu prop ed visits,0,2026-10-03,27,quantile,0.3,0.00246626108384
2026-10-03,wk inc flu prop ed visits,0,2026-10-03,27,quantile,0.35,0.00265291886418
2026-10-03,wk inc flu prop ed visits,0,2026-10-03,27,quantile,0.4,0.00283985738456
2026-10-03,wk inc flu prop ed visits,0,2026-10-03,27,quantile,0.45,0.00303357209453
2026-10-03,wk inc flu prop ed visits,0,2026-10-03,27,quantile,0.5,0.00324003465877
2026-10-03,wk inc flu prop ed visits,0,2026-10-03,27,quantile,0.55,0.00345772079554
2026-10-03,wk inc flu prop ed visits,0,2026-10-03,27,quantile,0.6,0.00368591655318
2026-10-03,wk inc flu prop ed visits,0,2026-10-03,27,quantile,0.65,0.00393266114398
2026-10-03,wk inc flu prop ed visits,0,2026-10-03,27,quantile,0.7,0.00420675240068
2026-10-03,wk inc flu prop ed visits,0,2026-10-03,27,quantile,0.75,0.0045213211071
2026-10-03,wk inc flu prop ed visits,0,2026-10-03,27,quantile,0.8,0.00493885410248
2026-10-03,wk inc flu prop ed visits,0,2026-10-03,27,quantile,0.85,0.00547478477766
2026-10-03,wk inc flu prop ed visits,0,2026-10-03,27,quantile,0.9,0.00623508181422
2026-10-03,wk inc flu prop ed visits,0,2026-10-03,27,quantile,0.95,0.007521979664
2026-10-03,wk inc flu prop ed visits,0,2026-10-03,27,quantile,0.975,0.00880247505054
2026-10-03,wk inc flu prop ed visits,0,2026-10-03,27,quantile,0.99,0.0106149383141
2026-10-03,wk inc flu prop ed visits,1,2026-10-10,27,quantile,0.01,0.000791632484647
2026-10-03,wk inc flu prop ed visits,1,2026-10-10,27,quantile,0.025,0.00101063958908
2026-10-03,wk inc flu prop ed visits,1,2026-10-10,27,quantile,0.05,0.00124782801883
2026-10-03,wk inc flu prop ed visits,1,2026-10-10,27,quantile,0.1,0.00159869646621
2026-10-03,wk inc flu prop ed visits,1,2026-10-10,27,quantile,0.15,0.0018772000462
2026-10-03,wk inc flu prop ed visits,1,2026-10-10,27,quantile,0.2,0.00213566001317
2026-10-03,wk inc flu prop ed visits,1,2026-10-10,27,quantile,0.25,0.00237311336364
2026-10-03,wk inc flu prop ed visits,1,2026-10-10,27,quantile,0.3,0.00261581803484
2026-10-03,wk inc flu prop ed visits,1,2026-10-10,27,quantile,0.35,0.00285636038335
2026-10-03,wk inc flu prop ed visits,1,2026-10-10,27,quantile,0.4,0.00310467121244
2026-10-03,wk inc flu prop ed visits,1,2026-10-10,27,quantile,0.45,0.00337118191403
2026-10-03,wk inc flu prop ed visits,1,2026-10-10,27,quantile,0.5,0.00367403591823
2026-10-03,wk inc flu prop ed visits,1,2026-10-10,27,quantile,0.55,0.00399502399362
2026-10-03,wk inc flu prop ed visits,1,2026-10-10,27,quantile,0.6,0.00432903392448
2026-10-03,wk inc flu prop ed visits,1,2026-10-10,27,quantile,0.65,0.00471736055194
2026-10-03,wk inc flu prop ed visits,1,2026-10-10,27,quantile,0.7,0.00515452516241
2026-10-03,wk inc flu prop ed visits,1,2026-10-10,27,quantile,0.75,0.00568400985826
2026-10-03,wk inc flu prop ed visits,1,2026-10-10,27,quantile,0.8,0.00636670622402
2026-10-03,wk inc flu prop ed visits,1,2026-10-10,27,quantile,0.85,0.00720031142801
2026-10-03,wk inc flu prop ed visits,1,2026-10-10,27,quantile,0.9,0.00837384748536
2026-10-03,wk inc flu prop ed visits,1,2026-10-10,27,quantile,0.95,0.0105969399327
2026-10-03,wk inc flu prop ed visits,1,2026-10-10,27,quantile,0.975,0.0130961057052
2026-10-03,wk inc flu prop ed visits,1,2026-10-10,27,quantile,0.99,0.0167202670666
2026-10-03,wk inc flu prop ed visits,2,2026-10-17,27,quantile,0.01,0.000686301457833
2026-10-03,wk inc flu prop ed visits,2,2026-10-17,27,quantile,0.025,0.000919982724914
2026-10-03,wk inc flu prop ed visits,2,2026-10-17,27,quantile,0.05,0.00118022525189
2026-10-03,wk inc flu prop ed visits,2,2026-10-17,27,quantile,0.1,0.00158198739079
2026-10-03,wk inc flu prop ed visits,2,2026-10-17,27,quantile,0.15,0.00191722355911
2026-10-03,wk inc flu prop ed visits,2,2026-10-17,27,quantile,0.2,0.00224158453861
2026-10-03,wk inc flu prop ed visits,2,2026-10-17,27,quantile,0.25,0.0025553920479
2026-10-03,wk inc flu prop ed visits,2,2026-10-17,27,quantile,0.3,0.00287463622417
2026-10-03,wk inc flu prop ed visits,2,2026-10-17,27,quantile,0.35,0.00320594091811
2026-10-03,wk inc flu prop ed visits,2,2026-10-17,27,quantile,0.4,0.00356014649733
2026-10-03,wk inc flu prop ed visits,2,2026-10-17,27,quantile,0.45,0.00393388944624
2026-10-03,wk inc flu prop ed visits,2,2026-10-17,27,quantile,0.5,0.00435547292835
2026-10-03,wk inc flu prop ed visits,2,2026-10-17,27,quantile,0.55,0.00479419202048
2026-10-03,wk inc flu prop ed visits,2,2026-10-17,27,quantile,0.6,0.00531918550076
2026-10-03,wk inc flu prop ed visits,2,2026-10-17,27,quantile,0.65,0.00590809733818
2026-10-03,wk inc flu prop ed visits,2,2026-10-17,27,quantile,0.7,0.00659200652454
2026-10-03,wk inc flu prop ed visits,2,2026-10-17,27,quantile,0.75,0.00742714551107
2026-10-03,wk inc flu prop ed visits,2,2026-10-17,27,quantile,0.8,0.00849247385569
2026-10-03,wk inc flu prop ed visits,2,2026-10-17,27,quantile,0.85,0.0099177031818
2026-10-03,wk inc flu prop ed visits,2,2026-10-17,27,quantile,0.9,0.0120738793436
2026-10-03,wk inc flu prop ed visits,2,2026-10-17,27,quantile,0.95,0.0160777636141
2026-10-03,wk inc flu prop ed visits,2,2026-10-17,27,quantile,0.975,0.0205278301942
2026-10-03,wk inc flu prop ed visits,2,2026-10-17,27,quantile,0.99,0.0271414451114
2026-10-03,wk inc flu prop ed visits,3,2026-10-24,27,quantile,0.01,0.000658904415004
2026-10-03,wk inc flu prop ed visits,3,2026-10-24,27,quantile,0.025,0.000911022251173
2026-10-03,wk inc flu prop ed visits,3,2026-10-24,27,quantile,0.05,0.00120481070257
2026-10-03,wk inc flu prop ed visits,3,2026-10-24,27,quantile,0.1,0.00166813309579
2026-10-03,wk inc flu prop ed visits,3,2026-10-24,27,quantile,0.15,0.00209310851819
2026-10-03,wk inc flu prop ed visits,3,2026-10-24,27,quantile,0.2,0.0024877652712
2026-10-03,wk inc flu prop ed visits,3,2026-10-24,27,quantile,0.25,0.00286257481391
2026-10-03,wk inc flu prop ed visits,3,2026-10-24,27,quantile,0.3,0.00325451971083
2026-10-03,wk inc flu prop ed visits,3,2026-10-24,27,quantile,0.35,0.00361717304553
2026-10-03,wk inc flu prop ed visits,3,2026-10-24,27,quantile,0.4,0.00404545558543
2026-10-03,wk inc flu prop ed visits,3,2026-10-24,27,quantile,0.45,0.00453853067759
2026-10-03,wk inc flu prop ed visits,3,2026-10-24,27,quantile,0.5,0.00507645333481
2026-10-03,wk inc flu prop ed visits,3,2026-10-24,27,quantile,0.55,0.00563255024253
2026-10-03,wk inc flu prop ed visits,3,2026-10-24,27,quantile,0.6,0.00629249512748
2026-10-03,wk inc flu prop ed visits,3,2026-10-24,27,quantile,0.65,0.00705627131596
2026-10-03,wk inc flu prop ed visits,3,2026-10-24,27,quantile,0.7,0.00794101258988
2026-10-03,wk inc flu prop ed visits,3,2026-10-24,27,quantile,0.75,0.00903162765029
2026-10-03,wk inc flu prop ed visits,3,2026-10-24,27,quantile,0.8,0.0104829399117
2026-10-03,wk inc flu prop ed visits,3,2026-10-24,27,quantile,0.85,0.0124580225373
2026-10-03,wk inc flu prop ed visits,3,2026-10-24,27,quantile,0.9,0.0155440381122
2026-10-03,wk inc flu prop ed visits,3,2026-10-24,27,quantile,0.95,0.0215510571169
2026-10-03,wk inc flu prop ed visits,3,2026-10-24,27,quantile,0.975,0.0285338468693
2026-10-03,wk inc flu prop ed visits,3,2026-10-24,27,quantile,0.99,0.0393909296043
2026-10-03,wk inc flu prop ed visits,0,2026-10-03,28,quantile,0.01,0.00205443895676
2026-10-03,wk inc flu prop ed visits,0,2026-10-03,28,quantile,0.025,0.00237997638323
2026-10-03,wk inc flu prop ed visits,0,2026-10-03,28,quantile,0.05,0.00268617275618
2026-10-03,wk inc flu prop ed visits,0,2026-10-03,28,quantile,0.1,0.00311584385053
2026-10-03,wk inc flu prop ed visits,0,2026-10-03,28,quantile,0.15,0.00344984240427
2026-10-03,wk inc flu prop ed visits,0,2026-10-03,28,quantile,0.2,0.00372750248559
2026-10-03,wk inc flu prop ed visits,0,2026-10-03,28,quantile,0.25,0.00398083908435
2026-10-03,wk inc flu prop ed visits,0,2026-10-03,28,quantile,0.3,0.00423672846343
2026-10-03,wk inc flu prop ed visits,0,2026-10-03,28,quantile,0.35,0.00447414176733
2026-10-03,wk inc flu prop ed visits,0,2026-10-03,28,quantile,0.4,0.00471659880489
2026-10-03,wk inc flu prop ed visits,0,2026-10-03,28,quantile,0.45,0.00495655779563
2026-10-03,wk inc flu prop ed visits,0,2026-10-03,28,quantile,0.5,0.00520014444351
2026-10-03,wk inc flu prop ed visits,0,2026-10-03,28,quantile,0.55,0.00546835818147
2026-10-03,wk inc flu prop ed visits,0,2026-10-03,28,quantile,0.6,0.00576000427594
2026-10-03,wk inc flu prop ed visits,0,2026-10-03,28,quantile,0.65,0.0060679222557
2026-10-03,wk inc flu prop ed visits,0,2026-10-03,28,quantile,0.7,0.00638541384309
2026-10-03,wk inc flu prop ed visits,0,2026-10-03,28,quantile,0.75,0.0067757722644
2026-10-03,wk inc flu prop ed visits,0,2026-10-03,28,quantile,0.8,0.00723752055644
2026-10-03,wk inc flu prop ed visits,0,2026-10-03,28,quantile,0.85,0.00779634371119
2026-10-03,wk inc flu prop ed visits,0,2026-10-03,28,quantile,0.9,0.00857503205084
2026-10-03,wk inc flu prop ed visits,0,2026-10-03,28,quantile,0.95,0.00984289393554
2026-10-03,wk inc flu prop ed visits,0,2026-10-03,28,quantile,0.975,0.01114974099
2026-10-03,wk inc flu prop ed visits,0,2026-10-03,28,quantile,0.99,0.0129031578191
2026-10-03,wk inc flu prop ed visits,1,2026-10-10,28,quantile,0.01,0.00167667544661
2026-10-03,wk inc flu prop ed visits,1,2026-10-10,28,quantile,0.025,0.00204906028761
2026-10-03,wk inc flu prop ed visits,1,2026-10-10,28,quantile,0.05,0.00242609225906
2026-10-03,wk inc flu prop ed visits,1,2026-10-10,28,quantile,0.1,0.00292945839017
2026-10-03,wk inc flu prop ed visits,1,2026-10-10,28,quantile,0.15,0.00334878833768
2026-10-03,wk inc flu prop ed visits,1,2026-10-10,28,quantile,0.2,0.00373380547812
2026-10-03,wk inc flu prop ed visits,1,2026-10-10,28,quantile,0.25,0.00409010464378
2026-10-03,wk inc flu prop ed visits,1,2026-10-10,28,quantile,0.3,0.004421455044
2026-10-03,wk inc flu prop ed visits,1,2026-10-10,28,quantile,0.35,0.00476386190431
2026-10-03,wk inc flu prop ed visits,1,2026-10-10,28,quantile,0.4,0.00510178894314
2026-10-03,wk inc flu prop ed visits,1,2026-10-10,28,quantile,0.45,0.00546692794803
2026-10-03,wk inc flu prop ed visits,1,2026-10-10,28,quantile,0.5,0.00585984315176
2026-10-03,wk inc flu prop ed visits,1,2026-10-10,28,quantile,0.55,0.0062705259253
2026-10-03,wk inc flu prop ed visits,1,2026-10-10,28,quantile,0.6,0.0067109163918
2026-10-03,wk inc flu prop ed visits,1,2026-10-10,28,quantile,0.65,0.00720246777773
2026-10-03,wk inc flu prop ed visits,1,2026-10-10,28,quantile,0.7,0.00775570024909
2026-10-03,wk inc flu prop ed visits,1,2026-10-10,28,quantile,0.75,0.00844897211873
2026-10-03,wk inc flu prop ed visits,1,2026-10-10,28,quantile,0.8,0.00924237680161
2026-10-03,wk inc flu prop ed visits,1,2026-10-10,28,quantile,0.85,0.010281363656
2026-10-03,wk inc flu prop ed visits,1,2026-10-10,28,quantile,0.9,0.0117358250997
2026-10-03,wk inc flu prop ed visits,1,2026-10-10,28,quantile,0.95,0.0141606503658
2026-10-03,wk inc flu prop ed visits,1,2026-10-10,28,quantile,0.975,0.0166131091813
2026-10-03,wk inc flu prop ed visits,1,2026-10-10,28,quantile,0.99,0.0201389917934
2026-10-03,wk inc flu prop ed visits,2,2026-10-17,28,quantile,0.01,0.00151252044263
2026-10-03,wk inc flu prop ed visits,2,2026-10-17,28,quantile,0.025,0.0019220966961
2026-10-03,wk inc flu prop ed visits,2,2026-10-17,28,quantile,0.05,0.00233911047275
2026-10-03,wk inc flu prop ed visits,2,2026-10-17,28,quantile,0.1,0.00295883616072
2026-10-03,wk inc flu prop ed visits,2,2026-10-17,28,quantile,0.15,0.00348431817341
2026-10-03,wk inc flu prop ed visits,2,2026-10-17,28,quantile,0.2,0.00396647607773
2026-10-03,wk inc flu prop ed visits,2,2026-10-17,28,quantile,0.25,0.00443878835876
2026-10-03,wk inc flu prop ed visits,2,2026-10-17,28,quantile,0.3,0.00491164054729
2026-10-03,wk inc flu prop ed visits,2,2026-10-17,28,quantile,0.35,0.00539488173181
2026-10-03,wk inc flu prop ed visits,2,2026-10-17,28,quantile,0.4,0.00587998963684
2026-10-03,wk inc flu prop ed visits,2,2026-10-17,28,quantile,0.45,0.00639762290747
2026-10-03,wk inc flu prop ed visits,2,2026-10-17,28,quantile,0.5,0.00695324854872
2026-10-03,wk inc flu prop ed visits,2,2026-10-17,28,quantile,0.55,0.00753540016501
2026-10-03,wk inc flu prop ed visits,2,2026-10-17,28,quantile,0.6,0.00816934512782
2026-10-03,wk inc flu prop ed visits,2,2026-10-17,28,quantile,0.65,0.00891498017579
2026-10-03,wk inc flu prop ed visits,2,2026-10-17,28,quantile,0.7,0.00976956461317
2026-10-03,wk inc flu prop ed visits,2,2026-10-17,28,quantile,0.75,0.010786655496
2026-10-03,wk inc flu prop ed visits,2,2026-10-17,28,quantile,0.8,0.0120362394422
2026-10-03,wk inc flu prop ed visits,2,2026-10-17,28,quantile,0.85,0.0137558626413
2026-10-03,wk inc flu prop ed visits,2,2026-10-17,28,quantile,0.9,0.0162418124655
2026-10-03,wk inc flu prop ed visits,2,2026-10-17,28,quantile,0.95,0.0208017440626
2026-10-03,wk inc flu prop ed visits,2,2026-10-17,28,quantile,0.975,0.0257283210338
2026-10-03,wk inc flu prop ed visits,2,2026-10-17,28,quantile,0.99,0.0327127975657
2026-10-03,wk inc flu prop ed visits,3,2026-10-24,28,quantile,0.01,0.00142531741763
2026-10-03,wk inc flu prop ed visits,3,2026-10-24,28,quantile,0.025,0.00186902746475
2026-10-03,wk inc flu prop ed visits,3,2026-10-24,28,quantile,0.05,0.00238853633446
2026-10-03,wk inc flu prop ed visits,3,2026-10-24,28,quantile,0.1,0.00312432258083
2026-10-03,wk inc flu prop ed visits,3,2026-10-24,28,quantile,0.15,0.00375935430039
2026-10-03,wk inc flu prop ed visits,3,2026-10-24,28,quantile,0.2,0.00432435678864
2026-10-03,wk inc flu prop ed visits,3,2026-10-24,28,quantile,0.25,0.00489660759129
2026-10-03,wk inc flu prop ed visits,3,2026-10-24,28,quantile,0.3,0.0054603953707
2026-10-03,wk inc flu prop ed visits,3,2026-10-24,28,quantile,0.35,0.00603337192634
2026-10-03,wk inc flu prop ed visits,3,2026-10-24,28,quantile,0.4,0.00661209942287
2026-10-03,wk inc flu prop ed visits,3,2026-10-24,28,quantile,0.45,0.00723022744385
2026-10-03,wk inc flu prop ed visits,3,2026-10-24,28,quantile,0.5,0.0078615575032
2026-10-03,wk inc flu prop ed visits,3,2026-10-24,28,quantile,0.55,0.0086477705751
2026-10-03,wk inc flu prop ed visits,3,2026-10-24,28,quantile,0.6,0.00952035471608
2026-10-03,wk inc flu prop ed visits,3,2026-10-24,28,quantile,0.65,0.0105114673816
2026-10-03,wk inc flu prop ed visits,3,2026-10-24,28,quantile,0.7,0.0117134089807
2026-10-03,wk inc flu prop ed visits,3,2026-10-24,28,quantile,0.75,0.0130746543401
2026-10-03,wk inc flu prop ed visits,3,2026-10-24,28,quantile,0.8,0.0148209294499
2026-10-03,wk inc flu prop ed visits,3,2026-10-24,28,quantile,0.85,0.0172096612535
2026-10-03,wk inc flu prop ed visits,3,2026-10-24,28,quantile,0.9,0.0208486262729
2026-10-03,wk inc flu prop ed visits,3,2026-10-24,28,quantile,0.95,0.0275329662501
2026-10-03,wk inc flu prop ed visits,3,2026-10-24,28,quantile,0.975,0.0351286050825
2026-10-03,wk inc flu prop ed visits,3,2026-10-24,28,quantile,0.99,0.046289947116
2026-10-03,wk inc flu prop ed visits,0,2026-10-03,29,quantile,0.01,0.000703358478041
2026-10-03,wk inc flu prop ed visits,0,2026-10-03,29,quantile,0.025,0.000840554755505
2026-10-03,wk inc flu prop ed visits,0,2026-10-03,29,quantile,0.05,0.000991542029522
2026-10-03,wk inc flu prop ed visits,0,2026-10-03,29,quantile,0.1,0.00118528049447
2026-10-03,wk inc flu prop ed visits,0,2026-10-03,29,quantile,0.15,0.00133961226567
2026-10-03,wk inc flu prop ed visits,0,2026-10-03,29,quantile,0.2,0.00148118502702
2026-10-03,wk inc flu prop ed visits,0,2026-10-03,29,quantile,0.25,0.00161450634619
2026-10-03,wk inc flu prop ed visits,0,2026-10-03,29,quantile,0.3,0.0017373339075
2026-10-03,wk inc flu prop ed visits,0,2026-10-03,29,quantile,0.35,0.00185879906536
2026-10-03,wk inc flu prop ed visits,0,2026-10-03,29,quantile,0.4,0.00197869434805
2026-10-03,wk inc flu prop ed visits,0,2026-10-03,29,quantile,0.45,0.00210387497593
2026-10-03,wk inc flu prop ed visits,0,2026-10-03,29,quantile,0.5,0.00223598208962
2026-10-03,wk inc flu prop ed visits,0,2026-10-03,29,quantile,0.55,0.00237015405545
2026-10-03,wk inc flu prop ed visits,0,2026-10-03,29,quantile,0.6,0.00251755886418
2026-10-03,wk inc flu prop ed visits,0,2026-10-03,29,quantile,0.65,0.00268660843885
2026-10-03,wk inc flu prop ed visits,0,2026-10-03,29,quantile,0.7,0.00286672138536
2026-10-03,wk inc flu prop ed visits,0,2026-10-03,29,quantile,0.75,0.0030819955391
2026-10-03,wk inc flu prop ed visits,0,2026-10-03,29,quantile,0.8,0.00333895400429
2026-10-03,wk inc flu prop ed visits,0,2026-10-03,29,quantile,0.85,0.00366776319027
2026-10-03,wk inc flu prop ed visits,0,2026-10-03,29,quantile,0.9,0.00414867042579
2026-10-03,wk inc flu prop ed visits,0,2026-10-03,29,quantile,0.95,0.00494206826492
2026-10-03,wk inc flu prop ed visits,0,2026-10-03,29,quantile,0.975,0.00572953154052
2026-10-03,wk inc flu prop ed visits,0,2026-10-03,29,quantile,0.99,0.00677905378328
2026-10-03,wk inc flu prop ed visits,1,2026-10-10,29,quantile,0.01,0.000598616427648
2026-10-03,wk inc flu prop ed visits,1,2026-10-10,29,quantile,0.025,0.000752347805479
2026-10-03,wk inc flu prop ed visits,1,2026-10-10,29,quantile,0.05,0.000919618771323
2026-10-03,wk inc flu prop ed visits,1,2026-10-10,29,quantile,0.1,0.00115567478277
2026-10-03,wk inc flu prop ed visits,1,2026-10-10,29,quantile,0.15,0.00134941694739
2026-10-03,wk inc flu prop ed visits,1,2026-10-10,29,quantile,0.2,0.00152976155258
2026-10-03,wk inc flu prop ed visits,1,2026-10-10,29,quantile,0.25,0.00169926869648
2026-10-03,wk inc flu prop ed visits,1,2026-10-10,29,quantile,0.3,0.00186419277799
2026-10-03,wk inc flu prop ed visits,1,2026-10-10,29,quantile,0.35,0.00203503925629
2026-10-03,wk inc flu prop ed visits,1,2026-10-10,29,quantile,0.4,0.00219998870369
2026-10-03,wk inc flu prop ed visits,1,2026-10-10,29,quantile,0.45,0.00238551350262
2026-10-03,wk inc flu prop ed visits,1,2026-10-10,29,quantile,0.5,0.00257815305909
2026-10-03,wk inc flu prop ed visits,1,2026-10-10,29,quantile,0.55,0.00278216456774
2026-10-03,wk inc flu prop ed visits,1,2026-10-10,29,quantile,0.6,0.00298506294628
2026-10-03,wk inc flu prop ed visits,1,2026-10-10,29,quantile,0.65,0.00323649297551
2026-10-03,wk inc flu prop ed visits,1,2026-10-10,29,quantile,0.7,0.00351301298951
2026-10-03,wk inc flu prop ed visits,1,2026-10-10,29,quantile,0.75,0.00384577084748
2026-10-03,wk inc flu prop ed visits,1,2026-10-10,29,quantile,0.8,0.00427601008439
2026-10-03,wk inc flu prop ed visits,1,2026-10-10,29,quantile,0.85,0.00482329933807
2026-10-03,wk inc flu prop ed visits,1,2026-10-10,29,quantile,0.9,0.00561564875018
2026-10-03,wk inc flu prop ed visits,1,2026-10-10,29,quantile,0.95,0.00700237398525
2026-10-03,wk inc flu prop ed visits,1,2026-10-10,29,quantile,0.975,0.00848393553968
2026-10-03,wk inc flu prop ed visits,1,2026-10-10,29,quantile,0.99,0.010542701853
2026-10-03,wk inc flu prop ed visits,2,2026-10-17,29,quantile,0.01,0.000506427003378
2026-10-03,wk inc flu prop ed visits,2,2026-10-17,29,quantile,0.025,0.000680539101006
2026-10-03,wk inc flu prop ed visits,2,2026-10-17,29,quantile,0.05,0.000870814315777
2026-10-03,wk inc flu prop ed visits,2,2026-10-17,29,quantile,0.1,0.00116767155708
2026-10-03,wk inc flu prop ed visits,2,2026-10-17,29,quantile,0.15,0.00141227380488
2026-10-03,wk inc flu prop ed visits,2,2026-10-17,29,quantile,0.2,0.00164238109363
2026-10-03,wk inc flu prop ed visits,2,2026-10-17,29,quantile,0.25,0.00186941907919
2026-10-03,wk inc flu prop ed visits,2,2026-10-17,29,quantile,0.3,0.00209293138678
2026-10-03,wk inc flu prop ed visits,2,2026-10-17,29,quantile,0.35,0.00232261113482
2026-10-03,wk inc flu prop ed visits,2,2026-10-17,29,quantile,0.4,0.00257223554333
2026-10-03,wk inc flu prop ed visits,2,2026-10-17,29,quantile,0.45,0.00284903394254
2026-10-03,wk inc flu prop ed visits,2,2026-10-17,29,quantile,0.5,0.00311580025588
2026-10-03,wk inc flu prop ed visits,2,2026-10-17,29,quantile,0.55,0.00342293029409
2026-10-03,wk inc flu prop ed visits,2,2026-10-17,29,quantile,0.6,0.00376055211457
2026-10-03,wk inc flu prop ed visits,2,2026-10-17,29,quantile,0.65,0.00414945859432
2026-10-03,wk inc flu prop ed visits,2,2026-10-17,29,quantile,0.7,0.00460772391113
2026-10-03,wk inc flu prop ed visits,2,2026-10-17,29,quantile,0.75,0.00516407147132
2026-10-03,wk inc flu prop ed visits,2,2026-10-17,29,quantile,0.8,0.00586890280888
2026-10-03,wk inc flu prop ed visits,2,2026-10-17,29,quantile,0.85,0.00677931451137
2026-10-03,wk inc flu prop ed visits,2,2026-10-17,29,quantile,0.9,0.00814375998091
2026-10-03,wk inc flu prop ed visits,2,2026-10-17,29,quantile,0.95,0.0107910982809
2026-10-03,wk inc flu prop ed visits,2,2026-10-17,29,quantile,0.975,0.0136768443985
2026-10-03,wk inc flu prop ed visits,2,2026-10-17,29,quantile,0.99,0.0180209299212
2026-10-03,wk inc flu prop ed visits,3,2026-10-24,29,quantile,0.01,0.000464851678956
2026-10-03,wk inc flu prop ed visits,3,2026-10-24,29,quantile,0.025,0.000647548263561
2026-10-03,wk inc flu prop ed visits,3,2026-10-24,29,quantile,0.05,0.000860327815522
2026-10-03,wk inc flu prop ed visits,3,2026-10-24,29,quantile,0.1,0.00120215009279
2026-10-03,wk inc flu prop ed visits,3,2026-10-24,29,quantile,0.15,0.00149068211618
2026-10-03,wk inc flu prop ed visits,3,2026-10-24,29,quantile,0.2,0.00175724944897
2026-10-03,wk inc flu prop ed visits,3,2026-10-24,29,quantile,0.25,0.00204205747122
2026-10-03,wk inc flu prop ed visits,3,2026-10-24,29,quantile,0.3,0.00233688408316
2026-10-03,wk inc flu prop ed visits,3,2026-10-24,29,quantile,0.35,0.00264787101628
2026-10-03,wk inc flu prop ed visits,3,2026-10-24,29,quantile,0.4,0.00296361128193
2026-10-03,wk inc flu prop ed visits,3,2026-10-24,29,quantile,0.45,0.00327086942128
2026-10-03,wk inc flu prop ed visits,3,2026-10-24,29,quantile,0.5,0.00360134872006
2026-10-03,wk inc flu prop ed visits,3,2026-10-24,29,quantile,0.55,0.0039834083199
2026-10-03,wk inc flu prop ed visits,3,2026-10-24,29,quantile,0.6,0.00443148124827
2026-10-03,wk inc flu prop ed visits,3,2026-10-24,29,quantile,0.65,0.00492374238458
2026-10-03,wk inc flu prop ed visits,3,2026-10-24,29,quantile,0.7,0.00551348827293
2026-10-03,wk inc flu prop ed visits,3,2026-10-24,29,quantile,0.75,0.00631169899678
2026-10-03,wk inc flu prop ed visits,3,2026-10-24,29,quantile,0.8,0.00734018569628
2026-10-03,wk inc flu prop ed visits,3,2026-10-24,29,quantile,0.85,0.00868606380194
2026-10-03,wk inc flu prop ed visits,3,2026-10-24,29,quantile,0.9,0.010717441952
2026-10-03,wk inc flu prop ed visits,3,2026-10-24,29,quantile,0.95,0.0147392611856
2026-10-03,wk inc flu prop ed visits,3,2026-10-24,29,quantile,0.975,0.019410975432
2026-10-03,wk inc flu prop ed visits,3,2026-10-24,29,quantile,0.99,0.0267328218159
2026-10-03,wk inc flu prop ed visits,0,2026-10-03,30,quantile,0.01,0.000748073611717
2026-10-03,wk inc flu prop ed visits,0,2026-10-03,30,quantile,0.025,0.00091690555713
2026-10-03,wk inc flu prop ed visits,0,2026-10-03,30,quantile,0.05,0.00109467695113
2026-10-03,wk inc flu prop ed visits,0,2026-10-03,30,quantile,0.1,0.00133846706713
2026-10-03,wk inc flu prop ed visits,0,2026-10-03,30,quantile,0.15,0.00152948079954
2026-10-03,wk inc flu prop ed visits,0,2026-10-03,30,quantile,0.2,0.00170146076474
2026-10-03,wk inc flu prop ed visits,0,2026-10-03,30,quantile,0.25,0.00186181857228
2026-10-03,wk inc flu prop ed visits,0,2026-10-03,30,quantile,0.3,0.0020166346471
2026-10-03,wk inc flu prop ed visits,0,2026-10-03,30,quantile,0.35,0.00217395471616
2026-10-03,wk inc flu prop ed visits,0,2026-10-03,30,quantile,0.4,0.00233624948725
2026-10-03,wk inc flu prop ed visits,0,2026-10-03,30,quantile,0.45,0.00249922522124
2026-10-03,wk inc flu prop ed visits,0,2026-10-03,30,quantile,0.5,0.00266763042007
2026-10-03,wk inc flu prop ed visits,0,2026-10-03,30,quantile,0.55,0.00285474481179
2026-10-03,wk inc flu prop ed visits,0,2026-10-03,30,quantile,0.6,0.00307088116219
2026-10-03,wk inc flu prop ed visits,0,2026-10-03,30,quantile,0.65,0.00330071145273
2026-10-03,wk inc flu prop ed visits,0,2026-10-03,30,quantile,0.7,0.00354620079234
2026-10-03,wk inc flu prop ed visits,0,2026-10-03,30,quantile,0.75,0.00385077635781
2026-10-03,wk inc flu prop ed visits,0,2026-10-03,30,quantile,0.8,0.00422092303617
2026-10-03,wk inc flu prop ed visits,0,2026-10-03,30,quantile,0.85,0.00470473183366
2026-10-03,wk inc flu prop ed visits,0,2026-10-03,30,quantile,0.9,0.00536749567165
2026-10-03,wk inc flu prop ed visits,0,2026-10-03,30,quantile,0.95,0.00653837193756
2026-10-03,wk inc flu prop ed visits,0,2026-10-03,30,quantile,0.975,0.00776388549905
2026-10-03,wk inc flu prop ed visits,0,2026-10-03,30,quantile,0.99,0.00949364108205
2026-10-03,wk inc flu prop ed visits,1,2026-10-10,30,quantile,0.01,0.000638499713351
2026-10-03,wk inc flu prop ed visits,1,2026-10-10,30,quantile,0.025,0.000819084532
2026-10-03,wk inc flu prop ed visits,1,2026-10-10,30,quantile,0.05,0.00101647419191
2026-10-03,wk inc flu prop ed visits,1,2026-10-10,30,quantile,0.1,0.00130459122188
2026-10-03,wk inc flu prop ed visits,1,2026-10-10,30,quantile,0.15,0.00153986059006
2026-10-03,wk inc flu prop ed visits,1,2026-10-10,30,quantile,0.2,0.00175373033952
2026-10-03,wk inc flu prop ed visits,1,2026-10-10,30,quantile,0.25,0.00196040624823
2026-10-03,wk inc flu prop ed visits,1,2026-10-10,30,quantile,0.3,0.00216339104883
2026-10-03,wk inc flu prop ed visits,1,2026-10-10,30,quantile,0.35,0.00236804334127
2026-10-03,wk inc flu prop ed visits,1,2026-10-10,30,quantile,0.4,0.0025821998111
2026-10-03,wk inc flu prop ed visits,1,2026-10-10,30,quantile,0.45,0.00281118524249
2026-10-03,wk inc flu prop ed visits,1,2026-10-10,30,quantile,0.5,0.003054618736
2026-10-03,wk inc flu prop ed visits,1,2026-10-10,30,quantile,0.55,0.00332315346173
2026-10-03,wk inc flu prop ed visits,1,2026-10-10,30,quantile,0.6,0.0036169598821
2026-10-03,wk inc flu prop ed visits,1,2026-10-10,30,quantile,0.65,0.00395133272855
2026-10-03,wk inc flu prop ed visits,1,2026-10-10,30,quantile,0.7,0.00433652717701
2026-10-03,wk inc flu prop ed visits,1,2026-10-10,30,quantile,0.75,0.00480551073246
2026-10-03,wk inc flu prop ed visits,1,2026-10-10,30,quantile,0.8,0.00536568249809
2026-10-03,wk inc flu prop ed visits,1,2026-10-10,30,quantile,0.85,0.00611272272623
2026-10-03,wk inc flu prop ed visits,1,2026-10-10,30,quantile,0.9,0.00724848091167
2026-10-03,wk inc flu prop ed visits,1,2026-10-10,30,quantile,0.95,0.00918622770259
2026-10-03,wk inc flu prop ed visits,1,2026-10-10,30,quantile,0.975,0.0113318547755
2026-10-03,wk inc flu prop ed visits,1,2026-10-10,30,quantile,0.99,0.014330102386
2026-10-03,wk inc flu prop ed visits,2,2026-10-17,30,quantile,0.01,0.000524493130544
2026-10-03,wk inc flu prop ed visits,2,2026-10-17,30,quantile,0.025,0.000714193678645
2026-10-03,wk inc flu prop ed visits,2,2026-10-17,30,quantile,0.05,0.000937544966441
2026-10-03,wk inc flu prop ed visits,2,2026-10-17,30,quantile,0.1,0.00128425641928
2026-10-03,wk inc flu prop ed visits,2,2026-10-17,30,quantile,0.15,0.0015755811744
2026-10-03,wk inc flu prop ed visits,2,2026-10-17,30,quantile,0.2,0.00186034366572
2026-10-03,wk inc flu prop ed visits,2,2026-10-17,30,quantile,0.25,0.00214797357593
2026-10-03,wk inc flu prop ed visits,2,2026-10-17,30,quantile,0.3,0.00241556807598
2026-10-03,wk inc flu prop ed visits,2,2026-10-17,30,quantile,0.35,0.00270848278839
2026-10-03,wk inc flu prop ed visits,2,2026-10-17,30,quantile,0.4,0.00300216152836
2026-10-03,wk inc flu prop ed visits,2,2026-10-17,30,quantile,0.45,0.00333036147627
2026-10-03,wk inc flu prop ed visits,2,2026-10-17,30,quantile,0.5,0.00369553035795
2026-10-03,wk inc flu prop ed visits,2,2026-10-17,30,quantile,0.55,0.00408710669731
2026-10-03,wk inc flu prop ed visits,2,2026-10-17,30,quantile,0.6,0.00456372269429
2026-10-03,wk inc flu prop ed visits,2,2026-10-17,30,quantile,0.65,0.0051127777276
2026-10-03,wk inc flu prop ed visits,2,2026-10-17,30,quantile,0.7,0.00575698234946
2026-10-03,wk inc flu prop ed visits,2,2026-10-17,30,quantile,0.75,0.00652487223823
2026-10-03,wk inc flu prop ed visits,2,2026-10-17,30,quantile,0.8,0.00750032930904
2026-10-03,wk inc flu prop ed visits,2,2026-10-17,30,quantile,0.85,0.00885062033006
2026-10-03,wk inc flu prop ed visits,2,2026-10-17,30,quantile,0.9,0.0109320833826
2026-10-03,wk inc flu prop ed visits,2,2026-10-17,30,quantile,0.95,0.0147397857513
2026-10-03,wk inc flu prop ed visits,2,2026-10-17,30,quantile,0.975,0.0192911479454
2026-10-03,wk inc flu prop ed visits,2,2026-10-17,30,quantile,0.99,0.026326515075
2026-10-03,wk inc flu prop ed visits,3,2026-10-24,30,quantile,0.01,0.000498297113306
2026-10-03,wk inc flu prop ed visits,3,2026-10-24,30,quantile,0.025,0.000696584183334
2026-10-03,wk inc flu prop ed visits,3,2026-10-24,30,quantile,0.05,0.000928295135028
2026-10-03,wk inc flu prop ed visits,3,2026-10-24,30,quantile,0.1,0.0013083851938
2026-10-03,wk inc flu prop ed visits,3,2026-10-24,30,quantile,0.15,0.00164854413022
2026-10-03,wk inc flu prop ed visits,3,2026-10-24,30,quantile,0.2,0.00198459303881
2026-10-03,wk inc flu prop ed visits,3,2026-10-24,30,quantile,0.25,0.00231988188569
2026-10-03,wk inc flu prop ed visits,3,2026-10-24,30,quantile,0.3,0.00265538227851
2026-10-03,wk inc flu prop ed visits,3,2026-10-24,30,quantile,0.35,0.00301922711084
2026-10-03,wk inc flu prop ed visits,3,2026-10-24,30,quantile,0.4,0.00340389518907
2026-10-03,wk inc flu prop ed visits,3,2026-10-24,30,quantile,0.45,0.00382118859475
2026-10-03,wk inc flu prop ed visits,3,2026-10-24,30,quantile,0.5,0.00429520203363
2026-10-03,wk inc flu prop ed visits,3,2026-10-24,30,quantile,0.55,0.00485209234022
2026-10-03,wk inc flu prop ed visits,3,2026-10-24,30,quantile,0.6,0.00545196577794
2026-10-03,wk inc flu prop ed visits,3,2026-10-24,30,quantile,0.65,0.00617923134741
2026-10-03,wk inc flu prop ed visits,3,2026-10-24,30,quantile,0.7,0.00699558298279
2026-10-03,wk inc flu prop ed visits,3,2026-10-24,30,quantile,0.75,0.00799502112782
2026-10-03,wk inc flu prop ed visits,3,2026-10-24,30,quantile,0.8,0.00930478288949
2026-10-03,wk inc flu prop ed visits,3,2026-10-24,30,quantile,0.85,0.0111957085883
2026-10-03,wk inc flu prop ed visits,3,2026-10-24,30,quantile,0.9,0.0140674116539
2026-10-03,wk inc flu prop ed visits,3,2026-10-24,30,quantile,0.95,0.0198337247711
2026-10-03,wk inc flu prop ed visits,3,2026-10-24,30,quantile,0.975,0.0261939256138
2026-10-03,wk inc flu prop ed visits,3,2026-10-24,30,quantile,0.99,0.0364178339266
2026-10-03,wk inc flu prop ed visits,0,2026-10-03,31,quantile,0.01,0.00016506526207
2026-10-03,wk inc flu prop ed visits,0,2026-10-03,31,quantile,0.025,0.000217337798794
2026-10-03,wk inc flu prop ed visits,0,2026-10-03,31,quantile,0.05,0.000275363638928
2026-10-03,wk inc flu prop ed visits,0,2026-10-03,31,quantile,0.1,0.000364202179802
2026-10-03,wk inc flu prop ed visits,0,2026-10-03,31,quantile,0.15,0.000439944051193
2026-10-03,wk inc flu prop ed visits,0,2026-10-03,31,quantile,0.2,0.000511404978059
2026-10-03,wk inc flu prop ed visits,0,2026-10-03,31,quantile,0.25,0.00057900555295
2026-10-03,wk inc flu prop ed visits,0,2026-10-03,31,quantile,0.3,0.000648926003764
2026-10-03,wk inc flu prop ed visits,0,2026-10-03,31,quantile,0.35,0.00071742419246
2026-10-03,wk inc flu prop ed visits,0,2026-10-03,31,quantile,0.4,0.000796642247309
2026-10-03,wk inc flu prop ed visits,0,2026-10-03,31,quantile,0.45,0.00087894377676
2026-10-03,wk inc flu prop ed visits,0,2026-10-03,31,quantile,0.5,0.000964185795304
2026-10-03,wk inc flu prop ed visits,0,2026-10-03,31,quantile,0.55,0.00105806787612
2026-10-03,wk inc flu prop ed visits,0,2026-10-03,31,quantile,0.6,0.00115804215551
2026-10-03,wk inc flu prop ed visits,0,2026-10-03,31,quantile,0.65,0.00127776195716
2026-10-03,wk inc flu prop ed visits,0,2026-10-03,31,quantile,0.7,0.00142260276327
2026-10-03,wk inc flu prop ed visits,0,2026-10-03,31,quantile,0.75,0.00159394257662
2026-10-03,wk inc flu prop ed visits,0,2026-10-03,31,quantile,0.8,0.00183220146289
2026-10-03,wk inc flu prop ed visits,0,2026-10-03,31,quantile,0.85,0.00212646156066
2026-10-03,wk inc flu prop ed visits,0,2026-10-03,31,quantile,0.9,0.00254635581453
2026-10-03,wk inc flu prop ed visits,0,2026-10-03,31,quantile,0.95,0.00335697970576
2026-10-03,wk inc flu prop ed visits,0,2026-10-03,31,quantile,0.975,0.00429835878527
2026-10-03,wk inc flu prop ed visits,0,2026-10-03,31,quantile,0.99,0.00563872049121
2026-10-03,wk inc flu prop ed visits,1,2026-10-10,31,quantile,0.01,0.000137885552897
2026-10-03,wk inc flu prop ed visits,1,2026-10-10,31,quantile,0.025,0.00019113282259
2026-10-03,wk inc flu prop ed visits,1,2026-10-10,31,quantile,0.05,0.00025490360976
2026-10-03,wk inc flu prop ed visits,1,2026-10-10,31,quantile,0.1,0.000354194820413
2026-10-03,wk inc flu prop ed visits,1,2026-10-10,31,quantile,0.15,0.0004375904247
2026-10-03,wk inc flu prop ed visits,1,2026-10-10,31,quantile,0.2,0.000522678633467
2026-10-03,wk inc flu prop ed visits,1,2026-10-10,31,quantile,0.25,0.000603762481683
2026-10-03,wk inc flu prop ed visits,1,2026-10-10,31,quantile,0.3,0.000690391758981
2026-10-03,wk inc flu prop ed visits,1,2026-10-10,31,quantile,0.35,0.000786510108612
2026-10-03,wk inc flu prop ed visits,1,2026-10-10,31,quantile,0.4,0.000887645828304
2026-10-03,wk inc flu prop ed visits,1,2026-10-10,31,quantile,0.45,0.00099450345263
2026-10-03,wk inc flu prop ed visits,1,2026-10-10,31,quantile,0.5,0.00111519113832
2026-10-03,wk inc flu prop ed visits,1,2026-10-10,31,quantile,0.55,0.00123974916215
2026-10-03,wk inc flu prop ed visits,1,2026-10-10,31,quantile,0.6,0.00138235741577
2026-10-03,wk inc flu prop ed visits,1,2026-10-10,31,quantile,0.65,0.00154570990727
2026-10-03,wk inc flu prop ed visits,1,2026-10-10,31,quantile,0.7,0.00174617810582
2026-10-03,wk inc flu prop ed visits,1,2026-10-10,31,quantile,0.75,0.00201024941526
2026-10-03,wk inc flu prop ed visits,1,2026-10-10,31,quantile,0.8,0.00234459618752
2026-10-03,wk inc flu prop ed visits,1,2026-10-10,31,quantile,0.85,0.0027680849655
2026-10-03,wk inc flu prop ed visits,1,2026-10-10,31,quantile,0.9,0.00339753749629
2026-10-03,wk inc flu prop ed visits,1,2026-10-10,31,quantile,0.95,0.00467761318462
2026-10-03,wk inc flu prop ed visits,1,2026-10-10,31,quantile,0.975,0.00621727898904
2026-10-03,wk inc flu prop ed visits,1,2026-10-10,31,quantile,0.99,0.00848076170051
2026-10-03,wk inc flu prop ed visits,2,2026-10-17,31,quantile,0.01,0.000134089239821
2026-10-03,wk inc flu prop ed visits,2,2026-10-17,31,quantile,0.025,0.000191540192873
2026-10-03,wk inc flu prop ed visits,2,2026-10-17,31,quantile,0.05,0.000260224390922
2026-10-03,wk inc flu prop ed visits,2,2026-10-17,31,quantile,0.1,0.000373348454493
2026-10-03,wk inc flu prop ed visits,2,2026-10-17,31,quantile,0.15,0.00047429634067
2026-10-03,wk inc flu prop ed visits,2,2026-10-17,31,quantile,0.2,0.000574924391152
2026-10-03,wk inc flu prop ed visits,2,2026-10-17,31,quantile,0.25,0.00068495470733
2026-10-03,wk inc flu prop ed visits,2,2026-10-17,31,quantile,0.3,0.000801543624381
2026-10-03,wk inc flu prop ed visits,2,2026-10-17,31,quantile,0.35,0.000921762972428
2026-10-03,wk inc flu prop ed visits,2,2026-10-17,31,quantile,0.4,0.00104918244729
2026-10-03,wk inc flu prop ed visits,2,2026-10-17,31,quantile,0.45,0.00118355294839
2026-10-03,wk inc flu prop ed visits,2,2026-10-17,31,quantile,0.5,0.00133710245882
2026-10-03,wk inc flu prop ed visits,2,2026-10-17,31,quantile,0.55,0.00152099390953
2026-10-03,wk inc flu prop ed visits,2,2026-10-17,31,quantile,0.6,0.00173319667356
2026-10-03,wk inc flu prop ed visits,2,2026-10-17,31,quantile,0.65,0.0019650675325
2026-10-03,wk inc flu prop ed visits,2,2026-10-17,31,quantile,0.7,0.00225065926652
2026-10-03,wk inc flu prop ed visits,2,2026-10-17,31,quantile,0.75,0.00260822573299
2026-10-03,wk inc flu prop ed visits,2,2026-10-17,31,quantile,0.8,0.00308203158532
2026-10-03,wk inc flu prop ed visits,2,2026-10-17,31,quantile,0.85,0.00377806957127
2026-10-03,wk inc flu prop ed visits,2,2026-10-17,31,quantile,0.9,0.00483672498849
2026-10-03,wk inc flu prop ed visits,2,2026-10-17,31,quantile,0.95,0.00693065348291
2026-10-03,wk inc flu prop ed visits,2,2026-10-17,31,quantile,0.975,0.00953301957079
2026-10-03,wk inc flu prop ed visits,2,2026-10-17,31,quantile,0.99,0.0137476828082
2026-10-03,wk inc flu prop ed visits,3,2026-10-24,31,quantile,0.01,0.000133744395024
2026-10-03,wk inc flu prop ed visits,3,2026-10-24,31,quantile,0.025,0.000198077527525
2026-10-03,wk inc flu prop ed visits,3,2026-10-24,31,quantile,0.05,0.000272326148586
2026-10-03,wk inc flu prop ed visits,3,2026-10-24,31,quantile,0.1,0.000395989363555
2026-10-03,wk inc flu prop ed visits,3,2026-10-24,31,quantile,0.15,0.00050878075535
2026-10-03,wk inc flu prop ed visits,3,2026-10-24,31,quantile,0.2,0.000633908624795
2026-10-03,wk inc flu prop ed visits,3,2026-10-24,31,quantile,0.25,0.000761711768695
2026-10-03,wk inc flu prop ed visits,3,2026-10-24,31,quantile,0.3,0.000901207343351
2026-10-03,wk inc flu prop ed visits,3,2026-10-24,31,quantile,0.35,0.00104435753121
2026-10-03,wk inc flu prop ed visits,3,2026-10-24,31,quantile,0.4,0.00120646048316
2026-10-03,wk inc flu prop ed visits,3,2026-10-24,31,quantile,0.45,0.00138279302066
2026-10-03,wk inc flu prop ed visits,3,2026-10-24,31,quantile,0.5,0.00158894068806
2026-10-03,wk inc flu prop ed visits,3,2026-10-24,31,quantile,0.55,0.00182218344102
2026-10-03,wk inc flu prop ed visits,3,2026-10-24,31,quantile,0.6,0.00207543841706
2026-10-03,wk inc flu prop ed visits,3,2026-10-24,31,quantile,0.65,0.00238816455227
2026-10-03,wk inc flu prop ed visits,3,2026-10-24,31,quantile,0.7,0.00278933535205
2026-10-03,wk inc flu prop ed visits,3,2026-10-24,31,quantile,0.75,0.00330145211606
2026-10-03,wk inc flu prop ed visits,3,2026-10-24,31,quantile,0.8,0.00395531442777
2026-10-03,wk inc flu prop ed visits,3,2026-10-24,31,quantile,0.85,0.00485946537852
2026-10-03,wk inc flu prop ed visits,3,2026-10-24,31,quantile,0.9,0.00626049428228
2026-10-03,wk inc flu prop ed visits,3,2026-10-24,31,quantile,0.95,0.00925378742394
2026-10-03,wk inc flu prop ed visits,3,2026-10-24,31,quantile,0.975,0.0127217002655
2026-10-03,wk inc flu prop ed visits,3,2026-10-24,31,quantile,0.99,0.0185118480028
2026-10-03,wk inc flu prop ed visits,0,2026-10-03,32,quantile,0.01,0.00219587840856
2026-10-03,wk inc flu prop ed visits,0,2026-10-03,32,quantile,0.025,0.00253824461908
2026-10-03,wk inc flu prop ed visits,0,2026-10-03,32,quantile,0.05,0.00286962671601
2026-10-03,wk inc flu prop ed visits,0,2026-10-03,32,quantile,0.1,0.00332953369896
2026-10-03,wk inc flu prop ed visits,0,2026-10-03,32,quantile,0.15,0.00369375484087
2026-10-03,wk inc flu prop ed visits,0,2026-10-03,32,quantile,0.2,0.00399685426597
2026-10-03,wk inc flu prop ed visits,0,2026-10-03,32,quantile,0.25,0.00427153573855
2026-10-03,wk inc flu prop ed visits,0,2026-10-03,32,quantile,0.3,0.00453362874978
2026-10-03,wk inc flu prop ed visits,0,2026-10-03,32,quantile,0.35,0.00478300158293
2026-10-03,wk inc flu prop ed visits,0,2026-10-03,32,quantile,0.4,0.0050333899936
2026-10-03,wk inc flu prop ed visits,0,2026-10-03,32,quantile,0.45,0.00529496302723
2026-10-03,wk inc flu prop ed visits,0,2026-10-03,32,quantile,0.5,0.00556850453148
2026-10-03,wk inc flu prop ed visits,0,2026-10-03,32,quantile,0.55,0.00585304703996
2026-10-03,wk inc flu prop ed visits,0,2026-10-03,32,quantile,0.6,0.00614497869638
2026-10-03,wk inc flu prop ed visits,0,2026-10-03,32,quantile,0.65,0.00648214284408
2026-10-03,wk inc flu prop ed visits,0,2026-10-03,32,quantile,0.7,0.00686576811939
2026-10-03,wk inc flu prop ed visits,0,2026-10-03,32,quantile,0.75,0.00728034055546
2026-10-03,wk inc flu prop ed visits,0,2026-10-03,32,quantile,0.8,0.00777002334857
2026-10-03,wk inc flu prop ed visits,0,2026-10-03,32,quantile,0.85,0.00836440298796
2026-10-03,wk inc flu prop ed visits,0,2026-10-03,32,quantile,0.9,0.00911296524304
2026-10-03,wk inc flu prop ed visits,0,2026-10-03,32,quantile,0.95,0.0104520640949
2026-10-03,wk inc flu prop ed visits,0,2026-10-03,32,quantile,0.975,0.0117958566597
2026-10-03,wk inc flu prop ed visits,0,2026-10-03,32,quantile,0.99,0.0135529363149
2026-10-03,wk inc flu prop ed visits,1,2026-10-10,32,quantile,0.01,0.00188104169904
2026-10-03,wk inc flu prop ed visits,1,2026-10-10,32,quantile,0.025,0.00228834231412
2026-10-03,wk inc flu prop ed visits,1,2026-10-10,32,quantile,0.05,0.00270884841315
2026-10-03,wk inc flu prop ed visits,1,2026-10-10,32,quantile,0.1,0.00324254670657
2026-10-03,wk inc flu prop ed visits,1,2026-10-10,32,quantile,0.15,0.00368917954605
2026-10-03,wk inc flu prop ed visits,1,2026-10-10,32,quantile,0.2,0.00407746925052
2026-10-03,wk inc flu prop ed visits,1,2026-10-10,32,quantile,0.25,0.00443353346474
2026-10-03,wk inc flu prop ed visits,1,2026-10-10,32,quantile,0.3,0.00479219013936
2026-10-03,wk inc flu prop ed visits,1,2026-10-10,32,quantile,0.35,0.0051270974613
2026-10-03,wk inc flu prop ed visits,1,2026-10-10,32,quantile,0.4,0.00549436625739
2026-10-03,wk inc flu prop ed visits,1,2026-10-10,32,quantile,0.45,0.00589258116198
2026-10-03,wk inc flu prop ed visits,1,2026-10-10,32,quantile,0.5,0.00629649537333
2026-10-03,wk inc flu prop ed visits,1,2026-10-10,32,quantile,0.55,0.00669261215007
2026-10-03,wk inc flu prop ed visits,1,2026-10-10,32,quantile,0.6,0.00713955800552
2026-10-03,wk inc flu prop ed visits,1,2026-10-10,32,quantile,0.65,0.00761960824989
2026-10-03,wk inc flu prop ed visits,1,2026-10-10,32,quantile,0.7,0.00817401210848
2026-10-03,wk inc flu prop ed visits,1,2026-10-10,32,quantile,0.75,0.00882743242608
2026-10-03,wk inc flu prop ed visits,1,2026-10-10,32,quantile,0.8,0.00960650117602
2026-10-03,wk inc flu prop ed visits,1,2026-10-10,32,quantile,0.85,0.0106299947556
2026-10-03,wk inc flu prop ed visits,1,2026-10-10,32,quantile,0.9,0.0120647044443
2026-10-03,wk inc flu prop ed visits,1,2026-10-10,32,quantile,0.95,0.0144565748545
2026-10-03,wk inc flu prop ed visits,1,2026-10-10,32,quantile,0.975,0.0168818268052
2026-10-03,wk inc flu prop ed visits,1,2026-10-10,32,quantile,0.99,0.0203289578989
2026-10-03,wk inc flu prop ed visits,2,2026-10-17,32,quantile,0.01,0.00175503966887
2026-10-03,wk inc flu prop ed visits,2,2026-10-17,32,quantile,0.025,0.00219042165146
2026-10-03,wk inc flu prop ed visits,2,2026-10-17,32,quantile,0.05,0.00265111572964
2026-10-03,wk inc flu prop ed visits,2,2026-10-17,32,quantile,0.1,0.00332352411188
2026-10-03,wk inc flu prop ed visits,2,2026-10-17,32,quantile,0.15,0.00386979192645
2026-10-03,wk inc flu prop ed visits,2,2026-10-17,32,quantile,0.2,0.00437266415905
2026-10-03,wk inc flu prop ed visits,2,2026-10-17,32,quantile,0.25,0.00485397358659
2026-10-03,wk inc flu prop ed visits,2,2026-10-17,32,quantile,0.3,0.00533121585373
2026-10-03,wk inc flu prop ed visits,2,2026-10-17,32,quantile,0.35,0.0058144373993
2026-10-03,wk inc flu prop ed visits,2,2026-10-17,32,quantile,0.4,0.00630033512303
2026-10-03,wk inc flu prop ed visits,2,2026-10-17,32,quantile,0.45,0.00682061769116
2026-10-03,wk inc flu prop ed visits,2,2026-10-17,32,quantile,0.5,0.00734094339448
2026-10-03,wk inc flu prop ed visits,2,2026-10-17,32,quantile,0.55,0.0078973089471
2026-10-03,wk inc flu prop ed visits,2,2026-10-17,32,quantile,0.6,0.00858409201143
2026-10-03,wk inc flu prop ed visits,2,2026-10-17,32,quantile,0.65,0.00936130937806
2026-10-03,wk inc flu prop ed visits,2,2026-10-17,32,quantile,0.7,0.0102137846189
2026-10-03,wk inc flu prop ed visits,2,2026-10-17,32,quantile,0.75,0.0112088461524
2026-10-03,wk inc flu prop ed visits,2,2026-10-17,32,quantile,0.8,0.0124421081137
2026-10-03,wk inc flu prop ed visits,2,2026-10-17,32,quantile,0.85,0.0140225541121
2026-10-03,wk inc flu prop ed visits,2,2026-10-17,32,quantile,0.9,0.0162246439343
2026-10-03,wk inc flu prop ed visits,2,2026-10-17,32,quantile,0.95,0.0200549482466
2026-10-03,wk inc flu prop ed visits,2,2026-10-17,32,quantile,0.975,0.0242741371802
2026-10-03,wk inc flu prop ed visits,2,2026-10-17,32,quantile,0.99,0.0306035899297
2026-10-03,wk inc flu prop ed visits,3,2026-10-24,32,quantile,0.01,0.00170081343081
2026-10-03,wk inc flu prop ed visits,3,2026-10-24,32,quantile,0.025,0.00218174000745
2026-10-03,wk inc flu prop ed visits,3,2026-10-24,32,quantile,0.05,0.00271418920433
2026-10-03,wk inc flu prop ed visits,3,2026-10-24,32,quantile,0.1,0.00351870145106
2026-10-03,wk inc flu prop ed visits,3,2026-10-24,32,quantile,0.15,0.00416504971621
2026-10-03,wk inc flu prop ed visits,3,2026-10-24,32,quantile,0.2,0.00475521358941
2026-10-03,wk inc flu prop ed visits,3,2026-10-24,32,quantile,0.25,0.00539242900412
2026-10-03,wk inc flu prop ed visits,3,2026-10-24,32,quantile,0.3,0.00593857547856
2026-10-03,wk inc flu prop ed visits,3,2026-10-24,32,quantile,0.35,0.00651983086441
2026-10-03,wk inc flu prop ed visits,3,2026-10-24,32,quantile,0.4,0.00715783358745
2026-10-03,wk inc flu prop ed visits,3,2026-10-24,32,quantile,0.45,0.00778577544649
2026-10-03,wk inc flu prop ed visits,3,2026-10-24,32,quantile,0.5,0.00846284774649
2026-10-03,wk inc flu prop ed visits,3,2026-10-24,32,quantile,0.55,0.00920609443268
2026-10-03,wk inc flu prop ed visits,3,2026-10-24,32,quantile,0.6,0.0101003022928
2026-10-03,wk inc flu prop ed visits,3,2026-10-24,32,quantile,0.65,0.0110527020081
2026-10-03,wk inc flu prop ed visits,3,2026-10-24,32,quantile,0.7,0.0121770493737
2026-10-03,wk inc flu prop ed visits,3,2026-10-24,32,quantile,0.75,0.0134023376756
2026-10-03,wk inc flu prop ed visits,3,2026-10-24,32,quantile,0.8,0.0149547938426
2026-10-03,wk inc flu prop ed visits,3,2026-10-24,32,quantile,0.85,0.0171164116476
2026-10-03,wk inc flu prop ed visits,3,2026-10-24,32,quantile,0.9,0.0204358724099
2026-10-03,wk inc flu prop ed visits,3,2026-10-24,32,quantile,0.95,0.0269172276386
2026-10-03,wk inc flu prop ed visits,3,2026-10-24,32,quantile,0.975,0.0333074122295
2026-10-03,wk inc flu prop ed visits,3,2026-10-24,32,quantile,0.99,0.0423671572108
2026-10-03,wk inc flu prop ed visits,0,2026-10-03,33,quantile,0.01,0.000802254450012
2026-10-03,wk inc flu prop ed visits,0,2026-10-03,33,quantile,0.025,0.000958373446853
2026-10-03,wk inc flu prop ed visits,0,2026-10-03,33,quantile,0.05,0.00111769452362
2026-10-03,wk inc flu prop ed visits,0,2026-10-03,33,quantile,0.1,0.00133539366554
2026-10-03,wk inc flu prop ed visits,0,2026-10-03,33,quantile,0.15,0.00150139501508
2026-10-03,wk inc flu prop ed visits,0,2026-10-03,33,quantile,0.2,0.00164152369972
2026-10-03,wk inc flu prop ed visits,0,2026-10-03,33,quantile,0.25,0.00178044382701
2026-10-03,wk inc flu prop ed visits,0,2026-10-03,33,quantile,0.3,0.00191791683081
2026-10-03,wk inc flu prop ed visits,0,2026-10-03,33,quantile,0.35,0.00205471904625
2026-10-03,wk inc flu prop ed visits,0,2026-10-03,33,quantile,0.4,0.0021886599057
2026-10-03,wk inc flu prop ed visits,0,2026-10-03,33,quantile,0.45,0.00232083930818
2026-10-03,wk inc flu prop ed visits,0,2026-10-03,33,quantile,0.5,0.00246464150836
2026-10-03,wk inc flu prop ed visits,0,2026-10-03,33,quantile,0.55,0.0026105997926
2026-10-03,wk inc flu prop ed visits,0,2026-10-03,33,quantile,0.6,0.00277398231613
2026-10-03,wk inc flu prop ed visits,0,2026-10-03,33,quantile,0.65,0.00294951183096
2026-10-03,wk inc flu prop ed visits,0,2026-10-03,33,quantile,0.7,0.00315340678113
2026-10-03,wk inc flu prop ed visits,0,2026-10-03,33,quantile,0.75,0.00338643086459
2026-10-03,wk inc flu prop ed visits,0,2026-10-03,33,quantile,0.8,0.00367848110426
2026-10-03,wk inc flu prop ed visits,0,2026-10-03,33,quantile,0.85,0.00403439878759
2026-10-03,wk inc flu prop ed visits,0,2026-10-03,33,quantile,0.9,0.00453044602531
2026-10-03,wk inc flu prop ed visits,0,2026-10-03,33,quantile,0.95,0.00537255471919
2026-10-03,wk inc flu prop ed visits,0,2026-10-03,33,quantile,0.975,0.00622422962527
2026-10-03,wk inc flu prop ed visits,0,2026-10-03,33,quantile,0.99,0.00740028393398
2026-10-03,wk inc flu prop ed visits,1,2026-10-10,33,quantile,0.01,0.000676735059844
2026-10-03,wk inc flu prop ed visits,1,2026-10-10,33,quantile,0.025,0.0008492914865
2026-10-03,wk inc flu prop ed visits,1,2026-10-10,33,quantile,0.05,0.00103004054488
2026-10-03,wk inc flu prop ed visits,1,2026-10-10,33,quantile,0.1,0.00129313557371
2026-10-03,wk inc flu prop ed visits,1,2026-10-10,33,quantile,0.15,0.0015056358006
2026-10-03,wk inc flu prop ed visits,1,2026-10-10,33,quantile,0.2,0.0016858260041
2026-10-03,wk inc flu prop ed visits,1,2026-10-10,33,quantile,0.25,0.00186303085169
2026-10-03,wk inc flu prop ed visits,1,2026-10-10,33,quantile,0.3,0.00203809979833
2026-10-03,wk inc flu prop ed visits,1,2026-10-10,33,quantile,0.35,0.00220938526721
2026-10-03,wk inc flu prop ed visits,1,2026-10-10,33,quantile,0.4,0.00238397439877
2026-10-03,wk inc flu prop ed visits,1,2026-10-10,33,quantile,0.45,0.00256866213266
2026-10-03,wk inc flu prop ed visits,1,2026-10-10,33,quantile,0.5,0.00277205868716
2026-10-03,wk inc flu prop ed visits,1,2026-10-10,33,quantile,0.55,0.00299855055805
2026-10-03,wk inc flu prop ed visits,1,2026-10-10,33,quantile,0.6,0.00324677238772
2026-10-03,wk inc flu prop ed visits,1,2026-10-10,33,quantile,0.65,0.00351539413858
2026-10-03,wk inc flu prop ed visits,1,2026-10-10,33,quantile,0.7,0.00383082388146
2026-10-03,wk inc flu prop ed visits,1,2026-10-10,33,quantile,0.75,0.00420085535797
2026-10-03,wk inc flu prop ed visits,1,2026-10-10,33,quantile,0.8,0.00465844560679
2026-10-03,wk inc flu prop ed visits,1,2026-10-10,33,quantile,0.85,0.00524958541142
2026-10-03,wk inc flu prop ed visits,1,2026-10-10,33,quantile,0.9,0.00606834983367
2026-10-03,wk inc flu prop ed visits,1,2026-10-10,33,quantile,0.95,0.00745644290434
2026-10-03,wk inc flu prop ed visits,1,2026-10-10,33,quantile,0.975,0.00899676700423
2026-10-03,wk inc flu prop ed visits,1,2026-10-10,33,quantile,0.99,0.0113117891847
2026-10-03,wk inc flu prop ed visits,2,2026-10-17,33,quantile,0.01,0.00056213217474
2026-10-03,wk inc flu prop ed visits,2,2026-10-17,33,quantile,0.025,0.000744126253448
2026-10-03,wk inc flu prop ed visits,2,2026-10-17,33,quantile,0.05,0.000946849485618
2026-10-03,wk inc flu prop ed visits,2,2026-10-17,33,quantile,0.1,0.00126199654418
2026-10-03,wk inc flu prop ed visits,2,2026-10-17,33,quantile,0.15,0.0015231546112
2026-10-03,wk inc flu prop ed visits,2,2026-10-17,33,quantile,0.2,0.00176371821904
2026-10-03,wk inc flu prop ed visits,2,2026-10-17,33,quantile,0.25,0.00201302065549
2026-10-03,wk inc flu prop ed visits,2,2026-10-17,33,quantile,0.3,0.00224782254651
2026-10-03,wk inc flu prop ed visits,2,2026-10-17,33,quantile,0.35,0.00248500318078
2026-10-03,wk inc flu prop ed visits,2,2026-10-17,33,quantile,0.4,0.00275201839398
2026-10-03,wk inc flu prop ed visits,2,2026-10-17,33,quantile,0.45,0.00303982517619
2026-10-03,wk inc flu prop ed visits,2,2026-10-17,33,quantile,0.5,0.00333205966246
2026-10-03,wk inc flu prop ed visits,2,2026-10-17,33,quantile,0.55,0.00366977903171
2026-10-03,wk inc flu prop ed visits,2,2026-10-17,33,quantile,0.6,0.00405178962925
2026-10-03,wk inc flu prop ed visits,2,2026-10-17,33,quantile,0.65,0.004474591725
2026-10-03,wk inc flu prop ed visits,2,2026-10-17,33,quantile,0.7,0.00496984179269
2026-10-03,wk inc flu prop ed visits,2,2026-10-17,33,quantile,0.75,0.00555757365569
2026-10-03,wk inc flu prop ed visits,2,2026-10-17,33,quantile,0.8,0.00631097181269
2026-10-03,wk inc flu prop ed visits,2,2026-10-17,33,quantile,0.85,0.00735057224896
2026-10-03,wk inc flu prop ed visits,2,2026-10-17,33,quantile,0.9,0.00884195916813
2026-10-03,wk inc flu prop ed visits,2,2026-10-17,33,quantile,0.95,0.0117410776635
2026-10-03,wk inc flu prop ed visits,2,2026-10-17,33,quantile,0.975,0.0149622116357
2026-10-03,wk inc flu prop ed visits,2,2026-10-17,33,quantile,0.99,0.0196145130721
2026-10-03,wk inc flu prop ed visits,3,2026-10-24,33,quantile,0.01,0.000526004674922
2026-10-03,wk inc flu prop ed visits,3,2026-10-24,33,quantile,0.025,0.000723086089843
2026-10-03,wk inc flu prop ed visits,3,2026-10-24,33,quantile,0.05,0.000939889823605
2026-10-03,wk inc flu prop ed visits,3,2026-10-24,33,quantile,0.1,0.00129206888766
2026-10-03,wk inc flu prop ed visits,3,2026-10-24,33,quantile,0.15,0.00160486654905
2026-10-03,wk inc flu prop ed visits,3,2026-10-24,33,quantile,0.2,0.00190224856755
2026-10-03,wk inc flu prop ed visits,3,2026-10-24,33,quantile,0.25,0.00220327010192
2026-10-03,wk inc flu prop ed visits,3,2026-10-24,33,quantile,0.3,0.00251403032506
2026-10-03,wk inc flu prop ed visits,3,2026-10-24,33,quantile,0.35,0.00282176088176
2026-10-03,wk inc flu prop ed visits,3,2026-10-24,33,quantile,0.4,0.00313090805517
2026-10-03,wk inc flu prop ed visits,3,2026-10-24,33,quantile,0.45,0.00348038083321
2026-10-03,wk inc flu prop ed visits,3,2026-10-24,33,quantile,0.5,0.00386558035932
2026-10-03,wk inc flu prop ed visits,3,2026-10-24,33,quantile,0.55,0.00429980412869
2026-10-03,wk inc flu prop ed visits,3,2026-10-24,33,quantile,0.6,0.00479077455846
2026-10-03,wk inc flu prop ed visits,3,2026-10-24,33,quantile,0.65,0.00535690468534
2026-10-03,wk inc flu prop ed visits,3,2026-10-24,33,quantile,0.7,0.00602563261752
2026-10-03,wk inc flu prop ed visits,3,2026-10-24,33,quantile,0.75,0.00684621159784
2026-10-03,wk inc flu prop ed visits,3,2026-10-24,33,quantile,0.8,0.00794882879384
2026-10-03,wk inc flu prop ed visits,3,2026-10-24,33,quantile,0.85,0.00947803660979
2026-10-03,wk inc flu prop ed visits,3,2026-10-24,33,quantile,0.9,0.0117817873983
2026-10-03,wk inc flu prop ed visits,3,2026-10-24,33,quantile,0.95,0.0161169637691
2026-10-03,wk inc flu prop ed visits,3,2026-10-24,33,quantile,0.975,0.0209058715989
2026-10-03,wk inc flu prop ed visits,3,2026-10-24,33,quantile,0.99,0.0287092017143
2026-10-03,wk inc flu prop ed visits,0,2026-10-03,34,quantile,0.01,0.00131806656704
2026-10-03,wk inc flu prop ed visits,0,2026-10-03,34,quantile,0.025,0.00156173222402
2026-10-03,wk inc flu prop ed visits,0,2026-10-03,34,quantile,0.05,0.00181225573966
2026-10-03,wk inc flu prop ed visits,0,2026-10-03,34,quantile,0.1,0.00214384053473
2026-10-03,wk inc flu prop ed visits,0,2026-10-03,34,quantile,0.15,0.00239878615665
2026-10-03,wk inc flu prop ed visits,0,2026-10-03,34,quantile,0.2,0.00261838550686
2026-10-03,wk inc flu prop ed visits,0,2026-10-03,34,quantile,0.25,0.00282575251135
2026-10-03,wk inc flu prop ed visits,0,2026-10-03,34,quantile,0.3,0.00302523440008
2026-10-03,wk inc flu prop ed visits,0,2026-10-03,34,quantile,0.35,0.0032181126718
2026-10-03,wk inc flu prop ed visits,0,2026-10-03,34,quantile,0.4,0.00341177308604
2026-10-03,wk inc flu prop ed visits,0,2026-10-03,34,quantile,0.45,0.00362113846264
2026-10-03,wk inc flu prop ed visits,0,2026-10-03,34,quantile,0.5,0.00383526436377
2026-10-03,wk inc flu prop ed visits,0,2026-10-03,34,quantile,0.55,0.00404559265658
2026-10-03,wk inc flu prop ed visits,0,2026-10-03,34,quantile,0.6,0.00429175082943
2026-10-03,wk inc flu prop ed visits,0,2026-10-03,34,quantile,0.65,0.00456079678471
2026-10-03,wk inc flu prop ed visits,0,2026-10-03,34,quantile,0.7,0.00487323439453
2026-10-03,wk inc flu prop ed visits,0,2026-10-03,34,quantile,0.75,0.00520692100208
2026-10-03,wk inc flu prop ed visits,0,2026-10-03,34,quantile,0.8,0.00559592516209
2026-10-03,wk inc flu prop ed visits,0,2026-10-03,34,quantile,0.85,0.00612863454911
2026-10-03,wk inc flu prop ed visits,0,2026-10-03,34,quantile,0.9,0.00683653302134
2026-10-03,wk inc flu prop ed visits,0,2026-10-03,34,quantile,0.95,0.00798927756764
2026-10-03,wk inc flu prop ed visits,0,2026-10-03,34,quantile,0.975,0.00914664594929
2026-10-03,wk inc flu prop ed visits,0,2026-10-03,34,quantile,0.99,0.0107899252155
2026-10-03,wk inc flu prop ed visits,1,2026-10-10,34,quantile,0.01,0.00109350506251
2026-10-03,wk inc flu prop ed visits,1,2026-10-10,34,quantile,0.025,0.00136029279347
2026-10-03,wk inc flu prop ed visits,1,2026-10-10,34,quantile,0.05,0.00164059653144
2026-10-03,wk inc flu prop ed visits,1,2026-10-10,34,quantile,0.1,0.00202899342383
2026-10-03,wk inc flu prop ed visits,1,2026-10-10,34,quantile,0.15,0.00235426469137
2026-10-03,wk inc flu prop ed visits,1,2026-10-10,34,quantile,0.2,0.00264771318683
2026-10-03,wk inc flu prop ed visits,1,2026-10-10,34,quantile,0.25,0.00293423409514
2026-10-03,wk inc flu prop ed visits,1,2026-10-10,34,quantile,0.3,0.00318606310256
2026-10-03,wk inc flu prop ed visits,1,2026-10-10,34,quantile,0.35,0.00344268535449
2026-10-03,wk inc flu prop ed visits,1,2026-10-10,34,quantile,0.4,0.00371197957446
2026-10-03,wk inc flu prop ed visits,1,2026-10-10,34,quantile,0.45,0.0039983612699
2026-10-03,wk inc flu prop ed visits,1,2026-10-10,34,quantile,0.5,0.00431771780268
2026-10-03,wk inc flu prop ed visits,1,2026-10-10,34,quantile,0.55,0.00465382808476
2026-10-03,wk inc flu prop ed visits,1,2026-10-10,34,quantile,0.6,0.00504641115776
2026-10-03,wk inc flu prop ed visits,1,2026-10-10,34,quantile,0.65,0.00545571068794
2026-10-03,wk inc flu prop ed visits,1,2026-10-10,34,quantile,0.7,0.00592126805201
2026-10-03,wk inc flu prop ed visits,1,2026-10-10,34,quantile,0.75,0.00647504140287
2026-10-03,wk inc flu prop ed visits,1,2026-10-10,34,quantile,0.8,0.00714767103908
2026-10-03,wk inc flu prop ed visits,1,2026-10-10,34,quantile,0.85,0.00798722425903
2026-10-03,wk inc flu prop ed visits,1,2026-10-10,34,quantile,0.9,0.00919278013465
2026-10-03,wk inc flu prop ed visits,1,2026-10-10,34,quantile,0.95,0.0113561053489
2026-10-03,wk inc flu prop ed visits,1,2026-10-10,34,quantile,0.975,0.0136946452734
2026-10-03,wk inc flu prop ed visits,1,2026-10-10,34,quantile,0.99,0.0168790778571
2026-10-03,wk inc flu prop ed visits,2,2026-10-17,34,quantile,0.01,0.000983044341887
2026-10-03,wk inc flu prop ed visits,2,2026-10-17,34,quantile,0.025,0.00127784724192
2026-10-03,wk inc flu prop ed visits,2,2026-10-17,34,quantile,0.05,0.0016012484288
2026-10-03,wk inc flu prop ed visits,2,2026-10-17,34,quantile,0.1,0.00205694353254
2026-10-03,wk inc flu prop ed visits,2,2026-10-17,34,quantile,0.15,0.00245375100258
2026-10-03,wk inc flu prop ed visits,2,2026-10-17,34,quantile,0.2,0.00284420303407
2026-10-03,wk inc flu prop ed visits,2,2026-10-17,34,quantile,0.25,0.0032023367833
2026-10-03,wk inc flu prop ed visits,2,2026-10-17,34,quantile,0.3,0.00357279171027
2026-10-03,wk inc flu prop ed visits,2,2026-10-17,34,quantile,0.35,0.00393670318773
2026-10-03,wk inc flu prop ed visits,2,2026-10-17,34,quantile,0.4,0.00432738581035
2026-10-03,wk inc flu prop ed visits,2,2026-10-17,34,quantile,0.45,0.00473464963106
2026-10-03,wk inc flu prop ed visits,2,2026-10-17,34,quantile,0.5,0.00516554627388
2026-10-03,wk inc flu prop ed visits,2,2026-10-17,34,quantile,0.55,0.00560988784298
2026-10-03,wk inc flu prop ed visits,2,2026-10-17,34,quantile,0.6,0.00610176258152
2026-10-03,wk inc flu prop ed visits,2,2026-10-17,34,quantile,0.65,0.00668934247052
2026-10-03,wk inc flu prop ed visits,2,2026-10-17,34,quantile,0.7,0.00740610337002
2026-10-03,wk inc flu prop ed visits,2,2026-10-17,34,quantile,0.75,0.00818732582061
2026-10-03,wk inc flu prop ed visits,2,2026-10-17,34,quantile,0.8,0.0092493187892
2026-10-03,wk inc flu prop ed visits,2,2026-10-17,34,quantile,0.85,0.0106064970992
2026-10-03,wk inc flu prop ed visits,2,2026-10-17,34,quantile,0.9,0.0126108847551
2026-10-03,wk inc flu prop ed visits,2,2026-10-17,34,quantile,0.95,0.0162837139586
2026-10-03,wk inc flu prop ed visits,2,2026-10-17,34,quantile,0.975,0.0203971895543
2026-10-03,wk inc flu prop ed visits,2,2026-10-17,34,quantile,0.99,0.0262348491184
2026-10-03,wk inc flu prop ed visits,3,2026-10-24,34,quantile,0.01,0.000969943989921
2026-10-03,wk inc flu prop ed visits,3,2026-10-24,34,quantile,0.025,0.00128842371873
2026-10-03,wk inc flu prop ed visits,3,2026-10-24,34,quantile,0.05,0.00164657783953
2026-10-03,wk inc flu prop ed visits,3,2026-10-24,34,quantile,0.1,0.00217307934294
2026-10-03,wk inc flu prop ed visits,3,2026-10-24,34,quantile,0.15,0.00263580635182
2026-10-03,wk inc flu prop ed visits,3,2026-10-24,34,quantile,0.2,0.00308980499205
2026-10-03,wk inc flu prop ed visits,3,2026-10-24,34,quantile,0.25,0.00354299306414
2026-10-03,wk inc flu prop ed visits,3,2026-10-24,34,quantile,0.3,0.00397429854697
2026-10-03,wk inc flu prop ed visits,3,2026-10-24,34,quantile,0.35,0.00440940977723
2026-10-03,wk inc flu prop ed visits,3,2026-10-24,34,quantile,0.4,0.00487121421254
2026-10-03,wk inc flu prop ed visits,3,2026-10-24,34,quantile,0.45,0.00537534521177
2026-10-03,wk inc flu prop ed visits,3,2026-10-24,34,quantile,0.5,0.00587477411607
2026-10-03,wk inc flu prop ed visits,3,2026-10-24,34,quantile,0.55,0.00646408813467
2026-10-03,wk inc flu prop ed visits,3,2026-10-24,34,quantile,0.6,0.00711997870161
2026-10-03,wk inc flu prop ed visits,3,2026-10-24,34,quantile,0.65,0.00785789603315
2026-10-03,wk inc flu prop ed visits,3,2026-10-24,34,quantile,0.7,0.0087362788426
2026-10-03,wk inc flu prop ed visits,3,2026-10-24,34,quantile,0.75,0.00986952525869
2026-10-03,wk inc flu prop ed visits,3,2026-10-24,34,quantile,0.8,0.0113881245799
2026-10-03,wk inc flu prop ed visits,3,2026-10-24,34,quantile,0.85,0.0133830892794
2026-10-03,wk inc flu prop ed visits,3,2026-10-24,34,quantile,0.9,0.0163508962825
2026-10-03,wk inc flu prop ed visits,3,2026-10-24,34,quantile,0.95,0.0219908266391
2026-10-03,wk inc flu prop ed visits,3,2026-10-24,34,quantile,0.975,0.0278458220531
2026-10-03,wk inc flu prop ed visits,3,2026-10-24,34,quantile,0.99,0.0365997102904
2026-10-03,wk inc flu prop ed visits,0,2026-10-03,35,quantile,0.01,0.000906613871519
2026-10-03,wk inc flu prop ed visits,0,2026-10-03,35,quantile,0.025,0.00108679065481
2026-10-03,wk inc flu prop ed visits,0,2026-10-03,35,quantile,0.05,0.00127547000711
2026-10-03,wk inc flu prop ed visits,0,2026-10-03,35,quantile,0.1,0.00152484281427
2026-10-03,wk inc flu prop ed visits,0,2026-10-03,35,quantile,0.15,0.00171297988502
2026-10-03,wk inc flu prop ed visits,0,2026-10-03,35,quantile,0.2,0.00188056392042
2026-10-03,wk inc flu prop ed visits,0,2026-10-03,35,quantile,0.25,0.0020409290911
2026-10-03,wk inc flu prop ed visits,0,2026-10-03,35,quantile,0.3,0.00219974887058
2026-10-03,wk inc flu prop ed visits,0,2026-10-03,35,quantile,0.35,0.00235091883794
2026-10-03,wk inc flu prop ed visits,0,2026-10-03,35,quantile,0.4,0.00250077092461
2026-10-03,wk inc flu prop ed visits,0,2026-10-03,35,quantile,0.45,0.00266526056224
2026-10-03,wk inc flu prop ed visits,0,2026-10-03,35,quantile,0.5,0.00283245384112
2026-10-03,wk inc flu prop ed visits,0,2026-10-03,35,quantile,0.55,0.00300479360785
2026-10-03,wk inc flu prop ed visits,0,2026-10-03,35,quantile,0.6,0.00320370204689
2026-10-03,wk inc flu prop ed visits,0,2026-10-03,35,quantile,0.65,0.00341096058451
2026-10-03,wk inc flu prop ed visits,0,2026-10-03,35,quantile,0.7,0.00365612201176
2026-10-03,wk inc flu prop ed visits,0,2026-10-03,35,quantile,0.75,0.00394166121326
2026-10-03,wk inc flu prop ed visits,0,2026-10-03,35,quantile,0.8,0.00427539968532
2026-10-03,wk inc flu prop ed visits,0,2026-10-03,35,quantile,0.85,0.0046948216232
2026-10-03,wk inc flu prop ed visits,0,2026-10-03,35,quantile,0.9,0.00527489422355
2026-10-03,wk inc flu prop ed visits,0,2026-10-03,35,quantile,0.95,0.00628885747061
2026-10-03,wk inc flu prop ed visits,0,2026-10-03,35,quantile,0.975,0.0073396874482
2026-10-03,wk inc flu prop ed visits,0,2026-10-03,35,quantile,0.99,0.00877143687362
2026-10-03,wk inc flu prop ed visits,1,2026-10-10,35,quantile,0.01,0.000776059398514
2026-10-03,wk inc flu prop ed visits,1,2026-10-10,35,quantile,0.025,0.000980950686242
2026-10-03,wk inc flu prop ed visits,1,2026-10-10,35,quantile,0.05,0.00119117859386
2026-10-03,wk inc flu prop ed visits,1,2026-10-10,35,quantile,0.1,0.00149017884812
2026-10-03,wk inc flu prop ed visits,1,2026-10-10,35,quantile,0.15,0.0017350102433
2026-10-03,wk inc flu prop ed visits,1,2026-10-10,35,quantile,0.2,0.00196025463533
2026-10-03,wk inc flu prop ed visits,1,2026-10-10,35,quantile,0.25,0.00217236288572
2026-10-03,wk inc flu prop ed visits,1,2026-10-10,35,quantile,0.3,0.00237828136101
2026-10-03,wk inc flu prop ed visits,1,2026-10-10,35,quantile,0.35,0.0025697277164
2026-10-03,wk inc flu prop ed visits,1,2026-10-10,35,quantile,0.4,0.00277535920962
2026-10-03,wk inc flu prop ed visits,1,2026-10-10,35,quantile,0.45,0.00300595525769
2026-10-03,wk inc flu prop ed visits,1,2026-10-10,35,quantile,0.5,0.00325809213393
2026-10-03,wk inc flu prop ed visits,1,2026-10-10,35,quantile,0.55,0.00352655771357
2026-10-03,wk inc flu prop ed visits,1,2026-10-10,35,quantile,0.6,0.00382734236535
2026-10-03,wk inc flu prop ed visits,1,2026-10-10,35,quantile,0.65,0.00415873457785
2026-10-03,wk inc flu prop ed visits,1,2026-10-10,35,quantile,0.7,0.00454242187963
2026-10-03,wk inc flu prop ed visits,1,2026-10-10,35,quantile,0.75,0.00499605613024
2026-10-03,wk inc flu prop ed visits,1,2026-10-10,35,quantile,0.8,0.00554582429297
2026-10-03,wk inc flu prop ed visits,1,2026-10-10,35,quantile,0.85,0.0062531308163
2026-10-03,wk inc flu prop ed visits,1,2026-10-10,35,quantile,0.9,0.00726713136616
2026-10-03,wk inc flu prop ed visits,1,2026-10-10,35,quantile,0.95,0.00903466975993
2026-10-03,wk inc flu prop ed visits,1,2026-10-10,35,quantile,0.975,0.0109884985204
2026-10-03,wk inc flu prop ed visits,1,2026-10-10,35,quantile,0.99,0.0136606048052
2026-10-03,wk inc flu prop ed visits,2,2026-10-17,35,quantile,0.01,0.000642533743477
2026-10-03,wk inc flu prop ed visits,2,2026-10-17,35,quantile,0.025,0.000852736315404
2026-10-03,wk inc flu prop ed visits,2,2026-10-17,35,quantile,0.05,0.00110017078146
2026-10-03,wk inc flu prop ed visits,2,2026-10-17,35,quantile,0.1,0.00145701235175
2026-10-03,wk inc flu prop ed visits,2,2026-10-17,35,quantile,0.15,0.00175469442792
2026-10-03,wk inc flu prop ed visits,2,2026-10-17,35,quantile,0.2,0.00203100632352
2026-10-03,wk inc flu prop ed visits,2,2026-10-17,35,quantile,0.25,0.00231459269045
2026-10-03,wk inc flu prop ed visits,2,2026-10-17,35,quantile,0.3,0.00259879154381
2026-10-03,wk inc flu prop ed visits,2,2026-10-17,35,quantile,0.35,0.00289505332578
2026-10-03,wk inc flu prop ed visits,2,2026-10-17,35,quantile,0.4,0.00321284608675
2026-10-03,wk inc flu prop ed visits,2,2026-10-17,35,quantile,0.45,0.003538823055
2026-10-03,wk inc flu prop ed visits,2,2026-10-17,35,quantile,0.5,0.003878621973
2026-10-03,wk inc flu prop ed visits,2,2026-10-17,35,quantile,0.55,0.00428222008884
2026-10-03,wk inc flu prop ed visits,2,2026-10-17,35,quantile,0.6,0.00473383780321
2026-10-03,wk inc flu prop ed visits,2,2026-10-17,35,quantile,0.65,0.00525717275678
2026-10-03,wk inc flu prop ed visits,2,2026-10-17,35,quantile,0.7,0.00586896856906
2026-10-03,wk inc flu prop ed visits,2,2026-10-17,35,quantile,0.75,0.00660445493188
2026-10-03,wk inc flu prop ed visits,2,2026-10-17,35,quantile,0.8,0.0075398426833
2026-10-03,wk inc flu prop ed visits,2,2026-10-17,35,quantile,0.85,0.008770733891
2026-10-03,wk inc flu prop ed visits,2,2026-10-17,35,quantile,0.9,0.0106057868016
2026-10-03,wk inc flu prop ed visits,2,2026-10-17,35,quantile,0.95,0.0139575613416
2026-10-03,wk inc flu prop ed visits,2,2026-10-17,35,quantile,0.975,0.0176251484412
2026-10-03,wk inc flu prop ed visits,2,2026-10-17,35,quantile,0.99,0.023225527726
2026-10-03,wk inc flu prop ed visits,3,2026-10-24,35,quantile,0.01,0.000606578980707
2026-10-03,wk inc flu prop ed visits,3,2026-10-24,35,quantile,0.025,0.000837581610142
2026-10-03,wk inc flu prop ed visits,3,2026-10-24,35,quantile,0.05,0.0011046553865
2026-10-03,wk inc flu prop ed visits,3,2026-10-24,35,quantile,0.1,0.00152275430146
2026-10-03,wk inc flu prop ed visits,3,2026-10-24,35,quantile,0.15,0.00187050348798
2026-10-03,wk inc flu prop ed visits,3,2026-10-24,35,quantile,0.2,0.00222668686984
2026-10-03,wk inc flu prop ed visits,3,2026-10-24,35,quantile,0.25,0.00255579193597
2026-10-03,wk inc flu prop ed visits,3,2026-10-24,35,quantile,0.3,0.00289286702227
2026-10-03,wk inc flu prop ed visits,3,2026-10-24,35,quantile,0.35,0.00329026750889
2026-10-03,wk inc flu prop ed visits,3,2026-10-24,35,quantile,0.4,0.00362573427687
2026-10-03,wk inc flu prop ed visits,3,2026-10-24,35,quantile,0.45,0.00407089796086
2026-10-03,wk inc flu prop ed visits,3,2026-10-24,35,quantile,0.5,0.0045179163042
2026-10-03,wk inc flu prop ed visits,3,2026-10-24,35,quantile,0.55,0.00505435128143
2026-10-03,wk inc flu prop ed visits,3,2026-10-24,35,quantile,0.6,0.00565883464937
2026-10-03,wk inc flu prop ed visits,3,2026-10-24,35,quantile,0.65,0.00633074652012
2026-10-03,wk inc flu prop ed visits,3,2026-10-24,35,quantile,0.7,0.00714926386733
2026-10-03,wk inc flu prop ed visits,3,2026-10-24,35,quantile,0.75,0.00817807425936
2026-10-03,wk inc flu prop ed visits,3,2026-10-24,35,quantile,0.8,0.00945768718722
2026-10-03,wk inc flu prop ed visits,3,2026-10-24,35,quantile,0.85,0.0111721013446
2026-10-03,wk inc flu prop ed visits,3,2026-10-24,35,quantile,0.9,0.0138385946666
2026-10-03,wk inc flu prop ed visits,3,2026-10-24,35,quantile,0.95,0.0189860162881
2026-10-03,wk inc flu prop ed visits,3,2026-10-24,35,quantile,0.975,0.0250208984795
2026-10-03,wk inc flu prop ed visits,3,2026-10-24,35,quantile,0.99,0.0341975567188
2026-10-03,wk inc flu prop ed visits,0,2026-10-03,36,quantile,0.01,0.000779391712311
2026-10-03,wk inc flu prop ed visits,0,2026-10-03,36,quantile,0.025,0.000955036773431
2026-10-03,wk inc flu prop ed visits,0,2026-10-03,36,quantile,0.05,0.00113267023855
2026-10-03,wk inc flu prop ed visits,0,2026-10-03,36,quantile,0.1,0.00138550193849
2026-10-03,wk inc flu prop ed visits,0,2026-10-03,36,quantile,0.15,0.00159147862979
2026-10-03,wk inc flu prop ed visits,0,2026-10-03,36,quantile,0.2,0.001773686076
2026-10-03,wk inc flu prop ed visits,0,2026-10-03,36,quantile,0.25,0.00194312024289
2026-10-03,wk inc flu prop ed visits,0,2026-10-03,36,quantile,0.3,0.00210995597118
2026-10-03,wk inc flu prop ed visits,0,2026-10-03,36,quantile,0.35,0.00227691333174
2026-10-03,wk inc flu prop ed visits,0,2026-10-03,36,quantile,0.4,0.00244351298312
2026-10-03,wk inc flu prop ed visits,0,2026-10-03,36,quantile,0.45,0.00261681966348
2026-10-03,wk inc flu prop ed visits,0,2026-10-03,36,quantile,0.5,0.00280186512204
2026-10-03,wk inc flu prop ed visits,0,2026-10-03,36,quantile,0.55,0.00299722398446
2026-10-03,wk inc flu prop ed visits,0,2026-10-03,36,quantile,0.6,0.0032075840988
2026-10-03,wk inc flu prop ed visits,0,2026-10-03,36,quantile,0.65,0.00344309130708
2026-10-03,wk inc flu prop ed visits,0,2026-10-03,36,quantile,0.7,0.00370809234515
2026-10-03,wk inc flu prop ed visits,0,2026-10-03,36,quantile,0.75,0.00402452527019
2026-10-03,wk inc flu prop ed visits,0,2026-10-03,36,quantile,0.8,0.00440514468976
2026-10-03,wk inc flu prop ed visits,0,2026-10-03,36,quantile,0.85,0.00489300218672
2026-10-03,wk inc flu prop ed visits,0,2026-10-03,36,quantile,0.9,0.0055587197654
2026-10-03,wk inc flu prop ed visits,0,2026-10-03,36,quantile,0.95,0.00674164180202
2026-10-03,wk inc flu prop ed visits,0,2026-10-03,36,quantile,0.975,0.00799082568873
2026-10-03,wk inc flu prop ed visits,0,2026-10-03,36,quantile,0.99,0.00972783527703
2026-10-03,wk inc flu prop ed visits,1,2026-10-10,36,quantile,0.01,0.000644051993843
2026-10-03,wk inc flu prop ed visits,1,2026-10-10,36,quantile,0.025,0.00082998353608
2026-10-03,wk inc flu prop ed visits,1,2026-10-10,36,quantile,0.05,0.00103302356431
2026-10-03,wk inc flu prop ed visits,1,2026-10-10,36,quantile,0.1,0.00133138861118
2026-10-03,wk inc flu prop ed visits,1,2026-10-10,36,quantile,0.15,0.0015736228434
2026-10-03,wk inc flu prop ed visits,1,2026-10-10,36,quantile,0.2,0.00180096995023
2026-10-03,wk inc flu prop ed visits,1,2026-10-10,36,quantile,0.25,0.00201210249831
2026-10-03,wk inc flu prop ed visits,1,2026-10-10,36,quantile,0.3,0.00223604158302
2026-10-03,wk inc flu prop ed visits,1,2026-10-10,36,quantile,0.35,0.00245971454711
2026-10-03,wk inc flu prop ed visits,1,2026-10-10,36,quantile,0.4,0.00268865909374
2026-10-03,wk inc flu prop ed visits,1,2026-10-10,36,quantile,0.45,0.00292651136815
2026-10-03,wk inc flu prop ed visits,1,2026-10-10,36,quantile,0.5,0.00318540654461
2026-10-03,wk inc flu prop ed visits,1,2026-10-10,36,quantile,0.55,0.00346106053686
2026-10-03,wk inc flu prop ed visits,1,2026-10-10,36,quantile,0.6,0.00377248340062
2026-10-03,wk inc flu prop ed visits,1,2026-10-10,36,quantile,0.65,0.00413105809558
2026-10-03,wk inc flu prop ed visits,1,2026-10-10,36,quantile,0.7,0.0045466160401
2026-10-03,wk inc flu prop ed visits,1,2026-10-10,36,quantile,0.75,0.00503415147148
2026-10-03,wk inc flu prop ed visits,1,2026-10-10,36,quantile,0.8,0.00564431194617
2026-10-03,wk inc flu prop ed visits,1,2026-10-10,36,quantile,0.85,0.00640350442885
2026-10-03,wk inc flu prop ed visits,1,2026-10-10,36,quantile,0.9,0.00754842332269
2026-10-03,wk inc flu prop ed visits,1,2026-10-10,36,quantile,0.95,0.00961396987073
2026-10-03,wk inc flu prop ed visits,1,2026-10-10,36,quantile,0.975,0.0119100084584
2026-10-03,wk inc flu prop ed visits,1,2026-10-10,36,quantile,0.99,0.0152016396332
2026-10-03,wk inc flu prop ed visits,2,2026-10-17,36,quantile,0.01,0.000571418934131
2026-10-03,wk inc flu prop ed visits,2,2026-10-17,36,quantile,0.025,0.000768589336643
2026-10-03,wk inc flu prop ed visits,2,2026-10-17,36,quantile,0.05,0.000997465575149
2026-10-03,wk inc flu prop ed visits,2,2026-10-17,36,quantile,0.1,0.00134120738338
2026-10-03,wk inc flu prop ed visits,2,2026-10-17,36,quantile,0.15,0.00164003465937
2026-10-03,wk inc flu prop ed visits,2,2026-10-17,36,quantile,0.2,0.0019123753991
2026-10-03,wk inc flu prop ed visits,2,2026-10-17,36,quantile,0.25,0.002196548996
2026-10-03,wk inc flu prop ed visits,2,2026-10-17,36,quantile,0.3,0.00248091666534
2026-10-03,wk inc flu prop ed visits,2,2026-10-17,36,quantile,0.35,0.0027789970483
2026-10-03,wk inc flu prop ed visits,2,2026-10-17,36,quantile,0.4,0.00307564221622
2026-10-03,wk inc flu prop ed visits,2,2026-10-17,36,quantile,0.45,0.00340283232956
2026-10-03,wk inc flu prop ed visits,2,2026-10-17,36,quantile,0.5,0.00376978511958
2026-10-03,wk inc flu prop ed visits,2,2026-10-17,36,quantile,0.55,0.00417273043868
2026-10-03,wk inc flu prop ed visits,2,2026-10-17,36,quantile,0.6,0.00464008580341
2026-10-03,wk inc flu prop ed visits,2,2026-10-17,36,quantile,0.65,0.0051680614851
2026-10-03,wk inc flu prop ed visits,2,2026-10-17,36,quantile,0.7,0.00581378810073
2026-10-03,wk inc flu prop ed visits,2,2026-10-17,36,quantile,0.75,0.00655890878103
2026-10-03,wk inc flu prop ed visits,2,2026-10-17,36,quantile,0.8,0.00751297404433
2026-10-03,wk inc flu prop ed visits,2,2026-10-17,36,quantile,0.85,0.00883605477706
2026-10-03,wk inc flu prop ed visits,2,2026-10-17,36,quantile,0.9,0.0108036211863
2026-10-03,wk inc flu prop ed visits,2,2026-10-17,36,quantile,0.95,0.0145054005939
2026-10-03,wk inc flu prop ed visits,2,2026-10-17,36,quantile,0.975,0.0187533336043
2026-10-03,wk inc flu prop ed visits,2,2026-10-17,36,quantile,0.99,0.0253608705625
2026-10-03,wk inc flu prop ed visits,3,2026-10-24,36,quantile,0.01,0.000537217093138
2026-10-03,wk inc flu prop ed visits,3,2026-10-24,36,quantile,0.025,0.000748611131103
2026-10-03,wk inc flu prop ed visits,3,2026-10-24,36,quantile,0.05,0.00099559886815
2026-10-03,wk inc flu prop ed visits,3,2026-10-24,36,quantile,0.1,0.00139845362659
2026-10-03,wk inc flu prop ed visits,3,2026-10-24,36,quantile,0.15,0.00174534423054
2026-10-03,wk inc flu prop ed visits,3,2026-10-24,36,quantile,0.2,0.00208792961306
2026-10-03,wk inc flu prop ed visits,3,2026-10-24,36,quantile,0.25,0.00243970852795
2026-10-03,wk inc flu prop ed visits,3,2026-10-24,36,quantile,0.3,0.00279134380686
2026-10-03,wk inc flu prop ed visits,3,2026-10-24,36,quantile,0.35,0.00314661001383
2026-10-03,wk inc flu prop ed visits,3,2026-10-24,36,quantile,0.4,0.00352510467857
2026-10-03,wk inc flu prop ed visits,3,2026-10-24,36,quantile,0.45,0.00392248183391
2026-10-03,wk inc flu prop ed visits,3,2026-10-24,36,quantile,0.5,0.00441006484966
2026-10-03,wk inc flu prop ed visits,3,2026-10-24,36,quantile,0.55,0.00497065350713
2026-10-03,wk inc flu prop ed visits,3,2026-10-24,36,quantile,0.6,0.00555595213643
2026-10-03,wk inc flu prop ed visits,3,2026-10-24,36,quantile,0.65,0.00623268800188
2026-10-03,wk inc flu prop ed visits,3,2026-10-24,36,quantile,0.7,0.00711362514882
2026-10-03,wk inc flu prop ed visits,3,2026-10-24,36,quantile,0.75,0.00816987691397
2026-10-03,wk inc flu prop ed visits,3,2026-10-24,36,quantile,0.8,0.00955319285224
2026-10-03,wk inc flu prop ed visits,3,2026-10-24,36,quantile,0.85,0.0114830549931
2026-10-03,wk inc flu prop ed visits,3,2026-10-24,36,quantile,0.9,0.0143006739313
2026-10-03,wk inc flu prop ed visits,3,2026-10-24,36,quantile,0.95,0.0199203857249
2026-10-03,wk inc flu prop ed visits,3,2026-10-24,36,quantile,0.975,0.0263966602037
2026-10-03,wk inc flu prop ed visits,3,2026-10-24,36,quantile,0.99,0.0365513588953
2026-10-03,wk inc flu prop ed visits,0,2026-10-03,37,quantile,0.01,0.00491135675561
2026-10-03,wk inc flu prop ed visits,0,2026-10-03,37,quantile,0.025,0.00544792439332
2026-10-03,wk inc flu prop ed visits,0,2026-10-03,37,quantile,0.05,0.00594433852149
2026-10-03,wk inc flu prop ed visits,0,2026-10-03,37,quantile,0.1,0.00657396052236
2026-10-03,wk inc flu prop ed visits,0,2026-10-03,37,quantile,0.15,0.00707711710419
2026-10-03,wk inc flu prop ed visits,0,2026-10-03,37,quantile,0.2,0.00751648911472
2026-10-03,wk inc flu prop ed visits,0,2026-10-03,37,quantile,0.25,0.0078192789759
2026-10-03,wk inc flu prop ed visits,0,2026-10-03,37,quantile,0.3,0.00817406102576
2026-10-03,wk inc flu prop ed visits,0,2026-10-03,37,quantile,0.35,0.00854252555478
2026-10-03,wk inc flu prop ed visits,0,2026-10-03,37,quantile,0.4,0.00890483924889
2026-10-03,wk inc flu prop ed visits,0,2026-10-03,37,quantile,0.45,0.00924122929316
2026-10-03,wk inc flu prop ed visits,0,2026-10-03,37,quantile,0.5,0.00955457794828
2026-10-03,wk inc flu prop ed visits,0,2026-10-03,37,quantile,0.55,0.00992418235285
2026-10-03,wk inc flu prop ed visits,0,2026-10-03,37,quantile,0.6,0.0103187048263
2026-10-03,wk inc flu prop ed visits,0,2026-10-03,37,quantile,0.65,0.0107065277794
2026-10-03,wk inc flu prop ed visits,0,2026-10-03,37,quantile,0.7,0.0111632985828
2026-10-03,wk inc flu prop ed visits,0,2026-10-03,37,quantile,0.75,0.011647538731
2026-10-03,wk inc flu prop ed visits,0,2026-10-03,37,quantile,0.8,0.0122030422762
2026-10-03,wk inc flu prop ed visits,0,2026-10-03,37,quantile,0.85,0.0128515069687
2026-10-03,wk inc flu prop ed visits,0,2026-10-03,37,quantile,0.9,0.0137829291153
2026-10-03,wk inc flu prop ed visits,0,2026-10-03,37,quantile,0.95,0.0152257971056
2026-10-03,wk inc flu prop ed visits,0,2026-10-03,37,quantile,0.975,0.0166290947364
2026-10-03,wk inc flu prop ed visits,0,2026-10-03,37,quantile,0.99,0.0185001044791
2026-10-03,wk inc flu prop ed visits,1,2026-10-10,37,quantile,0.01,0.00439824295853
2026-10-03,wk inc flu prop ed visits,1,2026-10-10,37,quantile,0.025,0.00507641854206
2026-10-03,wk inc flu prop ed visits,1,2026-10-10,37,quantile,0.05,0.00571550605453
2026-10-03,wk inc flu prop ed visits,1,2026-10-10,37,quantile,0.1,0.00655325072079
2026-10-03,wk inc flu prop ed visits,1,2026-10-10,37,quantile,0.15,0.00721001590681
2026-10-03,wk inc flu prop ed visits,1,2026-10-10,37,quantile,0.2,0.00775315592699
2026-10-03,wk inc flu prop ed visits,1,2026-10-10,37,quantile,0.25,0.00820962756488
2026-10-03,wk inc flu prop ed visits,1,2026-10-10,37,quantile,0.3,0.00872903913044
2026-10-03,wk inc flu prop ed visits,1,2026-10-10,37,quantile,0.35,0.00920877932128
2026-10-03,wk inc flu prop ed visits,1,2026-10-10,37,quantile,0.4,0.00966497554894
2026-10-03,wk inc flu prop ed visits,1,2026-10-10,37,quantile,0.45,0.0101566723427
2026-10-03,wk inc flu prop ed visits,1,2026-10-10,37,quantile,0.5,0.0106595887093
2026-10-03,wk inc flu prop ed visits,1,2026-10-10,37,quantile,0.55,0.0111550991129
2026-10-03,wk inc flu prop ed visits,1,2026-10-10,37,quantile,0.6,0.0116507940134
2026-10-03,wk inc flu prop ed visits,1,2026-10-10,37,quantile,0.65,0.0122497550985
2026-10-03,wk inc flu prop ed visits,1,2026-10-10,37,quantile,0.7,0.0129111740452
2026-10-03,wk inc flu prop ed visits,1,2026-10-10,37,quantile,0.75,0.0136854836469
2026-10-03,wk inc flu prop ed visits,1,2026-10-10,37,quantile,0.8,0.0145426171865
2026-10-03,wk inc flu prop ed visits,1,2026-10-10,37,quantile,0.85,0.0156066336995
2026-10-03,wk inc flu prop ed visits,1,2026-10-10,37,quantile,0.9,0.0171183266503
2026-10-03,wk inc flu prop ed visits,1,2026-10-10,37,quantile,0.95,0.0195071942696
2026-10-03,wk inc flu prop ed visits,1,2026-10-10,37,quantile,0.975,0.0218498839279
2026-10-03,wk inc flu prop ed visits,1,2026-10-10,37,quantile,0.99,0.0250065498739
2026-10-03,wk inc flu prop ed visits,2,2026-10-17,37,quantile,0.01,0.0041754986882
2026-10-03,wk inc flu prop ed visits,2,2026-10-17,37,quantile,0.025,0.00500573333911
2026-10-03,wk inc flu prop ed visits,2,2026-10-17,37,quantile,0.05,0.00583992474054
2026-10-03,wk inc flu prop ed visits,2,2026-10-17,37,quantile,0.1,0.00695220226168
2026-10-03,wk inc flu prop ed visits,2,2026-10-17,37,quantile,0.15,0.00772031109617
2026-10-03,wk inc flu prop ed visits,2,2026-10-17,37,quantile,0.2,0.00841909977821
2026-10-03,wk inc flu prop ed visits,2,2026-10-17,37,quantile,0.25,0.00909474796546
2026-10-03,wk inc flu prop ed visits,2,2026-10-17,37,quantile,0.3,0.00977500270898
2026-10-03,wk inc flu prop ed visits,2,2026-10-17,37,quantile,0.35,0.0104889134004
2026-10-03,wk inc flu prop ed visits,2,2026-10-17,37,quantile,0.4,0.0111908911525
2026-10-03,wk inc flu prop ed visits,2,2026-10-17,37,quantile,0.45,0.011880966743
2026-10-03,wk inc flu prop ed visits,2,2026-10-17,37,quantile,0.5,0.0125451945506
2026-10-03,wk inc flu prop ed visits,2,2026-10-17,37,quantile,0.55,0.0132815820759
2026-10-03,wk inc flu prop ed visits,2,2026-10-17,37,quantile,0.6,0.0140968212781
2026-10-03,wk inc flu prop ed visits,2,2026-10-17,37,quantile,0.65,0.0150349393956
2026-10-03,wk inc flu prop ed visits,2,2026-10-17,37,quantile,0.7,0.0161621646093
2026-10-03,wk inc flu prop ed visits,2,2026-10-17,37,quantile,0.75,0.0172934466562
2026-10-03,wk inc flu prop ed visits,2,2026-10-17,37,quantile,0.8,0.0186742437775
2026-10-03,wk inc flu prop ed visits,2,2026-10-17,37,quantile,0.85,0.0204175265716
2026-10-03,wk inc flu prop ed visits,2,2026-10-17,37,quantile,0.9,0.0230349547801
2026-10-03,wk inc flu prop ed visits,2,2026-10-17,37,quantile,0.95,0.0270931881554
2026-10-03,wk inc flu prop ed visits,2,2026-10-17,37,quantile,0.975,0.0315179872419
2026-10-03,wk inc flu prop ed visits,2,2026-10-17,37,quantile,0.99,0.0374702169649
2026-10-03,wk inc flu prop ed visits,3,2026-10-24,37,quantile,0.01,0.00395911620187
2026-10-03,wk inc flu prop ed visits,3,2026-10-24,37,quantile,0.025,0.00474657525189
2026-10-03,wk inc flu prop ed visits,3,2026-10-24,37,quantile,0.05,0.00562401427858
2026-10-03,wk inc flu prop ed visits,3,2026-10-24,37,quantile,0.1,0.00679948306286
2026-10-03,wk inc flu prop ed visits,3,2026-10-24,37,quantile,0.15,0.00775393450699
2026-10-03,wk inc flu prop ed visits,3,2026-10-24,37,quantile,0.2,0.00861391411037
2026-10-03,wk inc flu prop ed visits,3,2026-10-24,37,quantile,0.25,0.00949530745555
2026-10-03,wk inc flu prop ed visits,3,2026-10-24,37,quantile,0.3,0.0103040674653
2026-10-03,wk inc flu prop ed visits,3,2026-10-24,37,quantile,0.35,0.01113105185
2026-10-03,wk inc flu prop ed visits,3,2026-10-24,37,quantile,0.4,0.0119567801084
2026-10-03,wk inc flu prop ed visits,3,2026-10-24,37,quantile,0.45,0.0128675798975
2026-10-03,wk inc flu prop ed visits,3,2026-10-24,37,quantile,0.5,0.0138457440674
2026-10-03,wk inc flu prop ed visits,3,2026-10-24,37,quantile,0.55,0.0148431147369
2026-10-03,wk inc flu prop ed visits,3,2026-10-24,37,quantile,0.6,0.0159477056115
2026-10-03,wk inc flu prop ed visits,3,2026-10-24,37,quantile,0.65,0.0170405722381
2026-10-03,wk inc flu prop ed visits,3,2026-10-24,37,quantile,0.7,0.0183877281321
2026-10-03,wk inc flu prop ed visits,3,2026-10-24,37,quantile,0.75,0.0199163355213
2026-10-03,wk inc flu prop ed visits,3,2026-10-24,37,quantile,0.8,0.0218579871378
2026-10-03,wk inc flu prop ed visits,3,2026-10-24,37,quantile,0.85,0.0245634646112
2026-10-03,wk inc flu prop ed visits,3,2026-10-24,37,quantile,0.9,0.0281347175086
2026-10-03,wk inc flu prop ed visits,3,2026-10-24,37,quantile,0.95,0.0343078585215
2026-10-03,wk inc flu prop ed visits,3,2026-10-24,37,quantile,0.975,0.0404238173252
2026-10-03,wk inc flu prop ed visits,3,2026-10-24,37,quantile,0.99,0.0489951877106
2026-10-03,wk inc flu prop ed visits,0,2026-10-03,38,quantile,0.01,0.000347423557919
2026-10-03,wk inc flu prop ed visits,0,2026-10-03,38,quantile,0.025,0.000465238157621
2026-10-03,wk inc flu prop ed visits,0,2026-10-03,38,quantile,0.05,0.000589270440413
2026-10-03,wk inc flu prop ed visits,0,2026-10-03,38,quantile,0.1,0.000783048716353
2026-10-03,wk inc flu prop ed visits,0,2026-10-03,38,quantile,0.15,0.00093964914093
2026-10-03,wk inc flu prop ed visits,0,2026-10-03,38,quantile,0.2,0.00108174012613
2026-10-03,wk inc flu prop ed visits,0,2026-10-03,38,quantile,0.25,0.00123031093556
2026-10-03,wk inc flu prop ed visits,0,2026-10-03,38,quantile,0.3,0.00139295448752
2026-10-03,wk inc flu prop ed visits,0,2026-10-03,38,quantile,0.35,0.00157254045768
2026-10-03,wk inc flu prop ed visits,0,2026-10-03,38,quantile,0.4,0.00172908530963
2026-10-03,wk inc flu prop ed visits,0,2026-10-03,38,quantile,0.45,0.00189990906658
2026-10-03,wk inc flu prop ed visits,0,2026-10-03,38,quantile,0.5,0.00209846509583
2026-10-03,wk inc flu prop ed visits,0,2026-10-03,38,quantile,0.55,0.002305385302
2026-10-03,wk inc flu prop ed visits,0,2026-10-03,38,quantile,0.6,0.00253339630534
2026-10-03,wk inc flu prop ed visits,0,2026-10-03,38,quantile,0.65,0.00279140387802
2026-10-03,wk inc flu prop ed visits,0,2026-10-03,38,quantile,0.7,0.00309722869287
2026-10-03,wk inc flu prop ed visits,0,2026-10-03,38,quantile,0.75,0.0034603984232
2026-10-03,wk inc flu prop ed visits,0,2026-10-03,38,quantile,0.8,0.00390852035577
2026-10-03,wk inc flu prop ed visits,0,2026-10-03,38,quantile,0.85,0.0044942455861
2026-10-03,wk inc flu prop ed visits,0,2026-10-03,38,quantile,0.9,0.00538719937207
2026-10-03,wk inc flu prop ed visits,0,2026-10-03,38,quantile,0.95,0.00694216369893
2026-10-03,wk inc flu prop ed visits,0,2026-10-03,38,quantile,0.975,0.00867501139683
2026-10-03,wk inc flu prop ed visits,0,2026-10-03,38,quantile,0.99,0.0112892736458
2026-10-03,wk inc flu prop ed visits,1,2026-10-10,38,quantile,0.01,0.00029362892319
2026-10-03,wk inc flu prop ed visits,1,2026-10-10,38,quantile,0.025,0.000405810852272
2026-10-03,wk inc flu prop ed visits,1,2026-10-10,38,quantile,0.05,0.00054133277002
2026-10-03,wk inc flu prop ed visits,1,2026-10-10,38,quantile,0.1,0.000753934901516
2026-10-03,wk inc flu prop ed visits,1,2026-10-10,38,quantile,0.15,0.000955852207922
2026-10-03,wk inc flu prop ed visits,1,2026-10-10,38,quantile,0.2,0.00113819293818
2026-10-03,wk inc flu prop ed visits,1,2026-10-10,38,quantile,0.25,0.00133627940304
2026-10-03,wk inc flu prop ed visits,1,2026-10-10,38,quantile,0.3,0.00152514259887
2026-10-03,wk inc flu prop ed visits,1,2026-10-10,38,quantile,0.35,0.00173843600359
2026-10-03,wk inc flu prop ed visits,1,2026-10-10,38,quantile,0.4,0.00195847880603
2026-10-03,wk inc flu prop ed visits,1,2026-10-10,38,quantile,0.45,0.00220037773878
2026-10-03,wk inc flu prop ed visits,1,2026-10-10,38,quantile,0.5,0.0024559379248
2026-10-03,wk inc flu prop ed visits,1,2026-10-10,38,quantile,0.55,0.00273068066612
2026-10-03,wk inc flu prop ed visits,1,2026-10-10,38,quantile,0.6,0.00305081297252
2026-10-03,wk inc flu prop ed visits,1,2026-10-10,38,quantile,0.65,0.0034238418203
2026-10-03,wk inc flu prop ed visits,1,2026-10-10,38,quantile,0.7,0.00384806443015
2026-10-03,wk inc flu prop ed visits,1,2026-10-10,38,quantile,0.75,0.0043687986818
2026-10-03,wk inc flu prop ed visits,1,2026-10-10,38,quantile,0.8,0.00504520118934
2026-10-03,wk inc flu prop ed visits,1,2026-10-10,38,quantile,0.85,0.0060292286475
2026-10-03,wk inc flu prop ed visits,1,2026-10-10,38,quantile,0.9,0.00749700239677
2026-10-03,wk inc flu prop ed visits,1,2026-10-10,38,quantile,0.95,0.0105388824498
2026-10-03,wk inc flu prop ed visits,1,2026-10-10,38,quantile,0.975,0.0139226408693
2026-10-03,wk inc flu prop ed visits,1,2026-10-10,38,quantile,0.99,0.0189788256375
2026-10-03,wk inc flu prop ed visits,2,2026-10-17,38,quantile,0.01,0.0002591322857
2026-10-03,wk inc flu prop ed visits,2,2026-10-17,38,quantile,0.025,0.000380679588167
2026-10-03,wk inc flu prop ed visits,2,2026-10-17,38,quantile,0.05,0.000529427811992
2026-10-03,wk inc flu prop ed visits,2,2026-10-17,38,quantile,0.1,0.000775316795862
2026-10-03,wk inc flu prop ed visits,2,2026-10-17,38,quantile,0.15,0.00099891149227
2026-10-03,wk inc flu prop ed visits,2,2026-10-17,38,quantile,0.2,0.00122127737646
2026-10-03,wk inc flu prop ed visits,2,2026-10-17,38,quantile,0.25,0.00146323259064
2026-10-03,wk inc flu prop ed visits,2,2026-10-17,38,quantile,0.3,0.00172257217575
2026-10-03,wk inc flu prop ed visits,2,2026-10-17,38,quantile,0.35,0.0019972182556
2026-10-03,wk inc flu prop ed visits,2,2026-10-17,38,quantile,0.4,0.0022887941952
2026-10-03,wk inc flu prop ed visits,2,2026-10-17,38,quantile,0.45,0.00261591530456
2026-10-03,wk inc flu prop ed visits,2,2026-10-17,38,quantile,0.5,0.0029883521331
2026-10-03,wk inc flu prop ed visits,2,2026-10-17,38,quantile,0.55,0.00340934563356
2026-10-03,wk inc flu prop ed visits,2,2026-10-17,38,quantile,0.6,0.00389382573649
2026-10-03,wk inc flu prop ed visits,2,2026-10-17,38,quantile,0.65,0.00445701901481
2026-10-03,wk inc flu prop ed visits,2,2026-10-17,38,quantile,0.7,0.00512278469386
2026-10-03,wk inc flu prop ed visits,2,2026-10-17,38,quantile,0.75,0.00593245556709
2026-10-03,wk inc flu prop ed visits,2,2026-10-17,38,quantile,0.8,0.0070747383728
2026-10-03,wk inc flu prop ed visits,2,2026-10-17,38,quantile,0.85,0.00867700030276
2026-10-03,wk inc flu prop ed visits,2,2026-10-17,38,quantile,0.9,0.0112760467795
2026-10-03,wk inc flu prop ed visits,2,2026-10-17,38,quantile,0.95,0.01653358491
2026-10-03,wk inc flu prop ed visits,2,2026-10-17,38,quantile,0.975,0.0230253843188
2026-10-03,wk inc flu prop ed visits,2,2026-10-17,38,quantile,0.99,0.0336420232212
2026-10-03,wk inc flu prop ed visits,3,2026-10-24,38,quantile,0.01,0.000245547969715
2026-10-03,wk inc flu prop ed visits,3,2026-10-24,38,quantile,0.025,0.000366265501054
2026-10-03,wk inc flu prop ed visits,3,2026-10-24,38,quantile,0.05,0.000527232748391
2026-10-03,wk inc flu prop ed visits,3,2026-10-24,38,quantile,0.1,0.000804899298601
2026-10-03,wk inc flu prop ed visits,3,2026-10-24,38,quantile,0.15,0.00107480651587
2026-10-03,wk inc flu prop ed visits,3,2026-10-24,38,quantile,0.2,0.00134954884403
2026-10-03,wk inc flu prop ed visits,3,2026-10-24,38,quantile,0.25,0.0016278227813
2026-10-03,wk inc flu prop ed visits,3,2026-10-24,38,quantile,0.3,0.00192659622266
2026-10-03,wk inc flu prop ed visits,3,2026-10-24,38,quantile,0.35,0.00225091323063
2026-10-03,wk inc flu prop ed visits,3,2026-10-24,38,quantile,0.4,0.00260480385372
2026-10-03,wk inc flu prop ed visits,3,2026-10-24,38,quantile,0.45,0.00299744810092
2026-10-03,wk inc flu prop ed visits,3,2026-10-24,38,quantile,0.5,0.00344859880473
2026-10-03,wk inc flu prop ed visits,3,2026-10-24,38,quantile,0.55,0.0039446254187
2026-10-03,wk inc flu prop ed visits,3,2026-10-24,38,quantile,0.6,0.00453073975063
2026-10-03,wk inc flu prop ed visits,3,2026-10-24,38,quantile,0.65,0.00522625375148
2026-10-03,wk inc flu prop ed visits,3,2026-10-24,38,quantile,0.7,0.00608219281555
2026-10-03,wk inc flu prop ed visits,3,2026-10-24,38,quantile,0.75,0.00724096851073
2026-10-03,wk inc flu prop ed visits,3,2026-10-24,38,quantile,0.8,0.00881907702384
2026-10-03,wk inc flu prop ed visits,3,2026-10-24,38,quantile,0.85,0.0109947506554
2026-10-03,wk inc flu prop ed visits,3,2026-10-24,38,quantile,0.9,0.0144785292677
2026-10-03,wk inc flu prop ed visits,3,2026-10-24,38,quantile,0.95,0.021837952321
2026-10-03,wk inc flu prop ed visits,3,2026-10-24,38,quantile,0.975,0.0309354757687
2026-10-03,wk inc flu prop ed visits,3,2026-10-24,38,quantile,0.99,0.0457266279787
2026-10-03,wk inc flu prop ed visits,0,2026-10-03,39,quantile,0.01,0.000447342387238
2026-10-03,wk inc flu prop ed visits,0,2026-10-03,39,quantile,0.025,0.000551655939088
2026-10-03,wk inc flu prop ed visits,0,2026-10-03,39,quantile,0.05,0.000660488475561
2026-10-03,wk inc flu prop ed visits,0,2026-10-03,39,quantile,0.1,0.000812123339426
2026-10-03,wk inc flu prop ed visits,0,2026-10-03,39,quantile,0.15,0.000933974124454
2026-10-03,wk inc flu prop ed visits,0,2026-10-03,39,quantile,0.2,0.0010483800454
2026-10-03,wk inc flu prop ed visits,0,2026-10-03,39,quantile,0.25,0.00115375368917
2026-10-03,wk inc flu prop ed visits,0,2026-10-03,39,quantile,0.3,0.00125256563679
2026-10-03,wk inc flu prop ed visits,0,2026-10-03,39,quantile,0.35,0.00135835974681
2026-10-03,wk inc flu prop ed visits,0,2026-10-03,39,quantile,0.4,0.0014686495074
2026-10-03,wk inc flu prop ed visits,0,2026-10-03,39,quantile,0.45,0.0015828502671
2026-10-03,wk inc flu prop ed visits,0,2026-10-03,39,quantile,0.5,0.00169482013999
2026-10-03,wk inc flu prop ed visits,0,2026-10-03,39,quantile,0.55,0.00182310240886
2026-10-03,wk inc flu prop ed visits,0,2026-10-03,39,quantile,0.6,0.00195250178612
2026-10-03,wk inc flu prop ed visits,0,2026-10-03,39,quantile,0.65,0.00209863529941
2026-10-03,wk inc flu prop ed visits,0,2026-10-03,39,quantile,0.7,0.00225514415496
2026-10-03,wk inc flu prop ed visits,0,2026-10-03,39,quantile,0.75,0.00244716635851
2026-10-03,wk inc flu prop ed visits,0,2026-10-03,39,quantile,0.8,0.00267520607751
2026-10-03,wk inc flu prop ed visits,0,2026-10-03,39,quantile,0.85,0.00298221768233
2026-10-03,wk inc flu prop ed visits,0,2026-10-03,39,quantile,0.9,0.00342485000638
2026-10-03,wk inc flu prop ed visits,0,2026-10-03,39,quantile,0.95,0.00423341180524
2026-10-03,wk inc flu prop ed visits,0,2026-10-03,39,quantile,0.975,0.00504692497493
2026-10-03,wk inc flu prop ed visits,0,2026-10-03,39,quantile,0.99,0.00617009825837
2026-10-03,wk inc flu prop ed visits,1,2026-10-10,39,quantile,0.01,0.000376413935665
2026-10-03,wk inc flu prop ed visits,1,2026-10-10,39,quantile,0.025,0.000487857553985
2026-10-03,wk inc flu prop ed visits,1,2026-10-10,39,quantile,0.05,0.000608455033102
2026-10-03,wk inc flu prop ed visits,1,2026-10-10,39,quantile,0.1,0.000787446596211
2026-10-03,wk inc flu prop ed visits,1,2026-10-10,39,quantile,0.15,0.000936179834493
2026-10-03,wk inc flu prop ed visits,1,2026-10-10,39,quantile,0.2,0.00107180596717
2026-10-03,wk inc flu prop ed visits,1,2026-10-10,39,quantile,0.25,0.00120585568407
2026-10-03,wk inc flu prop ed visits,1,2026-10-10,39,quantile,0.3,0.00133541811576
2026-10-03,wk inc flu prop ed visits,1,2026-10-10,39,quantile,0.35,0.00147090098725
2026-10-03,wk inc flu prop ed visits,1,2026-10-10,39,quantile,0.4,0.00161326543866
2026-10-03,wk inc flu prop ed visits,1,2026-10-10,39,quantile,0.45,0.00176408884121
2026-10-03,wk inc flu prop ed visits,1,2026-10-10,39,quantile,0.5,0.00192696748053
2026-10-03,wk inc flu prop ed visits,1,2026-10-10,39,quantile,0.55,0.0021110500996
2026-10-03,wk inc flu prop ed visits,1,2026-10-10,39,quantile,0.6,0.00230457966519
2026-10-03,wk inc flu prop ed visits,1,2026-10-10,39,quantile,0.65,0.00252794202453
2026-10-03,wk inc flu prop ed visits,1,2026-10-10,39,quantile,0.7,0.00279292933777
2026-10-03,wk inc flu prop ed visits,1,2026-10-10,39,quantile,0.75,0.00310572456581
2026-10-03,wk inc flu prop ed visits,1,2026-10-10,39,quantile,0.8,0.0034745488611
2026-10-03,wk inc flu prop ed visits,1,2026-10-10,39,quantile,0.85,0.00399364348863
2026-10-03,wk inc flu prop ed visits,1,2026-10-10,39,quantile,0.9,0.0047420587173
2026-10-03,wk inc flu prop ed visits,1,2026-10-10,39,quantile,0.95,0.00607324159347
2026-10-03,wk inc flu prop ed visits,1,2026-10-10,39,quantile,0.975,0.00752642337139
2026-10-03,wk inc flu prop ed visits,1,2026-10-10,39,quantile,0.99,0.00972220125273
2026-10-03,wk inc flu prop ed visits,2,2026-10-17,39,quantile,0.01,0.000341746954553
2026-10-03,wk inc flu prop ed visits,2,2026-10-17,39,quantile,0.025,0.000463648963374
2026-10-03,wk inc flu prop ed visits,2,2026-10-17,39,quantile,0.05,0.000603398331897
2026-10-03,wk inc flu prop ed visits,2,2026-10-17,39,quantile,0.1,0.000823684945654
2026-10-03,wk inc flu prop ed visits,2,2026-10-17,39,quantile,0.15,0.00100431717716
2026-10-03,wk inc flu prop ed visits,2,2026-10-17,39,quantile,0.2,0.00117129543247
2026-10-03,wk inc flu prop ed visits,2,2026-10-17,39,quantile,0.25,0.00133675234116
2026-10-03,wk inc flu prop ed visits,2,2026-10-17,39,quantile,0.3,0.00150592864159
2026-10-03,wk inc flu prop ed visits,2,2026-10-17,39,quantile,0.35,0.00168171881322
2026-10-03,wk inc flu prop ed visits,2,2026-10-17,39,quantile,0.4,0.00187465327613
2026-10-03,wk inc flu prop ed visits,2,2026-10-17,39,quantile,0.45,0.00206772528281
2026-10-03,wk inc flu prop ed visits,2,2026-10-17,39,quantile,0.5,0.00228321018455
2026-10-03,wk inc flu prop ed visits,2,2026-10-17,39,quantile,0.55,0.00254169913293
2026-10-03,wk inc flu prop ed visits,2,2026-10-17,39,quantile,0.6,0.00282327621175
2026-10-03,wk inc flu prop ed visits,2,2026-10-17,39,quantile,0.65,0.00315530704303
2026-10-03,wk inc flu prop ed visits,2,2026-10-17,39,quantile,0.7,0.00354201043358
2026-10-03,wk inc flu prop ed visits,2,2026-10-17,39,quantile,0.75,0.00400448499198
2026-10-03,wk inc flu prop ed visits,2,2026-10-17,39,quantile,0.8,0.00460133359446
2026-10-03,wk inc flu prop ed visits,2,2026-10-17,39,quantile,0.85,0.00540524350529
2026-10-03,wk inc flu prop ed visits,2,2026-10-17,39,quantile,0.9,0.00659973077655
2026-10-03,wk inc flu prop ed visits,2,2026-10-17,39,quantile,0.95,0.00886479314016
2026-10-03,wk inc flu prop ed visits,2,2026-10-17,39,quantile,0.975,0.0115040808368
2026-10-03,wk inc flu prop ed visits,2,2026-10-17,39,quantile,0.99,0.015435637732
2026-10-03,wk inc flu prop ed visits,3,2026-10-24,39,quantile,0.01,0.000326859221801
2026-10-03,wk inc flu prop ed visits,3,2026-10-24,39,quantile,0.025,0.000462727247881
2026-10-03,wk inc flu prop ed visits,3,2026-10-24,39,quantile,0.05,0.000622594974837
2026-10-03,wk inc flu prop ed visits,3,2026-10-24,39,quantile,0.1,0.000861552533164
2026-10-03,wk inc flu prop ed visits,3,2026-10-24,39,quantile,0.15,0.00108535603015
2026-10-03,wk inc flu prop ed visits,3,2026-10-24,39,quantile,0.2,0.0012942464455
2026-10-03,wk inc flu prop ed visits,3,2026-10-24,39,quantile,0.25,0.00150099302008
2026-10-03,wk inc flu prop ed visits,3,2026-10-24,39,quantile,0.3,0.00171215545274
2026-10-03,wk inc flu prop ed visits,3,2026-10-24,39,quantile,0.35,0.00191038250295
2026-10-03,wk inc flu prop ed visits,3,2026-10-24,39,quantile,0.4,0.00215758518409
2026-10-03,wk inc flu prop ed visits,3,2026-10-24,39,quantile,0.45,0.00241904661176
2026-10-03,wk inc flu prop ed visits,3,2026-10-24,39,quantile,0.5,0.0026984437311
2026-10-03,wk inc flu prop ed visits,3,2026-10-24,39,quantile,0.55,0.00300329119456
2026-10-03,wk inc flu prop ed visits,3,2026-10-24,39,quantile,0.6,0.00337539356119
2026-10-03,wk inc flu prop ed visits,3,2026-10-24,39,quantile,0.65,0.00382917636201
2026-10-03,wk inc flu prop ed visits,3,2026-10-24,39,quantile,0.7,0.00433191676028
2026-10-03,wk inc flu prop ed visits,3,2026-10-24,39,quantile,0.75,0.00494064802097
2026-10-03,wk inc flu prop ed visits,3,2026-10-24,39,quantile,0.8,0.00576502521559
2026-10-03,wk inc flu prop ed visits,3,2026-10-24,39,quantile,0.85,0.00697640333392
2026-10-03,wk inc flu prop ed visits,3,2026-10-24,39,quantile,0.9,0.00876217467745
2026-10-03,wk inc flu prop ed visits,3,2026-10-24,39,quantile,0.95,0.0121390828075
2026-10-03,wk inc flu prop ed visits,3,2026-10-24,39,quantile,0.975,0.0160195792569
2026-10-03,wk inc flu prop ed visits,3,2026-10-24,39,quantile,0.99,0.022411808695
2026-10-03,wk inc flu prop ed visits,0,2026-10-03,40,quantile,0.01,0.000864104888839
2026-10-03,wk inc flu prop ed visits,0,2026-10-03,40,quantile,0.025,0.00106076821323
2026-10-03,wk inc flu prop ed visits,0,2026-10-03,40,quantile,0.05,0.00126150046608
2026-10-03,wk inc flu prop ed visits,0,2026-10-03,40,quantile,0.1,0.00153435837003
2026-10-03,wk inc flu prop ed visits,0,2026-10-03,40,quantile,0.15,0.00175266186531
2026-10-03,wk inc flu prop ed visits,0,2026-10-03,40,quantile,0.2,0.00194852599087
2026-10-03,wk inc flu prop ed visits,0,2026-10-03,40,quantile,0.25,0.00213181075696
2026-10-03,wk inc flu prop ed visits,0,2026-10-03,40,quantile,0.3,0.00231447425533
2026-10-03,wk inc flu prop ed visits,0,2026-10-03,40,quantile,0.35,0.00249915121251
2026-10-03,wk inc flu prop ed visits,0,2026-10-03,40,quantile,0.4,0.00267927495188
2026-10-03,wk inc flu prop ed visits,0,2026-10-03,40,quantile,0.45,0.00287445930186
2026-10-03,wk inc flu prop ed visits,0,2026-10-03,40,quantile,0.5,0.00306698088824
2026-10-03,wk inc flu prop ed visits,0,2026-10-03,40,quantile,0.55,0.0032828957487
2026-10-03,wk inc flu prop ed visits,0,2026-10-03,40,quantile,0.6,0.00351609538923
2026-10-03,wk inc flu prop ed visits,0,2026-10-03,40,quantile,0.65,0.00377985823889
2026-10-03,wk inc flu prop ed visits,0,2026-10-03,40,quantile,0.7,0.00407973881792
2026-10-03,wk inc flu prop ed visits,0,2026-10-03,40,quantile,0.75,0.00443122519409
2026-10-03,wk inc flu prop ed visits,0,2026-10-03,40,quantile,0.8,0.00484735123767
2026-10-03,wk inc flu prop ed visits,0,2026-10-03,40,quantile,0.85,0.00537518142484
2026-10-03,wk inc flu prop ed visits,0,2026-10-03,40,quantile,0.9,0.00611762321539
2026-10-03,wk inc flu prop ed visits,0,2026-10-03,40,quantile,0.95,0.00742201060355
2026-10-03,wk inc flu prop ed visits,0,2026-10-03,40,quantile,0.975,0.00877247870005
2026-10-03,wk inc flu prop ed visits,0,2026-10-03,40,quantile,0.99,0.0106872923171
2026-10-03,wk inc flu prop ed visits,1,2026-10-10,40,quantile,0.01,0.000702041498078
2026-10-03,wk inc flu prop ed visits,1,2026-10-10,40,quantile,0.025,0.000906151189917
2026-10-03,wk inc flu prop ed visits,1,2026-10-10,40,quantile,0.05,0.00112983651886
2026-10-03,wk inc flu prop ed visits,1,2026-10-10,40,quantile,0.1,0.00144029546863
2026-10-03,wk inc flu prop ed visits,1,2026-10-10,40,quantile,0.15,0.00170941268438
2026-10-03,wk inc flu prop ed visits,1,2026-10-10,40,quantile,0.2,0.0019569336285
2026-10-03,wk inc flu prop ed visits,1,2026-10-10,40,quantile,0.25,0.00219715178866
2026-10-03,wk inc flu prop ed visits,1,2026-10-10,40,quantile,0.3,0.00243274114019
2026-10-03,wk inc flu prop ed visits,1,2026-10-10,40,quantile,0.35,0.00266584443393
2026-10-03,wk inc flu prop ed visits,1,2026-10-10,40,quantile,0.4,0.00290478451486
2026-10-03,wk inc flu prop ed visits,1,2026-10-10,40,quantile,0.45,0.00316099419229
2026-10-03,wk inc flu prop ed visits,1,2026-10-10,40,quantile,0.5,0.00344893617978
2026-10-03,wk inc flu prop ed visits,1,2026-10-10,40,quantile,0.55,0.00376256985792
2026-10-03,wk inc flu prop ed visits,1,2026-10-10,40,quantile,0.6,0.00411672358727
2026-10-03,wk inc flu prop ed visits,1,2026-10-10,40,quantile,0.65,0.00450613384271
2026-10-03,wk inc flu prop ed visits,1,2026-10-10,40,quantile,0.7,0.00495256556733
2026-10-03,wk inc flu prop ed visits,1,2026-10-10,40,quantile,0.75,0.00549421994667
2026-10-03,wk inc flu prop ed visits,1,2026-10-10,40,quantile,0.8,0.00615468303338
2026-10-03,wk inc flu prop ed visits,1,2026-10-10,40,quantile,0.85,0.00701089075043
2026-10-03,wk inc flu prop ed visits,1,2026-10-10,40,quantile,0.9,0.0082579626423
2026-10-03,wk inc flu prop ed visits,1,2026-10-10,40,quantile,0.95,0.0104856392626
2026-10-03,wk inc flu prop ed visits,1,2026-10-10,40,quantile,0.975,0.0129435063117
2026-10-03,wk inc flu prop ed visits,1,2026-10-10,40,quantile,0.99,0.0165931681025
2026-10-03,wk inc flu prop ed visits,2,2026-10-17,40,quantile,0.01,0.000606174447405
2026-10-03,wk inc flu prop ed visits,2,2026-10-17,40,quantile,0.025,0.000826607733215
2026-10-03,wk inc flu prop ed visits,2,2026-10-17,40,quantile,0.05,0.00107413287755
2026-10-03,wk inc flu prop ed visits,2,2026-10-17,40,quantile,0.1,0.00144552417976
2026-10-03,wk inc flu prop ed visits,2,2026-10-17,40,quantile,0.15,0.00176301679602
2026-10-03,wk inc flu prop ed visits,2,2026-10-17,40,quantile,0.2,0.00205905157655
2026-10-03,wk inc flu prop ed visits,2,2026-10-17,40,quantile,0.25,0.00237517557892
2026-10-03,wk inc flu prop ed visits,2,2026-10-17,40,quantile,0.3,0.00270011273069
2026-10-03,wk inc flu prop ed visits,2,2026-10-17,40,quantile,0.35,0.00303109268054
2026-10-03,wk inc flu prop ed visits,2,2026-10-17,40,quantile,0.4,0.0033592185973
2026-10-03,wk inc flu prop ed visits,2,2026-10-17,40,quantile,0.45,0.00370734923436
2026-10-03,wk inc flu prop ed visits,2,2026-10-17,40,quantile,0.5,0.00409710066722
2026-10-03,wk inc flu prop ed visits,2,2026-10-17,40,quantile,0.55,0.00453704816725
2026-10-03,wk inc flu prop ed visits,2,2026-10-17,40,quantile,0.6,0.00504447750567
2026-10-03,wk inc flu prop ed visits,2,2026-10-17,40,quantile,0.65,0.00564107070811
2026-10-03,wk inc flu prop ed visits,2,2026-10-17,40,quantile,0.7,0.0063458382049
2026-10-03,wk inc flu prop ed visits,2,2026-10-17,40,quantile,0.75,0.00720685073353
2026-10-03,wk inc flu prop ed visits,2,2026-10-17,40,quantile,0.8,0.00832748165818
2026-10-03,wk inc flu prop ed visits,2,2026-10-17,40,quantile,0.85,0.00982471401846
2026-10-03,wk inc flu prop ed visits,2,2026-10-17,40,quantile,0.9,0.0119757138167
2026-10-03,wk inc flu prop ed visits,2,2026-10-17,40,quantile,0.95,0.0162068566078
2026-10-03,wk inc flu prop ed visits,2,2026-10-17,40,quantile,0.975,0.0209177109185
2026-10-03,wk inc flu prop ed visits,2,2026-10-17,40,quantile,0.99,0.0279933552321
2026-10-03,wk inc flu prop ed visits,3,2026-10-24,40,quantile,0.01,0.000577434063405
2026-10-03,wk inc flu prop ed visits,3,2026-10-24,40,quantile,0.025,0.000814624876345
2026-10-03,wk inc flu prop ed visits,3,2026-10-24,40,quantile,0.05,0.00108059265649
2026-10-03,wk inc flu prop ed visits,3,2026-10-24,40,quantile,0.1,0.00152473355041
2026-10-03,wk inc flu prop ed visits,3,2026-10-24,40,quantile,0.15,0.00191895851835
2026-10-03,wk inc flu prop ed visits,3,2026-10-24,40,quantile,0.2,0.00229642042558
2026-10-03,wk inc flu prop ed visits,3,2026-10-24,40,quantile,0.25,0.00264516696583
2026-10-03,wk inc flu prop ed visits,3,2026-10-24,40,quantile,0.3,0.00301380923969
2026-10-03,wk inc flu prop ed visits,3,2026-10-24,40,quantile,0.35,0.00339121583182
2026-10-03,wk inc flu prop ed visits,3,2026-10-24,40,quantile,0.4,0.00378982347277
2026-10-03,wk inc flu prop ed visits,3,2026-10-24,40,quantile,0.45,0.00421835698864
2026-10-03,wk inc flu prop ed visits,3,2026-10-24,40,quantile,0.5,0.00473700831508
2026-10-03,wk inc flu prop ed visits,3,2026-10-24,40,quantile,0.55,0.00530851985066
2026-10-03,wk inc flu prop ed visits,3,2026-10-24,40,quantile,0.6,0.00599170254834
2026-10-03,wk inc flu prop ed visits,3,2026-10-24,40,quantile,0.65,0.00676899374916
2026-10-03,wk inc flu prop ed visits,3,2026-10-24,40,quantile,0.7,0.00772137194494
2026-10-03,wk inc flu prop ed visits,3,2026-10-24,40,quantile,0.75,0.00884443961508
2026-10-03,wk inc flu prop ed visits,3,2026-10-24,40,quantile,0.8,0.0103090621462
2026-10-03,wk inc flu prop ed visits,3,2026-10-24,40,quantile,0.85,0.0123784530537
2026-10-03,wk inc flu prop ed visits,3,2026-10-24,40,quantile,0.9,0.0155584762695
2026-10-03,wk inc flu prop ed visits,3,2026-10-24,40,quantile,0.95,0.0218669954161
2026-10-03,wk inc flu prop ed visits,3,2026-10-24,40,quantile,0.975,0.0291966913952
2026-10-03,wk inc flu prop ed visits,3,2026-10-24,40,quantile,0.99,0.0403282804445
2026-10-03,wk inc flu prop ed visits,0,2026-10-03,41,quantile,0.01,0.0012842490427
2026-10-03,wk inc flu prop ed visits,0,2026-10-03,41,quantile,0.025,0.00157160407379
2026-10-03,wk inc flu prop ed visits,0,2026-10-03,41,quantile,0.05,0.00186468237165
2026-10-03,wk inc flu prop ed visits,0,2026-10-03,41,quantile,0.1,0.00229388560075
2026-10-03,wk inc flu prop ed visits,0,2026-10-03,41,quantile,0.15,0.00262442657187
2026-10-03,wk inc flu prop ed visits,0,2026-10-03,41,quantile,0.2,0.00292399367667
2026-10-03,wk inc flu prop ed visits,0,2026-10-03,41,quantile,0.25,0.00321686987605
2026-10-03,wk inc flu prop ed visits,0,2026-10-03,41,quantile,0.3,0.00347930412458
2026-10-03,wk inc flu prop ed visits,0,2026-10-03,41,quantile,0.35,0.00374749348259
2026-10-03,wk inc flu prop ed visits,0,2026-10-03,41,quantile,0.4,0.00402517813338
2026-10-03,wk inc flu prop ed visits,0,2026-10-03,41,quantile,0.45,0.00432243190449
2026-10-03,wk inc flu prop ed visits,0,2026-10-03,41,quantile,0.5,0.00463745824525
2026-10-03,wk inc flu prop ed visits,0,2026-10-03,41,quantile,0.55,0.00497414862513
2026-10-03,wk inc flu prop ed visits,0,2026-10-03,41,quantile,0.6,0.00533685044769
2026-10-03,wk inc flu prop ed visits,0,2026-10-03,41,quantile,0.65,0.00572126790984
2026-10-03,wk inc flu prop ed visits,0,2026-10-03,41,quantile,0.7,0.00619676893612
2026-10-03,wk inc flu prop ed visits,0,2026-10-03,41,quantile,0.75,0.0067167747333
2026-10-03,wk inc flu prop ed visits,0,2026-10-03,41,quantile,0.8,0.00735001180989
2026-10-03,wk inc flu prop ed visits,0,2026-10-03,41,quantile,0.85,0.00817912905753
2026-10-03,wk inc flu prop ed visits,0,2026-10-03,41,quantile,0.9,0.00930029513856
2026-10-03,wk inc flu prop ed visits,0,2026-10-03,41,quantile,0.95,0.0113452593701
2026-10-03,wk inc flu prop ed visits,0,2026-10-03,41,quantile,0.975,0.013415101711
2026-10-03,wk inc flu prop ed visits,0,2026-10-03,41,quantile,0.99,0.016301738431
2026-10-03,wk inc flu prop ed visits,1,2026-10-10,41,quantile,0.01,0.00105184452277
2026-10-03,wk inc flu prop ed visits,1,2026-10-10,41,quantile,0.025,0.00137740581418
2026-10-03,wk inc flu prop ed visits,1,2026-10-10,41,quantile,0.05,0.00170039341699
2026-10-03,wk inc flu prop ed visits,1,2026-10-10,41,quantile,0.1,0.00217464002318
2026-10-03,wk inc flu prop ed visits,1,2026-10-10,41,quantile,0.15,0.00257842798107
2026-10-03,wk inc flu prop ed visits,1,2026-10-10,41,quantile,0.2,0.00294247011727
2026-10-03,wk inc flu prop ed visits,1,2026-10-10,41,quantile,0.25,0.00330418109527
2026-10-03,wk inc flu prop ed visits,1,2026-10-10,41,quantile,0.3,0.00364004503969
2026-10-03,wk inc flu prop ed visits,1,2026-10-10,41,quantile,0.35,0.00398586082636
2026-10-03,wk inc flu prop ed visits,1,2026-10-10,41,quantile,0.4,0.00437866257965
2026-10-03,wk inc flu prop ed visits,1,2026-10-10,41,quantile,0.45,0.00479263552362
2026-10-03,wk inc flu prop ed visits,1,2026-10-10,41,quantile,0.5,0.00521764709805
2026-10-03,wk inc flu prop ed visits,1,2026-10-10,41,quantile,0.55,0.00569006197518
2026-10-03,wk inc flu prop ed visits,1,2026-10-10,41,quantile,0.6,0.00621917386226
2026-10-03,wk inc flu prop ed visits,1,2026-10-10,41,quantile,0.65,0.00680269197448
2026-10-03,wk inc flu prop ed visits,1,2026-10-10,41,quantile,0.7,0.00746999579969
2026-10-03,wk inc flu prop ed visits,1,2026-10-10,41,quantile,0.75,0.00830841803896
2026-10-03,wk inc flu prop ed visits,1,2026-10-10,41,quantile,0.8,0.00930557290568
2026-10-03,wk inc flu prop ed visits,1,2026-10-10,41,quantile,0.85,0.0106303119135
2026-10-03,wk inc flu prop ed visits,1,2026-10-10,41,quantile,0.9,0.0125426718634
2026-10-03,wk inc flu prop ed visits,1,2026-10-10,41,quantile,0.95,0.0159850818101
2026-10-03,wk inc flu prop ed visits,1,2026-10-10,41,quantile,0.975,0.0196437812482
2026-10-03,wk inc flu prop ed visits,1,2026-10-10,41,quantile,0.99,0.0249802524596
2026-10-03,wk inc flu prop ed visits,2,2026-10-17,41,quantile,0.01,0.000865752900219
2026-10-03,wk inc flu prop ed visits,2,2026-10-17,41,quantile,0.025,0.00119020382778
2026-10-03,wk inc flu prop ed visits,2,2026-10-17,41,quantile,0.05,0.00155370449285
2026-10-03,wk inc flu prop ed visits,2,2026-10-17,41,quantile,0.1,0.00212055444552
2026-10-03,wk inc flu prop ed visits,2,2026-10-17,41,quantile,0.15,0.00260507782905
2026-10-03,wk inc flu prop ed visits,2,2026-10-17,41,quantile,0.2,0.00307611087958
2026-10-03,wk inc flu prop ed visits,2,2026-10-17,41,quantile,0.25,0.00354136935535
2026-10-03,wk inc flu prop ed visits,2,2026-10-17,41,quantile,0.3,0.00400305960975
2026-10-03,wk inc flu prop ed visits,2,2026-10-17,41,quantile,0.35,0.00449827163859
2026-10-03,wk inc flu prop ed visits,2,2026-10-17,41,quantile,0.4,0.00502289792837
2026-10-03,wk inc flu prop ed visits,2,2026-10-17,41,quantile,0.45,0.00556871169598
2026-10-03,wk inc flu prop ed visits,2,2026-10-17,41,quantile,0.5,0.00620030442649
2026-10-03,wk inc flu prop ed visits,2,2026-10-17,41,quantile,0.55,0.00689259259157
2026-10-03,wk inc flu prop ed visits,2,2026-10-17,41,quantile,0.6,0.00761918715301
2026-10-03,wk inc flu prop ed visits,2,2026-10-17,41,quantile,0.65,0.00848859642542
2026-10-03,wk inc flu prop ed visits,2,2026-10-17,41,quantile,0.7,0.00955455824014
2026-10-03,wk inc flu prop ed visits,2,2026-10-17,41,quantile,0.75,0.0108569805293
2026-10-03,wk inc flu prop ed visits,2,2026-10-17,41,quantile,0.8,0.0125266622586
2026-10-03,wk inc flu prop ed visits,2,2026-10-17,41,quantile,0.85,0.0148096110168
2026-10-03,wk inc flu prop ed visits,2,2026-10-17,41,quantile,0.9,0.0181333881427
2026-10-03,wk inc flu prop ed visits,2,2026-10-17,41,quantile,0.95,0.0245302865486
2026-10-03,wk inc flu prop ed visits,2,2026-10-17,41,quantile,0.975,0.0319736560145
2026-10-03,wk inc flu prop ed visits,2,2026-10-17,41,quantile,0.99,0.0431027839658
2026-10-03,wk inc flu prop ed visits,3,2026-10-24,41,quantile,0.01,0.000787031023997
2026-10-03,wk inc flu prop ed visits,3,2026-10-24,41,quantile,0.025,0.00110653102446
2026-10-03,wk inc flu prop ed visits,3,2026-10-24,41,quantile,0.05,0.00149976676583
2026-10-03,wk inc flu prop ed visits,3,2026-10-24,41,quantile,0.1,0.00216058463931
2026-10-03,wk inc flu prop ed visits,3,2026-10-24,41,quantile,0.15,0.00270555601866
2026-10-03,wk inc flu prop ed visits,3,2026-10-24,41,quantile,0.2,0.00326490392532
2026-10-03,wk inc flu prop ed visits,3,2026-10-24,41,quantile,0.25,0.0038378827574
2026-10-03,wk inc flu prop ed visits,3,2026-10-24,41,quantile,0.3,0.00440762751245
2026-10-03,wk inc flu prop ed visits,3,2026-10-24,41,quantile,0.35,0.00503743851643
2026-10-03,wk inc flu prop ed visits,3,2026-10-24,41,quantile,0.4,0.00567724676822
2026-10-03,wk inc flu prop ed visits,3,2026-10-24,41,quantile,0.45,0.00637768353935
2026-10-03,wk inc flu prop ed visits,3,2026-10-24,41,quantile,0.5,0.00719870762041
2026-10-03,wk inc flu prop ed visits,3,2026-10-24,41,quantile,0.55,0.00808012412705
2026-10-03,wk inc flu prop ed visits,3,2026-10-24,41,quantile,0.6,0.00905534543678
2026-10-03,wk inc flu prop ed visits,3,2026-10-24,41,quantile,0.65,0.0102103013711
2026-10-03,wk inc flu prop ed visits,3,2026-10-24,41,quantile,0.7,0.0116289367898
2026-10-03,wk inc flu prop ed visits,3,2026-10-24,41,quantile,0.75,0.0133524756641
2026-10-03,wk inc flu prop ed visits,3,2026-10-24,41,quantile,0.8,0.0156671827732
2026-10-03,wk inc flu prop ed visits,3,2026-10-24,41,quantile,0.85,0.0190161457998
2026-10-03,wk inc flu prop ed visits,3,2026-10-24,41,quantile,0.9,0.0239155948749
2026-10-03,wk inc flu prop ed visits,3,2026-10-24,41,quantile,0.95,0.0341116366524
2026-10-03,wk inc flu prop ed visits,3,2026-10-24,41,quantile,0.975,0.045315127069
2026-10-03,wk inc flu prop ed visits,3,2026-10-24,41,quantile,0.99,0.0639163880979
2026-10-03,wk inc flu prop ed visits,0,2026-10-03,42,quantile,0.01,0.000707269908368
2026-10-03,wk inc flu prop ed visits,0,2026-10-03,42,quantile,0.025,0.000840323992146
2026-10-03,wk inc flu prop ed visits,0,2026-10-03,42,quantile,0.05,0.000972801494291
2026-10-03,wk inc flu prop ed visits,0,2026-10-03,42,quantile,0.1,0.00115261725886
2026-10-03,wk inc flu prop ed visits,0,2026-10-03,42,quantile,0.15,0.0012963174159
2026-10-03,wk inc flu prop ed visits,0,2026-10-03,42,quantile,0.2,0.00142126919255
2026-10-03,wk inc flu prop ed visits,0,2026-10-03,42,quantile,0.25,0.00153737592688
2026-10-03,wk inc flu prop ed visits,0,2026-10-03,42,quantile,0.3,0.00164260228754
2026-10-03,wk inc flu prop ed visits,0,2026-10-03,42,quantile,0.35,0.001743816649
2026-10-03,wk inc flu prop ed visits,0,2026-10-03,42,quantile,0.4,0.00184873029434
2026-10-03,wk inc flu prop ed visits,0,2026-10-03,42,quantile,0.45,0.00196586108789
2026-10-03,wk inc flu prop ed visits,0,2026-10-03,42,quantile,0.5,0.00208171821781
2026-10-03,wk inc flu prop ed visits,0,2026-10-03,42,quantile,0.55,0.00219706558861
2026-10-03,wk inc flu prop ed visits,0,2026-10-03,42,quantile,0.6,0.00232006487565
2026-10-03,wk inc flu prop ed visits,0,2026-10-03,42,quantile,0.65,0.00246113614136
2026-10-03,wk inc flu prop ed visits,0,2026-10-03,42,quantile,0.7,0.00261574167475
2026-10-03,wk inc flu prop ed visits,0,2026-10-03,42,quantile,0.75,0.00279827207892
2026-10-03,wk inc flu prop ed visits,0,2026-10-03,42,quantile,0.8,0.00302135512345
2026-10-03,wk inc flu prop ed visits,0,2026-10-03,42,quantile,0.85,0.00330198363511
2026-10-03,wk inc flu prop ed visits,0,2026-10-03,42,quantile,0.9,0.00368460839089
2026-10-03,wk inc flu prop ed visits,0,2026-10-03,42,quantile,0.95,0.00434281484345
2026-10-03,wk inc flu prop ed visits,0,2026-10-03,42,quantile,0.975,0.00498922652868
2026-10-03,wk inc flu prop ed visits,0,2026-10-03,42,quantile,0.99,0.00588033333593
2026-10-03,wk inc flu prop ed visits,1,2026-10-10,42,quantile,0.01,0.000612420316453
2026-10-03,wk inc flu prop ed visits,1,2026-10-10,42,quantile,0.025,0.000760826637803
2026-10-03,wk inc flu prop ed visits,1,2026-10-10,42,quantile,0.05,0.000915645844823
2026-10-03,wk inc flu prop ed visits,1,2026-10-10,42,quantile,0.1,0.0011307914336
2026-10-03,wk inc flu prop ed visits,1,2026-10-10,42,quantile,0.15,0.00130656017508
2026-10-03,wk inc flu prop ed visits,1,2026-10-10,42,quantile,0.2,0.0014677663504
2026-10-03,wk inc flu prop ed visits,1,2026-10-10,42,quantile,0.25,0.00161638952752
2026-10-03,wk inc flu prop ed visits,1,2026-10-10,42,quantile,0.3,0.00175660721141
2026-10-03,wk inc flu prop ed visits,1,2026-10-10,42,quantile,0.35,0.00190109205121
2026-10-03,wk inc flu prop ed visits,1,2026-10-10,42,quantile,0.4,0.00205481097492
2026-10-03,wk inc flu prop ed visits,1,2026-10-10,42,quantile,0.45,0.00221245579983
2026-10-03,wk inc flu prop ed visits,1,2026-10-10,42,quantile,0.5,0.00238280645475
2026-10-03,wk inc flu prop ed visits,1,2026-10-10,42,quantile,0.55,0.00256274539232
2026-10-03,wk inc flu prop ed visits,1,2026-10-10,42,quantile,0.6,0.00275921223928
2026-10-03,wk inc flu prop ed visits,1,2026-10-10,42,quantile,0.65,0.00297418073346
2026-10-03,wk inc flu prop ed visits,1,2026-10-10,42,quantile,0.7,0.00321650265187
2026-10-03,wk inc flu prop ed visits,1,2026-10-10,42,quantile,0.75,0.00349491031413
2026-10-03,wk inc flu prop ed visits,1,2026-10-10,42,quantile,0.8,0.0038800529183
2026-10-03,wk inc flu prop ed visits,1,2026-10-10,42,quantile,0.85,0.00435060458701
2026-10-03,wk inc flu prop ed visits,1,2026-10-10,42,quantile,0.9,0.00499948959345
2026-10-03,wk inc flu prop ed visits,1,2026-10-10,42,quantile,0.95,0.00615850135429
2026-10-03,wk inc flu prop ed visits,1,2026-10-10,42,quantile,0.975,0.00737861465224
2026-10-03,wk inc flu prop ed visits,1,2026-10-10,42,quantile,0.99,0.00908561660094
2026-10-03,wk inc flu prop ed visits,2,2026-10-17,42,quantile,0.01,0.000545788531113
2026-10-03,wk inc flu prop ed visits,2,2026-10-17,42,quantile,0.025,0.000712158485063
2026-10-03,wk inc flu prop ed visits,2,2026-10-17,42,quantile,0.05,0.000893461857441
2026-10-03,wk inc flu prop ed visits,2,2026-10-17,42,quantile,0.1,0.00115774955251
2026-10-03,wk inc flu prop ed visits,2,2026-10-17,42,quantile,0.15,0.00138067600369
2026-10-03,wk inc flu prop ed visits,2,2026-10-17,42,quantile,0.2,0.00159074597416
2026-10-03,wk inc flu prop ed visits,2,2026-10-17,42,quantile,0.25,0.00178935451758
2026-10-03,wk inc flu prop ed visits,2,2026-10-17,42,quantile,0.3,0.00198897989645
2026-10-03,wk inc flu prop ed visits,2,2026-10-17,42,quantile,0.35,0.00217708860215
2026-10-03,wk inc flu prop ed visits,2,2026-10-17,42,quantile,0.4,0.00238655903284
2026-10-03,wk inc flu prop ed visits,2,2026-10-17,42,quantile,0.45,0.00258452286659
2026-10-03,wk inc flu prop ed visits,2,2026-10-17,42,quantile,0.5,0.00280165690628
2026-10-03,wk inc flu prop ed visits,2,2026-10-17,42,quantile,0.55,0.00306738448773
2026-10-03,wk inc flu prop ed visits,2,2026-10-17,42,quantile,0.6,0.00336804661627
2026-10-03,wk inc flu prop ed visits,2,2026-10-17,42,quantile,0.65,0.00369113560259
2026-10-03,wk inc flu prop ed visits,2,2026-10-17,42,quantile,0.7,0.00406366225659
2026-10-03,wk inc flu prop ed visits,2,2026-10-17,42,quantile,0.75,0.0045097985931
2026-10-03,wk inc flu prop ed visits,2,2026-10-17,42,quantile,0.8,0.00510128961627
2026-10-03,wk inc flu prop ed visits,2,2026-10-17,42,quantile,0.85,0.00585497453779
2026-10-03,wk inc flu prop ed visits,2,2026-10-17,42,quantile,0.9,0.00701091651196
2026-10-03,wk inc flu prop ed visits,2,2026-10-17,42,quantile,0.95,0.00901773032623
2026-10-03,wk inc flu prop ed visits,2,2026-10-17,42,quantile,0.975,0.0113154668729
2026-10-03,wk inc flu prop ed visits,2,2026-10-17,42,quantile,0.99,0.0146448486295
2026-10-03,wk inc flu prop ed visits,3,2026-10-24,42,quantile,0.01,0.000517400938785
2026-10-03,wk inc flu prop ed visits,3,2026-10-24,42,quantile,0.025,0.00069297978598
2026-10-03,wk inc flu prop ed visits,3,2026-10-24,42,quantile,0.05,0.000898580935694
2026-10-03,wk inc flu prop ed visits,3,2026-10-24,42,quantile,0.1,0.0012088725364
2026-10-03,wk inc flu prop ed visits,3,2026-10-24,42,quantile,0.15,0.00146817362633
2026-10-03,wk inc flu prop ed visits,3,2026-10-24,42,quantile,0.2,0.0017191119331
2026-10-03,wk inc flu prop ed visits,3,2026-10-24,42,quantile,0.25,0.00196824577656
2026-10-03,wk inc flu prop ed visits,3,2026-10-24,42,quantile,0.3,0.00221569761893
2026-10-03,wk inc flu prop ed visits,3,2026-10-24,42,quantile,0.35,0.00246659903456
2026-10-03,wk inc flu prop ed visits,3,2026-10-24,42,quantile,0.4,0.00274108555401
2026-10-03,wk inc flu prop ed visits,3,2026-10-24,42,quantile,0.45,0.00300150267486
2026-10-03,wk inc flu prop ed visits,3,2026-10-24,42,quantile,0.5,0.00327558324725
2026-10-03,wk inc flu prop ed visits,3,2026-10-24,42,quantile,0.55,0.00363952131263
2026-10-03,wk inc flu prop ed visits,3,2026-10-24,42,quantile,0.6,0.00400283051987
2026-10-03,wk inc flu prop ed visits,3,2026-10-24,42,quantile,0.65,0.00445347448814
2026-10-03,wk inc flu prop ed visits,3,2026-10-24,42,quantile,0.7,0.00494993387113
2026-10-03,wk inc flu prop ed visits,3,2026-10-24,42,quantile,0.75,0.00559434307484
2026-10-03,wk inc flu prop ed visits,3,2026-10-24,42,quantile,0.8,0.00643963144329
2026-10-03,wk inc flu prop ed visits,3,2026-10-24,42,quantile,0.85,0.00760847318002
2026-10-03,wk inc flu prop ed visits,3,2026-10-24,42,quantile,0.9,0.00926491837268
2026-10-03,wk inc flu prop ed visits,3,2026-10-24,42,quantile,0.95,0.0125047335057
2026-10-03,wk inc flu prop ed visits,3,2026-10-24,42,quantile,0.975,0.0162045041363
2026-10-03,wk inc flu prop ed visits,3,2026-10-24,42,quantile,0.99,0.0218725184532
2026-10-03,wk inc flu prop ed visits,0,2026-10-03,44,quantile,0.01,0.000593971935756
2026-10-03,wk inc flu prop ed visits,0,2026-10-03,44,quantile,0.025,0.000737611629826
2026-10-03,wk inc flu prop ed visits,0,2026-10-03,44,quantile,0.05,0.000891617114695
2026-10-03,wk inc flu prop ed visits,0,2026-10-03,44,quantile,0.1,0.00110264678969
2026-10-03,wk inc flu prop ed visits,0,2026-10-03,44,quantile,0.15,0.00127822487633
2026-10-03,wk inc flu prop ed visits,0,2026-10-03,44,quantile,0.2,0.00143382695019
2026-10-03,wk inc flu prop ed visits,0,2026-10-03,44,quantile,0.25,0.00158094796748
2026-10-03,wk inc flu prop ed visits,0,2026-10-03,44,quantile,0.3,0.00173288940602
2026-10-03,wk inc flu prop ed visits,0,2026-10-03,44,quantile,0.35,0.00188542152705
2026-10-03,wk inc flu prop ed visits,0,2026-10-03,44,quantile,0.4,0.00205023183237
2026-10-03,wk inc flu prop ed visits,0,2026-10-03,44,quantile,0.45,0.0022123450923
2026-10-03,wk inc flu prop ed visits,0,2026-10-03,44,quantile,0.5,0.00238835524414
2026-10-03,wk inc flu prop ed visits,0,2026-10-03,44,quantile,0.55,0.00257509638882
2026-10-03,wk inc flu prop ed visits,0,2026-10-03,44,quantile,0.6,0.00277748091712
2026-10-03,wk inc flu prop ed visits,0,2026-10-03,44,quantile,0.65,0.00300389500448
2026-10-03,wk inc flu prop ed visits,0,2026-10-03,44,quantile,0.7,0.00326788175491
2026-10-03,wk inc flu prop ed visits,0,2026-10-03,44,quantile,0.75,0.00356728679769
2026-10-03,wk inc flu prop ed visits,0,2026-10-03,44,quantile,0.8,0.00391340659598
2026-10-03,wk inc flu prop ed visits,0,2026-10-03,44,quantile,0.85,0.00439633902083
2026-10-03,wk inc flu prop ed visits,0,2026-10-03,44,quantile,0.9,0.00512491088344
2026-10-03,wk inc flu prop ed visits,0,2026-10-03,44,quantile,0.95,0.00635725643093
2026-10-03,wk inc flu prop ed visits,0,2026-10-03,44,quantile,0.975,0.00766005338281
2026-10-03,wk inc flu prop ed visits,0,2026-10-03,44,quantile,0.99,0.00945451647452
2026-10-03,wk inc flu prop ed visits,1,2026-10-10,44,quantile,0.01,0.000490646198836
2026-10-03,wk inc flu prop ed visits,1,2026-10-10,44,quantile,0.025,0.000647187195104
2026-10-03,wk inc flu prop ed visits,1,2026-10-10,44,quantile,0.05,0.000815218570159
2026-10-03,wk inc flu prop ed visits,1,2026-10-10,44,quantile,0.1,0.0010681462456
2026-10-03,wk inc flu prop ed visits,1,2026-10-10,44,quantile,0.15,0.00128240841674
2026-10-03,wk inc flu prop ed visits,1,2026-10-10,44,quantile,0.2,0.00148178302278
2026-10-03,wk inc flu prop ed visits,1,2026-10-10,44,quantile,0.25,0.00166547983246
2026-10-03,wk inc flu prop ed visits,1,2026-10-10,44,quantile,0.3,0.00185489180885
2026-10-03,wk inc flu prop ed visits,1,2026-10-10,44,quantile,0.35,0.00205029307189
2026-10-03,wk inc flu prop ed visits,1,2026-10-10,44,quantile,0.4,0.00224435028694
2026-10-03,wk inc flu prop ed visits,1,2026-10-10,44,quantile,0.45,0.00245867930879
2026-10-03,wk inc flu prop ed visits,1,2026-10-10,44,quantile,0.5,0.00270024938958
2026-10-03,wk inc flu prop ed visits,1,2026-10-10,44,quantile,0.55,0.00296331499733
2026-10-03,wk inc flu prop ed visits,1,2026-10-10,44,quantile,0.6,0.00325884679147
2026-10-03,wk inc flu prop ed visits,1,2026-10-10,44,quantile,0.65,0.00358185844596
2026-10-03,wk inc flu prop ed visits,1,2026-10-10,44,quantile,0.7,0.00396813869291
2026-10-03,wk inc flu prop ed visits,1,2026-10-10,44,quantile,0.75,0.00442928525126
2026-10-03,wk inc flu prop ed visits,1,2026-10-10,44,quantile,0.8,0.0050003154525
2026-10-03,wk inc flu prop ed visits,1,2026-10-10,44,quantile,0.85,0.00573706071728
2026-10-03,wk inc flu prop ed visits,1,2026-10-10,44,quantile,0.9,0.00683833650475
2026-10-03,wk inc flu prop ed visits,1,2026-10-10,44,quantile,0.95,0.00891859582025
2026-10-03,wk inc flu prop ed visits,1,2026-10-10,44,quantile,0.975,0.0111603648491
2026-10-03,wk inc flu prop ed visits,1,2026-10-10,44,quantile,0.99,0.0143789009847
2026-10-03,wk inc flu prop ed visits,2,2026-10-17,44,quantile,0.01,0.00047922454961
2026-10-03,wk inc flu prop ed visits,2,2026-10-17,44,quantile,0.025,0.000650011596177
2026-10-03,wk inc flu prop ed visits,2,2026-10-17,44,quantile,0.05,0.000838954023888
2026-10-03,wk inc flu prop ed visits,2,2026-10-17,44,quantile,0.1,0.00113093658848
2026-10-03,wk inc flu prop ed visits,2,2026-10-17,44,quantile,0.15,0.00138628307639
2026-10-03,wk inc flu prop ed visits,2,2026-10-17,44,quantile,0.2,0.00163501885552
2026-10-03,wk inc flu prop ed visits,2,2026-10-17,44,quantile,0.25,0.00187867866643
2026-10-03,wk inc flu prop ed visits,2,2026-10-17,44,quantile,0.3,0.00212874663634
2026-10-03,wk inc flu prop ed visits,2,2026-10-17,44,quantile,0.35,0.00238816005515
2026-10-03,wk inc flu prop ed visits,2,2026-10-17,44,quantile,0.4,0.00266178540706
2026-10-03,wk inc flu prop ed visits,2,2026-10-17,44,quantile,0.45,0.00297271056409
2026-10-03,wk inc flu prop ed visits,2,2026-10-17,44,quantile,0.5,0.00332203567327
2026-10-03,wk inc flu prop ed visits,2,2026-10-17,44,quantile,0.55,0.0036777559861
2026-10-03,wk inc flu prop ed visits,2,2026-10-17,44,quantile,0.6,0.00407196063394
2026-10-03,wk inc flu prop ed visits,2,2026-10-17,44,quantile,0.65,0.00450978069623
2026-10-03,wk inc flu prop ed visits,2,2026-10-17,44,quantile,0.7,0.00503066333876
2026-10-03,wk inc flu prop ed visits,2,2026-10-17,44,quantile,0.75,0.00571114471817
2026-10-03,wk inc flu prop ed visits,2,2026-10-17,44,quantile,0.8,0.00657405978664
2026-10-03,wk inc flu prop ed visits,2,2026-10-17,44,quantile,0.85,0.00769364090034
2026-10-03,wk inc flu prop ed visits,2,2026-10-17,44,quantile,0.9,0.00939127462218
2026-10-03,wk inc flu prop ed visits,2,2026-10-17,44,quantile,0.95,0.0125044233472
2026-10-03,wk inc flu prop ed visits,2,2026-10-17,44,quantile,0.975,0.0160998871719
2026-10-03,wk inc flu prop ed visits,2,2026-10-17,44,quantile,0.99,0.0218006707312
2026-10-03,wk inc flu prop ed visits,3,2026-10-24,44,quantile,0.01,0.000474737456509
2026-10-03,wk inc flu prop ed visits,3,2026-10-24,44,quantile,0.025,0.000665255965365
2026-10-03,wk inc flu prop ed visits,3,2026-10-24,44,quantile,0.05,0.000887159293934
2026-10-03,wk inc flu prop ed visits,3,2026-10-24,44,quantile,0.1,0.00124029662386
2026-10-03,wk inc flu prop ed visits,3,2026-10-24,44,quantile,0.15,0.00154439042907
2026-10-03,wk inc flu prop ed visits,3,2026-10-24,44,quantile,0.2,0.00183467468298
2026-10-03,wk inc flu prop ed visits,3,2026-10-24,44,quantile,0.25,0.00209945439948
2026-10-03,wk inc flu prop ed visits,3,2026-10-24,44,quantile,0.3,0.002401958418
2026-10-03,wk inc flu prop ed visits,3,2026-10-24,44,quantile,0.35,0.00272385867492
2026-10-03,wk inc flu prop ed visits,3,2026-10-24,44,quantile,0.4,0.00303823891813
2026-10-03,wk inc flu prop ed visits,3,2026-10-24,44,quantile,0.45,0.00338901102834
2026-10-03,wk inc flu prop ed visits,3,2026-10-24,44,quantile,0.5,0.003800550112
2026-10-03,wk inc flu prop ed visits,3,2026-10-24,44,quantile,0.55,0.00424216129355
2026-10-03,wk inc flu prop ed visits,3,2026-10-24,44,quantile,0.6,0.00476904208784
2026-10-03,wk inc flu prop ed visits,3,2026-10-24,44,quantile,0.65,0.00536802881309
2026-10-03,wk inc flu prop ed visits,3,2026-10-24,44,quantile,0.7,0.00610279471011
2026-10-03,wk inc flu prop ed visits,3,2026-10-24,44,quantile,0.75,0.00700825022703
2026-10-03,wk inc flu prop ed visits,3,2026-10-24,44,quantile,0.8,0.00817928402959
2026-10-03,wk inc flu prop ed visits,3,2026-10-24,44,quantile,0.85,0.00977832993151
2026-10-03,wk inc flu prop ed visits,3,2026-10-24,44,quantile,0.9,0.0121568290618
2026-10-03,wk inc flu prop ed visits,3,2026-10-24,44,quantile,0.95,0.0170127203944
2026-10-03,wk inc flu prop ed visits,3,2026-10-24,44,quantile,0.975,0.0227492779091
2026-10-03,wk inc flu prop ed visits,3,2026-10-24,44,quantile,0.99,0.0315371688678
2026-10-03,wk inc flu prop ed visits,0,2026-10-03,45,quantile,0.01,0.000947038784813
2026-10-03,wk inc flu prop ed visits,0,2026-10-03,45,quantile,0.025,0.00114902604297
2026-10-03,wk inc flu prop ed visits,0,2026-10-03,45,quantile,0.05,0.00134714027973
2026-10-03,wk inc flu prop ed visits,0,2026-10-03,45,quantile,0.1,0.00162901132489
2026-10-03,wk inc flu prop ed visits,0,2026-10-03,45,quantile,0.15,0.00184693851064
2026-10-03,wk inc flu prop ed visits,0,2026-10-03,45,quantile,0.2,0.00203740781936
2026-10-03,wk inc flu prop ed visits,0,2026-10-03,45,quantile,0.25,0.0022135955752
2026-10-03,wk inc flu prop ed visits,0,2026-10-03,45,quantile,0.3,0.00239095242441
2026-10-03,wk inc flu prop ed visits,0,2026-10-03,45,quantile,0.35,0.00257211307464
2026-10-03,wk inc flu prop ed visits,0,2026-10-03,45,quantile,0.4,0.00275289882385
2026-10-03,wk inc flu prop ed visits,0,2026-10-03,45,quantile,0.45,0.00295467787084
2026-10-03,wk inc flu prop ed visits,0,2026-10-03,45,quantile,0.5,0.00313670642472
2026-10-03,wk inc flu prop ed visits,0,2026-10-03,45,quantile,0.55,0.0033343570647
2026-10-03,wk inc flu prop ed visits,0,2026-10-03,45,quantile,0.6,0.00355346327265
2026-10-03,wk inc flu prop ed visits,0,2026-10-03,45,quantile,0.65,0.00380193306802
2026-10-03,wk inc flu prop ed visits,0,2026-10-03,45,quantile,0.7,0.004072543433
2026-10-03,wk inc flu prop ed visits,0,2026-10-03,45,quantile,0.75,0.00439486609973
2026-10-03,wk inc flu prop ed visits,0,2026-10-03,45,quantile,0.8,0.00477186387187
2026-10-03,wk inc flu prop ed visits,0,2026-10-03,45,quantile,0.85,0.00524601184394
2026-10-03,wk inc flu prop ed visits,0,2026-10-03,45,quantile,0.9,0.00591562143674
2026-10-03,wk inc flu prop ed visits,0,2026-10-03,45,quantile,0.95,0.00710643791346
2026-10-03,wk inc flu prop ed visits,0,2026-10-03,45,quantile,0.975,0.00830675478343
2026-10-03,wk inc flu prop ed visits,0,2026-10-03,45,quantile,0.99,0.00993984286483
2026-10-03,wk inc flu prop ed visits,1,2026-10-10,45,quantile,0.01,0.000797353338512
2026-10-03,wk inc flu prop ed visits,1,2026-10-10,45,quantile,0.025,0.00101495070204
2026-10-03,wk inc flu prop ed visits,1,2026-10-10,45,quantile,0.05,0.00124335395186
2026-10-03,wk inc flu prop ed visits,1,2026-10-10,45,quantile,0.1,0.00158551991534
2026-10-03,wk inc flu prop ed visits,1,2026-10-10,45,quantile,0.15,0.00184704261053
2026-10-03,wk inc flu prop ed visits,1,2026-10-10,45,quantile,0.2,0.00209209539262
2026-10-03,wk inc flu prop ed visits,1,2026-10-10,45,quantile,0.25,0.00232012891941
2026-10-03,wk inc flu prop ed visits,1,2026-10-10,45,quantile,0.3,0.00256567817381
2026-10-03,wk inc flu prop ed visits,1,2026-10-10,45,quantile,0.35,0.00280790047147
2026-10-03,wk inc flu prop ed visits,1,2026-10-10,45,quantile,0.4,0.00304846491772
2026-10-03,wk inc flu prop ed visits,1,2026-10-10,45,quantile,0.45,0.00330608034438
2026-10-03,wk inc flu prop ed visits,1,2026-10-10,45,quantile,0.5,0.00356432550957
2026-10-03,wk inc flu prop ed visits,1,2026-10-10,45,quantile,0.55,0.00386260996933
2026-10-03,wk inc flu prop ed visits,1,2026-10-10,45,quantile,0.6,0.00422018674281
2026-10-03,wk inc flu prop ed visits,1,2026-10-10,45,quantile,0.65,0.00460890214128
2026-10-03,wk inc flu prop ed visits,1,2026-10-10,45,quantile,0.7,0.00502694668213
2026-10-03,wk inc flu prop ed visits,1,2026-10-10,45,quantile,0.75,0.00551841268022
2026-10-03,wk inc flu prop ed visits,1,2026-10-10,45,quantile,0.8,0.00610785040253
2026-10-03,wk inc flu prop ed visits,1,2026-10-10,45,quantile,0.85,0.00689755394998
2026-10-03,wk inc flu prop ed visits,1,2026-10-10,45,quantile,0.9,0.00802242935582
2026-10-03,wk inc flu prop ed visits,1,2026-10-10,45,quantile,0.95,0.0100507099108
2026-10-03,wk inc flu prop ed visits,1,2026-10-10,45,quantile,0.975,0.012291494905
2026-10-03,wk inc flu prop ed visits,1,2026-10-10,45,quantile,0.99,0.015583605215
2026-10-03,wk inc flu prop ed visits,2,2026-10-17,45,quantile,0.01,0.000668599609737
2026-10-03,wk inc flu prop ed visits,2,2026-10-17,45,quantile,0.025,0.000911733697923
2026-10-03,wk inc flu prop ed visits,2,2026-10-17,45,quantile,0.05,0.00117249590814
2026-10-03,wk inc flu prop ed visits,2,2026-10-17,45,quantile,0.1,0.00155417435724
2026-10-03,wk inc flu prop ed visits,2,2026-10-17,45,quantile,0.15,0.00187215369747
2026-10-03,wk inc flu prop ed visits,2,2026-10-17,45,quantile,0.2,0.0021967859755
2026-10-03,wk inc flu prop ed visits,2,2026-10-17,45,quantile,0.25,0.00252865904793
2026-10-03,wk inc flu prop ed visits,2,2026-10-17,45,quantile,0.3,0.00285970659852
2026-10-03,wk inc flu prop ed visits,2,2026-10-17,45,quantile,0.35,0.00319781976177
2026-10-03,wk inc flu prop ed visits,2,2026-10-17,45,quantile,0.4,0.00356934982332
2026-10-03,wk inc flu prop ed visits,2,2026-10-17,45,quantile,0.45,0.00394264645267
2026-10-03,wk inc flu prop ed visits,2,2026-10-17,45,quantile,0.5,0.00436651542335
2026-10-03,wk inc flu prop ed visits,2,2026-10-17,45,quantile,0.55,0.00483363094261
2026-10-03,wk inc flu prop ed visits,2,2026-10-17,45,quantile,0.6,0.00536639156084
2026-10-03,wk inc flu prop ed visits,2,2026-10-17,45,quantile,0.65,0.00596039927926
2026-10-03,wk inc flu prop ed visits,2,2026-10-17,45,quantile,0.7,0.00667315735501
2026-10-03,wk inc flu prop ed visits,2,2026-10-17,45,quantile,0.75,0.00746257937728
2026-10-03,wk inc flu prop ed visits,2,2026-10-17,45,quantile,0.8,0.00850987068917
2026-10-03,wk inc flu prop ed visits,2,2026-10-17,45,quantile,0.85,0.00992557306138
2026-10-03,wk inc flu prop ed visits,2,2026-10-17,45,quantile,0.9,0.0121159781283
2026-10-03,wk inc flu prop ed visits,2,2026-10-17,45,quantile,0.95,0.0163093053441
2026-10-03,wk inc flu prop ed visits,2,2026-10-17,45,quantile,0.975,0.0209341924367
2026-10-03,wk inc flu prop ed visits,2,2026-10-17,45,quantile,0.99,0.0280529450859
2026-10-03,wk inc flu prop ed visits,3,2026-10-24,45,quantile,0.01,0.000625281433128
2026-10-03,wk inc flu prop ed visits,3,2026-10-24,45,quantile,0.025,0.000863851833903
2026-10-03,wk inc flu prop ed visits,3,2026-10-24,45,quantile,0.05,0.00114568992427
2026-10-03,wk inc flu prop ed visits,3,2026-10-24,45,quantile,0.1,0.00161642904222
2026-10-03,wk inc flu prop ed visits,3,2026-10-24,45,quantile,0.15,0.00201028431244
2026-10-03,wk inc flu prop ed visits,3,2026-10-24,45,quantile,0.2,0.00239462560421
2026-10-03,wk inc flu prop ed visits,3,2026-10-24,45,quantile,0.25,0.00278651276461
2026-10-03,wk inc flu prop ed visits,3,2026-10-24,45,quantile,0.3,0.00317335460919
2026-10-03,wk inc flu prop ed visits,3,2026-10-24,45,quantile,0.35,0.00359970976365
2026-10-03,wk inc flu prop ed visits,3,2026-10-24,45,quantile,0.4,0.00404437952598
2026-10-03,wk inc flu prop ed visits,3,2026-10-24,45,quantile,0.45,0.0045397395088
2026-10-03,wk inc flu prop ed visits,3,2026-10-24,45,quantile,0.5,0.00504437984586
2026-10-03,wk inc flu prop ed visits,3,2026-10-24,45,quantile,0.55,0.00562161004791
2026-10-03,wk inc flu prop ed visits,3,2026-10-24,45,quantile,0.6,0.00630096331381
2026-10-03,wk inc flu prop ed visits,3,2026-10-24,45,quantile,0.65,0.00710350866914
2026-10-03,wk inc flu prop ed visits,3,2026-10-24,45,quantile,0.7,0.00807559392313
2026-10-03,wk inc flu prop ed visits,3,2026-10-24,45,quantile,0.75,0.00929254185787
2026-10-03,wk inc flu prop ed visits,3,2026-10-24,45,quantile,0.8,0.0108279660641
2026-10-03,wk inc flu prop ed visits,3,2026-10-24,45,quantile,0.85,0.0129436583001
2026-10-03,wk inc flu prop ed visits,3,2026-10-24,45,quantile,0.9,0.0162090114408
2026-10-03,wk inc flu prop ed visits,3,2026-10-24,45,quantile,0.95,0.0225037898925
2026-10-03,wk inc flu prop ed visits,3,2026-10-24,45,quantile,0.975,0.0298494227979
2026-10-03,wk inc flu prop ed visits,3,2026-10-24,45,quantile,0.99,0.0416380598442
2026-10-03,wk inc flu prop ed visits,0,2026-10-03,46,quantile,0.01,0.000444337151881
2026-10-03,wk inc flu prop ed visits,0,2026-10-03,46,quantile,0.025,0.000554083533006
2026-10-03,wk inc flu prop ed visits,0,2026-10-03,46,quantile,0.05,0.000672611607815
2026-10-03,wk inc flu prop ed visits,0,2026-10-03,46,quantile,0.1,0.000839130868715
2026-10-03,wk inc flu prop ed visits,0,2026-10-03,46,quantile,0.15,0.000980908795225
2026-10-03,wk inc flu prop ed visits,0,2026-10-03,46,quantile,0.2,0.00110691739221
2026-10-03,wk inc flu prop ed visits,0,2026-10-03,46,quantile,0.25,0.00122581753591
2026-10-03,wk inc flu prop ed visits,0,2026-10-03,46,quantile,0.3,0.00134796689749
2026-10-03,wk inc flu prop ed visits,0,2026-10-03,46,quantile,0.35,0.00147293024387
2026-10-03,wk inc flu prop ed visits,0,2026-10-03,46,quantile,0.4,0.00159301279243
2026-10-03,wk inc flu prop ed visits,0,2026-10-03,46,quantile,0.45,0.00173616495176
2026-10-03,wk inc flu prop ed visits,0,2026-10-03,46,quantile,0.5,0.00188585262436
2026-10-03,wk inc flu prop ed visits,0,2026-10-03,46,quantile,0.55,0.00204011606285
2026-10-03,wk inc flu prop ed visits,0,2026-10-03,46,quantile,0.6,0.00219862407197
2026-10-03,wk inc flu prop ed visits,0,2026-10-03,46,quantile,0.65,0.00238761385134
2026-10-03,wk inc flu prop ed visits,0,2026-10-03,46,quantile,0.7,0.00261271971326
2026-10-03,wk inc flu prop ed visits,0,2026-10-03,46,quantile,0.75,0.00288438490008
2026-10-03,wk inc flu prop ed visits,0,2026-10-03,46,quantile,0.8,0.00320381003095
2026-10-03,wk inc flu prop ed visits,0,2026-10-03,46,quantile,0.85,0.00363084816057
2026-10-03,wk inc flu prop ed visits,0,2026-10-03,46,quantile,0.9,0.00422176586419
2026-10-03,wk inc flu prop ed visits,0,2026-10-03,46,quantile,0.95,0.00524400262031
2026-10-03,wk inc flu prop ed visits,0,2026-10-03,46,quantile,0.975,0.00634297622195
2026-10-03,wk inc flu prop ed visits,0,2026-10-03,46,quantile,0.99,0.00795207401094
2026-10-03,wk inc flu prop ed visits,1,2026-10-10,46,quantile,0.01,0.000363654149976
2026-10-03,wk inc flu prop ed visits,1,2026-10-10,46,quantile,0.025,0.000484518464691
2026-10-03,wk inc flu prop ed visits,1,2026-10-10,46,quantile,0.05,0.000612610319899
2026-10-03,wk inc flu prop ed visits,1,2026-10-10,46,quantile,0.1,0.000811860183374
2026-10-03,wk inc flu prop ed visits,1,2026-10-10,46,quantile,0.15,0.000978991558463
2026-10-03,wk inc flu prop ed visits,1,2026-10-10,46,quantile,0.2,0.00112744315797
2026-10-03,wk inc flu prop ed visits,1,2026-10-10,46,quantile,0.25,0.00128768706324
2026-10-03,wk inc flu prop ed visits,1,2026-10-10,46,quantile,0.3,0.00144685347858
2026-10-03,wk inc flu prop ed visits,1,2026-10-10,46,quantile,0.35,0.00161084777795
2026-10-03,wk inc flu prop ed visits,1,2026-10-10,46,quantile,0.4,0.00178383193511
2026-10-03,wk inc flu prop ed visits,1,2026-10-10,46,quantile,0.45,0.00196600411038
2026-10-03,wk inc flu prop ed visits,1,2026-10-10,46,quantile,0.5,0.00216023538241
2026-10-03,wk inc flu prop ed visits,1,2026-10-10,46,quantile,0.55,0.002370947159
2026-10-03,wk inc flu prop ed visits,1,2026-10-10,46,quantile,0.6,0.00262091709069
2026-10-03,wk inc flu prop ed visits,1,2026-10-10,46,quantile,0.65,0.00287897388606
2026-10-03,wk inc flu prop ed visits,1,2026-10-10,46,quantile,0.7,0.00320786967983
2026-10-03,wk inc flu prop ed visits,1,2026-10-10,46,quantile,0.75,0.00358997136747
2026-10-03,wk inc flu prop ed visits,1,2026-10-10,46,quantile,0.8,0.00407349139124
2026-10-03,wk inc flu prop ed visits,1,2026-10-10,46,quantile,0.85,0.00472394280772
2026-10-03,wk inc flu prop ed visits,1,2026-10-10,46,quantile,0.9,0.00568229136774
2026-10-03,wk inc flu prop ed visits,1,2026-10-10,46,quantile,0.95,0.00743827103297
2026-10-03,wk inc flu prop ed visits,1,2026-10-10,46,quantile,0.975,0.0094053911764
2026-10-03,wk inc flu prop ed visits,1,2026-10-10,46,quantile,0.99,0.0124732706885
2026-10-03,wk inc flu prop ed visits,2,2026-10-17,46,quantile,0.01,0.000319544675797
2026-10-03,wk inc flu prop ed visits,2,2026-10-17,46,quantile,0.025,0.000450809537846
2026-10-03,wk inc flu prop ed visits,2,2026-10-17,46,quantile,0.05,0.000596862532389
2026-10-03,wk inc flu prop ed visits,2,2026-10-17,46,quantile,0.1,0.000820039748829
2026-10-03,wk inc flu prop ed visits,2,2026-10-17,46,quantile,0.15,0.00102208730263
2026-10-03,wk inc flu prop ed visits,2,2026-10-17,46,quantile,0.2,0.0012153469744
2026-10-03,wk inc flu prop ed visits,2,2026-10-17,46,quantile,0.25,0.00141762329926
2026-10-03,wk inc flu prop ed visits,2,2026-10-17,46,quantile,0.3,0.00161606536078
2026-10-03,wk inc flu prop ed visits,2,2026-10-17,46,quantile,0.35,0.00183010297575
2026-10-03,wk inc flu prop ed visits,2,2026-10-17,46,quantile,0.4,0.00205863705121
2026-10-03,wk inc flu prop ed visits,2,2026-10-17,46,quantile,0.45,0.00230230077439
2026-10-03,wk inc flu prop ed visits,2,2026-10-17,46,quantile,0.5,0.00256598755544
2026-10-03,wk inc flu prop ed visits,2,2026-10-17,46,quantile,0.55,0.00286937977073
2026-10-03,wk inc flu prop ed visits,2,2026-10-17,46,quantile,0.6,0.00319774095703
2026-10-03,wk inc flu prop ed visits,2,2026-10-17,46,quantile,0.65,0.00357563898516
2026-10-03,wk inc flu prop ed visits,2,2026-10-17,46,quantile,0.7,0.00406645687778
2026-10-03,wk inc flu prop ed visits,2,2026-10-17,46,quantile,0.75,0.00468118214344
2026-10-03,wk inc flu prop ed visits,2,2026-10-17,46,quantile,0.8,0.00544184563337
2026-10-03,wk inc flu prop ed visits,2,2026-10-17,46,quantile,0.85,0.0064440692714
2026-10-03,wk inc flu prop ed visits,2,2026-10-17,46,quantile,0.9,0.0080587767898
2026-10-03,wk inc flu prop ed visits,2,2026-10-17,46,quantile,0.95,0.0110104560814
2026-10-03,wk inc flu prop ed visits,2,2026-10-17,46,quantile,0.975,0.0146018078722
2026-10-03,wk inc flu prop ed visits,2,2026-10-17,46,quantile,0.99,0.0200956593401
2026-10-03,wk inc flu prop ed visits,3,2026-10-24,46,quantile,0.01,0.00031898054814
2026-10-03,wk inc flu prop ed visits,3,2026-10-24,46,quantile,0.025,0.000454972878877
2026-10-03,wk inc flu prop ed visits,3,2026-10-24,46,quantile,0.05,0.000622443490216
2026-10-03,wk inc flu prop ed visits,3,2026-10-24,46,quantile,0.1,0.000902901656098
2026-10-03,wk inc flu prop ed visits,3,2026-10-24,46,quantile,0.15,0.00113890527302
2026-10-03,wk inc flu prop ed visits,3,2026-10-24,46,quantile,0.2,0.00136729378589
2026-10-03,wk inc flu prop ed visits,3,2026-10-24,46,quantile,0.25,0.00161449512127
2026-10-03,wk inc flu prop ed visits,3,2026-10-24,46,quantile,0.3,0.00187508011839
2026-10-03,wk inc flu prop ed visits,3,2026-10-24,46,quantile,0.35,0.0021385197196
2026-10-03,wk inc flu prop ed visits,3,2026-10-24,46,quantile,0.4,0.0024149983901
2026-10-03,wk inc flu prop ed visits,3,2026-10-24,46,quantile,0.45,0.00273633754737
2026-10-03,wk inc flu prop ed visits,3,2026-10-24,46,quantile,0.5,0.0030707568664
2026-10-03,wk inc flu prop ed visits,3,2026-10-24,46,quantile,0.55,0.00346459776741
2026-10-03,wk inc flu prop ed visits,3,2026-10-24,46,quantile,0.6,0.00390727265254
2026-10-03,wk inc flu prop ed visits,3,2026-10-24,46,quantile,0.65,0.00443824736891
2026-10-03,wk inc flu prop ed visits,3,2026-10-24,46,quantile,0.7,0.0050652943996
2026-10-03,wk inc flu prop ed visits,3,2026-10-24,46,quantile,0.75,0.00588253942475
2026-10-03,wk inc flu prop ed visits,3,2026-10-24,46,quantile,0.8,0.00697208698159
2026-10-03,wk inc flu prop ed visits,3,2026-10-24,46,quantile,0.85,0.00841893648856
2026-10-03,wk inc flu prop ed visits,3,2026-10-24,46,quantile,0.9,0.010622144394
2026-10-03,wk inc flu prop ed visits,3,2026-10-24,46,quantile,0.95,0.0148653203828
2026-10-03,wk inc flu prop ed visits,3,2026-10-24,46,quantile,0.975,0.020124032185
2026-10-03,wk inc flu prop ed visits,3,2026-10-24,46,quantile,0.99,0.0284018019104
2026-10-03,wk inc flu prop ed visits,0,2026-10-03,47,quantile,0.01,0.00176367339923
2026-10-03,wk inc flu prop ed visits,0,2026-10-03,47,quantile,0.025,0.00195543427261
2026-10-03,wk inc flu prop ed visits,0,2026-10-03,47,quantile,0.05,0.00215141476445
2026-10-03,wk inc flu prop ed visits,0,2026-10-03,47,quantile,0.1,0.00238181654183
2026-10-03,wk inc flu prop ed visits,0,2026-10-03,47,quantile,0.15,0.00256175964817
2026-10-03,wk inc flu prop ed visits,0,2026-10-03,47,quantile,0.2,0.002710719903
2026-10-03,wk inc flu prop ed visits,0,2026-10-03,47,quantile,0.25,0.00284285028342
2026-10-03,wk inc flu prop ed visits,0,2026-10-03,47,quantile,0.3,0.00295980802436
2026-10-03,wk inc flu prop ed visits,0,2026-10-03,47,quantile,0.35,0.00307860633924
2026-10-03,wk inc flu prop ed visits,0,2026-10-03,47,quantile,0.4,0.0031976027048
2026-10-03,wk inc flu prop ed visits,0,2026-10-03,47,quantile,0.45,0.00331096567815
2026-10-03,wk inc flu prop ed visits,0,2026-10-03,47,quantile,0.5,0.00343324530411
2026-10-03,wk inc flu prop ed visits,0,2026-10-03,47,quantile,0.55,0.00356034068256
2026-10-03,wk inc flu prop ed visits,0,2026-10-03,47,quantile,0.6,0.00369046758807
2026-10-03,wk inc flu prop ed visits,0,2026-10-03,47,quantile,0.65,0.00383388627581
2026-10-03,wk inc flu prop ed visits,0,2026-10-03,47,quantile,0.7,0.00398657295745
2026-10-03,wk inc flu prop ed visits,0,2026-10-03,47,quantile,0.75,0.00415239535036
2026-10-03,wk inc flu prop ed visits,0,2026-10-03,47,quantile,0.8,0.00435241162418
2026-10-03,wk inc flu prop ed visits,0,2026-10-03,47,quantile,0.85,0.0045987979328
2026-10-03,wk inc flu prop ed visits,0,2026-10-03,47,quantile,0.9,0.00493341071961
2026-10-03,wk inc flu prop ed visits,0,2026-10-03,47,quantile,0.95,0.00550522553569
2026-10-03,wk inc flu prop ed visits,0,2026-10-03,47,quantile,0.975,0.00603909650172
2026-10-03,wk inc flu prop ed visits,0,2026-10-03,47,quantile,0.99,0.00671168468418
2026-10-03,wk inc flu prop ed visits,1,2026-10-10,47,quantile,0.01,0.00156171684674
2026-10-03,wk inc flu prop ed visits,1,2026-10-10,47,quantile,0.025,0.00181010447316
2026-10-03,wk inc flu prop ed visits,1,2026-10-10,47,quantile,0.05,0.00205321214106
2026-10-03,wk inc flu prop ed visits,1,2026-10-10,47,quantile,0.1,0.00236278605647
2026-10-03,wk inc flu prop ed visits,1,2026-10-10,47,quantile,0.15,0.00261664688729
2026-10-03,wk inc flu prop ed visits,1,2026-10-10,47,quantile,0.2,0.00281956744828
2026-10-03,wk inc flu prop ed visits,1,2026-10-10,47,quantile,0.25,0.00300786954365
2026-10-03,wk inc flu prop ed visits,1,2026-10-10,47,quantile,0.3,0.00319461260306
2026-10-03,wk inc flu prop ed visits,1,2026-10-10,47,quantile,0.35,0.00336336820682
2026-10-03,wk inc flu prop ed visits,1,2026-10-10,47,quantile,0.4,0.00353570449889
2026-10-03,wk inc flu prop ed visits,1,2026-10-10,47,quantile,0.45,0.00370995099701
2026-10-03,wk inc flu prop ed visits,1,2026-10-10,47,quantile,0.5,0.00388632130019
2026-10-03,wk inc flu prop ed visits,1,2026-10-10,47,quantile,0.55,0.00408369747898
2026-10-03,wk inc flu prop ed visits,1,2026-10-10,47,quantile,0.6,0.00429185949293
2026-10-03,wk inc flu prop ed visits,1,2026-10-10,47,quantile,0.65,0.00451454913642
2026-10-03,wk inc flu prop ed visits,1,2026-10-10,47,quantile,0.7,0.00475725751898
2026-10-03,wk inc flu prop ed visits,1,2026-10-10,47,quantile,0.75,0.00505480711893
2026-10-03,wk inc flu prop ed visits,1,2026-10-10,47,quantile,0.8,0.00539446136661
2026-10-03,wk inc flu prop ed visits,1,2026-10-10,47,quantile,0.85,0.00580202667309
2026-10-03,wk inc flu prop ed visits,1,2026-10-10,47,quantile,0.9,0.00637790166159
2026-10-03,wk inc flu prop ed visits,1,2026-10-10,47,quantile,0.95,0.00732327006874
2026-10-03,wk inc flu prop ed visits,1,2026-10-10,47,quantile,0.975,0.00826803998321
2026-10-03,wk inc flu prop ed visits,1,2026-10-10,47,quantile,0.99,0.00944069289559
2026-10-03,wk inc flu prop ed visits,2,2026-10-17,47,quantile,0.01,0.00145826381887
2026-10-03,wk inc flu prop ed visits,2,2026-10-17,47,quantile,0.025,0.00174084989295
2026-10-03,wk inc flu prop ed visits,2,2026-10-17,47,quantile,0.05,0.00204582526023
2026-10-03,wk inc flu prop ed visits,2,2026-10-17,47,quantile,0.1,0.00244536664761
2026-10-03,wk inc flu prop ed visits,2,2026-10-17,47,quantile,0.15,0.00277788288992
2026-10-03,wk inc flu prop ed visits,2,2026-10-17,47,quantile,0.2,0.00305934851647
2026-10-03,wk inc flu prop ed visits,2,2026-10-17,47,quantile,0.25,0.00331604474331
2026-10-03,wk inc flu prop ed visits,2,2026-10-17,47,quantile,0.3,0.00358959821814
2026-10-03,wk inc flu prop ed visits,2,2026-10-17,47,quantile,0.35,0.00384763412793
2026-10-03,wk inc flu prop ed visits,2,2026-10-17,47,quantile,0.4,0.00410242423981
2026-10-03,wk inc flu prop ed visits,2,2026-10-17,47,quantile,0.45,0.00432923473972
2026-10-03,wk inc flu prop ed visits,2,2026-10-17,47,quantile,0.5,0.00459198101996
2026-10-03,wk inc flu prop ed visits,2,2026-10-17,47,quantile,0.55,0.00490613485032
2026-10-03,wk inc flu prop ed visits,2,2026-10-17,47,quantile,0.6,0.00520745218231
2026-10-03,wk inc flu prop ed visits,2,2026-10-17,47,quantile,0.65,0.0055738533495
2026-10-03,wk inc flu prop ed visits,2,2026-10-17,47,quantile,0.7,0.00597380887292
2026-10-03,wk inc flu prop ed visits,2,2026-10-17,47,quantile,0.75,0.00645587665186
2026-10-03,wk inc flu prop ed visits,2,2026-10-17,47,quantile,0.8,0.00705907666465
2026-10-03,wk inc flu prop ed visits,2,2026-10-17,47,quantile,0.85,0.00781003453315
2026-10-03,wk inc flu prop ed visits,2,2026-10-17,47,quantile,0.9,0.0088500526483
2026-10-03,wk inc flu prop ed visits,2,2026-10-17,47,quantile,0.95,0.0106281285697
2026-10-03,wk inc flu prop ed visits,2,2026-10-17,47,quantile,0.975,0.0123884606425
2026-10-03,wk inc flu prop ed visits,2,2026-10-17,47,quantile,0.99,0.0149024926466
2026-10-03,wk inc flu prop ed visits,3,2026-10-24,47,quantile,0.01,0.00138145623272
2026-10-03,wk inc flu prop ed visits,3,2026-10-24,47,quantile,0.025,0.00170793913875
2026-10-03,wk inc flu prop ed visits,3,2026-10-24,47,quantile,0.05,0.00205807571558
2026-10-03,wk inc flu prop ed visits,3,2026-10-24,47,quantile,0.1,0.00251536837124
2026-10-03,wk inc flu prop ed visits,3,2026-10-24,47,quantile,0.15,0.00291131747096
2026-10-03,wk inc flu prop ed visits,3,2026-10-24,47,quantile,0.2,0.00326637810083
2026-10-03,wk inc flu prop ed visits,3,2026-10-24,47,quantile,0.25,0.00358538965748
2026-10-03,wk inc flu prop ed visits,3,2026-10-24,47,quantile,0.3,0.00389944131707
2026-10-03,wk inc flu prop ed visits,3,2026-10-24,47,quantile,0.35,0.00422984146439
2026-10-03,wk inc flu prop ed visits,3,2026-10-24,47,quantile,0.4,0.00453406677327
2026-10-03,wk inc flu prop ed visits,3,2026-10-24,47,quantile,0.45,0.0049037442916
2026-10-03,wk inc flu prop ed visits,3,2026-10-24,47,quantile,0.5,0.00529055342391
2026-10-03,wk inc flu prop ed visits,3,2026-10-24,47,quantile,0.55,0.00571787716117
2026-10-03,wk inc flu prop ed visits,3,2026-10-24,47,quantile,0.6,0.00615480987104
2026-10-03,wk inc flu prop ed visits,3,2026-10-24,47,quantile,0.65,0.00666481056499
2026-10-03,wk inc flu prop ed visits,3,2026-10-24,47,quantile,0.7,0.00722729494847
2026-10-03,wk inc flu prop ed visits,3,2026-10-24,47,quantile,0.75,0.00791964850052
2026-10-03,wk inc flu prop ed visits,3,2026-10-24,47,quantile,0.8,0.00876825306703
2026-10-03,wk inc flu prop ed visits,3,2026-10-24,47,quantile,0.85,0.00992912494966
2026-10-03,wk inc flu prop ed visits,3,2026-10-24,47,quantile,0.9,0.0115515707857
2026-10-03,wk inc flu prop ed visits,3,2026-10-24,47,quantile,0.95,0.0144184858383
2026-10-03,wk inc flu prop ed visits,3,2026-10-24,47,quantile,0.975,0.0173288147298
2026-10-03,wk inc flu prop ed visits,3,2026-10-24,47,quantile,0.99,0.0217244253097
2026-10-03,wk inc flu prop ed visits,0,2026-10-03,48,quantile,0.01,0.00335768187998
2026-10-03,wk inc flu prop ed visits,0,2026-10-03,48,quantile,0.025,0.00380008290719
2026-10-03,wk inc flu prop ed visits,0,2026-10-03,48,quantile,0.05,0.00423066268046
2026-10-03,wk inc flu prop ed visits,0,2026-10-03,48,quantile,0.1,0.00474061032985
2026-10-03,wk inc flu prop ed visits,0,2026-10-03,48,quantile,0.15,0.00513896447975
2026-10-03,wk inc flu prop ed visits,0,2026-10-03,48,quantile,0.2,0.00546366061741
2026-10-03,wk inc flu prop ed visits,0,2026-10-03,48,quantile,0.25,0.00580428260853
2026-10-03,wk inc flu prop ed visits,0,2026-10-03,48,quantile,0.3,0.00612346749431
2026-10-03,wk inc flu prop ed visits,0,2026-10-03,48,quantile,0.35,0.00640788366545
2026-10-03,wk inc flu prop ed visits,0,2026-10-03,48,quantile,0.4,0.00668512814844
2026-10-03,wk inc flu prop ed visits,0,2026-10-03,48,quantile,0.45,0.00700519018541
2026-10-03,wk inc flu prop ed visits,0,2026-10-03,48,quantile,0.5,0.00729081833719
2026-10-03,wk inc flu prop ed visits,0,2026-10-03,48,quantile,0.55,0.0075916326706
2026-10-03,wk inc flu prop ed visits,0,2026-10-03,48,quantile,0.6,0.00791657086013
2026-10-03,wk inc flu prop ed visits,0,2026-10-03,48,quantile,0.65,0.00831742503984
2026-10-03,wk inc flu prop ed visits,0,2026-10-03,48,quantile,0.7,0.00871438956443
2026-10-03,wk inc flu prop ed visits,0,2026-10-03,48,quantile,0.75,0.0091631099545
2026-10-03,wk inc flu prop ed visits,0,2026-10-03,48,quantile,0.8,0.00967430708309
2026-10-03,wk inc flu prop ed visits,0,2026-10-03,48,quantile,0.85,0.0102888991271
2026-10-03,wk inc flu prop ed visits,0,2026-10-03,48,quantile,0.9,0.0111257571656
2026-10-03,wk inc flu prop ed visits,0,2026-10-03,48,quantile,0.95,0.0125209275924
2026-10-03,wk inc flu prop ed visits,0,2026-10-03,48,quantile,0.975,0.0138784177715
2026-10-03,wk inc flu prop ed visits,0,2026-10-03,48,quantile,0.99,0.0155982450742
2026-10-03,wk inc flu prop ed visits,1,2026-10-10,48,quantile,0.01,0.00286243694362
2026-10-03,wk inc flu prop ed visits,1,2026-10-10,48,quantile,0.025,0.00338119370341
2026-10-03,wk inc flu prop ed visits,1,2026-10-10,48,quantile,0.05,0.00388425281801
2026-10-03,wk inc flu prop ed visits,1,2026-10-10,48,quantile,0.1,0.00458574661524
2026-10-03,wk inc flu prop ed visits,1,2026-10-10,48,quantile,0.15,0.00510182226516
2026-10-03,wk inc flu prop ed visits,1,2026-10-10,48,quantile,0.2,0.00556023111329
2026-10-03,wk inc flu prop ed visits,1,2026-10-10,48,quantile,0.25,0.00602777824199
2026-10-03,wk inc flu prop ed visits,1,2026-10-10,48,quantile,0.3,0.00645046251062
2026-10-03,wk inc flu prop ed visits,1,2026-10-10,48,quantile,0.35,0.00686241968042
2026-10-03,wk inc flu prop ed visits,1,2026-10-10,48,quantile,0.4,0.00729697081696
2026-10-03,wk inc flu prop ed visits,1,2026-10-10,48,quantile,0.45,0.00776202117561
2026-10-03,wk inc flu prop ed visits,1,2026-10-10,48,quantile,0.5,0.00821815023828
2026-10-03,wk inc flu prop ed visits,1,2026-10-10,48,quantile,0.55,0.0087442285636
2026-10-03,wk inc flu prop ed visits,1,2026-10-10,48,quantile,0.6,0.00923954034574
2026-10-03,wk inc flu prop ed visits,1,2026-10-10,48,quantile,0.65,0.0098306110485
2026-10-03,wk inc flu prop ed visits,1,2026-10-10,48,quantile,0.7,0.0105195334248
2026-10-03,wk inc flu prop ed visits,1,2026-10-10,48,quantile,0.75,0.0112697675381
2026-10-03,wk inc flu prop ed visits,1,2026-10-10,48,quantile,0.8,0.0121709626339
2026-10-03,wk inc flu prop ed visits,1,2026-10-10,48,quantile,0.85,0.0133579109286
2026-10-03,wk inc flu prop ed visits,1,2026-10-10,48,quantile,0.9,0.0150279667204
2026-10-03,wk inc flu prop ed visits,1,2026-10-10,48,quantile,0.95,0.0176657221967
2026-10-03,wk inc flu prop ed visits,1,2026-10-10,48,quantile,0.975,0.0203716074689
2026-10-03,wk inc flu prop ed visits,1,2026-10-10,48,quantile,0.99,0.0241241937915
2026-10-03,wk inc flu prop ed visits,2,2026-10-17,48,quantile,0.01,0.00260326195263
2026-10-03,wk inc flu prop ed visits,2,2026-10-17,48,quantile,0.025,0.00321930548504
2026-10-03,wk inc flu prop ed visits,2,2026-10-17,48,quantile,0.05,0.00385789174023
2026-10-03,wk inc flu prop ed visits,2,2026-10-17,48,quantile,0.1,0.00473994816448
2026-10-03,wk inc flu prop ed visits,2,2026-10-17,48,quantile,0.15,0.00541588658632
2026-10-03,wk inc flu prop ed visits,2,2026-10-17,48,quantile,0.2,0.00604878891686
2026-10-03,wk inc flu prop ed visits,2,2026-10-17,48,quantile,0.25,0.00667159173007
2026-10-03,wk inc flu prop ed visits,2,2026-10-17,48,quantile,0.3,0.00725824316221
2026-10-03,wk inc flu prop ed visits,2,2026-10-17,48,quantile,0.35,0.00778521215463
2026-10-03,wk inc flu prop ed visits,2,2026-10-17,48,quantile,0.4,0.00835890976248
2026-10-03,wk inc flu prop ed visits,2,2026-10-17,48,quantile,0.45,0.00898657675671
2026-10-03,wk inc flu prop ed visits,2,2026-10-17,48,quantile,0.5,0.00968088049611
2026-10-03,wk inc flu prop ed visits,2,2026-10-17,48,quantile,0.55,0.010389682564
2026-10-03,wk inc flu prop ed visits,2,2026-10-17,48,quantile,0.6,0.0111446898986
2026-10-03,wk inc flu prop ed visits,2,2026-10-17,48,quantile,0.65,0.0120333590911
2026-10-03,wk inc flu prop ed visits,2,2026-10-17,48,quantile,0.7,0.0130663028121
2026-10-03,wk inc flu prop ed visits,2,2026-10-17,48,quantile,0.75,0.0142699465883
2026-10-03,wk inc flu prop ed visits,2,2026-10-17,48,quantile,0.8,0.015788412071
2026-10-03,wk inc flu prop ed visits,2,2026-10-17,48,quantile,0.85,0.0177819923828
2026-10-03,wk inc flu prop ed visits,2,2026-10-17,48,quantile,0.9,0.0205553965385
2026-10-03,wk inc flu prop ed visits,2,2026-10-17,48,quantile,0.95,0.0253021877894
2026-10-03,wk inc flu prop ed visits,2,2026-10-17,48,quantile,0.975,0.0303638049558
2026-10-03,wk inc flu prop ed visits,2,2026-10-17,48,quantile,0.99,0.0372833311759
2026-10-03,wk inc flu prop ed visits,3,2026-10-24,48,quantile,0.01,0.00257792918397
2026-10-03,wk inc flu prop ed visits,3,2026-10-24,48,quantile,0.025,0.00325335475875
2026-10-03,wk inc flu prop ed visits,3,2026-10-24,48,quantile,0.05,0.00392666364234
2026-10-03,wk inc flu prop ed visits,3,2026-10-24,48,quantile,0.1,0.0049486129987
2026-10-03,wk inc flu prop ed visits,3,2026-10-24,48,quantile,0.15,0.0057954695428
2026-10-03,wk inc flu prop ed visits,3,2026-10-24,48,quantile,0.2,0.00661848238101
2026-10-03,wk inc flu prop ed visits,3,2026-10-24,48,quantile,0.25,0.0073299232696
2026-10-03,wk inc flu prop ed visits,3,2026-10-24,48,quantile,0.3,0.00800106091792
2026-10-03,wk inc flu prop ed visits,3,2026-10-24,48,quantile,0.35,0.00870043808567
2026-10-03,wk inc flu prop ed visits,3,2026-10-24,48,quantile,0.4,0.0094172146847
2026-10-03,wk inc flu prop ed visits,3,2026-10-24,48,quantile,0.45,0.0102034774597
2026-10-03,wk inc flu prop ed visits,3,2026-10-24,48,quantile,0.5,0.0110722450135
2026-10-03,wk inc flu prop ed visits,3,2026-10-24,48,quantile,0.55,0.0120551958427
2026-10-03,wk inc flu prop ed visits,3,2026-10-24,48,quantile,0.6,0.013142950848
2026-10-03,wk inc flu prop ed visits,3,2026-10-24,48,quantile,0.65,0.014330533
2026-10-03,wk inc flu prop ed visits,3,2026-10-24,48,quantile,0.7,0.0157103220501
2026-10-03,wk inc flu prop ed visits,3,2026-10-24,48,quantile,0.75,0.0173980183803
2026-10-03,wk inc flu prop ed visits,3,2026-10-24,48,quantile,0.8,0.0194604561635
2026-10-03,wk inc flu prop ed visits,3,2026-10-24,48,quantile,0.85,0.0221391198913
2026-10-03,wk inc flu prop ed visits,3,2026-10-24,48,quantile,0.9,0.0259000898608
2026-10-03,wk inc flu prop ed visits,3,2026-10-24,48,quantile,0.95,0.0330322579038
2026-10-03,wk inc flu prop ed visits,3,2026-10-24,48,quantile,0.975,0.0404970981371
2026-10-03,wk inc flu prop ed visits,3,2026-10-24,48,quantile,0.99,0.0513878385037
2026-10-03,wk inc flu prop ed visits,0,2026-10-03,49,quantile,0.01,0.0012723095683
2026-10-03,wk inc flu prop ed visits,0,2026-10-03,49,quantile,0.025,0.00151763073445
2026-10-03,wk inc flu prop ed visits,0,2026-10-03,49,quantile,0.05,0.00176332845757
2026-10-03,wk inc flu prop ed visits,0,2026-10-03,49,quantile,0.1,0.00210223036064
2026-10-03,wk inc flu prop ed visits,0,2026-10-03,49,quantile,0.15,0.00235832302006
2026-10-03,wk inc flu prop ed visits,0,2026-10-03,49,quantile,0.2,0.0025779987064
2026-10-03,wk inc flu prop ed visits,0,2026-10-03,49,quantile,0.25,0.00279195955818
2026-10-03,wk inc flu prop ed visits,0,2026-10-03,49,quantile,0.3,0.00300821524065
2026-10-03,wk inc flu prop ed visits,0,2026-10-03,49,quantile,0.35,0.00322032456108
2026-10-03,wk inc flu prop ed visits,0,2026-10-03,49,quantile,0.4,0.00342615817168
2026-10-03,wk inc flu prop ed visits,0,2026-10-03,49,quantile,0.45,0.00363159462844
2026-10-03,wk inc flu prop ed visits,0,2026-10-03,49,quantile,0.5,0.00384892517651
2026-10-03,wk inc flu prop ed visits,0,2026-10-03,49,quantile,0.55,0.004086902495
2026-10-03,wk inc flu prop ed visits,0,2026-10-03,49,quantile,0.6,0.004337895174
2026-10-03,wk inc flu prop ed visits,0,2026-10-03,49,quantile,0.65,0.00461293127351
2026-10-03,wk inc flu prop ed visits,0,2026-10-03,49,quantile,0.7,0.00493451440884
2026-10-03,wk inc flu prop ed visits,0,2026-10-03,49,quantile,0.75,0.00528344520476
2026-10-03,wk inc flu prop ed visits,0,2026-10-03,49,quantile,0.8,0.00572832833921
2026-10-03,wk inc flu prop ed visits,0,2026-10-03,49,quantile,0.85,0.006304981143
2026-10-03,wk inc flu prop ed visits,0,2026-10-03,49,quantile,0.9,0.00705199449141
2026-10-03,wk inc flu prop ed visits,0,2026-10-03,49,quantile,0.95,0.00834928703545
2026-10-03,wk inc flu prop ed visits,0,2026-10-03,49,quantile,0.975,0.0096816497724
2026-10-03,wk inc flu prop ed visits,0,2026-10-03,49,quantile,0.99,0.0115546863744
2026-10-03,wk inc flu prop ed visits,1,2026-10-10,49,quantile,0.01,0.00109494501355
2026-10-03,wk inc flu prop ed visits,1,2026-10-10,49,quantile,0.025,0.00135321505408
2026-10-03,wk inc flu prop ed visits,1,2026-10-10,49,quantile,0.05,0.00164298052996
2026-10-03,wk inc flu prop ed visits,1,2026-10-10,49,quantile,0.1,0.00205473576585
2026-10-03,wk inc flu prop ed visits,1,2026-10-10,49,quantile,0.15,0.00237601153126
2026-10-03,wk inc flu prop ed visits,1,2026-10-10,49,quantile,0.2,0.00266820563747
2026-10-03,wk inc flu prop ed visits,1,2026-10-10,49,quantile,0.25,0.00293871087098
2026-10-03,wk inc flu prop ed visits,1,2026-10-10,49,quantile,0.3,0.00321662580849
2026-10-03,wk inc flu prop ed visits,1,2026-10-10,49,quantile,0.35,0.00349990075431
2026-10-03,wk inc flu prop ed visits,1,2026-10-10,49,quantile,0.4,0.00378006667532
2026-10-03,wk inc flu prop ed visits,1,2026-10-10,49,quantile,0.45,0.0040759893411
2026-10-03,wk inc flu prop ed visits,1,2026-10-10,49,quantile,0.5,0.00439175891292
2026-10-03,wk inc flu prop ed visits,1,2026-10-10,49,quantile,0.55,0.00473644728936
2026-10-03,wk inc flu prop ed visits,1,2026-10-10,49,quantile,0.6,0.00510182860852
2026-10-03,wk inc flu prop ed visits,1,2026-10-10,49,quantile,0.65,0.00550487887657
2026-10-03,wk inc flu prop ed visits,1,2026-10-10,49,quantile,0.7,0.00596468011462
2026-10-03,wk inc flu prop ed visits,1,2026-10-10,49,quantile,0.75,0.00653276465113
2026-10-03,wk inc flu prop ed visits,1,2026-10-10,49,quantile,0.8,0.00720568454229
2026-10-03,wk inc flu prop ed visits,1,2026-10-10,49,quantile,0.85,0.00808828080974
2026-10-03,wk inc flu prop ed visits,1,2026-10-10,49,quantile,0.9,0.00934818197072
2026-10-03,wk inc flu prop ed visits,1,2026-10-10,49,quantile,0.95,0.0115863332899
2026-10-03,wk inc flu prop ed visits,1,2026-10-10,49,quantile,0.975,0.0139808243156
2026-10-03,wk inc flu prop ed visits,1,2026-10-10,49,quantile,0.99,0.0173630162601
2026-10-03,wk inc flu prop ed visits,2,2026-10-17,49,quantile,0.01,0.000944922682392
2026-10-03,wk inc flu prop ed visits,2,2026-10-17,49,quantile,0.025,0.00123360837742
2026-10-03,wk inc flu prop ed visits,2,2026-10-17,49,quantile,0.05,0.00155007298814
2026-10-03,wk inc flu prop ed visits,2,2026-10-17,49,quantile,0.1,0.00202321308019
2026-10-03,wk inc flu prop ed visits,2,2026-10-17,49,quantile,0.15,0.00241733604207
2026-10-03,wk inc flu prop ed visits,2,2026-10-17,49,quantile,0.2,0.00280419735027
2026-10-03,wk inc flu prop ed visits,2,2026-10-17,49,quantile,0.25,0.00317603180368
2026-10-03,wk inc flu prop ed visits,2,2026-10-17,49,quantile,0.3,0.00355502998907
2026-10-03,wk inc flu prop ed visits,2,2026-10-17,49,quantile,0.35,0.00391617449244
2026-10-03,wk inc flu prop ed visits,2,2026-10-17,49,quantile,0.4,0.00430518622949
2026-10-03,wk inc flu prop ed visits,2,2026-10-17,49,quantile,0.45,0.00472314328341
2026-10-03,wk inc flu prop ed visits,2,2026-10-17,49,quantile,0.5,0.00517561861372
2026-10-03,wk inc flu prop ed visits,2,2026-10-17,49,quantile,0.55,0.00566356168213
2026-10-03,wk inc flu prop ed visits,2,2026-10-17,49,quantile,0.6,0.00622476661676
2026-10-03,wk inc flu prop ed visits,2,2026-10-17,49,quantile,0.65,0.00686267247223
2026-10-03,wk inc flu prop ed visits,2,2026-10-17,49,quantile,0.7,0.00762026222987
2026-10-03,wk inc flu prop ed visits,2,2026-10-17,49,quantile,0.75,0.00851331914894
2026-10-03,wk inc flu prop ed visits,2,2026-10-17,49,quantile,0.8,0.00966037251969
2026-10-03,wk inc flu prop ed visits,2,2026-10-17,49,quantile,0.85,0.0111667051728
2026-10-03,wk inc flu prop ed visits,2,2026-10-17,49,quantile,0.9,0.0133281164199
2026-10-03,wk inc flu prop ed visits,2,2026-10-17,49,quantile,0.95,0.0172695284285
2026-10-03,wk inc flu prop ed visits,2,2026-10-17,49,quantile,0.975,0.0216357882231
2026-10-03,wk inc flu prop ed visits,2,2026-10-17,49,quantile,0.99,0.0282858077301
2026-10-03,wk inc flu prop ed visits,3,2026-10-24,49,quantile,0.01,0.000897496528051
2026-10-03,wk inc flu prop ed visits,3,2026-10-24,49,quantile,0.025,0.00122379157091
2026-10-03,wk inc flu prop ed visits,3,2026-10-24,49,quantile,0.05,0.00158231811152
2026-10-03,wk inc flu prop ed visits,3,2026-10-24,49,quantile,0.1,0.00215275279673
2026-10-03,wk inc flu prop ed visits,3,2026-10-24,49,quantile,0.15,0.00262533727207
2026-10-03,wk inc flu prop ed visits,3,2026-10-24,49,quantile,0.2,0.00307654905702
2026-10-03,wk inc flu prop ed visits,3,2026-10-24,49,quantile,0.25,0.00350595704546
2026-10-03,wk inc flu prop ed visits,3,2026-10-24,49,quantile,0.3,0.00393992577201
2026-10-03,wk inc flu prop ed visits,3,2026-10-24,49,quantile,0.35,0.00437782735444
2026-10-03,wk inc flu prop ed visits,3,2026-10-24,49,quantile,0.4,0.00491654154778
2026-10-03,wk inc flu prop ed visits,3,2026-10-24,49,quantile,0.45,0.005473120037
2026-10-03,wk inc flu prop ed visits,3,2026-10-24,49,quantile,0.5,0.00609744920324
2026-10-03,wk inc flu prop ed visits,3,2026-10-24,49,quantile,0.55,0.00669856702394
2026-10-03,wk inc flu prop ed visits,3,2026-10-24,49,quantile,0.6,0.00744292360135
2026-10-03,wk inc flu prop ed visits,3,2026-10-24,49,quantile,0.65,0.00827004843873
2026-10-03,wk inc flu prop ed visits,3,2026-10-24,49,quantile,0.7,0.00924228135344
2026-10-03,wk inc flu prop ed visits,3,2026-10-24,49,quantile,0.75,0.0103936678987
2026-10-03,wk inc flu prop ed visits,3,2026-10-24,49,quantile,0.8,0.0119169030222
2026-10-03,wk inc flu prop ed visits,3,2026-10-24,49,quantile,0.85,0.0140758234233
2026-10-03,wk inc flu prop ed visits,3,2026-10-24,49,quantile,0.9,0.0172326414211
2026-10-03,wk inc flu prop ed visits,3,2026-10-24,49,quantile,0.95,0.0230781577371
2026-10-03,wk inc flu prop ed visits,3,2026-10-24,49,quantile,0.975,0.0300294414122
2026-10-03,wk inc flu prop ed visits,3,2026-10-24,49,quantile,0.99,0.0406834840409
2026-10-03,wk inc flu prop ed visits,0,2026-10-03,50,quantile,0.01,8.45354056274e-05
2026-10-03,wk inc flu prop ed visits,0,2026-10-03,50,quantile,0.025,0.00012413675185
2026-10-03,wk inc flu prop ed visits,0,2026-10-03,50,quantile,0.05,0.00017343296225
2026-10-03,wk inc flu prop ed visits,0,2026-10-03,50,quantile,0.1,0.000251944230823
2026-10-03,wk inc flu prop ed visits,0,2026-10-03,50,quantile,0.15,0.000324417232546
2026-10-03,wk inc flu prop ed visits,0,2026-10-03,50,quantile,0.2,0.000397853642268
2026-10-03,wk inc flu prop ed visits,0,2026-10-03,50,quantile,0.25,0.000476384465262
2026-10-03,wk inc flu prop ed visits,0,2026-10-03,50,quantile,0.3,0.000552988446703
2026-10-03,wk inc flu prop ed visits,0,2026-10-03,50,quantile,0.35,0.000633944874436
2026-10-03,wk inc flu prop ed visits,0,2026-10-03,50,quantile,0.4,0.000721988660509
2026-10-03,wk inc flu prop ed visits,0,2026-10-03,50,quantile,0.45,0.000822296026685
2026-10-03,wk inc flu prop ed visits,0,2026-10-03,50,quantile,0.5,0.000940833890831
2026-10-03,wk inc flu prop ed visits,0,2026-10-03,50,quantile,0.55,0.0010699488951
2026-10-03,wk inc flu prop ed visits,0,2026-10-03,50,quantile,0.6,0.00122277668673
2026-10-03,wk inc flu prop ed visits,0,2026-10-03,50,quantile,0.65,0.00140423205917
2026-10-03,wk inc flu prop ed visits,0,2026-10-03,50,quantile,0.7,0.00162603003342
2026-10-03,wk inc flu prop ed visits,0,2026-10-03,50,quantile,0.75,0.00190385626093
2026-10-03,wk inc flu prop ed visits,0,2026-10-03,50,quantile,0.8,0.00225617319315
2026-10-03,wk inc flu prop ed visits,0,2026-10-03,50,quantile,0.85,0.00277736697867
2026-10-03,wk inc flu prop ed visits,0,2026-10-03,50,quantile,0.9,0.00358487774747
2026-10-03,wk inc flu prop ed visits,0,2026-10-03,50,quantile,0.95,0.00536470624977
2026-10-03,wk inc flu prop ed visits,0,2026-10-03,50,quantile,0.975,0.00741340569901
2026-10-03,wk inc flu prop ed visits,0,2026-10-03,50,quantile,0.99,0.0107127059092
2026-10-03,wk inc flu prop ed visits,1,2026-10-10,50,quantile,0.01,7.80522055807e-05
2026-10-03,wk inc flu prop ed visits,1,2026-10-10,50,quantile,0.025,0.000118130521358
2026-10-03,wk inc flu prop ed visits,1,2026-10-10,50,quantile,0.05,0.00016896563865
2026-10-03,wk inc flu prop ed visits,1,2026-10-10,50,quantile,0.1,0.000254992494415
2026-10-03,wk inc flu prop ed visits,1,2026-10-10,50,quantile,0.15,0.0003338228725
2026-10-03,wk inc flu prop ed visits,1,2026-10-10,50,quantile,0.2,0.000414292183164
2026-10-03,wk inc flu prop ed visits,1,2026-10-10,50,quantile,0.25,0.000502722886864
2026-10-03,wk inc flu prop ed visits,1,2026-10-10,50,quantile,0.3,0.000595491919583
2026-10-03,wk inc flu prop ed visits,1,2026-10-10,50,quantile,0.35,0.000690072917819
2026-10-03,wk inc flu prop ed visits,1,2026-10-10,50,quantile,0.4,0.000794157287994
2026-10-03,wk inc flu prop ed visits,1,2026-10-10,50,quantile,0.45,0.000919323712591
2026-10-03,wk inc flu prop ed visits,1,2026-10-10,50,quantile,0.5,0.00105344424291
2026-10-03,wk inc flu prop ed visits,1,2026-10-10,50,quantile,0.55,0.00121118802414
2026-10-03,wk inc flu prop ed visits,1,2026-10-10,50,quantile,0.6,0.00139486076423
2026-10-03,wk inc flu prop ed visits,1,2026-10-10,50,quantile,0.65,0.00160311642409
2026-10-03,wk inc flu prop ed visits,1,2026-10-10,50,quantile,0.7,0.00186852425461
2026-10-03,wk inc flu prop ed visits,1,2026-10-10,50,quantile,0.75,0.00221892233977
2026-10-03,wk inc flu prop ed visits,1,2026-10-10,50,quantile,0.8,0.00266781814931
2026-10-03,wk inc flu prop ed visits,1,2026-10-10,50,quantile,0.85,0.00333556213437
2026-10-03,wk inc flu prop ed visits,1,2026-10-10,50,quantile,0.9,0.00436065123793
2026-10-03,wk inc flu prop ed visits,1,2026-10-10,50,quantile,0.95,0.00658874688827
2026-10-03,wk inc flu prop ed visits,1,2026-10-10,50,quantile,0.975,0.00935344539692
2026-10-03,wk inc flu prop ed visits,1,2026-10-10,50,quantile,0.99,0.0141643331369
2026-10-03,wk inc flu prop ed visits,2,2026-10-17,50,quantile,0.01,8.02077951644e-05
2026-10-03,wk inc flu prop ed visits,2,2026-10-17,50,quantile,0.025,0.000123981596822
2026-10-03,wk inc flu prop ed visits,2,2026-10-17,50,quantile,0.05,0.000182225041132
2026-10-03,wk inc flu prop ed visits,2,2026-10-17,50,quantile,0.1,0.00028053657463
2026-10-03,wk inc flu prop ed visits,2,2026-10-17,50,quantile,0.15,0.000373931291532
2026-10-03,wk inc flu prop ed visits,2,2026-10-17,50,quantile,0.2,0.000475383096309
2026-10-03,wk inc flu prop ed visits,2,2026-10-17,50,quantile,0.25,0.000583060249723
2026-10-03,wk inc flu prop ed visits,2,2026-10-17,50,quantile,0.3,0.000690069815438
2026-10-03,wk inc flu prop ed visits,2,2026-10-17,50,quantile,0.35,0.000813451196616
2026-10-03,wk inc flu prop ed visits,2,2026-10-17,50,quantile,0.4,0.000950694499473
2026-10-03,wk inc flu prop ed visits,2,2026-10-17,50,quantile,0.45,0.00109968171094
2026-10-03,wk inc flu prop ed visits,2,2026-10-17,50,quantile,0.5,0.00127518364282
2026-10-03,wk inc flu prop ed visits,2,2026-10-17,50,quantile,0.55,0.00148379700307
2026-10-03,wk inc flu prop ed visits,2,2026-10-17,50,quantile,0.6,0.00173069732576
2026-10-03,wk inc flu prop ed visits,2,2026-10-17,50,quantile,0.65,0.00202905413332
2026-10-03,wk inc flu prop ed visits,2,2026-10-17,50,quantile,0.7,0.00239553408166
2026-10-03,wk inc flu prop ed visits,2,2026-10-17,50,quantile,0.75,0.00286330251574
2026-10-03,wk inc flu prop ed visits,2,2026-10-17,50,quantile,0.8,0.00350838568266
2026-10-03,wk inc flu prop ed visits,2,2026-10-17,50,quantile,0.85,0.00444287060155
2026-10-03,wk inc flu prop ed visits,2,2026-10-17,50,quantile,0.9,0.00595131135371
2026-10-03,wk inc flu prop ed visits,2,2026-10-17,50,quantile,0.95,0.00926512778683
2026-10-03,wk inc flu prop ed visits,2,2026-10-17,50,quantile,0.975,0.0133996183824
2026-10-03,wk inc flu prop ed visits,2,2026-10-17,50,quantile,0.99,0.0207046501263
2026-10-03,wk inc flu prop ed visits,3,2026-10-24,50,quantile,0.01,9.10740600406e-05
2026-10-03,wk inc flu prop ed visits,3,2026-10-24,50,quantile,0.025,0.00014299841762
2026-10-03,wk inc flu prop ed visits,3,2026-10-24,50,quantile,0.05,0.00020979043959
2026-10-03,wk inc flu prop ed visits,3,2026-10-24,50,quantile,0.1,0.000326533379425
2026-10-03,wk inc flu prop ed visits,3,2026-10-24,50,quantile,0.15,0.000441846150948
2026-10-03,wk inc flu prop ed visits,3,2026-10-24,50,quantile,0.2,0.000559043869106
2026-10-03,wk inc flu prop ed visits,3,2026-10-24,50,quantile,0.25,0.000684827097582
2026-10-03,wk inc flu prop ed visits,3,2026-10-24,50,quantile,0.3,0.0008255855921
2026-10-03,wk inc flu prop ed visits,3,2026-10-24,50,quantile,0.35,0.000980249189896
2026-10-03,wk inc flu prop ed visits,3,2026-10-24,50,quantile,0.4,0.00114092614703
2026-10-03,wk inc flu prop ed visits,3,2026-10-24,50,quantile,0.45,0.00132309875813
2026-10-03,wk inc flu prop ed visits,3,2026-10-24,50,quantile,0.5,0.00155137540856
2026-10-03,wk inc flu prop ed visits,3,2026-10-24,50,quantile,0.55,0.00181903815869
2026-10-03,wk inc flu prop ed visits,3,2026-10-24,50,quantile,0.6,0.00213290407477
2026-10-03,wk inc flu prop ed visits,3,2026-10-24,50,quantile,0.65,0.00250829291049
2026-10-03,wk inc flu prop ed visits,3,2026-10-24,50,quantile,0.7,0.00295356016468
2026-10-03,wk inc flu prop ed visits,3,2026-10-24,50,quantile,0.75,0.00356017341421
2026-10-03,wk inc flu prop ed visits,3,2026-10-24,50,quantile,0.8,0.00442123612004
2026-10-03,wk inc flu prop ed visits,3,2026-10-24,50,quantile,0.85,0.00560953665526
2026-10-03,wk inc flu prop ed visits,3,2026-10-24,50,quantile,0.9,0.00759530512673
2026-10-03,wk inc flu prop ed visits,3,2026-10-24,50,quantile,0.95,0.0118688789116
2026-10-03,wk inc flu prop ed visits,3,2026-10-24,50,quantile,0.975,0.0174241162553
2026-10-03,wk inc flu prop ed visits,3,2026-10-24,50,quantile,0.99,0.0271955824798
2026-10-03,wk inc flu prop ed visits,0,2026-10-03,51,quantile,0.01,0.00151864678531
2026-10-03,wk inc flu prop ed visits,0,2026-10-03,51,quantile,0.025,0.00175336348651
2026-10-03,wk inc flu prop ed visits,0,2026-10-03,51,quantile,0.05,0.00198724964062
2026-10-03,wk inc flu prop ed visits,0,2026-10-03,51,quantile,0.1,0.00229896749091
2026-10-03,wk inc flu prop ed visits,0,2026-10-03,51,quantile,0.15,0.00253809815319
2026-10-03,wk inc flu prop ed visits,0,2026-10-03,51,quantile,0.2,0.0027353341559
2026-10-03,wk inc flu prop ed visits,0,2026-10-03,51,quantile,0.25,0.00291753367273
2026-10-03,wk inc flu prop ed visits,0,2026-10-03,51,quantile,0.3,0.00308962431517
2026-10-03,wk inc flu prop ed visits,0,2026-10-03,51,quantile,0.35,0.00325230718231
2026-10-03,wk inc flu prop ed visits,0,2026-10-03,51,quantile,0.4,0.00341536662129
2026-10-03,wk inc flu prop ed visits,0,2026-10-03,51,quantile,0.45,0.00359878957922
2026-10-03,wk inc flu prop ed visits,0,2026-10-03,51,quantile,0.5,0.00376750333816
2026-10-03,wk inc flu prop ed visits,0,2026-10-03,51,quantile,0.55,0.00394960783142
2026-10-03,wk inc flu prop ed visits,0,2026-10-03,51,quantile,0.6,0.00414572113983
2026-10-03,wk inc flu prop ed visits,0,2026-10-03,51,quantile,0.65,0.0043577220498
2026-10-03,wk inc flu prop ed visits,0,2026-10-03,51,quantile,0.7,0.00461534089453
2026-10-03,wk inc flu prop ed visits,0,2026-10-03,51,quantile,0.75,0.00487767492988
2026-10-03,wk inc flu prop ed visits,0,2026-10-03,51,quantile,0.8,0.0051909114266
2026-10-03,wk inc flu prop ed visits,0,2026-10-03,51,quantile,0.85,0.00557907192615
2026-10-03,wk inc flu prop ed visits,0,2026-10-03,51,quantile,0.9,0.00614052054872
2026-10-03,wk inc flu prop ed visits,0,2026-10-03,51,quantile,0.95,0.00705884054965
2026-10-03,wk inc flu prop ed visits,0,2026-10-03,51,quantile,0.975,0.00793798765943
2026-10-03,wk inc flu prop ed visits,0,2026-10-03,51,quantile,0.99,0.00913769890692
2026-10-03,wk inc flu prop ed visits,1,2026-10-10,51,quantile,0.01,0.00129695771608
2026-10-03,wk inc flu prop ed visits,1,2026-10-10,51,quantile,0.025,0.00156522205048
2026-10-03,wk inc flu prop ed visits,1,2026-10-10,51,quantile,0.05,0.00183517742298
2026-10-03,wk inc flu prop ed visits,1,2026-10-10,51,quantile,0.1,0.00221234000205
2026-10-03,wk inc flu prop ed visits,1,2026-10-10,51,quantile,0.15,0.00251079780727
2026-10-03,wk inc flu prop ed visits,1,2026-10-10,51,quantile,0.2,0.00276688196885
2026-10-03,wk inc flu prop ed visits,1,2026-10-10,51,quantile,0.25,0.00300760918119
2026-10-03,wk inc flu prop ed visits,1,2026-10-10,51,quantile,0.3,0.00325140405077
2026-10-03,wk inc flu prop ed visits,1,2026-10-10,51,quantile,0.35,0.00348141385608
2026-10-03,wk inc flu prop ed visits,1,2026-10-10,51,quantile,0.4,0.00373254803911
2026-10-03,wk inc flu prop ed visits,1,2026-10-10,51,quantile,0.45,0.00398265286808
2026-10-03,wk inc flu prop ed visits,1,2026-10-10,51,quantile,0.5,0.00424577952227
2026-10-03,wk inc flu prop ed visits,1,2026-10-10,51,quantile,0.55,0.00452639568887
2026-10-03,wk inc flu prop ed visits,1,2026-10-10,51,quantile,0.6,0.00483336676967
2026-10-03,wk inc flu prop ed visits,1,2026-10-10,51,quantile,0.65,0.00518365455695
2026-10-03,wk inc flu prop ed visits,1,2026-10-10,51,quantile,0.7,0.00556472161477
2026-10-03,wk inc flu prop ed visits,1,2026-10-10,51,quantile,0.75,0.00598596646293
2026-10-03,wk inc flu prop ed visits,1,2026-10-10,51,quantile,0.8,0.00642173622133
2026-10-03,wk inc flu prop ed visits,1,2026-10-10,51,quantile,0.85,0.00709561507937
2026-10-03,wk inc flu prop ed visits,1,2026-10-10,51,quantile,0.9,0.00808726976629
2026-10-03,wk inc flu prop ed visits,1,2026-10-10,51,quantile,0.95,0.00974754693246
2026-10-03,wk inc flu prop ed visits,1,2026-10-10,51,quantile,0.975,0.0113551127464
2026-10-03,wk inc flu prop ed visits,1,2026-10-10,51,quantile,0.99,0.0136103084392
2026-10-03,wk inc flu prop ed visits,2,2026-10-17,51,quantile,0.01,0.00122730524044
2026-10-03,wk inc flu prop ed visits,2,2026-10-17,51,quantile,0.025,0.00153181258612
2026-10-03,wk inc flu prop ed visits,2,2026-10-17,51,quantile,0.05,0.00184796355637
2026-10-03,wk inc flu prop ed visits,2,2026-10-17,51,quantile,0.1,0.00230159062825
2026-10-03,wk inc flu prop ed visits,2,2026-10-17,51,quantile,0.15,0.0026690883653
2026-10-03,wk inc flu prop ed visits,2,2026-10-17,51,quantile,0.2,0.00299884555165
2026-10-03,wk inc flu prop ed visits,2,2026-10-17,51,quantile,0.25,0.00331581254892
2026-10-03,wk inc flu prop ed visits,2,2026-10-17,51,quantile,0.3,0.00364741401447
2026-10-03,wk inc flu prop ed visits,2,2026-10-17,51,quantile,0.35,0.00397018739573
2026-10-03,wk inc flu prop ed visits,2,2026-10-17,51,quantile,0.4,0.0043150240301
2026-10-03,wk inc flu prop ed visits,2,2026-10-17,51,quantile,0.45,0.00465956147766
2026-10-03,wk inc flu prop ed visits,2,2026-10-17,51,quantile,0.5,0.00500927607927
2026-10-03,wk inc flu prop ed visits,2,2026-10-17,51,quantile,0.55,0.0054046042361
2026-10-03,wk inc flu prop ed visits,2,2026-10-17,51,quantile,0.6,0.00583839667619
2026-10-03,wk inc flu prop ed visits,2,2026-10-17,51,quantile,0.65,0.00631165008583
2026-10-03,wk inc flu prop ed visits,2,2026-10-17,51,quantile,0.7,0.00686793139885
2026-10-03,wk inc flu prop ed visits,2,2026-10-17,51,quantile,0.75,0.00753428300358
2026-10-03,wk inc flu prop ed visits,2,2026-10-17,51,quantile,0.8,0.00833964813782
2026-10-03,wk inc flu prop ed visits,2,2026-10-17,51,quantile,0.85,0.00946599707195
2026-10-03,wk inc flu prop ed visits,2,2026-10-17,51,quantile,0.9,0.0110618845699
2026-10-03,wk inc flu prop ed visits,2,2026-10-17,51,quantile,0.95,0.0135446505044
2026-10-03,wk inc flu prop ed visits,2,2026-10-17,51,quantile,0.975,0.0164467335202
2026-10-03,wk inc flu prop ed visits,2,2026-10-17,51,quantile,0.99,0.0203922210029
2026-10-03,wk inc flu prop ed visits,3,2026-10-24,51,quantile,0.01,0.00122080499919
2026-10-03,wk inc flu prop ed visits,3,2026-10-24,51,quantile,0.025,0.00156001543378
2026-10-03,wk inc flu prop ed visits,3,2026-10-24,51,quantile,0.05,0.00190886015412
2026-10-03,wk inc flu prop ed visits,3,2026-10-24,51,quantile,0.1,0.00246385605758
2026-10-03,wk inc flu prop ed visits,3,2026-10-24,51,quantile,0.15,0.00290382763324
2026-10-03,wk inc flu prop ed visits,3,2026-10-24,51,quantile,0.2,0.00333323171697
2026-10-03,wk inc flu prop ed visits,3,2026-10-24,51,quantile,0.25,0.00374444571951
2026-10-03,wk inc flu prop ed visits,3,2026-10-24,51,quantile,0.3,0.00412163168743
2026-10-03,wk inc flu prop ed visits,3,2026-10-24,51,quantile,0.35,0.00455562819451
2026-10-03,wk inc flu prop ed visits,3,2026-10-24,51,quantile,0.4,0.0049613906438
2026-10-03,wk inc flu prop ed visits,3,2026-10-24,51,quantile,0.45,0.0053504931199
2026-10-03,wk inc flu prop ed visits,3,2026-10-24,51,quantile,0.5,0.00577037020974
2026-10-03,wk inc flu prop ed visits,3,2026-10-24,51,quantile,0.55,0.00627564433321
2026-10-03,wk inc flu prop ed visits,3,2026-10-24,51,quantile,0.6,0.00685159125223
2026-10-03,wk inc flu prop ed visits,3,2026-10-24,51,quantile,0.65,0.00741412210786
2026-10-03,wk inc flu prop ed visits,3,2026-10-24,51,quantile,0.7,0.00813004326885
2026-10-03,wk inc flu prop ed visits,3,2026-10-24,51,quantile,0.75,0.00909985279154
2026-10-03,wk inc flu prop ed visits,3,2026-10-24,51,quantile,0.8,0.0102741004953
2026-10-03,wk inc flu prop ed visits,3,2026-10-24,51,quantile,0.85,0.0117581925727
2026-10-03,wk inc flu prop ed visits,3,2026-10-24,51,quantile,0.9,0.013969055844
2026-10-03,wk inc flu prop ed visits,3,2026-10-24,51,quantile,0.95,0.0180686956653
2026-10-03,wk inc flu prop ed visits,3,2026-10-24,51,quantile,0.975,0.0222566667304
2026-10-03,wk inc flu prop ed visits,3,2026-10-24,51,quantile,0.99,0.0288265309156
2026-10-03,wk inc flu prop ed visits,0,2026-10-03,53,quantile,0.01,0.00388492718957
2026-10-03,wk inc flu prop ed visits,0,2026-10-03,53,quantile,0.025,0.0045091873688
2026-10-03,wk inc flu prop ed visits,0,2026-10-03,53,quantile,0.05,0.00516133799675
2026-10-03,wk inc flu prop ed visits,0,2026-10-03,53,quantile,0.1,0.0059776251443
2026-10-03,wk inc flu prop ed visits,0,2026-10-03,53,quantile,0.15,0.00656700013822
2026-10-03,wk inc flu prop ed visits,0,2026-10-03,53,quantile,0.2,0.00707296547589
2026-10-03,wk inc flu prop ed visits,0,2026-10-03,53,quantile,0.25,0.00757659436711
2026-10-03,wk inc flu prop ed visits,0,2026-10-03,53,quantile,0.3,0.00814277357933
2026-10-03,wk inc flu prop ed visits,0,2026-10-03,53,quantile,0.35,0.00865345521122
2026-10-03,wk inc flu prop ed visits,0,2026-10-03,53,quantile,0.4,0.00915621964151
2026-10-03,wk inc flu prop ed visits,0,2026-10-03,53,quantile,0.45,0.00962428129429
2026-10-03,wk inc flu prop ed visits,0,2026-10-03,53,quantile,0.5,0.0100916026075
2026-10-03,wk inc flu prop ed visits,0,2026-10-03,53,quantile,0.55,0.0106364697766
2026-10-03,wk inc flu prop ed visits,0,2026-10-03,53,quantile,0.6,0.0111927325873
2026-10-03,wk inc flu prop ed visits,0,2026-10-03,53,quantile,0.65,0.0117720729673
2026-10-03,wk inc flu prop ed visits,0,2026-10-03,53,quantile,0.7,0.0124245751364
2026-10-03,wk inc flu prop ed visits,0,2026-10-03,53,quantile,0.75,0.013163077009
2026-10-03,wk inc flu prop ed visits,0,2026-10-03,53,quantile,0.8,0.0140768274289
2026-10-03,wk inc flu prop ed visits,0,2026-10-03,53,quantile,0.85,0.0152514097682
2026-10-03,wk inc flu prop ed visits,0,2026-10-03,53,quantile,0.9,0.0167835675112
2026-10-03,wk inc flu prop ed visits,0,2026-10-03,53,quantile,0.95,0.0195342702804
2026-10-03,wk inc flu prop ed visits,0,2026-10-03,53,quantile,0.975,0.02199867081
2026-10-03,wk inc flu prop ed visits,0,2026-10-03,53,quantile,0.99,0.0256526174269
2026-10-03,wk inc flu prop ed visits,1,2026-10-10,53,quantile,0.01,0.00310429079749
2026-10-03,wk inc flu prop ed visits,1,2026-10-10,53,quantile,0.025,0.00379475807909
2026-10-03,wk inc flu prop ed visits,1,2026-10-10,53,quantile,0.05,0.00451684172615
2026-10-03,wk inc flu prop ed visits,1,2026-10-10,53,quantile,0.1,0.00547955274534
2026-10-03,wk inc flu prop ed visits,1,2026-10-10,53,quantile,0.15,0.00628809795008
2026-10-03,wk inc flu prop ed visits,1,2026-10-10,53,quantile,0.2,0.00699502480447
2026-10-03,wk inc flu prop ed visits,1,2026-10-10,53,quantile,0.25,0.0076536069317
2026-10-03,wk inc flu prop ed visits,1,2026-10-10,53,quantile,0.3,0.00834549727842
2026-10-03,wk inc flu prop ed visits,1,2026-10-10,53,quantile,0.35,0.00905575280097
2026-10-03,wk inc flu prop ed visits,1,2026-10-10,53,quantile,0.4,0.00973561798217
2026-10-03,wk inc flu prop ed visits,1,2026-10-10,53,quantile,0.45,0.0104558337063
2026-10-03,wk inc flu prop ed visits,1,2026-10-10,53,quantile,0.5,0.011183881022
2026-10-03,wk inc flu prop ed visits,1,2026-10-10,53,quantile,0.55,0.0119642437505
2026-10-03,wk inc flu prop ed visits,1,2026-10-10,53,quantile,0.6,0.012942143503
2026-10-03,wk inc flu prop ed visits,1,2026-10-10,53,quantile,0.65,0.0138863654535
2026-10-03,wk inc flu prop ed visits,1,2026-10-10,53,quantile,0.7,0.0150499587898
2026-10-03,wk inc flu prop ed visits,1,2026-10-10,53,quantile,0.75,0.0162590264339
2026-10-03,wk inc flu prop ed visits,1,2026-10-10,53,quantile,0.8,0.0177036754433
2026-10-03,wk inc flu prop ed visits,1,2026-10-10,53,quantile,0.85,0.0196834360304
2026-10-03,wk inc flu prop ed visits,1,2026-10-10,53,quantile,0.9,0.0223161343711
2026-10-03,wk inc flu prop ed visits,1,2026-10-10,53,quantile,0.95,0.0269158345947
2026-10-03,wk inc flu prop ed visits,1,2026-10-10,53,quantile,0.975,0.031564487884
2026-10-03,wk inc flu prop ed visits,1,2026-10-10,53,quantile,0.99,0.0383218556688
2026-10-03,wk inc flu prop ed visits,2,2026-10-17,53,quantile,0.01,0.00269781191123
2026-10-03,wk inc flu prop ed visits,2,2026-10-17,53,quantile,0.025,0.00346072772803
2026-10-03,wk inc flu prop ed visits,2,2026-10-17,53,quantile,0.05,0.00423482638984
2026-10-03,wk inc flu prop ed visits,2,2026-10-17,53,quantile,0.1,0.00550115531724
2026-10-03,wk inc flu prop ed visits,2,2026-10-17,53,quantile,0.15,0.00644733296129
2026-10-03,wk inc flu prop ed visits,2,2026-10-17,53,quantile,0.2,0.00744259286557
2026-10-03,wk inc flu prop ed visits,2,2026-10-17,53,quantile,0.25,0.00836082222954
2026-10-03,wk inc flu prop ed visits,2,2026-10-17,53,quantile,0.3,0.0091875661899
2026-10-03,wk inc flu prop ed visits,2,2026-10-17,53,quantile,0.35,0.00999996094849
2026-10-03,wk inc flu prop ed visits,2,2026-10-17,53,quantile,0.4,0.0109416115294
2026-10-03,wk inc flu prop ed visits,2,2026-10-17,53,quantile,0.45,0.0120035814054
2026-10-03,wk inc flu prop ed visits,2,2026-10-17,53,quantile,0.5,0.013061319899
2026-10-03,wk inc flu prop ed visits,2,2026-10-17,53,quantile,0.55,0.0142823990879
2026-10-03,wk inc flu prop ed visits,2,2026-10-17,53,quantile,0.6,0.0155881602719
2026-10-03,wk inc flu prop ed visits,2,2026-10-17,53,quantile,0.65,0.0169674959802
2026-10-03,wk inc flu prop ed visits,2,2026-10-17,53,quantile,0.7,0.0186076926809
2026-10-03,wk inc flu prop ed visits,2,2026-10-17,53,quantile,0.75,0.0205427769216
2026-10-03,wk inc flu prop ed visits,2,2026-10-17,53,quantile,0.8,0.023000361632
2026-10-03,wk inc flu prop ed visits,2,2026-10-17,53,quantile,0.85,0.0262157125909
2026-10-03,wk inc flu prop ed visits,2,2026-10-17,53,quantile,0.9,0.0307279232022
2026-10-03,wk inc flu prop ed visits,2,2026-10-17,53,quantile,0.95,0.0388831136708
2026-10-03,wk inc flu prop ed visits,2,2026-10-17,53,quantile,0.975,0.0475034138133
2026-10-03,wk inc flu prop ed visits,2,2026-10-17,53,quantile,0.99,0.0600730845106
2026-10-03,wk inc flu prop ed visits,3,2026-10-24,53,quantile,0.01,0.00246548843347
2026-10-03,wk inc flu prop ed visits,3,2026-10-24,53,quantile,0.025,0.00324309534035
2026-10-03,wk inc flu prop ed visits,3,2026-10-24,53,quantile,0.05,0.00411418455694
2026-10-03,wk inc flu prop ed visits,3,2026-10-24,53,quantile,0.1,0.0054515222348
2026-10-03,wk inc flu prop ed visits,3,2026-10-24,53,quantile,0.15,0.00654513776569
2026-10-03,wk inc flu prop ed visits,3,2026-10-24,53,quantile,0.2,0.00761402093561
2026-10-03,wk inc flu prop ed visits,3,2026-10-24,53,quantile,0.25,0.00863992566728
2026-10-03,wk inc flu prop ed visits,3,2026-10-24,53,quantile,0.3,0.0096994543281
2026-10-03,wk inc flu prop ed visits,3,2026-10-24,53,quantile,0.35,0.0108062010682
2026-10-03,wk inc flu prop ed visits,3,2026-10-24,53,quantile,0.4,0.0119903239862
2026-10-03,wk inc flu prop ed visits,3,2026-10-24,53,quantile,0.45,0.013235907694
2026-10-03,wk inc flu prop ed visits,3,2026-10-24,53,quantile,0.5,0.0145449301183
2026-10-03,wk inc flu prop ed visits,3,2026-10-24,53,quantile,0.55,0.0159698056041
2026-10-03,wk inc flu prop ed visits,3,2026-10-24,53,quantile,0.6,0.0175826087559
2026-10-03,wk inc flu prop ed visits,3,2026-10-24,53,quantile,0.65,0.0193730527358
2026-10-03,wk inc flu prop ed visits,3,2026-10-24,53,quantile,0.7,0.0214957061601
2026-10-03,wk inc flu prop ed visits,3,2026-10-24,53,quantile,0.75,0.023971087989
2026-10-03,wk inc flu prop ed visits,3,2026-10-24,53,quantile,0.8,0.0271839410538
2026-10-03,wk inc flu prop ed visits,3,2026-10-24,53,quantile,0.85,0.031444152432
2026-10-03,wk inc flu prop ed visits,3,2026-10-24,53,quantile,0.9,0.0380650049174
2026-10-03,wk inc flu prop ed visits,3,2026-10-24,53,quantile,0.95,0.0496051987184
2026-10-03,wk inc flu prop ed visits,3,2026-10-24,53,quantile,0.975,0.062244909074
2026-10-03,wk inc flu prop ed visits,3,2026-10-24,53,quantile,0.99,0.0811622746977
2026-10-03,wk inc flu prop ed visits,0,2026-10-03,54,quantile,0.01,0.000433207763135
2026-10-03,wk inc flu prop ed visits,0,2026-10-03,54,quantile,0.025,0.00055055550851
2026-10-03,wk inc flu prop ed visits,0,2026-10-03,54,quantile,0.05,0.000676176499486
2026-10-03,wk inc flu prop ed visits,0,2026-10-03,54,quantile,0.1,0.000859492323185
2026-10-03,wk inc flu prop ed visits,0,2026-10-03,54,quantile,0.15,0.00100152232967
2026-10-03,wk inc flu prop ed visits,0,2026-10-03,54,quantile,0.2,0.00113024377502
2026-10-03,wk inc flu prop ed visits,0,2026-10-03,54,quantile,0.25,0.00125080478359
2026-10-03,wk inc flu prop ed visits,0,2026-10-03,54,quantile,0.3,0.00138133245458
2026-10-03,wk inc flu prop ed visits,0,2026-10-03,54,quantile,0.35,0.00149977662244
2026-10-03,wk inc flu prop ed visits,0,2026-10-03,54,quantile,0.4,0.00162839806638
2026-10-03,wk inc flu prop ed visits,0,2026-10-03,54,quantile,0.45,0.00175991670766
2026-10-03,wk inc flu prop ed visits,0,2026-10-03,54,quantile,0.5,0.00190497761852
2026-10-03,wk inc flu prop ed visits,0,2026-10-03,54,quantile,0.55,0.00205399204988
2026-10-03,wk inc flu prop ed visits,0,2026-10-03,54,quantile,0.6,0.00221554409613
2026-10-03,wk inc flu prop ed visits,0,2026-10-03,54,quantile,0.65,0.00239582381698
2026-10-03,wk inc flu prop ed visits,0,2026-10-03,54,quantile,0.7,0.00259468066102
2026-10-03,wk inc flu prop ed visits,0,2026-10-03,54,quantile,0.75,0.00285843438512
2026-10-03,wk inc flu prop ed visits,0,2026-10-03,54,quantile,0.8,0.00317082905888
2026-10-03,wk inc flu prop ed visits,0,2026-10-03,54,quantile,0.85,0.00356430463415
2026-10-03,wk inc flu prop ed visits,0,2026-10-03,54,quantile,0.9,0.00413207035997
2026-10-03,wk inc flu prop ed visits,0,2026-10-03,54,quantile,0.95,0.00518974513214
2026-10-03,wk inc flu prop ed visits,0,2026-10-03,54,quantile,0.975,0.0062843693617
2026-10-03,wk inc flu prop ed visits,0,2026-10-03,54,quantile,0.99,0.00788260872301
2026-10-03,wk inc flu prop ed visits,1,2026-10-10,54,quantile,0.01,0.000355133558773
2026-10-03,wk inc flu prop ed visits,1,2026-10-10,54,quantile,0.025,0.000469668766597
2026-10-03,wk inc flu prop ed visits,1,2026-10-10,54,quantile,0.05,0.000600846691811
2026-10-03,wk inc flu prop ed visits,1,2026-10-10,54,quantile,0.1,0.000791087742607
2026-10-03,wk inc flu prop ed visits,1,2026-10-10,54,quantile,0.15,0.00095564693391
2026-10-03,wk inc flu prop ed visits,1,2026-10-10,54,quantile,0.2,0.0011112016278
2026-10-03,wk inc flu prop ed visits,1,2026-10-10,54,quantile,0.25,0.00126196063532
2026-10-03,wk inc flu prop ed visits,1,2026-10-10,54,quantile,0.3,0.00140963632366
2026-10-03,wk inc flu prop ed visits,1,2026-10-10,54,quantile,0.35,0.00156344740573
2026-10-03,wk inc flu prop ed visits,1,2026-10-10,54,quantile,0.4,0.00172216954609
2026-10-03,wk inc flu prop ed visits,1,2026-10-10,54,quantile,0.45,0.00189587730386
2026-10-03,wk inc flu prop ed visits,1,2026-10-10,54,quantile,0.5,0.00208719127933
2026-10-03,wk inc flu prop ed visits,1,2026-10-10,54,quantile,0.55,0.00227943783666
2026-10-03,wk inc flu prop ed visits,1,2026-10-10,54,quantile,0.6,0.00249740316805
2026-10-03,wk inc flu prop ed visits,1,2026-10-10,54,quantile,0.65,0.00275108740696
2026-10-03,wk inc flu prop ed visits,1,2026-10-10,54,quantile,0.7,0.00305443988391
2026-10-03,wk inc flu prop ed visits,1,2026-10-10,54,quantile,0.75,0.00342383481531
2026-10-03,wk inc flu prop ed visits,1,2026-10-10,54,quantile,0.8,0.00388073703269
2026-10-03,wk inc flu prop ed visits,1,2026-10-10,54,quantile,0.85,0.00447322996252
2026-10-03,wk inc flu prop ed visits,1,2026-10-10,54,quantile,0.9,0.00535844001622
2026-10-03,wk inc flu prop ed visits,1,2026-10-10,54,quantile,0.95,0.00697086997105
2026-10-03,wk inc flu prop ed visits,1,2026-10-10,54,quantile,0.975,0.00874055871504
2026-10-03,wk inc flu prop ed visits,1,2026-10-10,54,quantile,0.99,0.0114519576623
2026-10-03,wk inc flu prop ed visits,2,2026-10-17,54,quantile,0.01,0.000364097412399
2026-10-03,wk inc flu prop ed visits,2,2026-10-17,54,quantile,0.025,0.000492761866052
2026-10-03,wk inc flu prop ed visits,2,2026-10-17,54,quantile,0.05,0.00065064818071
2026-10-03,wk inc flu prop ed visits,2,2026-10-17,54,quantile,0.1,0.000889395713069
2026-10-03,wk inc flu prop ed visits,2,2026-10-17,54,quantile,0.15,0.00107992000823
2026-10-03,wk inc flu prop ed visits,2,2026-10-17,54,quantile,0.2,0.0012576977802
2026-10-03,wk inc flu prop ed visits,2,2026-10-17,54,quantile,0.25,0.00145305666593
2026-10-03,wk inc flu prop ed visits,2,2026-10-17,54,quantile,0.3,0.00162389228081
2026-10-03,wk inc flu prop ed visits,2,2026-10-17,54,quantile,0.35,0.00183089661522
2026-10-03,wk inc flu prop ed visits,2,2026-10-17,54,quantile,0.4,0.0020418516763
2026-10-03,wk inc flu prop ed visits,2,2026-10-17,54,quantile,0.45,0.00226248694231
2026-10-03,wk inc flu prop ed visits,2,2026-10-17,54,quantile,0.5,0.00251539161648
2026-10-03,wk inc flu prop ed visits,2,2026-10-17,54,quantile,0.55,0.00279613861118
2026-10-03,wk inc flu prop ed visits,2,2026-10-17,54,quantile,0.6,0.0031000118862
2026-10-03,wk inc flu prop ed visits,2,2026-10-17,54,quantile,0.65,0.0034415116504
2026-10-03,wk inc flu prop ed visits,2,2026-10-17,54,quantile,0.7,0.00384809759721
2026-10-03,wk inc flu prop ed visits,2,2026-10-17,54,quantile,0.75,0.00435114227636
2026-10-03,wk inc flu prop ed visits,2,2026-10-17,54,quantile,0.8,0.00499396028538
2026-10-03,wk inc flu prop ed visits,2,2026-10-17,54,quantile,0.85,0.00584260831742
2026-10-03,wk inc flu prop ed visits,2,2026-10-17,54,quantile,0.9,0.00707877796349
2026-10-03,wk inc flu prop ed visits,2,2026-10-17,54,quantile,0.95,0.00956384496525
2026-10-03,wk inc flu prop ed visits,2,2026-10-17,54,quantile,0.975,0.0124112210353
2026-10-03,wk inc flu prop ed visits,2,2026-10-17,54,quantile,0.99,0.0167945388606
2026-10-03,wk inc flu prop ed visits,3,2026-10-24,54,quantile,0.01,0.00036425963944
2026-10-03,wk inc flu prop ed visits,3,2026-10-24,54,quantile,0.025,0.000511527456532
2026-10-03,wk inc flu prop ed visits,3,2026-10-24,54,quantile,0.05,0.000689164019774
2026-10-03,wk inc flu prop ed visits,3,2026-10-24,54,quantile,0.1,0.000963772244143
2026-10-03,wk inc flu prop ed visits,3,2026-10-24,54,quantile,0.15,0.00119501203672
2026-10-03,wk inc flu prop ed visits,3,2026-10-24,54,quantile,0.2,0.00140692592763
2026-10-03,wk inc flu prop ed visits,3,2026-10-24,54,quantile,0.25,0.00162864836952
2026-10-03,wk inc flu prop ed visits,3,2026-10-24,54,quantile,0.3,0.00184758979609
2026-10-03,wk inc flu prop ed visits,3,2026-10-24,54,quantile,0.35,0.0020966883178
2026-10-03,wk inc flu prop ed visits,3,2026-10-24,54,quantile,0.4,0.00234510157339
2026-10-03,wk inc flu prop ed visits,3,2026-10-24,54,quantile,0.45,0.00262090071808
2026-10-03,wk inc flu prop ed visits,3,2026-10-24,54,quantile,0.5,0.00294108400314
2026-10-03,wk inc flu prop ed visits,3,2026-10-24,54,quantile,0.55,0.00328863060181
2026-10-03,wk inc flu prop ed visits,3,2026-10-24,54,quantile,0.6,0.00368505697369
2026-10-03,wk inc flu prop ed visits,3,2026-10-24,54,quantile,0.65,0.00415390005342
2026-10-03,wk inc flu prop ed visits,3,2026-10-24,54,quantile,0.7,0.00469084203054
2026-10-03,wk inc flu prop ed visits,3,2026-10-24,54,quantile,0.75,0.00534956500903
2026-10-03,wk inc flu prop ed visits,3,2026-10-24,54,quantile,0.8,0.00623914614974
2026-10-03,wk inc flu prop ed visits,3,2026-10-24,54,quantile,0.85,0.00748085817636
2026-10-03,wk inc flu prop ed visits,3,2026-10-24,54,quantile,0.9,0.00933342568615
2026-10-03,wk inc flu prop ed visits,3,2026-10-24,54,quantile,0.95,0.0129770936004
2026-10-03,wk inc flu prop ed visits,3,2026-10-24,54,quantile,0.975,0.0174376168027
2026-10-03,wk inc flu prop ed visits,3,2026-10-24,54,quantile,0.99,0.0241354619284
2026-10-03,wk inc flu prop ed visits,0,2026-10-03,55,quantile,0.01,0.00100298452475
2026-10-03,wk inc flu prop ed visits,0,2026-10-03,55,quantile,0.025,0.00119287114322
2026-10-03,wk inc flu prop ed visits,0,2026-10-03,55,quantile,0.05,0.00139045162795
2026-10-03,wk inc flu prop ed visits,0,2026-10-03,55,quantile,0.1,0.00167393032275
2026-10-03,wk inc flu prop ed visits,0,2026-10-03,55,quantile,0.15,0.00190043226098
2026-10-03,wk inc flu prop ed visits,0,2026-10-03,55,quantile,0.2,0.00210350655294
2026-10-03,wk inc flu prop ed visits,0,2026-10-03,55,quantile,0.25,0.00228970655548
2026-10-03,wk inc flu prop ed visits,0,2026-10-03,55,quantile,0.3,0.00247688393074
2026-10-03,wk inc flu prop ed visits,0,2026-10-03,55,quantile,0.35,0.00265443646525
2026-10-03,wk inc flu prop ed visits,0,2026-10-03,55,quantile,0.4,0.00283502413303
2026-10-03,wk inc flu prop ed visits,0,2026-10-03,55,quantile,0.45,0.00302010840268
2026-10-03,wk inc flu prop ed visits,0,2026-10-03,55,quantile,0.5,0.00321028248287
2026-10-03,wk inc flu prop ed visits,0,2026-10-03,55,quantile,0.55,0.00341093008048
2026-10-03,wk inc flu prop ed visits,0,2026-10-03,55,quantile,0.6,0.00363164171872
2026-10-03,wk inc flu prop ed visits,0,2026-10-03,55,quantile,0.65,0.003878633868
2026-10-03,wk inc flu prop ed visits,0,2026-10-03,55,quantile,0.7,0.00413932111181
2026-10-03,wk inc flu prop ed visits,0,2026-10-03,55,quantile,0.75,0.00445504001122
2026-10-03,wk inc flu prop ed visits,0,2026-10-03,55,quantile,0.8,0.00484244336753
2026-10-03,wk inc flu prop ed visits,0,2026-10-03,55,quantile,0.85,0.00532975068196
2026-10-03,wk inc flu prop ed visits,0,2026-10-03,55,quantile,0.9,0.00600860545981
2026-10-03,wk inc flu prop ed visits,0,2026-10-03,55,quantile,0.95,0.00714213230172
2026-10-03,wk inc flu prop ed visits,0,2026-10-03,55,quantile,0.975,0.00829922813146
2026-10-03,wk inc flu prop ed visits,0,2026-10-03,55,quantile,0.99,0.00993514764409
2026-10-03,wk inc flu prop ed visits,1,2026-10-10,55,quantile,0.01,0.000859286799302
2026-10-03,wk inc flu prop ed visits,1,2026-10-10,55,quantile,0.025,0.00108493286575
2026-10-03,wk inc flu prop ed visits,1,2026-10-10,55,quantile,0.05,0.0013129164795
2026-10-03,wk inc flu prop ed visits,1,2026-10-10,55,quantile,0.1,0.00164182445753
2026-10-03,wk inc flu prop ed visits,1,2026-10-10,55,quantile,0.15,0.00192516990397
2026-10-03,wk inc flu prop ed visits,1,2026-10-10,55,quantile,0.2,0.00216986628257
2026-10-03,wk inc flu prop ed visits,1,2026-10-10,55,quantile,0.25,0.00240507345225
2026-10-03,wk inc flu prop ed visits,1,2026-10-10,55,quantile,0.3,0.00264802284114
2026-10-03,wk inc flu prop ed visits,1,2026-10-10,55,quantile,0.35,0.0028927225244
2026-10-03,wk inc flu prop ed visits,1,2026-10-10,55,quantile,0.4,0.00315376321536
2026-10-03,wk inc flu prop ed visits,1,2026-10-10,55,quantile,0.45,0.00339790784166
2026-10-03,wk inc flu prop ed visits,1,2026-10-10,55,quantile,0.5,0.00366939886013
2026-10-03,wk inc flu prop ed visits,1,2026-10-10,55,quantile,0.55,0.00397657900902
2026-10-03,wk inc flu prop ed visits,1,2026-10-10,55,quantile,0.6,0.00429315466738
2026-10-03,wk inc flu prop ed visits,1,2026-10-10,55,quantile,0.65,0.00467850740044
2026-10-03,wk inc flu prop ed visits,1,2026-10-10,55,quantile,0.7,0.00507636607826
2026-10-03,wk inc flu prop ed visits,1,2026-10-10,55,quantile,0.75,0.00554892904268
2026-10-03,wk inc flu prop ed visits,1,2026-10-10,55,quantile,0.8,0.00614462520011
2026-10-03,wk inc flu prop ed visits,1,2026-10-10,55,quantile,0.85,0.00695510743772
2026-10-03,wk inc flu prop ed visits,1,2026-10-10,55,quantile,0.9,0.00810355929468
2026-10-03,wk inc flu prop ed visits,1,2026-10-10,55,quantile,0.95,0.0101589848405
2026-10-03,wk inc flu prop ed visits,1,2026-10-10,55,quantile,0.975,0.0123095326019
2026-10-03,wk inc flu prop ed visits,1,2026-10-10,55,quantile,0.99,0.0154659445376
2026-10-03,wk inc flu prop ed visits,2,2026-10-17,55,quantile,0.01,0.000722451734604
2026-10-03,wk inc flu prop ed visits,2,2026-10-17,55,quantile,0.025,0.000962150951564
2026-10-03,wk inc flu prop ed visits,2,2026-10-17,55,quantile,0.05,0.00123377071807
2026-10-03,wk inc flu prop ed visits,2,2026-10-17,55,quantile,0.1,0.00162633472914
2026-10-03,wk inc flu prop ed visits,2,2026-10-17,55,quantile,0.15,0.00197878217503
2026-10-03,wk inc flu prop ed visits,2,2026-10-17,55,quantile,0.2,0.00229222672267
2026-10-03,wk inc flu prop ed visits,2,2026-10-17,55,quantile,0.25,0.00261409454619
2026-10-03,wk inc flu prop ed visits,2,2026-10-17,55,quantile,0.3,0.00292643364436
2026-10-03,wk inc flu prop ed visits,2,2026-10-17,55,quantile,0.35,0.00324782046909
2026-10-03,wk inc flu prop ed visits,2,2026-10-17,55,quantile,0.4,0.00358989316763
2026-10-03,wk inc flu prop ed visits,2,2026-10-17,55,quantile,0.45,0.00395886041425
2026-10-03,wk inc flu prop ed visits,2,2026-10-17,55,quantile,0.5,0.00435989032852
2026-10-03,wk inc flu prop ed visits,2,2026-10-17,55,quantile,0.55,0.00479036272188
2026-10-03,wk inc flu prop ed visits,2,2026-10-17,55,quantile,0.6,0.00530792772867
2026-10-03,wk inc flu prop ed visits,2,2026-10-17,55,quantile,0.65,0.00584821325333
2026-10-03,wk inc flu prop ed visits,2,2026-10-17,55,quantile,0.7,0.00651098837552
2026-10-03,wk inc flu prop ed visits,2,2026-10-17,55,quantile,0.75,0.00735467770715
2026-10-03,wk inc flu prop ed visits,2,2026-10-17,55,quantile,0.8,0.00836318474523
2026-10-03,wk inc flu prop ed visits,2,2026-10-17,55,quantile,0.85,0.00970385273229
2026-10-03,wk inc flu prop ed visits,2,2026-10-17,55,quantile,0.9,0.0117625049402
2026-10-03,wk inc flu prop ed visits,2,2026-10-17,55,quantile,0.95,0.0155986487003
2026-10-03,wk inc flu prop ed visits,2,2026-10-17,55,quantile,0.975,0.0197901553941
2026-10-03,wk inc flu prop ed visits,2,2026-10-17,55,quantile,0.99,0.0262978235864
2026-10-03,wk inc flu prop ed visits,3,2026-10-24,55,quantile,0.01,0.000690873595498
2026-10-03,wk inc flu prop ed visits,3,2026-10-24,55,quantile,0.025,0.00094635722716
2026-10-03,wk inc flu prop ed visits,3,2026-10-24,55,quantile,0.05,0.00125410852178
2026-10-03,wk inc flu prop ed visits,3,2026-10-24,55,quantile,0.1,0.00171396311744
2026-10-03,wk inc flu prop ed visits,3,2026-10-24,55,quantile,0.15,0.00210161618513
2026-10-03,wk inc flu prop ed visits,3,2026-10-24,55,quantile,0.2,0.00250020272308
2026-10-03,wk inc flu prop ed visits,3,2026-10-24,55,quantile,0.25,0.00289615424754
2026-10-03,wk inc flu prop ed visits,3,2026-10-24,55,quantile,0.3,0.00326189109956
2026-10-03,wk inc flu prop ed visits,3,2026-10-24,55,quantile,0.35,0.00365324956479
2026-10-03,wk inc flu prop ed visits,3,2026-10-24,55,quantile,0.4,0.00408024022466
2026-10-03,wk inc flu prop ed visits,3,2026-10-24,55,quantile,0.45,0.00453241824152
2026-10-03,wk inc flu prop ed visits,3,2026-10-24,55,quantile,0.5,0.00509555736015
2026-10-03,wk inc flu prop ed visits,3,2026-10-24,55,quantile,0.55,0.00571091022483
2026-10-03,wk inc flu prop ed visits,3,2026-10-24,55,quantile,0.6,0.00638823204625
2026-10-03,wk inc flu prop ed visits,3,2026-10-24,55,quantile,0.65,0.00714481474047
2026-10-03,wk inc flu prop ed visits,3,2026-10-24,55,quantile,0.7,0.00800670918586
2026-10-03,wk inc flu prop ed visits,3,2026-10-24,55,quantile,0.75,0.00918853259689
2026-10-03,wk inc flu prop ed visits,3,2026-10-24,55,quantile,0.8,0.0107213975276
2026-10-03,wk inc flu prop ed visits,3,2026-10-24,55,quantile,0.85,0.0127059721517
2026-10-03,wk inc flu prop ed visits,3,2026-10-24,55,quantile,0.9,0.0157128463674
2026-10-03,wk inc flu prop ed visits,3,2026-10-24,55,quantile,0.95,0.0215369395703
2026-10-03,wk inc flu prop ed visits,3,2026-10-24,55,quantile,0.975,0.02829446405
2026-10-03,wk inc flu prop ed visits,3,2026-10-24,55,quantile,0.99,0.0387646546753
2026-10-03,wk inc flu prop ed visits,0,2026-10-03,56,quantile,0.01,0.00268974657708
2026-10-03,wk inc flu prop ed visits,0,2026-10-03,56,quantile,0.025,0.00321195445733
2026-10-03,wk inc flu prop ed visits,0,2026-10-03,56,quantile,0.05,0.00374633546744
2026-10-03,wk inc flu prop ed visits,0,2026-10-03,56,quantile,0.1,0.00443769861776
2026-10-03,wk inc flu prop ed visits,0,2026-10-03,56,quantile,0.15,0.00496696618664
2026-10-03,wk inc flu prop ed visits,0,2026-10-03,56,quantile,0.2,0.00544719768911
2026-10-03,wk inc flu prop ed visits,0,2026-10-03,56,quantile,0.25,0.00589731246943
2026-10-03,wk inc flu prop ed visits,0,2026-10-03,56,quantile,0.3,0.0063299916031
2026-10-03,wk inc flu prop ed visits,0,2026-10-03,56,quantile,0.35,0.00675974356178
2026-10-03,wk inc flu prop ed visits,0,2026-10-03,56,quantile,0.4,0.00721513818883
2026-10-03,wk inc flu prop ed visits,0,2026-10-03,56,quantile,0.45,0.00765128246632
2026-10-03,wk inc flu prop ed visits,0,2026-10-03,56,quantile,0.5,0.00807876876052
2026-10-03,wk inc flu prop ed visits,0,2026-10-03,56,quantile,0.55,0.00856002785877
2026-10-03,wk inc flu prop ed visits,0,2026-10-03,56,quantile,0.6,0.00908914460148
2026-10-03,wk inc flu prop ed visits,0,2026-10-03,56,quantile,0.65,0.00968966169474
2026-10-03,wk inc flu prop ed visits,0,2026-10-03,56,quantile,0.7,0.0103334644867
2026-10-03,wk inc flu prop ed visits,0,2026-10-03,56,quantile,0.75,0.0110716795825
2026-10-03,wk inc flu prop ed visits,0,2026-10-03,56,quantile,0.8,0.0119714372609
2026-10-03,wk inc flu prop ed visits,0,2026-10-03,56,quantile,0.85,0.0131408359695
2026-10-03,wk inc flu prop ed visits,0,2026-10-03,56,quantile,0.9,0.0148016232574
2026-10-03,wk inc flu prop ed visits,0,2026-10-03,56,quantile,0.95,0.0174572686581
2026-10-03,wk inc flu prop ed visits,0,2026-10-03,56,quantile,0.975,0.0202055517492
2026-10-03,wk inc flu prop ed visits,0,2026-10-03,56,quantile,0.99,0.0238851371731
2026-10-03,wk inc flu prop ed visits,1,2026-10-10,56,quantile,0.01,0.00227701205128
2026-10-03,wk inc flu prop ed visits,1,2026-10-10,56,quantile,0.025,0.00282163286446
2026-10-03,wk inc flu prop ed visits,1,2026-10-10,56,quantile,0.05,0.003416471912
2026-10-03,wk inc flu prop ed visits,1,2026-10-10,56,quantile,0.1,0.00427118216155
2026-10-03,wk inc flu prop ed visits,1,2026-10-10,56,quantile,0.15,0.00492911711225
2026-10-03,wk inc flu prop ed visits,1,2026-10-10,56,quantile,0.2,0.00552944693548
2026-10-03,wk inc flu prop ed visits,1,2026-10-10,56,quantile,0.25,0.0061047881336
2026-10-03,wk inc flu prop ed visits,1,2026-10-10,56,quantile,0.3,0.00667939702694
2026-10-03,wk inc flu prop ed visits,1,2026-10-10,56,quantile,0.35,0.00725360046878
2026-10-03,wk inc flu prop ed visits,1,2026-10-10,56,quantile,0.4,0.00783910816415
2026-10-03,wk inc flu prop ed visits,1,2026-10-10,56,quantile,0.45,0.00849771364723
2026-10-03,wk inc flu prop ed visits,1,2026-10-10,56,quantile,0.5,0.00915343440284
2026-10-03,wk inc flu prop ed visits,1,2026-10-10,56,quantile,0.55,0.00986787788477
2026-10-03,wk inc flu prop ed visits,1,2026-10-10,56,quantile,0.6,0.0106641462248
2026-10-03,wk inc flu prop ed visits,1,2026-10-10,56,quantile,0.65,0.0115423349476
2026-10-03,wk inc flu prop ed visits,1,2026-10-10,56,quantile,0.7,0.0125151406679
2026-10-03,wk inc flu prop ed visits,1,2026-10-10,56,quantile,0.75,0.0136428956321
2026-10-03,wk inc flu prop ed visits,1,2026-10-10,56,quantile,0.8,0.0149867925251
2026-10-03,wk inc flu prop ed visits,1,2026-10-10,56,quantile,0.85,0.016706413968
2026-10-03,wk inc flu prop ed visits,1,2026-10-10,56,quantile,0.9,0.0191642551729
2026-10-03,wk inc flu prop ed visits,1,2026-10-10,56,quantile,0.95,0.0235445674085
2026-10-03,wk inc flu prop ed visits,1,2026-10-10,56,quantile,0.975,0.0283262636795
2026-10-03,wk inc flu prop ed visits,1,2026-10-10,56,quantile,0.99,0.0350930122644
2026-10-03,wk inc flu prop ed visits,2,2026-10-17,56,quantile,0.01,0.00208346787381
2026-10-03,wk inc flu prop ed visits,2,2026-10-17,56,quantile,0.025,0.00269199980634
2026-10-03,wk inc flu prop ed visits,2,2026-10-17,56,quantile,0.05,0.00335368309034
2026-10-03,wk inc flu prop ed visits,2,2026-10-17,56,quantile,0.1,0.00431947859807
2026-10-03,wk inc flu prop ed visits,2,2026-10-17,56,quantile,0.15,0.00514191406719
2026-10-03,wk inc flu prop ed visits,2,2026-10-17,56,quantile,0.2,0.0058815655752
2026-10-03,wk inc flu prop ed visits,2,2026-10-17,56,quantile,0.25,0.00662673600232
2026-10-03,wk inc flu prop ed visits,2,2026-10-17,56,quantile,0.3,0.00736175580755
2026-10-03,wk inc flu prop ed visits,2,2026-10-17,56,quantile,0.35,0.00809226496178
2026-10-03,wk inc flu prop ed visits,2,2026-10-17,56,quantile,0.4,0.00885807533054
2026-10-03,wk inc flu prop ed visits,2,2026-10-17,56,quantile,0.45,0.00963734496682
2026-10-03,wk inc flu prop ed visits,2,2026-10-17,56,quantile,0.5,0.0105136109134
2026-10-03,wk inc flu prop ed visits,2,2026-10-17,56,quantile,0.55,0.0115074199819
2026-10-03,wk inc flu prop ed visits,2,2026-10-17,56,quantile,0.6,0.0126666372658
2026-10-03,wk inc flu prop ed visits,2,2026-10-17,56,quantile,0.65,0.0138880162862
2026-10-03,wk inc flu prop ed visits,2,2026-10-17,56,quantile,0.7,0.0152922471628
2026-10-03,wk inc flu prop ed visits,2,2026-10-17,56,quantile,0.75,0.0169578846939
2026-10-03,wk inc flu prop ed visits,2,2026-10-17,56,quantile,0.8,0.0189507015352
2026-10-03,wk inc flu prop ed visits,2,2026-10-17,56,quantile,0.85,0.0214616826933
2026-10-03,wk inc flu prop ed visits,2,2026-10-17,56,quantile,0.9,0.0255024868965
2026-10-03,wk inc flu prop ed visits,2,2026-10-17,56,quantile,0.95,0.0329902114912
2026-10-03,wk inc flu prop ed visits,2,2026-10-17,56,quantile,0.975,0.0405262034083
2026-10-03,wk inc flu prop ed visits,2,2026-10-17,56,quantile,0.99,0.051567945915
2026-10-03,wk inc flu prop ed visits,3,2026-10-24,56,quantile,0.01,0.00207797408239
2026-10-03,wk inc flu prop ed visits,3,2026-10-24,56,quantile,0.025,0.00272891313044
2026-10-03,wk inc flu prop ed visits,3,2026-10-24,56,quantile,0.05,0.00342290582408
2026-10-03,wk inc flu prop ed visits,3,2026-10-24,56,quantile,0.1,0.00453420314014
2026-10-03,wk inc flu prop ed visits,3,2026-10-24,56,quantile,0.15,0.00545647036866
2026-10-03,wk inc flu prop ed visits,3,2026-10-24,56,quantile,0.2,0.00641235052462
2026-10-03,wk inc flu prop ed visits,3,2026-10-24,56,quantile,0.25,0.00728844605837
2026-10-03,wk inc flu prop ed visits,3,2026-10-24,56,quantile,0.3,0.00817138360494
2026-10-03,wk inc flu prop ed visits,3,2026-10-24,56,quantile,0.35,0.00906012357062
2026-10-03,wk inc flu prop ed visits,3,2026-10-24,56,quantile,0.4,0.00999151294827
2026-10-03,wk inc flu prop ed visits,3,2026-10-24,56,quantile,0.45,0.0110218929843
2026-10-03,wk inc flu prop ed visits,3,2026-10-24,56,quantile,0.5,0.0121879766207
2026-10-03,wk inc flu prop ed visits,3,2026-10-24,56,quantile,0.55,0.0134644715897
2026-10-03,wk inc flu prop ed visits,3,2026-10-24,56,quantile,0.6,0.0147980106494
2026-10-03,wk inc flu prop ed visits,3,2026-10-24,56,quantile,0.65,0.016280550465
2026-10-03,wk inc flu prop ed visits,3,2026-10-24,56,quantile,0.7,0.0178300634637
2026-10-03,wk inc flu prop ed visits,3,2026-10-24,56,quantile,0.75,0.019928745039
2026-10-03,wk inc flu prop ed visits,3,2026-10-24,56,quantile,0.8,0.0225690085249
2026-10-03,wk inc flu prop ed visits,3,2026-10-24,56,quantile,0.85,0.0261778980679
2026-10-03,wk inc flu prop ed visits,3,2026-10-24,56,quantile,0.9,0.0314207935865
2026-10-03,wk inc flu prop ed visits,3,2026-10-24,56,quantile,0.95,0.0412887435437
2026-10-03,wk inc flu prop ed visits,3,2026-10-24,56,quantile,0.975,0.0519521888188
2026-10-03,wk inc flu prop ed visits,3,2026-10-24,56,quantile,0.99,0.0675289334488
2026-10-03,wk inc flu prop ed visits,0,2026-10-03,US,quantile,0.01,0.00286937156327
2026-10-03,wk inc flu prop ed visits,0,2026-10-03,US,quantile,0.025,0.00314455746804
2026-10-03,wk inc flu prop ed visits,0,2026-10-03,US,quantile,0.05,0.0034053188594
2026-10-03,wk inc flu prop ed visits,0,2026-10-03,US,quantile,0.1,0.0037289283538
2026-10-03,wk inc flu prop ed visits,0,2026-10-03,US,quantile,0.15,0.00396170829475
2026-10-03,wk inc flu prop ed visits,0,2026-10-03,US,quantile,0.2,0.0041685855777
2026-10-03,wk inc flu prop ed visits,0,2026-10-03,US,quantile,0.25,0.00435906756282
2026-10-03,wk inc flu prop ed visits,0,2026-10-03,US,quantile,0.3,0.00453943066307
2026-10-03,wk inc flu prop ed visits,0,2026-10-03,US,quantile,0.35,0.0047076116018
2026-10-03,wk inc flu prop ed visits,0,2026-10-03,US,quantile,0.4,0.00484854606993
2026-10-03,wk inc flu prop ed visits,0,2026-10-03,US,quantile,0.45,0.00501138175368
2026-10-03,wk inc flu prop ed visits,0,2026-10-03,US,quantile,0.5,0.00516320072251
2026-10-03,wk inc flu prop ed visits,0,2026-10-03,US,quantile,0.55,0.00532727658717
2026-10-03,wk inc flu prop ed visits,0,2026-10-03,US,quantile,0.6,0.0055028151244
2026-10-03,wk inc flu prop ed visits,0,2026-10-03,US,quantile,0.65,0.00568522365701
2026-10-03,wk inc flu prop ed visits,0,2026-10-03,US,quantile,0.7,0.00589413095551
2026-10-03,wk inc flu prop ed visits,0,2026-10-03,US,quantile,0.75,0.00609184710456
2026-10-03,wk inc flu prop ed visits,0,2026-10-03,US,quantile,0.8,0.00634691787158
2026-10-03,wk inc flu prop ed visits,0,2026-10-03,US,quantile,0.85,0.006651115463
2026-10-03,wk inc flu prop ed visits,0,2026-10-03,US,quantile,0.9,0.00704099115536
2026-10-03,wk inc flu prop ed visits,0,2026-10-03,US,quantile,0.95,0.00773946154633
2026-10-03,wk inc flu prop ed visits,0,2026-10-03,US,quantile,0.975,0.00833162569758
2026-10-03,wk inc flu prop ed visits,0,2026-10-03,US,quantile,0.99,0.00910305438503
2026-10-03,wk inc flu prop ed visits,1,2026-10-10,US,quantile,0.01,0.00251845211908
2026-10-03,wk inc flu prop ed visits,1,2026-10-10,US,quantile,0.025,0.00283789362157
2026-10-03,wk inc flu prop ed visits,1,2026-10-10,US,quantile,0.05,0.00318242026121
2026-10-03,wk inc flu prop ed visits,1,2026-10-10,US,quantile,0.1,0.00363928347414
2026-10-03,wk inc flu prop ed visits,1,2026-10-10,US,quantile,0.15,0.0039894995837
2026-10-03,wk inc flu prop ed visits,1,2026-10-10,US,quantile,0.2,0.00428491499231
2026-10-03,wk inc flu prop ed visits,1,2026-10-10,US,quantile,0.25,0.0045717605556
2026-10-03,wk inc flu prop ed visits,1,2026-10-10,US,quantile,0.3,0.00484326816263
2026-10-03,wk inc flu prop ed visits,1,2026-10-10,US,quantile,0.35,0.00507276094641
2026-10-03,wk inc flu prop ed visits,1,2026-10-10,US,quantile,0.4,0.00530027871556
2026-10-03,wk inc flu prop ed visits,1,2026-10-10,US,quantile,0.45,0.0055396373194
2026-10-03,wk inc flu prop ed visits,1,2026-10-10,US,quantile,0.5,0.0057839201317
2026-10-03,wk inc flu prop ed visits,1,2026-10-10,US,quantile,0.55,0.00605055957695
2026-10-03,wk inc flu prop ed visits,1,2026-10-10,US,quantile,0.6,0.0063459383584
2026-10-03,wk inc flu prop ed visits,1,2026-10-10,US,quantile,0.65,0.00661709922831
2026-10-03,wk inc flu prop ed visits,1,2026-10-10,US,quantile,0.7,0.00692444424036
2026-10-03,wk inc flu prop ed visits,1,2026-10-10,US,quantile,0.75,0.00727876601197
2026-10-03,wk inc flu prop ed visits,1,2026-10-10,US,quantile,0.8,0.0077253861318
2026-10-03,wk inc flu prop ed visits,1,2026-10-10,US,quantile,0.85,0.00824573229747
2026-10-03,wk inc flu prop ed visits,1,2026-10-10,US,quantile,0.9,0.0089745223359
2026-10-03,wk inc flu prop ed visits,1,2026-10-10,US,quantile,0.95,0.0102333414866
2026-10-03,wk inc flu prop ed visits,1,2026-10-10,US,quantile,0.975,0.0114807987537
2026-10-03,wk inc flu prop ed visits,1,2026-10-10,US,quantile,0.99,0.0130524570079
2026-10-03,wk inc flu prop ed visits,2,2026-10-17,US,quantile,0.01,0.00210073081704
2026-10-03,wk inc flu prop ed visits,2,2026-10-17,US,quantile,0.025,0.00253170330336
2026-10-03,wk inc flu prop ed visits,2,2026-10-17,US,quantile,0.05,0.00297232596227
2026-10-03,wk inc flu prop ed visits,2,2026-10-17,US,quantile,0.1,0.00358998370956
2026-10-03,wk inc flu prop ed visits,2,2026-10-17,US,quantile,0.15,0.00403697158973
2026-10-03,wk inc flu prop ed visits,2,2026-10-17,US,quantile,0.2,0.00445120130956
2026-10-03,wk inc flu prop ed visits,2,2026-10-17,US,quantile,0.25,0.00485479719407
2026-10-03,wk inc flu prop ed visits,2,2026-10-17,US,quantile,0.3,0.00523821539099
2026-10-03,wk inc flu prop ed visits,2,2026-10-17,US,quantile,0.35,0.00562528626193
2026-10-03,wk inc flu prop ed visits,2,2026-10-17,US,quantile,0.4,0.00600467484314
2026-10-03,wk inc flu prop ed visits,2,2026-10-17,US,quantile,0.45,0.00639058085957
2026-10-03,wk inc flu prop ed visits,2,2026-10-17,US,quantile,0.5,0.00679916166456
2026-10-03,wk inc flu prop ed visits,2,2026-10-17,US,quantile,0.55,0.00725016953953
2026-10-03,wk inc flu prop ed visits,2,2026-10-17,US,quantile,0.6,0.00774906000098
2026-10-03,wk inc flu prop ed visits,2,2026-10-17,US,quantile,0.65,0.00827646068524
2026-10-03,wk inc flu prop ed visits,2,2026-10-17,US,quantile,0.7,0.00887723837342
2026-10-03,wk inc flu prop ed visits,2,2026-10-17,US,quantile,0.75,0.00953860995765
2026-10-03,wk inc flu prop ed visits,2,2026-10-17,US,quantile,0.8,0.0103954582429
2026-10-03,wk inc flu prop ed visits,2,2026-10-17,US,quantile,0.85,0.0115381444939
2026-10-03,wk inc flu prop ed visits,2,2026-10-17,US,quantile,0.9,0.0131608033455
2026-10-03,wk inc flu prop ed visits,2,2026-10-17,US,quantile,0.95,0.0160807989682
2026-10-03,wk inc flu prop ed visits,2,2026-10-17,US,quantile,0.975,0.0189954464746
2026-10-03,wk inc flu prop ed visits,2,2026-10-17,US,quantile,0.99,0.0231453870107
2026-10-03,wk inc flu prop ed visits,3,2026-10-24,US,quantile,0.01,0.0019730410888
2026-10-03,wk inc flu prop ed visits,3,2026-10-24,US,quantile,0.025,0.00247291075571
2026-10-03,wk inc flu prop ed visits,3,2026-10-24,US,quantile,0.05,0.00300268150539
2026-10-03,wk inc flu prop ed visits,3,2026-10-24,US,quantile,0.1,0.00373718184112
2026-10-03,wk inc flu prop ed visits,3,2026-10-24,US,quantile,0.15,0.0043585816358
2026-10-03,wk inc flu prop ed visits,3,2026-10-24,US,quantile,0.2,0.00490214056079
2026-10-03,wk inc flu prop ed visits,3,2026-10-24,US,quantile,0.25,0.00537658612824
2026-10-03,wk inc flu prop ed visits,3,2026-10-24,US,quantile,0.3,0.00584512428496
2026-10-03,wk inc flu prop ed visits,3,2026-10-24,US,quantile,0.35,0.00630437165856
2026-10-03,wk inc flu prop ed visits,3,2026-10-24,US,quantile,0.4,0.00677770383359
2026-10-03,wk inc flu prop ed visits,3,2026-10-24,US,quantile,0.45,0.00730867082307
2026-10-03,wk inc flu prop ed visits,3,2026-10-24,US,quantile,0.5,0.00785479304373
2026-10-03,wk inc flu prop ed visits,3,2026-10-24,US,quantile,0.55,0.00838721931317
2026-10-03,wk inc flu prop ed visits,3,2026-10-24,US,quantile,0.6,0.00899633836547
2026-10-03,wk inc flu prop ed visits,3,2026-10-24,US,quantile,0.65,0.00972356824768
2026-10-03,wk inc flu prop ed visits,3,2026-10-24,US,quantile,0.7,0.0105559592502
2026-10-03,wk inc flu prop ed visits,3,2026-10-24,US,quantile,0.75,0.0115249721292
2026-10-03,wk inc flu prop ed visits,3,2026-10-24,US,quantile,0.8,0.0127973258549
2026-10-03,wk inc flu prop ed visits,3,2026-10-24,US,quantile,0.85,0.0143713867061
2026-10-03,wk inc flu prop ed visits,3,2026-10-24,US,quantile,0.9,0.0168376636204
2026-10-03,wk inc flu prop ed visits,3,2026-10-24,US,quantile,0.95,0.0208892542858
2026-10-03,wk inc flu prop ed visits,3,2026-10-24,US,quantile,0.975,0.0253884376735
2026-10-03,wk inc flu prop ed visits,3,2026-10-24,US,quantile,0.99,0.0322451553611
