reference_date,target,horizon,target_end_date,location,output_type,output_type_id,value
2026-10-03,wk inc flu hosp,0,2026-10-03,01,quantile,0.01,13
2026-10-03,wk inc flu hosp,0,2026-10-03,01,quantile,0.025,16
2026-10-03,wk inc flu hosp,0,2026-10-03,01,quantile,0.05,19
2026-10-03,wk inc flu hosp,0,2026-10-03,01,quantile,0.1,22
2026-10-03,wk inc flu hosp,0,2026-10-03,01,quantile,0.15,25
2026-10-03,wk inc flu hosp,0,2026-10-03,01,quantile,0.2,28
2026-10-03,wk inc flu hosp,0,2026-10-03,01,quantile,0.25,30
2026-10-03,wk inc flu hosp,0,2026-10-03,01,quantile,0.3,33
2026-10-03,wk inc flu hosp,0,2026-10-03,01,quantile,0.35,35
2026-10-03,wk inc flu hosp,0,2026-10-03,01,quantile,0.4,37
2026-10-03,wk inc flu hosp,0,2026-10-03,01,quantile,0.45,40
2026-10-03,wk inc flu hosp,0,2026-10-03,01,quantile,0.5,42
2026-10-03,wk inc flu hosp,0,2026-10-03,01,quantile,0.55,45
2026-10-03,wk inc flu hosp,0,2026-10-03,01,quantile,0.6,48
2026-10-03,wk inc flu hosp,0,2026-10-03,01,quantile,0.65,51
2026-10-03,wk inc flu hosp,0,2026-10-03,01,quantile,0.7,55
2026-10-03,wk inc flu hosp,0,2026-10-03,01,quantile,0.75,59
2026-10-03,wk inc flu hosp,0,2026-10-03,01,quantile,0.8,64
2026-10-03,wk inc flu hosp,0,2026-10-03,01,quantile,0.85,70
2026-10-03,wk inc flu hosp,0,2026-10-03,01,quantile,0.9,79
2026-10-03,wk inc flu hosp,0,2026-10-03,01,quantile,0.95,95
2026-10-03,wk inc flu hosp,0,2026-10-03,01,quantile,0.975,111
2026-10-03,wk inc flu hosp,0,2026-10-03,01,quantile,0.99,133
2026-10-03,wk inc flu hosp,1,2026-10-10,01,quantile,0.01,12
2026-10-03,wk inc flu hosp,1,2026-10-10,01,quantile,0.025,15
2026-10-03,wk inc flu hosp,1,2026-10-10,01,quantile,0.05,18
2026-10-03,wk inc flu hosp,1,2026-10-10,01,quantile,0.1,22
2026-10-03,wk inc flu hosp,1,2026-10-10,01,quantile,0.15,26
2026-10-03,wk inc flu hosp,1,2026-10-10,01,quantile,0.2,29
2026-10-03,wk inc flu hosp,1,2026-10-10,01,quantile,0.25,32
2026-10-03,wk inc flu hosp,1,2026-10-10,01,quantile,0.3,36
2026-10-03,wk inc flu hosp,1,2026-10-10,01,quantile,0.35,39
2026-10-03,wk inc flu hosp,1,2026-10-10,01,quantile,0.4,42
2026-10-03,wk inc flu hosp,1,2026-10-10,01,quantile,0.45,45
2026-10-03,wk inc flu hosp,1,2026-10-10,01,quantile,0.5,49
2026-10-03,wk inc flu hosp,1,2026-10-10,01,quantile,0.55,53
2026-10-03,wk inc flu hosp,1,2026-10-10,01,quantile,0.6,57
2026-10-03,wk inc flu hosp,1,2026-10-10,01,quantile,0.65,61
2026-10-03,wk inc flu hosp,1,2026-10-10,01,quantile,0.7,66
2026-10-03,wk inc flu hosp,1,2026-10-10,01,quantile,0.75,73
2026-10-03,wk inc flu hosp,1,2026-10-10,01,quantile,0.8,80
2026-10-03,wk inc flu hosp,1,2026-10-10,01,quantile,0.85,90
2026-10-03,wk inc flu hosp,1,2026-10-10,01,quantile,0.9,104
2026-10-03,wk inc flu hosp,1,2026-10-10,01,quantile,0.95,128
2026-10-03,wk inc flu hosp,1,2026-10-10,01,quantile,0.975,154
2026-10-03,wk inc flu hosp,1,2026-10-10,01,quantile,0.99,191
2026-10-03,wk inc flu hosp,2,2026-10-17,01,quantile,0.01,11
2026-10-03,wk inc flu hosp,2,2026-10-17,01,quantile,0.025,14
2026-10-03,wk inc flu hosp,2,2026-10-17,01,quantile,0.05,18
2026-10-03,wk inc flu hosp,2,2026-10-17,01,quantile,0.1,23
2026-10-03,wk inc flu hosp,2,2026-10-17,01,quantile,0.15,27
2026-10-03,wk inc flu hosp,2,2026-10-17,01,quantile,0.2,31
2026-10-03,wk inc flu hosp,2,2026-10-17,01,quantile,0.25,35
2026-10-03,wk inc flu hosp,2,2026-10-17,01,quantile,0.3,39
2026-10-03,wk inc flu hosp,2,2026-10-17,01,quantile,0.35,43
2026-10-03,wk inc flu hosp,2,2026-10-17,01,quantile,0.4,47
2026-10-03,wk inc flu hosp,2,2026-10-17,01,quantile,0.45,52
2026-10-03,wk inc flu hosp,2,2026-10-17,01,quantile,0.5,57
2026-10-03,wk inc flu hosp,2,2026-10-17,01,quantile,0.55,62
2026-10-03,wk inc flu hosp,2,2026-10-17,01,quantile,0.6,68
2026-10-03,wk inc flu hosp,2,2026-10-17,01,quantile,0.65,75
2026-10-03,wk inc flu hosp,2,2026-10-17,01,quantile,0.7,83
2026-10-03,wk inc flu hosp,2,2026-10-17,01,quantile,0.75,92
2026-10-03,wk inc flu hosp,2,2026-10-17,01,quantile,0.8,103
2026-10-03,wk inc flu hosp,2,2026-10-17,01,quantile,0.85,119
2026-10-03,wk inc flu hosp,2,2026-10-17,01,quantile,0.9,141
2026-10-03,wk inc flu hosp,2,2026-10-17,01,quantile,0.95,182
2026-10-03,wk inc flu hosp,2,2026-10-17,01,quantile,0.975,227
2026-10-03,wk inc flu hosp,2,2026-10-17,01,quantile,0.99,294
2026-10-03,wk inc flu hosp,3,2026-10-24,01,quantile,0.01,10
2026-10-03,wk inc flu hosp,3,2026-10-24,01,quantile,0.025,13
2026-10-03,wk inc flu hosp,3,2026-10-24,01,quantile,0.05,17
2026-10-03,wk inc flu hosp,3,2026-10-24,01,quantile,0.1,23
2026-10-03,wk inc flu hosp,3,2026-10-24,01,quantile,0.15,29
2026-10-03,wk inc flu hosp,3,2026-10-24,01,quantile,0.2,33
2026-10-03,wk inc flu hosp,3,2026-10-24,01,quantile,0.25,38
2026-10-03,wk inc flu hosp,3,2026-10-24,01,quantile,0.3,43
2026-10-03,wk inc flu hosp,3,2026-10-24,01,quantile,0.35,48
2026-10-03,wk inc flu hosp,3,2026-10-24,01,quantile,0.4,54
2026-10-03,wk inc flu hosp,3,2026-10-24,01,quantile,0.45,60
2026-10-03,wk inc flu hosp,3,2026-10-24,01,quantile,0.5,67
2026-10-03,wk inc flu hosp,3,2026-10-24,01,quantile,0.55,74
2026-10-03,wk inc flu hosp,3,2026-10-24,01,quantile,0.6,81
2026-10-03,wk inc flu hosp,3,2026-10-24,01,quantile,0.65,91
2026-10-03,wk inc flu hosp,3,2026-10-24,01,quantile,0.7,102
2026-10-03,wk inc flu hosp,3,2026-10-24,01,quantile,0.75,115
2026-10-03,wk inc flu hosp,3,2026-10-24,01,quantile,0.8,131
2026-10-03,wk inc flu hosp,3,2026-10-24,01,quantile,0.85,154
2026-10-03,wk inc flu hosp,3,2026-10-24,01,quantile,0.9,188
2026-10-03,wk inc flu hosp,3,2026-10-24,01,quantile,0.95,250
2026-10-03,wk inc flu hosp,3,2026-10-24,01,quantile,0.975,323
2026-10-03,wk inc flu hosp,3,2026-10-24,01,quantile,0.99,432
2026-10-03,wk inc flu hosp,0,2026-10-03,02,quantile,0.01,4
2026-10-03,wk inc flu hosp,0,2026-10-03,02,quantile,0.025,5
2026-10-03,wk inc flu hosp,0,2026-10-03,02,quantile,0.05,7
2026-10-03,wk inc flu hosp,0,2026-10-03,02,quantile,0.1,8
2026-10-03,wk inc flu hosp,0,2026-10-03,02,quantile,0.15,10
2026-10-03,wk inc flu hosp,0,2026-10-03,02,quantile,0.2,11
2026-10-03,wk inc flu hosp,0,2026-10-03,02,quantile,0.25,12
2026-10-03,wk inc flu hosp,0,2026-10-03,02,quantile,0.3,13
2026-10-03,wk inc flu hosp,0,2026-10-03,02,quantile,0.35,14
2026-10-03,wk inc flu hosp,0,2026-10-03,02,quantile,0.4,16
2026-10-03,wk inc flu hosp,0,2026-10-03,02,quantile,0.45,17
2026-10-03,wk inc flu hosp,0,2026-10-03,02,quantile,0.5,18
2026-10-03,wk inc flu hosp,0,2026-10-03,02,quantile,0.55,20
2026-10-03,wk inc flu hosp,0,2026-10-03,02,quantile,0.6,21
2026-10-03,wk inc flu hosp,0,2026-10-03,02,quantile,0.65,23
2026-10-03,wk inc flu hosp,0,2026-10-03,02,quantile,0.7,25
2026-10-03,wk inc flu hosp,0,2026-10-03,02,quantile,0.75,27
2026-10-03,wk inc flu hosp,0,2026-10-03,02,quantile,0.8,30
2026-10-03,wk inc flu hosp,0,2026-10-03,02,quantile,0.85,34
2026-10-03,wk inc flu hosp,0,2026-10-03,02,quantile,0.9,39
2026-10-03,wk inc flu hosp,0,2026-10-03,02,quantile,0.95,49
2026-10-03,wk inc flu hosp,0,2026-10-03,02,quantile,0.975,59
2026-10-03,wk inc flu hosp,0,2026-10-03,02,quantile,0.99,72
2026-10-03,wk inc flu hosp,1,2026-10-10,02,quantile,0.01,4
2026-10-03,wk inc flu hosp,1,2026-10-10,02,quantile,0.025,5
2026-10-03,wk inc flu hosp,1,2026-10-10,02,quantile,0.05,6
2026-10-03,wk inc flu hosp,1,2026-10-10,02,quantile,0.1,8
2026-10-03,wk inc flu hosp,1,2026-10-10,02,quantile,0.15,10
2026-10-03,wk inc flu hosp,1,2026-10-10,02,quantile,0.2,12
2026-10-03,wk inc flu hosp,1,2026-10-10,02,quantile,0.25,13
2026-10-03,wk inc flu hosp,1,2026-10-10,02,quantile,0.3,15
2026-10-03,wk inc flu hosp,1,2026-10-10,02,quantile,0.35,16
2026-10-03,wk inc flu hosp,1,2026-10-10,02,quantile,0.4,18
2026-10-03,wk inc flu hosp,1,2026-10-10,02,quantile,0.45,19
2026-10-03,wk inc flu hosp,1,2026-10-10,02,quantile,0.5,21
2026-10-03,wk inc flu hosp,1,2026-10-10,02,quantile,0.55,23
2026-10-03,wk inc flu hosp,1,2026-10-10,02,quantile,0.6,25
2026-10-03,wk inc flu hosp,1,2026-10-10,02,quantile,0.65,28
2026-10-03,wk inc flu hosp,1,2026-10-10,02,quantile,0.7,30
2026-10-03,wk inc flu hosp,1,2026-10-10,02,quantile,0.75,34
2026-10-03,wk inc flu hosp,1,2026-10-10,02,quantile,0.8,38
2026-10-03,wk inc flu hosp,1,2026-10-10,02,quantile,0.85,43
2026-10-03,wk inc flu hosp,1,2026-10-10,02,quantile,0.9,51
2026-10-03,wk inc flu hosp,1,2026-10-10,02,quantile,0.95,66
2026-10-03,wk inc flu hosp,1,2026-10-10,02,quantile,0.975,83
2026-10-03,wk inc flu hosp,1,2026-10-10,02,quantile,0.99,106
2026-10-03,wk inc flu hosp,2,2026-10-17,02,quantile,0.01,3
2026-10-03,wk inc flu hosp,2,2026-10-17,02,quantile,0.025,5
2026-10-03,wk inc flu hosp,2,2026-10-17,02,quantile,0.05,6
2026-10-03,wk inc flu hosp,2,2026-10-17,02,quantile,0.1,8
2026-10-03,wk inc flu hosp,2,2026-10-17,02,quantile,0.15,10
2026-10-03,wk inc flu hosp,2,2026-10-17,02,quantile,0.2,12
2026-10-03,wk inc flu hosp,2,2026-10-17,02,quantile,0.25,14
2026-10-03,wk inc flu hosp,2,2026-10-17,02,quantile,0.3,16
2026-10-03,wk inc flu hosp,2,2026-10-17,02,quantile,0.35,18
2026-10-03,wk inc flu hosp,2,2026-10-17,02,quantile,0.4,20
2026-10-03,wk inc flu hosp,2,2026-10-17,02,quantile,0.45,22
2026-10-03,wk inc flu hosp,2,2026-10-17,02,quantile,0.5,25
2026-10-03,wk inc flu hosp,2,2026-10-17,02,quantile,0.55,27
2026-10-03,wk inc flu hosp,2,2026-10-17,02,quantile,0.6,30
2026-10-03,wk inc flu hosp,2,2026-10-17,02,quantile,0.65,34
2026-10-03,wk inc flu hosp,2,2026-10-17,02,quantile,0.7,38
2026-10-03,wk inc flu hosp,2,2026-10-17,02,quantile,0.75,43
2026-10-03,wk inc flu hosp,2,2026-10-17,02,quantile,0.8,49
2026-10-03,wk inc flu hosp,2,2026-10-17,02,quantile,0.85,57
2026-10-03,wk inc flu hosp,2,2026-10-17,02,quantile,0.9,69
2026-10-03,wk inc flu hosp,2,2026-10-17,02,quantile,0.95,93
2026-10-03,wk inc flu hosp,2,2026-10-17,02,quantile,0.975,119
2026-10-03,wk inc flu hosp,2,2026-10-17,02,quantile,0.99,161
2026-10-03,wk inc flu hosp,3,2026-10-24,02,quantile,0.01,3
2026-10-03,wk inc flu hosp,3,2026-10-24,02,quantile,0.025,4
2026-10-03,wk inc flu hosp,3,2026-10-24,02,quantile,0.05,6
2026-10-03,wk inc flu hosp,3,2026-10-24,02,quantile,0.1,9
2026-10-03,wk inc flu hosp,3,2026-10-24,02,quantile,0.15,11
2026-10-03,wk inc flu hosp,3,2026-10-24,02,quantile,0.2,13
2026-10-03,wk inc flu hosp,3,2026-10-24,02,quantile,0.25,15
2026-10-03,wk inc flu hosp,3,2026-10-24,02,quantile,0.3,18
2026-10-03,wk inc flu hosp,3,2026-10-24,02,quantile,0.35,20
2026-10-03,wk inc flu hosp,3,2026-10-24,02,quantile,0.4,23
2026-10-03,wk inc flu hosp,3,2026-10-24,02,quantile,0.45,26
2026-10-03,wk inc flu hosp,3,2026-10-24,02,quantile,0.5,29
2026-10-03,wk inc flu hosp,3,2026-10-24,02,quantile,0.55,32
2026-10-03,wk inc flu hosp,3,2026-10-24,02,quantile,0.6,37
2026-10-03,wk inc flu hosp,3,2026-10-24,02,quantile,0.65,41
2026-10-03,wk inc flu hosp,3,2026-10-24,02,quantile,0.7,47
2026-10-03,wk inc flu hosp,3,2026-10-24,02,quantile,0.75,54
2026-10-03,wk inc flu hosp,3,2026-10-24,02,quantile,0.8,62
2026-10-03,wk inc flu hosp,3,2026-10-24,02,quantile,0.85,74
2026-10-03,wk inc flu hosp,3,2026-10-24,02,quantile,0.9,93
2026-10-03,wk inc flu hosp,3,2026-10-24,02,quantile,0.95,128
2026-10-03,wk inc flu hosp,3,2026-10-24,02,quantile,0.975,169
2026-10-03,wk inc flu hosp,3,2026-10-24,02,quantile,0.99,236
2026-10-03,wk inc flu hosp,0,2026-10-03,04,quantile,0.01,11
2026-10-03,wk inc flu hosp,0,2026-10-03,04,quantile,0.025,13
2026-10-03,wk inc flu hosp,0,2026-10-03,04,quantile,0.05,16
2026-10-03,wk inc flu hosp,0,2026-10-03,04,quantile,0.1,19
2026-10-03,wk inc flu hosp,0,2026-10-03,04,quantile,0.15,21
2026-10-03,wk inc flu hosp,0,2026-10-03,04,quantile,0.2,23
2026-10-03,wk inc flu hosp,0,2026-10-03,04,quantile,0.25,26
2026-10-03,wk inc flu hosp,0,2026-10-03,04,quantile,0.3,28
2026-10-03,wk inc flu hosp,0,2026-10-03,04,quantile,0.35,30
2026-10-03,wk inc flu hosp,0,2026-10-03,04,quantile,0.4,32
2026-10-03,wk inc flu hosp,0,2026-10-03,04,quantile,0.45,34
2026-10-03,wk inc flu hosp,0,2026-10-03,04,quantile,0.5,36
2026-10-03,wk inc flu hosp,0,2026-10-03,04,quantile,0.55,38
2026-10-03,wk inc flu hosp,0,2026-10-03,04,quantile,0.6,41
2026-10-03,wk inc flu hosp,0,2026-10-03,04,quantile,0.65,44
2026-10-03,wk inc flu hosp,0,2026-10-03,04,quantile,0.7,47
2026-10-03,wk inc flu hosp,0,2026-10-03,04,quantile,0.75,50
2026-10-03,wk inc flu hosp,0,2026-10-03,04,quantile,0.8,55
2026-10-03,wk inc flu hosp,0,2026-10-03,04,quantile,0.85,60
2026-10-03,wk inc flu hosp,0,2026-10-03,04,quantile,0.9,68
2026-10-03,wk inc flu hosp,0,2026-10-03,04,quantile,0.95,82
2026-10-03,wk inc flu hosp,0,2026-10-03,04,quantile,0.975,96
2026-10-03,wk inc flu hosp,0,2026-10-03,04,quantile,0.99,115
2026-10-03,wk inc flu hosp,1,2026-10-10,04,quantile,0.01,10
2026-10-03,wk inc flu hosp,1,2026-10-10,04,quantile,0.025,12
2026-10-03,wk inc flu hosp,1,2026-10-10,04,quantile,0.05,15
2026-10-03,wk inc flu hosp,1,2026-10-10,04,quantile,0.1,19
2026-10-03,wk inc flu hosp,1,2026-10-10,04,quantile,0.15,22
2026-10-03,wk inc flu hosp,1,2026-10-10,04,quantile,0.2,25
2026-10-03,wk inc flu hosp,1,2026-10-10,04,quantile,0.25,28
2026-10-03,wk inc flu hosp,1,2026-10-10,04,quantile,0.3,30
2026-10-03,wk inc flu hosp,1,2026-10-10,04,quantile,0.35,33
2026-10-03,wk inc flu hosp,1,2026-10-10,04,quantile,0.4,36
2026-10-03,wk inc flu hosp,1,2026-10-10,04,quantile,0.45,39
2026-10-03,wk inc flu hosp,1,2026-10-10,04,quantile,0.5,42
2026-10-03,wk inc flu hosp,1,2026-10-10,04,quantile,0.55,45
2026-10-03,wk inc flu hosp,1,2026-10-10,04,quantile,0.6,49
2026-10-03,wk inc flu hosp,1,2026-10-10,04,quantile,0.65,53
2026-10-03,wk inc flu hosp,1,2026-10-10,04,quantile,0.7,58
2026-10-03,wk inc flu hosp,1,2026-10-10,04,quantile,0.75,63
2026-10-03,wk inc flu hosp,1,2026-10-10,04,quantile,0.8,70
2026-10-03,wk inc flu hosp,1,2026-10-10,04,quantile,0.85,79
2026-10-03,wk inc flu hosp,1,2026-10-10,04,quantile,0.9,92
2026-10-03,wk inc flu hosp,1,2026-10-10,04,quantile,0.95,114
2026-10-03,wk inc flu hosp,1,2026-10-10,04,quantile,0.975,138
2026-10-03,wk inc flu hosp,1,2026-10-10,04,quantile,0.99,172
2026-10-03,wk inc flu hosp,2,2026-10-17,04,quantile,0.01,9
2026-10-03,wk inc flu hosp,2,2026-10-17,04,quantile,0.025,12
2026-10-03,wk inc flu hosp,2,2026-10-17,04,quantile,0.05,15
2026-10-03,wk inc flu hosp,2,2026-10-17,04,quantile,0.1,19
2026-10-03,wk inc flu hosp,2,2026-10-17,04,quantile,0.15,23
2026-10-03,wk inc flu hosp,2,2026-10-17,04,quantile,0.2,27
2026-10-03,wk inc flu hosp,2,2026-10-17,04,quantile,0.25,30
2026-10-03,wk inc flu hosp,2,2026-10-17,04,quantile,0.3,34
2026-10-03,wk inc flu hosp,2,2026-10-17,04,quantile,0.35,37
2026-10-03,wk inc flu hosp,2,2026-10-17,04,quantile,0.4,41
2026-10-03,wk inc flu hosp,2,2026-10-17,04,quantile,0.45,45
2026-10-03,wk inc flu hosp,2,2026-10-17,04,quantile,0.5,49
2026-10-03,wk inc flu hosp,2,2026-10-17,04,quantile,0.55,54
2026-10-03,wk inc flu hosp,2,2026-10-17,04,quantile,0.6,60
2026-10-03,wk inc flu hosp,2,2026-10-17,04,quantile,0.65,66
2026-10-03,wk inc flu hosp,2,2026-10-17,04,quantile,0.7,72
2026-10-03,wk inc flu hosp,2,2026-10-17,04,quantile,0.75,81
2026-10-03,wk inc flu hosp,2,2026-10-17,04,quantile,0.8,91
2026-10-03,wk inc flu hosp,2,2026-10-17,04,quantile,0.85,104
2026-10-03,wk inc flu hosp,2,2026-10-17,04,quantile,0.9,124
2026-10-03,wk inc flu hosp,2,2026-10-17,04,quantile,0.95,162
2026-10-03,wk inc flu hosp,2,2026-10-17,04,quantile,0.975,204
2026-10-03,wk inc flu hosp,2,2026-10-17,04,quantile,0.99,267
2026-10-03,wk inc flu hosp,3,2026-10-24,04,quantile,0.01,8
2026-10-03,wk inc flu hosp,3,2026-10-24,04,quantile,0.025,11
2026-10-03,wk inc flu hosp,3,2026-10-24,04,quantile,0.05,15
2026-10-03,wk inc flu hosp,3,2026-10-24,04,quantile,0.1,20
2026-10-03,wk inc flu hosp,3,2026-10-24,04,quantile,0.15,25
2026-10-03,wk inc flu hosp,3,2026-10-24,04,quantile,0.2,29
2026-10-03,wk inc flu hosp,3,2026-10-24,04,quantile,0.25,33
2026-10-03,wk inc flu hosp,3,2026-10-24,04,quantile,0.3,37
2026-10-03,wk inc flu hosp,3,2026-10-24,04,quantile,0.35,42
2026-10-03,wk inc flu hosp,3,2026-10-24,04,quantile,0.4,47
2026-10-03,wk inc flu hosp,3,2026-10-24,04,quantile,0.45,52
2026-10-03,wk inc flu hosp,3,2026-10-24,04,quantile,0.5,58
2026-10-03,wk inc flu hosp,3,2026-10-24,04,quantile,0.55,64
2026-10-03,wk inc flu hosp,3,2026-10-24,04,quantile,0.6,72
2026-10-03,wk inc flu hosp,3,2026-10-24,04,quantile,0.65,80
2026-10-03,wk inc flu hosp,3,2026-10-24,04,quantile,0.7,90
2026-10-03,wk inc flu hosp,3,2026-10-24,04,quantile,0.75,101
2026-10-03,wk inc flu hosp,3,2026-10-24,04,quantile,0.8,117
2026-10-03,wk inc flu hosp,3,2026-10-24,04,quantile,0.85,137
2026-10-03,wk inc flu hosp,3,2026-10-24,04,quantile,0.9,168
2026-10-03,wk inc flu hosp,3,2026-10-24,04,quantile,0.95,227
2026-10-03,wk inc flu hosp,3,2026-10-24,04,quantile,0.975,295
2026-10-03,wk inc flu hosp,3,2026-10-24,04,quantile,0.99,398
2026-10-03,wk inc flu hosp,0,2026-10-03,05,quantile,0.01,2
2026-10-03,wk inc flu hosp,0,2026-10-03,05,quantile,0.025,3
2026-10-03,wk inc flu hosp,0,2026-10-03,05,quantile,0.05,4
2026-10-03,wk inc flu hosp,0,2026-10-03,05,quantile,0.1,5
2026-10-03,wk inc flu hosp,0,2026-10-03,05,quantile,0.15,6
2026-10-03,wk inc flu hosp,0,2026-10-03,05,quantile,0.2,6
2026-10-03,wk inc flu hosp,0,2026-10-03,05,quantile,0.25,7
2026-10-03,wk inc flu hosp,0,2026-10-03,05,quantile,0.3,8
2026-10-03,wk inc flu hosp,0,2026-10-03,05,quantile,0.35,9
2026-10-03,wk inc flu hosp,0,2026-10-03,05,quantile,0.4,10
2026-10-03,wk inc flu hosp,0,2026-10-03,05,quantile,0.45,10
2026-10-03,wk inc flu hosp,0,2026-10-03,05,quantile,0.5,11
2026-10-03,wk inc flu hosp,0,2026-10-03,05,quantile,0.55,12
2026-10-03,wk inc flu hosp,0,2026-10-03,05,quantile,0.6,13
2026-10-03,wk inc flu hosp,0,2026-10-03,05,quantile,0.65,14
2026-10-03,wk inc flu hosp,0,2026-10-03,05,quantile,0.7,16
2026-10-03,wk inc flu hosp,0,2026-10-03,05,quantile,0.75,17
2026-10-03,wk inc flu hosp,0,2026-10-03,05,quantile,0.8,19
2026-10-03,wk inc flu hosp,0,2026-10-03,05,quantile,0.85,22
2026-10-03,wk inc flu hosp,0,2026-10-03,05,quantile,0.9,25
2026-10-03,wk inc flu hosp,0,2026-10-03,05,quantile,0.95,31
2026-10-03,wk inc flu hosp,0,2026-10-03,05,quantile,0.975,38
2026-10-03,wk inc flu hosp,0,2026-10-03,05,quantile,0.99,48
2026-10-03,wk inc flu hosp,1,2026-10-10,05,quantile,0.01,2
2026-10-03,wk inc flu hosp,1,2026-10-10,05,quantile,0.025,3
2026-10-03,wk inc flu hosp,1,2026-10-10,05,quantile,0.05,4
2026-10-03,wk inc flu hosp,1,2026-10-10,05,quantile,0.1,5
2026-10-03,wk inc flu hosp,1,2026-10-10,05,quantile,0.15,6
2026-10-03,wk inc flu hosp,1,2026-10-10,05,quantile,0.2,7
2026-10-03,wk inc flu hosp,1,2026-10-10,05,quantile,0.25,8
2026-10-03,wk inc flu hosp,1,2026-10-10,05,quantile,0.3,9
2026-10-03,wk inc flu hosp,1,2026-10-10,05,quantile,0.35,10
2026-10-03,wk inc flu hosp,1,2026-10-10,05,quantile,0.4,11
2026-10-03,wk inc flu hosp,1,2026-10-10,05,quantile,0.45,12
2026-10-03,wk inc flu hosp,1,2026-10-10,05,quantile,0.5,13
2026-10-03,wk inc flu hosp,1,2026-10-10,05,quantile,0.55,15
2026-10-03,wk inc flu hosp,1,2026-10-10,05,quantile,0.6,16
2026-10-03,wk inc flu hosp,1,2026-10-10,05,quantile,0.65,18
2026-10-03,wk inc flu hosp,1,2026-10-10,05,quantile,0.7,19
2026-10-03,wk inc flu hosp,1,2026-10-10,05,quantile,0.75,22
2026-10-03,wk inc flu hosp,1,2026-10-10,05,quantile,0.8,24
2026-10-03,wk inc flu hosp,1,2026-10-10,05,quantile,0.85,28
2026-10-03,wk inc flu hosp,1,2026-10-10,05,quantile,0.9,33
2026-10-03,wk inc flu hosp,1,2026-10-10,05,quantile,0.95,43
2026-10-03,wk inc flu hosp,1,2026-10-10,05,quantile,0.975,54
2026-10-03,wk inc flu hosp,1,2026-10-10,05,quantile,0.99,70
2026-10-03,wk inc flu hosp,2,2026-10-17,05,quantile,0.01,2
2026-10-03,wk inc flu hosp,2,2026-10-17,05,quantile,0.025,3
2026-10-03,wk inc flu hosp,2,2026-10-17,05,quantile,0.05,4
2026-10-03,wk inc flu hosp,2,2026-10-17,05,quantile,0.1,5
2026-10-03,wk inc flu hosp,2,2026-10-17,05,quantile,0.15,6
2026-10-03,wk inc flu hosp,2,2026-10-17,05,quantile,0.2,8
2026-10-03,wk inc flu hosp,2,2026-10-17,05,quantile,0.25,9
2026-10-03,wk inc flu hosp,2,2026-10-17,05,quantile,0.3,10
2026-10-03,wk inc flu hosp,2,2026-10-17,05,quantile,0.35,11
2026-10-03,wk inc flu hosp,2,2026-10-17,05,quantile,0.4,13
2026-10-03,wk inc flu hosp,2,2026-10-17,05,quantile,0.45,14
2026-10-03,wk inc flu hosp,2,2026-10-17,05,quantile,0.5,16
2026-10-03,wk inc flu hosp,2,2026-10-17,05,quantile,0.55,18
2026-10-03,wk inc flu hosp,2,2026-10-17,05,quantile,0.6,20
2026-10-03,wk inc flu hosp,2,2026-10-17,05,quantile,0.65,22
2026-10-03,wk inc flu hosp,2,2026-10-17,05,quantile,0.7,25
2026-10-03,wk inc flu hosp,2,2026-10-17,05,quantile,0.75,28
2026-10-03,wk inc flu hosp,2,2026-10-17,05,quantile,0.8,32
2026-10-03,wk inc flu hosp,2,2026-10-17,05,quantile,0.85,38
2026-10-03,wk inc flu hosp,2,2026-10-17,05,quantile,0.9,47
2026-10-03,wk inc flu hosp,2,2026-10-17,05,quantile,0.95,63
2026-10-03,wk inc flu hosp,2,2026-10-17,05,quantile,0.975,81
2026-10-03,wk inc flu hosp,2,2026-10-17,05,quantile,0.99,110
2026-10-03,wk inc flu hosp,3,2026-10-24,05,quantile,0.01,2
2026-10-03,wk inc flu hosp,3,2026-10-24,05,quantile,0.025,3
2026-10-03,wk inc flu hosp,3,2026-10-24,05,quantile,0.05,4
2026-10-03,wk inc flu hosp,3,2026-10-24,05,quantile,0.1,5
2026-10-03,wk inc flu hosp,3,2026-10-24,05,quantile,0.15,7
2026-10-03,wk inc flu hosp,3,2026-10-24,05,quantile,0.2,9
2026-10-03,wk inc flu hosp,3,2026-10-24,05,quantile,0.25,10
2026-10-03,wk inc flu hosp,3,2026-10-24,05,quantile,0.3,12
2026-10-03,wk inc flu hosp,3,2026-10-24,05,quantile,0.35,13
2026-10-03,wk inc flu hosp,3,2026-10-24,05,quantile,0.4,15
2026-10-03,wk inc flu hosp,3,2026-10-24,05,quantile,0.45,17
2026-10-03,wk inc flu hosp,3,2026-10-24,05,quantile,0.5,20
2026-10-03,wk inc flu hosp,3,2026-10-24,05,quantile,0.55,22
2026-10-03,wk inc flu hosp,3,2026-10-24,05,quantile,0.6,25
2026-10-03,wk inc flu hosp,3,2026-10-24,05,quantile,0.65,28
2026-10-03,wk inc flu hosp,3,2026-10-24,05,quantile,0.7,32
2026-10-03,wk inc flu hosp,3,2026-10-24,05,quantile,0.75,37
2026-10-03,wk inc flu hosp,3,2026-10-24,05,quantile,0.8,43
2026-10-03,wk inc flu hosp,3,2026-10-24,05,quantile,0.85,51
2026-10-03,wk inc flu hosp,3,2026-10-24,05,quantile,0.9,65
2026-10-03,wk inc flu hosp,3,2026-10-24,05,quantile,0.95,90
2026-10-03,wk inc flu hosp,3,2026-10-24,05,quantile,0.975,120
2026-10-03,wk inc flu hosp,3,2026-10-24,05,quantile,0.99,167
2026-10-03,wk inc flu hosp,0,2026-10-03,06,quantile,0.01,184
2026-10-03,wk inc flu hosp,0,2026-10-03,06,quantile,0.025,210
2026-10-03,wk inc flu hosp,0,2026-10-03,06,quantile,0.05,235
2026-10-03,wk inc flu hosp,0,2026-10-03,06,quantile,0.1,268
2026-10-03,wk inc flu hosp,0,2026-10-03,06,quantile,0.15,292
2026-10-03,wk inc flu hosp,0,2026-10-03,06,quantile,0.2,314
2026-10-03,wk inc flu hosp,0,2026-10-03,06,quantile,0.25,334
2026-10-03,wk inc flu hosp,0,2026-10-03,06,quantile,0.3,351
2026-10-03,wk inc flu hosp,0,2026-10-03,06,quantile,0.35,369
2026-10-03,wk inc flu hosp,0,2026-10-03,06,quantile,0.4,387
2026-10-03,wk inc flu hosp,0,2026-10-03,06,quantile,0.45,405
2026-10-03,wk inc flu hosp,0,2026-10-03,06,quantile,0.5,423
2026-10-03,wk inc flu hosp,0,2026-10-03,06,quantile,0.55,444
2026-10-03,wk inc flu hosp,0,2026-10-03,06,quantile,0.6,465
2026-10-03,wk inc flu hosp,0,2026-10-03,06,quantile,0.65,488
2026-10-03,wk inc flu hosp,0,2026-10-03,06,quantile,0.7,514
2026-10-03,wk inc flu hosp,0,2026-10-03,06,quantile,0.75,544
2026-10-03,wk inc flu hosp,0,2026-10-03,06,quantile,0.8,579
2026-10-03,wk inc flu hosp,0,2026-10-03,06,quantile,0.85,622
2026-10-03,wk inc flu hosp,0,2026-10-03,06,quantile,0.9,681
2026-10-03,wk inc flu hosp,0,2026-10-03,06,quantile,0.95,778
2026-10-03,wk inc flu hosp,0,2026-10-03,06,quantile,0.975,876
2026-10-03,wk inc flu hosp,0,2026-10-03,06,quantile,0.99,1003
2026-10-03,wk inc flu hosp,1,2026-10-10,06,quantile,0.01,158
2026-10-03,wk inc flu hosp,1,2026-10-10,06,quantile,0.025,187
2026-10-03,wk inc flu hosp,1,2026-10-10,06,quantile,0.05,217
2026-10-03,wk inc flu hosp,1,2026-10-10,06,quantile,0.1,257
2026-10-03,wk inc flu hosp,1,2026-10-10,06,quantile,0.15,288
2026-10-03,wk inc flu hosp,1,2026-10-10,06,quantile,0.2,316
2026-10-03,wk inc flu hosp,1,2026-10-10,06,quantile,0.25,341
2026-10-03,wk inc flu hosp,1,2026-10-10,06,quantile,0.3,365
2026-10-03,wk inc flu hosp,1,2026-10-10,06,quantile,0.35,390
2026-10-03,wk inc flu hosp,1,2026-10-10,06,quantile,0.4,414
2026-10-03,wk inc flu hosp,1,2026-10-10,06,quantile,0.45,439
2026-10-03,wk inc flu hosp,1,2026-10-10,06,quantile,0.5,466
2026-10-03,wk inc flu hosp,1,2026-10-10,06,quantile,0.55,494
2026-10-03,wk inc flu hosp,1,2026-10-10,06,quantile,0.6,524
2026-10-03,wk inc flu hosp,1,2026-10-10,06,quantile,0.65,557
2026-10-03,wk inc flu hosp,1,2026-10-10,06,quantile,0.7,594
2026-10-03,wk inc flu hosp,1,2026-10-10,06,quantile,0.75,637
2026-10-03,wk inc flu hosp,1,2026-10-10,06,quantile,0.8,690
2026-10-03,wk inc flu hosp,1,2026-10-10,06,quantile,0.85,755
2026-10-03,wk inc flu hosp,1,2026-10-10,06,quantile,0.9,847
2026-10-03,wk inc flu hosp,1,2026-10-10,06,quantile,0.95,1003
2026-10-03,wk inc flu hosp,1,2026-10-10,06,quantile,0.975,1166
2026-10-03,wk inc flu hosp,1,2026-10-10,06,quantile,0.99,1388
2026-10-03,wk inc flu hosp,2,2026-10-17,06,quantile,0.01,135
2026-10-03,wk inc flu hosp,2,2026-10-17,06,quantile,0.025,166
2026-10-03,wk inc flu hosp,2,2026-10-17,06,quantile,0.05,197
2026-10-03,wk inc flu hosp,2,2026-10-17,06,quantile,0.1,245
2026-10-03,wk inc flu hosp,2,2026-10-17,06,quantile,0.15,283
2026-10-03,wk inc flu hosp,2,2026-10-17,06,quantile,0.2,317
2026-10-03,wk inc flu hosp,2,2026-10-17,06,quantile,0.25,349
2026-10-03,wk inc flu hosp,2,2026-10-17,06,quantile,0.3,382
2026-10-03,wk inc flu hosp,2,2026-10-17,06,quantile,0.35,415
2026-10-03,wk inc flu hosp,2,2026-10-17,06,quantile,0.4,449
2026-10-03,wk inc flu hosp,2,2026-10-17,06,quantile,0.45,486
2026-10-03,wk inc flu hosp,2,2026-10-17,06,quantile,0.5,523
2026-10-03,wk inc flu hosp,2,2026-10-17,06,quantile,0.55,564
2026-10-03,wk inc flu hosp,2,2026-10-17,06,quantile,0.6,609
2026-10-03,wk inc flu hosp,2,2026-10-17,06,quantile,0.65,661
2026-10-03,wk inc flu hosp,2,2026-10-17,06,quantile,0.7,718
2026-10-03,wk inc flu hosp,2,2026-10-17,06,quantile,0.75,784
2026-10-03,wk inc flu hosp,2,2026-10-17,06,quantile,0.8,866
2026-10-03,wk inc flu hosp,2,2026-10-17,06,quantile,0.85,974
2026-10-03,wk inc flu hosp,2,2026-10-17,06,quantile,0.9,1122
2026-10-03,wk inc flu hosp,2,2026-10-17,06,quantile,0.95,1394
2026-10-03,wk inc flu hosp,2,2026-10-17,06,quantile,0.975,1691
2026-10-03,wk inc flu hosp,2,2026-10-17,06,quantile,0.99,2110
2026-10-03,wk inc flu hosp,3,2026-10-24,06,quantile,0.01,118
2026-10-03,wk inc flu hosp,3,2026-10-24,06,quantile,0.025,151
2026-10-03,wk inc flu hosp,3,2026-10-24,06,quantile,0.05,187
2026-10-03,wk inc flu hosp,3,2026-10-24,06,quantile,0.1,239
2026-10-03,wk inc flu hosp,3,2026-10-24,06,quantile,0.15,283
2026-10-03,wk inc flu hosp,3,2026-10-24,06,quantile,0.2,323
2026-10-03,wk inc flu hosp,3,2026-10-24,06,quantile,0.25,361
2026-10-03,wk inc flu hosp,3,2026-10-24,06,quantile,0.3,400
2026-10-03,wk inc flu hosp,3,2026-10-24,06,quantile,0.35,440
2026-10-03,wk inc flu hosp,3,2026-10-24,06,quantile,0.4,482
2026-10-03,wk inc flu hosp,3,2026-10-24,06,quantile,0.45,526
2026-10-03,wk inc flu hosp,3,2026-10-24,06,quantile,0.5,576
2026-10-03,wk inc flu hosp,3,2026-10-24,06,quantile,0.55,628
2026-10-03,wk inc flu hosp,3,2026-10-24,06,quantile,0.6,687
2026-10-03,wk inc flu hosp,3,2026-10-24,06,quantile,0.65,754
2026-10-03,wk inc flu hosp,3,2026-10-24,06,quantile,0.7,827
2026-10-03,wk inc flu hosp,3,2026-10-24,06,quantile,0.75,915
2026-10-03,wk inc flu hosp,3,2026-10-24,06,quantile,0.8,1026
2026-10-03,wk inc flu hosp,3,2026-10-24,06,quantile,0.85,1176
2026-10-03,wk inc flu hosp,3,2026-10-24,06,quantile,0.9,1394
2026-10-03,wk inc flu hosp,3,2026-10-24,06,quantile,0.95,1790
2026-10-03,wk inc flu hosp,3,2026-10-24,06,quantile,0.975,2227
2026-10-03,wk inc flu hosp,3,2026-10-24,06,quantile,0.99,2890
2026-10-03,wk inc flu hosp,0,2026-10-03,08,quantile,0.01,5
2026-10-03,wk inc flu hosp,0,2026-10-03,08,quantile,0.025,6
2026-10-03,wk inc flu hosp,0,2026-10-03,08,quantile,0.05,8
2026-10-03,wk inc flu hosp,0,2026-10-03,08,quantile,0.1,10
2026-10-03,wk inc flu hosp,0,2026-10-03,08,quantile,0.15,12
2026-10-03,wk inc flu hosp,0,2026-10-03,08,quantile,0.2,14
2026-10-03,wk inc flu hosp,0,2026-10-03,08,quantile,0.25,16
2026-10-03,wk inc flu hosp,0,2026-10-03,08,quantile,0.3,17
2026-10-03,wk inc flu hosp,0,2026-10-03,08,quantile,0.35,19
2026-10-03,wk inc flu hosp,0,2026-10-03,08,quantile,0.4,21
2026-10-03,wk inc flu hosp,0,2026-10-03,08,quantile,0.45,22
2026-10-03,wk inc flu hosp,0,2026-10-03,08,quantile,0.5,24
2026-10-03,wk inc flu hosp,0,2026-10-03,08,quantile,0.55,26
2026-10-03,wk inc flu hosp,0,2026-10-03,08,quantile,0.6,29
2026-10-03,wk inc flu hosp,0,2026-10-03,08,quantile,0.65,31
2026-10-03,wk inc flu hosp,0,2026-10-03,08,quantile,0.7,34
2026-10-03,wk inc flu hosp,0,2026-10-03,08,quantile,0.75,38
2026-10-03,wk inc flu hosp,0,2026-10-03,08,quantile,0.8,42
2026-10-03,wk inc flu hosp,0,2026-10-03,08,quantile,0.85,48
2026-10-03,wk inc flu hosp,0,2026-10-03,08,quantile,0.9,56
2026-10-03,wk inc flu hosp,0,2026-10-03,08,quantile,0.95,71
2026-10-03,wk inc flu hosp,0,2026-10-03,08,quantile,0.975,87
2026-10-03,wk inc flu hosp,0,2026-10-03,08,quantile,0.99,111
2026-10-03,wk inc flu hosp,1,2026-10-10,08,quantile,0.01,4
2026-10-03,wk inc flu hosp,1,2026-10-10,08,quantile,0.025,6
2026-10-03,wk inc flu hosp,1,2026-10-10,08,quantile,0.05,8
2026-10-03,wk inc flu hosp,1,2026-10-10,08,quantile,0.1,11
2026-10-03,wk inc flu hosp,1,2026-10-10,08,quantile,0.15,13
2026-10-03,wk inc flu hosp,1,2026-10-10,08,quantile,0.2,15
2026-10-03,wk inc flu hosp,1,2026-10-10,08,quantile,0.25,17
2026-10-03,wk inc flu hosp,1,2026-10-10,08,quantile,0.3,19
2026-10-03,wk inc flu hosp,1,2026-10-10,08,quantile,0.35,21
2026-10-03,wk inc flu hosp,1,2026-10-10,08,quantile,0.4,23
2026-10-03,wk inc flu hosp,1,2026-10-10,08,quantile,0.45,26
2026-10-03,wk inc flu hosp,1,2026-10-10,08,quantile,0.5,28
2026-10-03,wk inc flu hosp,1,2026-10-10,08,quantile,0.55,31
2026-10-03,wk inc flu hosp,1,2026-10-10,08,quantile,0.6,34
2026-10-03,wk inc flu hosp,1,2026-10-10,08,quantile,0.65,38
2026-10-03,wk inc flu hosp,1,2026-10-10,08,quantile,0.7,42
2026-10-03,wk inc flu hosp,1,2026-10-10,08,quantile,0.75,47
2026-10-03,wk inc flu hosp,1,2026-10-10,08,quantile,0.8,53
2026-10-03,wk inc flu hosp,1,2026-10-10,08,quantile,0.85,61
2026-10-03,wk inc flu hosp,1,2026-10-10,08,quantile,0.9,74
2026-10-03,wk inc flu hosp,1,2026-10-10,08,quantile,0.95,96
2026-10-03,wk inc flu hosp,1,2026-10-10,08,quantile,0.975,122
2026-10-03,wk inc flu hosp,1,2026-10-10,08,quantile,0.99,161
2026-10-03,wk inc flu hosp,2,2026-10-17,08,quantile,0.01,4
2026-10-03,wk inc flu hosp,2,2026-10-17,08,quantile,0.025,6
2026-10-03,wk inc flu hosp,2,2026-10-17,08,quantile,0.05,8
2026-10-03,wk inc flu hosp,2,2026-10-17,08,quantile,0.1,11
2026-10-03,wk inc flu hosp,2,2026-10-17,08,quantile,0.15,13
2026-10-03,wk inc flu hosp,2,2026-10-17,08,quantile,0.2,16
2026-10-03,wk inc flu hosp,2,2026-10-17,08,quantile,0.25,18
2026-10-03,wk inc flu hosp,2,2026-10-17,08,quantile,0.3,21
2026-10-03,wk inc flu hosp,2,2026-10-17,08,quantile,0.35,23
2026-10-03,wk inc flu hosp,2,2026-10-17,08,quantile,0.4,26
2026-10-03,wk inc flu hosp,2,2026-10-17,08,quantile,0.45,29
2026-10-03,wk inc flu hosp,2,2026-10-17,08,quantile,0.5,33
2026-10-03,wk inc flu hosp,2,2026-10-17,08,quantile,0.55,36
2026-10-03,wk inc flu hosp,2,2026-10-17,08,quantile,0.6,41
2026-10-03,wk inc flu hosp,2,2026-10-17,08,quantile,0.65,45
2026-10-03,wk inc flu hosp,2,2026-10-17,08,quantile,0.7,51
2026-10-03,wk inc flu hosp,2,2026-10-17,08,quantile,0.75,58
2026-10-03,wk inc flu hosp,2,2026-10-17,08,quantile,0.8,67
2026-10-03,wk inc flu hosp,2,2026-10-17,08,quantile,0.85,79
2026-10-03,wk inc flu hosp,2,2026-10-17,08,quantile,0.9,97
2026-10-03,wk inc flu hosp,2,2026-10-17,08,quantile,0.95,131
2026-10-03,wk inc flu hosp,2,2026-10-17,08,quantile,0.975,171
2026-10-03,wk inc flu hosp,2,2026-10-17,08,quantile,0.99,234
2026-10-03,wk inc flu hosp,3,2026-10-24,08,quantile,0.01,4
2026-10-03,wk inc flu hosp,3,2026-10-24,08,quantile,0.025,6
2026-10-03,wk inc flu hosp,3,2026-10-24,08,quantile,0.05,8
2026-10-03,wk inc flu hosp,3,2026-10-24,08,quantile,0.1,11
2026-10-03,wk inc flu hosp,3,2026-10-24,08,quantile,0.15,15
2026-10-03,wk inc flu hosp,3,2026-10-24,08,quantile,0.2,18
2026-10-03,wk inc flu hosp,3,2026-10-24,08,quantile,0.25,21
2026-10-03,wk inc flu hosp,3,2026-10-24,08,quantile,0.3,24
2026-10-03,wk inc flu hosp,3,2026-10-24,08,quantile,0.35,27
2026-10-03,wk inc flu hosp,3,2026-10-24,08,quantile,0.4,31
2026-10-03,wk inc flu hosp,3,2026-10-24,08,quantile,0.45,35
2026-10-03,wk inc flu hosp,3,2026-10-24,08,quantile,0.5,39
2026-10-03,wk inc flu hosp,3,2026-10-24,08,quantile,0.55,44
2026-10-03,wk inc flu hosp,3,2026-10-24,08,quantile,0.6,49
2026-10-03,wk inc flu hosp,3,2026-10-24,08,quantile,0.65,56
2026-10-03,wk inc flu hosp,3,2026-10-24,08,quantile,0.7,64
2026-10-03,wk inc flu hosp,3,2026-10-24,08,quantile,0.75,74
2026-10-03,wk inc flu hosp,3,2026-10-24,08,quantile,0.8,87
2026-10-03,wk inc flu hosp,3,2026-10-24,08,quantile,0.85,104
2026-10-03,wk inc flu hosp,3,2026-10-24,08,quantile,0.9,131
2026-10-03,wk inc flu hosp,3,2026-10-24,08,quantile,0.95,183
2026-10-03,wk inc flu hosp,3,2026-10-24,08,quantile,0.975,245
2026-10-03,wk inc flu hosp,3,2026-10-24,08,quantile,0.99,344
2026-10-03,wk inc flu hosp,0,2026-10-03,09,quantile,0.01,2
2026-10-03,wk inc flu hosp,0,2026-10-03,09,quantile,0.025,3
2026-10-03,wk inc flu hosp,0,2026-10-03,09,quantile,0.05,4
2026-10-03,wk inc flu hosp,0,2026-10-03,09,quantile,0.1,5
2026-10-03,wk inc flu hosp,0,2026-10-03,09,quantile,0.15,6
2026-10-03,wk inc flu hosp,0,2026-10-03,09,quantile,0.2,7
2026-10-03,wk inc flu hosp,0,2026-10-03,09,quantile,0.25,7
2026-10-03,wk inc flu hosp,0,2026-10-03,09,quantile,0.3,8
2026-10-03,wk inc flu hosp,0,2026-10-03,09,quantile,0.35,9
2026-10-03,wk inc flu hosp,0,2026-10-03,09,quantile,0.4,10
2026-10-03,wk inc flu hosp,0,2026-10-03,09,quantile,0.45,11
2026-10-03,wk inc flu hosp,0,2026-10-03,09,quantile,0.5,11
2026-10-03,wk inc flu hosp,0,2026-10-03,09,quantile,0.55,12
2026-10-03,wk inc flu hosp,0,2026-10-03,09,quantile,0.6,13
2026-10-03,wk inc flu hosp,0,2026-10-03,09,quantile,0.65,14
2026-10-03,wk inc flu hosp,0,2026-10-03,09,quantile,0.7,16
2026-10-03,wk inc flu hosp,0,2026-10-03,09,quantile,0.75,17
2026-10-03,wk inc flu hosp,0,2026-10-03,09,quantile,0.8,19
2026-10-03,wk inc flu hosp,0,2026-10-03,09,quantile,0.85,21
2026-10-03,wk inc flu hosp,0,2026-10-03,09,quantile,0.9,25
2026-10-03,wk inc flu hosp,0,2026-10-03,09,quantile,0.95,30
2026-10-03,wk inc flu hosp,0,2026-10-03,09,quantile,0.975,37
2026-10-03,wk inc flu hosp,0,2026-10-03,09,quantile,0.99,45
2026-10-03,wk inc flu hosp,1,2026-10-10,09,quantile,0.01,2
2026-10-03,wk inc flu hosp,1,2026-10-10,09,quantile,0.025,3
2026-10-03,wk inc flu hosp,1,2026-10-10,09,quantile,0.05,4
2026-10-03,wk inc flu hosp,1,2026-10-10,09,quantile,0.1,5
2026-10-03,wk inc flu hosp,1,2026-10-10,09,quantile,0.15,6
2026-10-03,wk inc flu hosp,1,2026-10-10,09,quantile,0.2,7
2026-10-03,wk inc flu hosp,1,2026-10-10,09,quantile,0.25,8
2026-10-03,wk inc flu hosp,1,2026-10-10,09,quantile,0.3,10
2026-10-03,wk inc flu hosp,1,2026-10-10,09,quantile,0.35,10
2026-10-03,wk inc flu hosp,1,2026-10-10,09,quantile,0.4,12
2026-10-03,wk inc flu hosp,1,2026-10-10,09,quantile,0.45,13
2026-10-03,wk inc flu hosp,1,2026-10-10,09,quantile,0.5,14
2026-10-03,wk inc flu hosp,1,2026-10-10,09,quantile,0.55,15
2026-10-03,wk inc flu hosp,1,2026-10-10,09,quantile,0.6,17
2026-10-03,wk inc flu hosp,1,2026-10-10,09,quantile,0.65,18
2026-10-03,wk inc flu hosp,1,2026-10-10,09,quantile,0.7,20
2026-10-03,wk inc flu hosp,1,2026-10-10,09,quantile,0.75,22
2026-10-03,wk inc flu hosp,1,2026-10-10,09,quantile,0.8,25
2026-10-03,wk inc flu hosp,1,2026-10-10,09,quantile,0.85,28
2026-10-03,wk inc flu hosp,1,2026-10-10,09,quantile,0.9,34
2026-10-03,wk inc flu hosp,1,2026-10-10,09,quantile,0.95,43
2026-10-03,wk inc flu hosp,1,2026-10-10,09,quantile,0.975,53
2026-10-03,wk inc flu hosp,1,2026-10-10,09,quantile,0.99,68
2026-10-03,wk inc flu hosp,2,2026-10-17,09,quantile,0.01,2
2026-10-03,wk inc flu hosp,2,2026-10-17,09,quantile,0.025,3
2026-10-03,wk inc flu hosp,2,2026-10-17,09,quantile,0.05,4
2026-10-03,wk inc flu hosp,2,2026-10-17,09,quantile,0.1,6
2026-10-03,wk inc flu hosp,2,2026-10-17,09,quantile,0.15,7
2026-10-03,wk inc flu hosp,2,2026-10-17,09,quantile,0.2,8
2026-10-03,wk inc flu hosp,2,2026-10-17,09,quantile,0.25,10
2026-10-03,wk inc flu hosp,2,2026-10-17,09,quantile,0.3,11
2026-10-03,wk inc flu hosp,2,2026-10-17,09,quantile,0.35,12
2026-10-03,wk inc flu hosp,2,2026-10-17,09,quantile,0.4,14
2026-10-03,wk inc flu hosp,2,2026-10-17,09,quantile,0.45,15
2026-10-03,wk inc flu hosp,2,2026-10-17,09,quantile,0.5,17
2026-10-03,wk inc flu hosp,2,2026-10-17,09,quantile,0.55,19
2026-10-03,wk inc flu hosp,2,2026-10-17,09,quantile,0.6,21
2026-10-03,wk inc flu hosp,2,2026-10-17,09,quantile,0.65,23
2026-10-03,wk inc flu hosp,2,2026-10-17,09,quantile,0.7,26
2026-10-03,wk inc flu hosp,2,2026-10-17,09,quantile,0.75,29
2026-10-03,wk inc flu hosp,2,2026-10-17,09,quantile,0.8,33
2026-10-03,wk inc flu hosp,2,2026-10-17,09,quantile,0.85,39
2026-10-03,wk inc flu hosp,2,2026-10-17,09,quantile,0.9,47
2026-10-03,wk inc flu hosp,2,2026-10-17,09,quantile,0.95,63
2026-10-03,wk inc flu hosp,2,2026-10-17,09,quantile,0.975,82
2026-10-03,wk inc flu hosp,2,2026-10-17,09,quantile,0.99,109
2026-10-03,wk inc flu hosp,3,2026-10-24,09,quantile,0.01,2
2026-10-03,wk inc flu hosp,3,2026-10-24,09,quantile,0.025,3
2026-10-03,wk inc flu hosp,3,2026-10-24,09,quantile,0.05,4
2026-10-03,wk inc flu hosp,3,2026-10-24,09,quantile,0.1,6
2026-10-03,wk inc flu hosp,3,2026-10-24,09,quantile,0.15,8
2026-10-03,wk inc flu hosp,3,2026-10-24,09,quantile,0.2,9
2026-10-03,wk inc flu hosp,3,2026-10-24,09,quantile,0.25,11
2026-10-03,wk inc flu hosp,3,2026-10-24,09,quantile,0.3,13
2026-10-03,wk inc flu hosp,3,2026-10-24,09,quantile,0.35,15
2026-10-03,wk inc flu hosp,3,2026-10-24,09,quantile,0.4,16
2026-10-03,wk inc flu hosp,3,2026-10-24,09,quantile,0.45,19
2026-10-03,wk inc flu hosp,3,2026-10-24,09,quantile,0.5,21
2026-10-03,wk inc flu hosp,3,2026-10-24,09,quantile,0.55,23
2026-10-03,wk inc flu hosp,3,2026-10-24,09,quantile,0.6,26
2026-10-03,wk inc flu hosp,3,2026-10-24,09,quantile,0.65,30
2026-10-03,wk inc flu hosp,3,2026-10-24,09,quantile,0.7,34
2026-10-03,wk inc flu hosp,3,2026-10-24,09,quantile,0.75,38
2026-10-03,wk inc flu hosp,3,2026-10-24,09,quantile,0.8,44
2026-10-03,wk inc flu hosp,3,2026-10-24,09,quantile,0.85,53
2026-10-03,wk inc flu hosp,3,2026-10-24,09,quantile,0.9,65
2026-10-03,wk inc flu hosp,3,2026-10-24,09,quantile,0.95,90
2026-10-03,wk inc flu hosp,3,2026-10-24,09,quantile,0.975,120
2026-10-03,wk inc flu hosp,3,2026-10-24,09,quantile,0.99,166
2026-10-03,wk inc flu hosp,0,2026-10-03,10,quantile,0.01,0
2026-10-03,wk inc flu hosp,0,2026-10-03,10,quantile,0.025,0
2026-10-03,wk inc flu hosp,0,2026-10-03,10,quantile,0.05,0
2026-10-03,wk inc flu hosp,0,2026-10-03,10,quantile,0.1,0
2026-10-03,wk inc flu hosp,0,2026-10-03,10,quantile,0.15,0
2026-10-03,wk inc flu hosp,0,2026-10-03,10,quantile,0.2,0
2026-10-03,wk inc flu hosp,0,2026-10-03,10,quantile,0.25,1
2026-10-03,wk inc flu hosp,0,2026-10-03,10,quantile,0.3,1
2026-10-03,wk inc flu hosp,0,2026-10-03,10,quantile,0.35,1
2026-10-03,wk inc flu hosp,0,2026-10-03,10,quantile,0.4,1
2026-10-03,wk inc flu hosp,0,2026-10-03,10,quantile,0.45,1
2026-10-03,wk inc flu hosp,0,2026-10-03,10,quantile,0.5,1
2026-10-03,wk inc flu hosp,0,2026-10-03,10,quantile,0.55,2
2026-10-03,wk inc flu hosp,0,2026-10-03,10,quantile,0.6,2
2026-10-03,wk inc flu hosp,0,2026-10-03,10,quantile,0.65,2
2026-10-03,wk inc flu hosp,0,2026-10-03,10,quantile,0.7,3
2026-10-03,wk inc flu hosp,0,2026-10-03,10,quantile,0.75,3
2026-10-03,wk inc flu hosp,0,2026-10-03,10,quantile,0.8,3
2026-10-03,wk inc flu hosp,0,2026-10-03,10,quantile,0.85,4
2026-10-03,wk inc flu hosp,0,2026-10-03,10,quantile,0.9,5
2026-10-03,wk inc flu hosp,0,2026-10-03,10,quantile,0.95,7
2026-10-03,wk inc flu hosp,0,2026-10-03,10,quantile,0.975,9
2026-10-03,wk inc flu hosp,0,2026-10-03,10,quantile,0.99,11
2026-10-03,wk inc flu hosp,1,2026-10-10,10,quantile,0.01,0
2026-10-03,wk inc flu hosp,1,2026-10-10,10,quantile,0.025,0
2026-10-03,wk inc flu hosp,1,2026-10-10,10,quantile,0.05,0
2026-10-03,wk inc flu hosp,1,2026-10-10,10,quantile,0.1,0
2026-10-03,wk inc flu hosp,1,2026-10-10,10,quantile,0.15,0
2026-10-03,wk inc flu hosp,1,2026-10-10,10,quantile,0.2,0
2026-10-03,wk inc flu hosp,1,2026-10-10,10,quantile,0.25,1
2026-10-03,wk inc flu hosp,1,2026-10-10,10,quantile,0.3,1
2026-10-03,wk inc flu hosp,1,2026-10-10,10,quantile,0.35,1
2026-10-03,wk inc flu hosp,1,2026-10-10,10,quantile,0.4,1
2026-10-03,wk inc flu hosp,1,2026-10-10,10,quantile,0.45,2
2026-10-03,wk inc flu hosp,1,2026-10-10,10,quantile,0.5,2
2026-10-03,wk inc flu hosp,1,2026-10-10,10,quantile,0.55,2
2026-10-03,wk inc flu hosp,1,2026-10-10,10,quantile,0.6,2
2026-10-03,wk inc flu hosp,1,2026-10-10,10,quantile,0.65,3
2026-10-03,wk inc flu hosp,1,2026-10-10,10,quantile,0.7,3
2026-10-03,wk inc flu hosp,1,2026-10-10,10,quantile,0.75,4
2026-10-03,wk inc flu hosp,1,2026-10-10,10,quantile,0.8,4
2026-10-03,wk inc flu hosp,1,2026-10-10,10,quantile,0.85,5
2026-10-03,wk inc flu hosp,1,2026-10-10,10,quantile,0.9,7
2026-10-03,wk inc flu hosp,1,2026-10-10,10,quantile,0.95,9
2026-10-03,wk inc flu hosp,1,2026-10-10,10,quantile,0.975,12
2026-10-03,wk inc flu hosp,1,2026-10-10,10,quantile,0.99,16
2026-10-03,wk inc flu hosp,2,2026-10-17,10,quantile,0.01,0
2026-10-03,wk inc flu hosp,2,2026-10-17,10,quantile,0.025,0
2026-10-03,wk inc flu hosp,2,2026-10-17,10,quantile,0.05,0
2026-10-03,wk inc flu hosp,2,2026-10-17,10,quantile,0.1,0
2026-10-03,wk inc flu hosp,2,2026-10-17,10,quantile,0.15,0
2026-10-03,wk inc flu hosp,2,2026-10-17,10,quantile,0.2,1
2026-10-03,wk inc flu hosp,2,2026-10-17,10,quantile,0.25,1
2026-10-03,wk inc flu hosp,2,2026-10-17,10,quantile,0.3,1
2026-10-03,wk inc flu hosp,2,2026-10-17,10,quantile,0.35,1
2026-10-03,wk inc flu hosp,2,2026-10-17,10,quantile,0.4,2
2026-10-03,wk inc flu hosp,2,2026-10-17,10,quantile,0.45,2
2026-10-03,wk inc flu hosp,2,2026-10-17,10,quantile,0.5,2
2026-10-03,wk inc flu hosp,2,2026-10-17,10,quantile,0.55,3
2026-10-03,wk inc flu hosp,2,2026-10-17,10,quantile,0.6,3
2026-10-03,wk inc flu hosp,2,2026-10-17,10,quantile,0.65,4
2026-10-03,wk inc flu hosp,2,2026-10-17,10,quantile,0.7,4
2026-10-03,wk inc flu hosp,2,2026-10-17,10,quantile,0.75,5
2026-10-03,wk inc flu hosp,2,2026-10-17,10,quantile,0.8,6
2026-10-03,wk inc flu hosp,2,2026-10-17,10,quantile,0.85,7
2026-10-03,wk inc flu hosp,2,2026-10-17,10,quantile,0.9,9
2026-10-03,wk inc flu hosp,2,2026-10-17,10,quantile,0.95,13
2026-10-03,wk inc flu hosp,2,2026-10-17,10,quantile,0.975,17
2026-10-03,wk inc flu hosp,2,2026-10-17,10,quantile,0.99,24
2026-10-03,wk inc flu hosp,3,2026-10-24,10,quantile,0.01,0
2026-10-03,wk inc flu hosp,3,2026-10-24,10,quantile,0.025,0
2026-10-03,wk inc flu hosp,3,2026-10-24,10,quantile,0.05,0
2026-10-03,wk inc flu hosp,3,2026-10-24,10,quantile,0.1,0
2026-10-03,wk inc flu hosp,3,2026-10-24,10,quantile,0.15,0
2026-10-03,wk inc flu hosp,3,2026-10-24,10,quantile,0.2,1
2026-10-03,wk inc flu hosp,3,2026-10-24,10,quantile,0.25,1
2026-10-03,wk inc flu hosp,3,2026-10-24,10,quantile,0.3,1
2026-10-03,wk inc flu hosp,3,2026-10-24,10,quantile,0.35,2
2026-10-03,wk inc flu hosp,3,2026-10-24,10,quantile,0.4,2
2026-10-03,wk inc flu hosp,3,2026-10-24,10,quantile,0.45,2
2026-10-03,wk inc flu hosp,3,2026-10-24,10,quantile,0.5,3
2026-10-03,wk inc flu hosp,3,2026-10-24,10,quantile,0.55,3
2026-10-03,wk inc flu hosp,3,2026-10-24,10,quantile,0.6,4
2026-10-03,wk inc flu hosp,3,2026-10-24,10,quantile,0.65,4
2026-10-03,wk inc flu hosp,3,2026-10-24,10,quantile,0.7,5
2026-10-03,wk inc flu hosp,3,2026-10-24,10,quantile,0.75,6
2026-10-03,wk inc flu hosp,3,2026-10-24,10,quantile,0.8,7
2026-10-03,wk inc flu hosp,3,2026-10-24,10,quantile,0.85,9
2026-10-03,wk inc flu hosp,3,2026-10-24,10,quantile,0.9,12
2026-10-03,wk inc flu hosp,3,2026-10-24,10,quantile,0.95,17
2026-10-03,wk inc flu hosp,3,2026-10-24,10,quantile,0.975,23
2026-10-03,wk inc flu hosp,3,2026-10-24,10,quantile,0.99,33
2026-10-03,wk inc flu hosp,0,2026-10-03,11,quantile,0.01,0
2026-10-03,wk inc flu hosp,0,2026-10-03,11,quantile,0.025,0
2026-10-03,wk inc flu hosp,0,2026-10-03,11,quantile,0.05,1
2026-10-03,wk inc flu hosp,0,2026-10-03,11,quantile,0.1,1
2026-10-03,wk inc flu hosp,0,2026-10-03,11,quantile,0.15,2
2026-10-03,wk inc flu hosp,0,2026-10-03,11,quantile,0.2,2
2026-10-03,wk inc flu hosp,0,2026-10-03,11,quantile,0.25,2
2026-10-03,wk inc flu hosp,0,2026-10-03,11,quantile,0.3,2
2026-10-03,wk inc flu hosp,0,2026-10-03,11,quantile,0.35,3
2026-10-03,wk inc flu hosp,0,2026-10-03,11,quantile,0.4,3
2026-10-03,wk inc flu hosp,0,2026-10-03,11,quantile,0.45,3
2026-10-03,wk inc flu hosp,0,2026-10-03,11,quantile,0.5,4
2026-10-03,wk inc flu hosp,0,2026-10-03,11,quantile,0.55,4
2026-10-03,wk inc flu hosp,0,2026-10-03,11,quantile,0.6,4
2026-10-03,wk inc flu hosp,0,2026-10-03,11,quantile,0.65,5
2026-10-03,wk inc flu hosp,0,2026-10-03,11,quantile,0.7,5
2026-10-03,wk inc flu hosp,0,2026-10-03,11,quantile,0.75,6
2026-10-03,wk inc flu hosp,0,2026-10-03,11,quantile,0.8,7
2026-10-03,wk inc flu hosp,0,2026-10-03,11,quantile,0.85,8
2026-10-03,wk inc flu hosp,0,2026-10-03,11,quantile,0.9,9
2026-10-03,wk inc flu hosp,0,2026-10-03,11,quantile,0.95,12
2026-10-03,wk inc flu hosp,0,2026-10-03,11,quantile,0.975,14
2026-10-03,wk inc flu hosp,0,2026-10-03,11,quantile,0.99,18
2026-10-03,wk inc flu hosp,1,2026-10-10,11,quantile,0.01,0
2026-10-03,wk inc flu hosp,1,2026-10-10,11,quantile,0.025,0
2026-10-03,wk inc flu hosp,1,2026-10-10,11,quantile,0.05,1
2026-10-03,wk inc flu hosp,1,2026-10-10,11,quantile,0.1,1
2026-10-03,wk inc flu hosp,1,2026-10-10,11,quantile,0.15,2
2026-10-03,wk inc flu hosp,1,2026-10-10,11,quantile,0.2,2
2026-10-03,wk inc flu hosp,1,2026-10-10,11,quantile,0.25,3
2026-10-03,wk inc flu hosp,1,2026-10-10,11,quantile,0.3,3
2026-10-03,wk inc flu hosp,1,2026-10-10,11,quantile,0.35,3
2026-10-03,wk inc flu hosp,1,2026-10-10,11,quantile,0.4,4
2026-10-03,wk inc flu hosp,1,2026-10-10,11,quantile,0.45,4
2026-10-03,wk inc flu hosp,1,2026-10-10,11,quantile,0.5,5
2026-10-03,wk inc flu hosp,1,2026-10-10,11,quantile,0.55,5
2026-10-03,wk inc flu hosp,1,2026-10-10,11,quantile,0.6,6
2026-10-03,wk inc flu hosp,1,2026-10-10,11,quantile,0.65,6
2026-10-03,wk inc flu hosp,1,2026-10-10,11,quantile,0.7,7
2026-10-03,wk inc flu hosp,1,2026-10-10,11,quantile,0.75,8
2026-10-03,wk inc flu hosp,1,2026-10-10,11,quantile,0.8,9
2026-10-03,wk inc flu hosp,1,2026-10-10,11,quantile,0.85,10
2026-10-03,wk inc flu hosp,1,2026-10-10,11,quantile,0.9,13
2026-10-03,wk inc flu hosp,1,2026-10-10,11,quantile,0.95,16
2026-10-03,wk inc flu hosp,1,2026-10-10,11,quantile,0.975,21
2026-10-03,wk inc flu hosp,1,2026-10-10,11,quantile,0.99,27
2026-10-03,wk inc flu hosp,2,2026-10-17,11,quantile,0.01,0
2026-10-03,wk inc flu hosp,2,2026-10-17,11,quantile,0.025,0
2026-10-03,wk inc flu hosp,2,2026-10-17,11,quantile,0.05,1
2026-10-03,wk inc flu hosp,2,2026-10-17,11,quantile,0.1,1
2026-10-03,wk inc flu hosp,2,2026-10-17,11,quantile,0.15,2
2026-10-03,wk inc flu hosp,2,2026-10-17,11,quantile,0.2,2
2026-10-03,wk inc flu hosp,2,2026-10-17,11,quantile,0.25,3
2026-10-03,wk inc flu hosp,2,2026-10-17,11,quantile,0.3,3
2026-10-03,wk inc flu hosp,2,2026-10-17,11,quantile,0.35,4
2026-10-03,wk inc flu hosp,2,2026-10-17,11,quantile,0.4,4
2026-10-03,wk inc flu hosp,2,2026-10-17,11,quantile,0.45,5
2026-10-03,wk inc flu hosp,2,2026-10-17,11,quantile,0.5,6
2026-10-03,wk inc flu hosp,2,2026-10-17,11,quantile,0.55,6
2026-10-03,wk inc flu hosp,2,2026-10-17,11,quantile,0.6,7
2026-10-03,wk inc flu hosp,2,2026-10-17,11,quantile,0.65,8
2026-10-03,wk inc flu hosp,2,2026-10-17,11,quantile,0.7,9
2026-10-03,wk inc flu hosp,2,2026-10-17,11,quantile,0.75,10
2026-10-03,wk inc flu hosp,2,2026-10-17,11,quantile,0.8,12
2026-10-03,wk inc flu hosp,2,2026-10-17,11,quantile,0.85,14
2026-10-03,wk inc flu hosp,2,2026-10-17,11,quantile,0.9,17
2026-10-03,wk inc flu hosp,2,2026-10-17,11,quantile,0.95,24
2026-10-03,wk inc flu hosp,2,2026-10-17,11,quantile,0.975,31
2026-10-03,wk inc flu hosp,2,2026-10-17,11,quantile,0.99,41
2026-10-03,wk inc flu hosp,3,2026-10-24,11,quantile,0.01,0
2026-10-03,wk inc flu hosp,3,2026-10-24,11,quantile,0.025,0
2026-10-03,wk inc flu hosp,3,2026-10-24,11,quantile,0.05,1
2026-10-03,wk inc flu hosp,3,2026-10-24,11,quantile,0.1,2
2026-10-03,wk inc flu hosp,3,2026-10-24,11,quantile,0.15,2
2026-10-03,wk inc flu hosp,3,2026-10-24,11,quantile,0.2,3
2026-10-03,wk inc flu hosp,3,2026-10-24,11,quantile,0.25,3
2026-10-03,wk inc flu hosp,3,2026-10-24,11,quantile,0.3,4
2026-10-03,wk inc flu hosp,3,2026-10-24,11,quantile,0.35,5
2026-10-03,wk inc flu hosp,3,2026-10-24,11,quantile,0.4,5
2026-10-03,wk inc flu hosp,3,2026-10-24,11,quantile,0.45,6
2026-10-03,wk inc flu hosp,3,2026-10-24,11,quantile,0.5,7
2026-10-03,wk inc flu hosp,3,2026-10-24,11,quantile,0.55,8
2026-10-03,wk inc flu hosp,3,2026-10-24,11,quantile,0.6,9
2026-10-03,wk inc flu hosp,3,2026-10-24,11,quantile,0.65,10
2026-10-03,wk inc flu hosp,3,2026-10-24,11,quantile,0.7,12
2026-10-03,wk inc flu hosp,3,2026-10-24,11,quantile,0.75,14
2026-10-03,wk inc flu hosp,3,2026-10-24,11,quantile,0.8,16
2026-10-03,wk inc flu hosp,3,2026-10-24,11,quantile,0.85,19
2026-10-03,wk inc flu hosp,3,2026-10-24,11,quantile,0.9,24
2026-10-03,wk inc flu hosp,3,2026-10-24,11,quantile,0.95,34
2026-10-03,wk inc flu hosp,3,2026-10-24,11,quantile,0.975,45
2026-10-03,wk inc flu hosp,3,2026-10-24,11,quantile,0.99,63
2026-10-03,wk inc flu hosp,0,2026-10-03,12,quantile,0.01,189
2026-10-03,wk inc flu hosp,0,2026-10-03,12,quantile,0.025,215
2026-10-03,wk inc flu hosp,0,2026-10-03,12,quantile,0.05,240
2026-10-03,wk inc flu hosp,0,2026-10-03,12,quantile,0.1,273
2026-10-03,wk inc flu hosp,0,2026-10-03,12,quantile,0.15,298
2026-10-03,wk inc flu hosp,0,2026-10-03,12,quantile,0.2,319
2026-10-03,wk inc flu hosp,0,2026-10-03,12,quantile,0.25,339
2026-10-03,wk inc flu hosp,0,2026-10-03,12,quantile,0.3,358
2026-10-03,wk inc flu hosp,0,2026-10-03,12,quantile,0.35,376
2026-10-03,wk inc flu hosp,0,2026-10-03,12,quantile,0.4,394
2026-10-03,wk inc flu hosp,0,2026-10-03,12,quantile,0.45,413
2026-10-03,wk inc flu hosp,0,2026-10-03,12,quantile,0.5,430
2026-10-03,wk inc flu hosp,0,2026-10-03,12,quantile,0.55,451
2026-10-03,wk inc flu hosp,0,2026-10-03,12,quantile,0.6,472
2026-10-03,wk inc flu hosp,0,2026-10-03,12,quantile,0.65,495
2026-10-03,wk inc flu hosp,0,2026-10-03,12,quantile,0.7,521
2026-10-03,wk inc flu hosp,0,2026-10-03,12,quantile,0.75,549
2026-10-03,wk inc flu hosp,0,2026-10-03,12,quantile,0.8,583
2026-10-03,wk inc flu hosp,0,2026-10-03,12,quantile,0.85,626
2026-10-03,wk inc flu hosp,0,2026-10-03,12,quantile,0.9,685
2026-10-03,wk inc flu hosp,0,2026-10-03,12,quantile,0.95,782
2026-10-03,wk inc flu hosp,0,2026-10-03,12,quantile,0.975,880
2026-10-03,wk inc flu hosp,0,2026-10-03,12,quantile,0.99,1002
2026-10-03,wk inc flu hosp,1,2026-10-10,12,quantile,0.01,162
2026-10-03,wk inc flu hosp,1,2026-10-10,12,quantile,0.025,191
2026-10-03,wk inc flu hosp,1,2026-10-10,12,quantile,0.05,220
2026-10-03,wk inc flu hosp,1,2026-10-10,12,quantile,0.1,262
2026-10-03,wk inc flu hosp,1,2026-10-10,12,quantile,0.15,293
2026-10-03,wk inc flu hosp,1,2026-10-10,12,quantile,0.2,321
2026-10-03,wk inc flu hosp,1,2026-10-10,12,quantile,0.25,347
2026-10-03,wk inc flu hosp,1,2026-10-10,12,quantile,0.3,372
2026-10-03,wk inc flu hosp,1,2026-10-10,12,quantile,0.35,397
2026-10-03,wk inc flu hosp,1,2026-10-10,12,quantile,0.4,421
2026-10-03,wk inc flu hosp,1,2026-10-10,12,quantile,0.45,447
2026-10-03,wk inc flu hosp,1,2026-10-10,12,quantile,0.5,472
2026-10-03,wk inc flu hosp,1,2026-10-10,12,quantile,0.55,501
2026-10-03,wk inc flu hosp,1,2026-10-10,12,quantile,0.6,533
2026-10-03,wk inc flu hosp,1,2026-10-10,12,quantile,0.65,567
2026-10-03,wk inc flu hosp,1,2026-10-10,12,quantile,0.7,603
2026-10-03,wk inc flu hosp,1,2026-10-10,12,quantile,0.75,647
2026-10-03,wk inc flu hosp,1,2026-10-10,12,quantile,0.8,699
2026-10-03,wk inc flu hosp,1,2026-10-10,12,quantile,0.85,762
2026-10-03,wk inc flu hosp,1,2026-10-10,12,quantile,0.9,853
2026-10-03,wk inc flu hosp,1,2026-10-10,12,quantile,0.95,1009
2026-10-03,wk inc flu hosp,1,2026-10-10,12,quantile,0.975,1166
2026-10-03,wk inc flu hosp,1,2026-10-10,12,quantile,0.99,1387
2026-10-03,wk inc flu hosp,2,2026-10-17,12,quantile,0.01,139
2026-10-03,wk inc flu hosp,2,2026-10-17,12,quantile,0.025,172
2026-10-03,wk inc flu hosp,2,2026-10-17,12,quantile,0.05,207
2026-10-03,wk inc flu hosp,2,2026-10-17,12,quantile,0.1,256
2026-10-03,wk inc flu hosp,2,2026-10-17,12,quantile,0.15,294
2026-10-03,wk inc flu hosp,2,2026-10-17,12,quantile,0.2,329
2026-10-03,wk inc flu hosp,2,2026-10-17,12,quantile,0.25,362
2026-10-03,wk inc flu hosp,2,2026-10-17,12,quantile,0.3,396
2026-10-03,wk inc flu hosp,2,2026-10-17,12,quantile,0.35,429
2026-10-03,wk inc flu hosp,2,2026-10-17,12,quantile,0.4,463
2026-10-03,wk inc flu hosp,2,2026-10-17,12,quantile,0.45,499
2026-10-03,wk inc flu hosp,2,2026-10-17,12,quantile,0.5,537
2026-10-03,wk inc flu hosp,2,2026-10-17,12,quantile,0.55,578
2026-10-03,wk inc flu hosp,2,2026-10-17,12,quantile,0.6,622
2026-10-03,wk inc flu hosp,2,2026-10-17,12,quantile,0.65,668
2026-10-03,wk inc flu hosp,2,2026-10-17,12,quantile,0.7,724
2026-10-03,wk inc flu hosp,2,2026-10-17,12,quantile,0.75,790
2026-10-03,wk inc flu hosp,2,2026-10-17,12,quantile,0.8,869
2026-10-03,wk inc flu hosp,2,2026-10-17,12,quantile,0.85,974
2026-10-03,wk inc flu hosp,2,2026-10-17,12,quantile,0.9,1119
2026-10-03,wk inc flu hosp,2,2026-10-17,12,quantile,0.95,1384
2026-10-03,wk inc flu hosp,2,2026-10-17,12,quantile,0.975,1661
2026-10-03,wk inc flu hosp,2,2026-10-17,12,quantile,0.99,2050
2026-10-03,wk inc flu hosp,3,2026-10-24,12,quantile,0.01,123
2026-10-03,wk inc flu hosp,3,2026-10-24,12,quantile,0.025,159
2026-10-03,wk inc flu hosp,3,2026-10-24,12,quantile,0.05,197
2026-10-03,wk inc flu hosp,3,2026-10-24,12,quantile,0.1,251
2026-10-03,wk inc flu hosp,3,2026-10-24,12,quantile,0.15,296
2026-10-03,wk inc flu hosp,3,2026-10-24,12,quantile,0.2,338
2026-10-03,wk inc flu hosp,3,2026-10-24,12,quantile,0.25,378
2026-10-03,wk inc flu hosp,3,2026-10-24,12,quantile,0.3,418
2026-10-03,wk inc flu hosp,3,2026-10-24,12,quantile,0.35,459
2026-10-03,wk inc flu hosp,3,2026-10-24,12,quantile,0.4,501
2026-10-03,wk inc flu hosp,3,2026-10-24,12,quantile,0.45,546
2026-10-03,wk inc flu hosp,3,2026-10-24,12,quantile,0.5,596
2026-10-03,wk inc flu hosp,3,2026-10-24,12,quantile,0.55,648
2026-10-03,wk inc flu hosp,3,2026-10-24,12,quantile,0.6,706
2026-10-03,wk inc flu hosp,3,2026-10-24,12,quantile,0.65,770
2026-10-03,wk inc flu hosp,3,2026-10-24,12,quantile,0.7,843
2026-10-03,wk inc flu hosp,3,2026-10-24,12,quantile,0.75,928
2026-10-03,wk inc flu hosp,3,2026-10-24,12,quantile,0.8,1038
2026-10-03,wk inc flu hosp,3,2026-10-24,12,quantile,0.85,1182
2026-10-03,wk inc flu hosp,3,2026-10-24,12,quantile,0.9,1396
2026-10-03,wk inc flu hosp,3,2026-10-24,12,quantile,0.95,1752
2026-10-03,wk inc flu hosp,3,2026-10-24,12,quantile,0.975,2156
2026-10-03,wk inc flu hosp,3,2026-10-24,12,quantile,0.99,2757
2026-10-03,wk inc flu hosp,0,2026-10-03,13,quantile,0.01,11
2026-10-03,wk inc flu hosp,0,2026-10-03,13,quantile,0.025,13
2026-10-03,wk inc flu hosp,0,2026-10-03,13,quantile,0.05,16
2026-10-03,wk inc flu hosp,0,2026-10-03,13,quantile,0.1,19
2026-10-03,wk inc flu hosp,0,2026-10-03,13,quantile,0.15,22
2026-10-03,wk inc flu hosp,0,2026-10-03,13,quantile,0.2,24
2026-10-03,wk inc flu hosp,0,2026-10-03,13,quantile,0.25,26
2026-10-03,wk inc flu hosp,0,2026-10-03,13,quantile,0.3,28
2026-10-03,wk inc flu hosp,0,2026-10-03,13,quantile,0.35,30
2026-10-03,wk inc flu hosp,0,2026-10-03,13,quantile,0.4,32
2026-10-03,wk inc flu hosp,0,2026-10-03,13,quantile,0.45,34
2026-10-03,wk inc flu hosp,0,2026-10-03,13,quantile,0.5,37
2026-10-03,wk inc flu hosp,0,2026-10-03,13,quantile,0.55,39
2026-10-03,wk inc flu hosp,0,2026-10-03,13,quantile,0.6,42
2026-10-03,wk inc flu hosp,0,2026-10-03,13,quantile,0.65,44
2026-10-03,wk inc flu hosp,0,2026-10-03,13,quantile,0.7,48
2026-10-03,wk inc flu hosp,0,2026-10-03,13,quantile,0.75,51
2026-10-03,wk inc flu hosp,0,2026-10-03,13,quantile,0.8,56
2026-10-03,wk inc flu hosp,0,2026-10-03,13,quantile,0.85,62
2026-10-03,wk inc flu hosp,0,2026-10-03,13,quantile,0.9,69
2026-10-03,wk inc flu hosp,0,2026-10-03,13,quantile,0.95,83
2026-10-03,wk inc flu hosp,0,2026-10-03,13,quantile,0.975,97
2026-10-03,wk inc flu hosp,0,2026-10-03,13,quantile,0.99,116
2026-10-03,wk inc flu hosp,1,2026-10-10,13,quantile,0.01,10
2026-10-03,wk inc flu hosp,1,2026-10-10,13,quantile,0.025,13
2026-10-03,wk inc flu hosp,1,2026-10-10,13,quantile,0.05,15
2026-10-03,wk inc flu hosp,1,2026-10-10,13,quantile,0.1,19
2026-10-03,wk inc flu hosp,1,2026-10-10,13,quantile,0.15,22
2026-10-03,wk inc flu hosp,1,2026-10-10,13,quantile,0.2,25
2026-10-03,wk inc flu hosp,1,2026-10-10,13,quantile,0.25,28
2026-10-03,wk inc flu hosp,1,2026-10-10,13,quantile,0.3,31
2026-10-03,wk inc flu hosp,1,2026-10-10,13,quantile,0.35,33
2026-10-03,wk inc flu hosp,1,2026-10-10,13,quantile,0.4,36
2026-10-03,wk inc flu hosp,1,2026-10-10,13,quantile,0.45,39
2026-10-03,wk inc flu hosp,1,2026-10-10,13,quantile,0.5,42
2026-10-03,wk inc flu hosp,1,2026-10-10,13,quantile,0.55,45
2026-10-03,wk inc flu hosp,1,2026-10-10,13,quantile,0.6,49
2026-10-03,wk inc flu hosp,1,2026-10-10,13,quantile,0.65,53
2026-10-03,wk inc flu hosp,1,2026-10-10,13,quantile,0.7,58
2026-10-03,wk inc flu hosp,1,2026-10-10,13,quantile,0.75,63
2026-10-03,wk inc flu hosp,1,2026-10-10,13,quantile,0.8,70
2026-10-03,wk inc flu hosp,1,2026-10-10,13,quantile,0.85,79
2026-10-03,wk inc flu hosp,1,2026-10-10,13,quantile,0.9,92
2026-10-03,wk inc flu hosp,1,2026-10-10,13,quantile,0.95,114
2026-10-03,wk inc flu hosp,1,2026-10-10,13,quantile,0.975,137
2026-10-03,wk inc flu hosp,1,2026-10-10,13,quantile,0.99,171
2026-10-03,wk inc flu hosp,2,2026-10-17,13,quantile,0.01,9
2026-10-03,wk inc flu hosp,2,2026-10-17,13,quantile,0.025,12
2026-10-03,wk inc flu hosp,2,2026-10-17,13,quantile,0.05,15
2026-10-03,wk inc flu hosp,2,2026-10-17,13,quantile,0.1,19
2026-10-03,wk inc flu hosp,2,2026-10-17,13,quantile,0.15,23
2026-10-03,wk inc flu hosp,2,2026-10-17,13,quantile,0.2,27
2026-10-03,wk inc flu hosp,2,2026-10-17,13,quantile,0.25,30
2026-10-03,wk inc flu hosp,2,2026-10-17,13,quantile,0.3,34
2026-10-03,wk inc flu hosp,2,2026-10-17,13,quantile,0.35,37
2026-10-03,wk inc flu hosp,2,2026-10-17,13,quantile,0.4,41
2026-10-03,wk inc flu hosp,2,2026-10-17,13,quantile,0.45,45
2026-10-03,wk inc flu hosp,2,2026-10-17,13,quantile,0.5,49
2026-10-03,wk inc flu hosp,2,2026-10-17,13,quantile,0.55,54
2026-10-03,wk inc flu hosp,2,2026-10-17,13,quantile,0.6,59
2026-10-03,wk inc flu hosp,2,2026-10-17,13,quantile,0.65,65
2026-10-03,wk inc flu hosp,2,2026-10-17,13,quantile,0.7,72
2026-10-03,wk inc flu hosp,2,2026-10-17,13,quantile,0.75,80
2026-10-03,wk inc flu hosp,2,2026-10-17,13,quantile,0.8,90
2026-10-03,wk inc flu hosp,2,2026-10-17,13,quantile,0.85,104
2026-10-03,wk inc flu hosp,2,2026-10-17,13,quantile,0.9,124
2026-10-03,wk inc flu hosp,2,2026-10-17,13,quantile,0.95,160
2026-10-03,wk inc flu hosp,2,2026-10-17,13,quantile,0.975,200
2026-10-03,wk inc flu hosp,2,2026-10-17,13,quantile,0.99,261
2026-10-03,wk inc flu hosp,3,2026-10-24,13,quantile,0.01,8
2026-10-03,wk inc flu hosp,3,2026-10-24,13,quantile,0.025,11
2026-10-03,wk inc flu hosp,3,2026-10-24,13,quantile,0.05,15
2026-10-03,wk inc flu hosp,3,2026-10-24,13,quantile,0.1,20
2026-10-03,wk inc flu hosp,3,2026-10-24,13,quantile,0.15,25
2026-10-03,wk inc flu hosp,3,2026-10-24,13,quantile,0.2,29
2026-10-03,wk inc flu hosp,3,2026-10-24,13,quantile,0.25,33
2026-10-03,wk inc flu hosp,3,2026-10-24,13,quantile,0.3,37
2026-10-03,wk inc flu hosp,3,2026-10-24,13,quantile,0.35,42
2026-10-03,wk inc flu hosp,3,2026-10-24,13,quantile,0.4,47
2026-10-03,wk inc flu hosp,3,2026-10-24,13,quantile,0.45,52
2026-10-03,wk inc flu hosp,3,2026-10-24,13,quantile,0.5,57
2026-10-03,wk inc flu hosp,3,2026-10-24,13,quantile,0.55,64
2026-10-03,wk inc flu hosp,3,2026-10-24,13,quantile,0.6,71
2026-10-03,wk inc flu hosp,3,2026-10-24,13,quantile,0.65,79
2026-10-03,wk inc flu hosp,3,2026-10-24,13,quantile,0.7,89
2026-10-03,wk inc flu hosp,3,2026-10-24,13,quantile,0.75,100
2026-10-03,wk inc flu hosp,3,2026-10-24,13,quantile,0.8,115
2026-10-03,wk inc flu hosp,3,2026-10-24,13,quantile,0.85,135
2026-10-03,wk inc flu hosp,3,2026-10-24,13,quantile,0.9,165
2026-10-03,wk inc flu hosp,3,2026-10-24,13,quantile,0.95,223
2026-10-03,wk inc flu hosp,3,2026-10-24,13,quantile,0.975,286
2026-10-03,wk inc flu hosp,3,2026-10-24,13,quantile,0.99,386
2026-10-03,wk inc flu hosp,0,2026-10-03,15,quantile,0.01,6
2026-10-03,wk inc flu hosp,0,2026-10-03,15,quantile,0.025,7
2026-10-03,wk inc flu hosp,0,2026-10-03,15,quantile,0.05,9
2026-10-03,wk inc flu hosp,0,2026-10-03,15,quantile,0.1,11
2026-10-03,wk inc flu hosp,0,2026-10-03,15,quantile,0.15,13
2026-10-03,wk inc flu hosp,0,2026-10-03,15,quantile,0.2,15
2026-10-03,wk inc flu hosp,0,2026-10-03,15,quantile,0.25,17
2026-10-03,wk inc flu hosp,0,2026-10-03,15,quantile,0.3,18
2026-10-03,wk inc flu hosp,0,2026-10-03,15,quantile,0.35,20
2026-10-03,wk inc flu hosp,0,2026-10-03,15,quantile,0.4,22
2026-10-03,wk inc flu hosp,0,2026-10-03,15,quantile,0.45,24
2026-10-03,wk inc flu hosp,0,2026-10-03,15,quantile,0.5,26
2026-10-03,wk inc flu hosp,0,2026-10-03,15,quantile,0.55,28
2026-10-03,wk inc flu hosp,0,2026-10-03,15,quantile,0.6,30
2026-10-03,wk inc flu hosp,0,2026-10-03,15,quantile,0.65,32
2026-10-03,wk inc flu hosp,0,2026-10-03,15,quantile,0.7,35
2026-10-03,wk inc flu hosp,0,2026-10-03,15,quantile,0.75,39
2026-10-03,wk inc flu hosp,0,2026-10-03,15,quantile,0.8,43
2026-10-03,wk inc flu hosp,0,2026-10-03,15,quantile,0.85,48
2026-10-03,wk inc flu hosp,0,2026-10-03,15,quantile,0.9,56
2026-10-03,wk inc flu hosp,0,2026-10-03,15,quantile,0.95,70
2026-10-03,wk inc flu hosp,0,2026-10-03,15,quantile,0.975,85
2026-10-03,wk inc flu hosp,0,2026-10-03,15,quantile,0.99,106
2026-10-03,wk inc flu hosp,1,2026-10-10,15,quantile,0.01,5
2026-10-03,wk inc flu hosp,1,2026-10-10,15,quantile,0.025,7
2026-10-03,wk inc flu hosp,1,2026-10-10,15,quantile,0.05,9
2026-10-03,wk inc flu hosp,1,2026-10-10,15,quantile,0.1,11
2026-10-03,wk inc flu hosp,1,2026-10-10,15,quantile,0.15,14
2026-10-03,wk inc flu hosp,1,2026-10-10,15,quantile,0.2,16
2026-10-03,wk inc flu hosp,1,2026-10-10,15,quantile,0.25,18
2026-10-03,wk inc flu hosp,1,2026-10-10,15,quantile,0.3,20
2026-10-03,wk inc flu hosp,1,2026-10-10,15,quantile,0.35,22
2026-10-03,wk inc flu hosp,1,2026-10-10,15,quantile,0.4,24
2026-10-03,wk inc flu hosp,1,2026-10-10,15,quantile,0.45,27
2026-10-03,wk inc flu hosp,1,2026-10-10,15,quantile,0.5,29
2026-10-03,wk inc flu hosp,1,2026-10-10,15,quantile,0.55,32
2026-10-03,wk inc flu hosp,1,2026-10-10,15,quantile,0.6,35
2026-10-03,wk inc flu hosp,1,2026-10-10,15,quantile,0.65,39
2026-10-03,wk inc flu hosp,1,2026-10-10,15,quantile,0.7,43
2026-10-03,wk inc flu hosp,1,2026-10-10,15,quantile,0.75,47
2026-10-03,wk inc flu hosp,1,2026-10-10,15,quantile,0.8,53
2026-10-03,wk inc flu hosp,1,2026-10-10,15,quantile,0.85,61
2026-10-03,wk inc flu hosp,1,2026-10-10,15,quantile,0.9,73
2026-10-03,wk inc flu hosp,1,2026-10-10,15,quantile,0.95,93
2026-10-03,wk inc flu hosp,1,2026-10-10,15,quantile,0.975,116
2026-10-03,wk inc flu hosp,1,2026-10-10,15,quantile,0.99,150
2026-10-03,wk inc flu hosp,2,2026-10-17,15,quantile,0.01,5
2026-10-03,wk inc flu hosp,2,2026-10-17,15,quantile,0.025,6
2026-10-03,wk inc flu hosp,2,2026-10-17,15,quantile,0.05,9
2026-10-03,wk inc flu hosp,2,2026-10-17,15,quantile,0.1,12
2026-10-03,wk inc flu hosp,2,2026-10-17,15,quantile,0.15,14
2026-10-03,wk inc flu hosp,2,2026-10-17,15,quantile,0.2,17
2026-10-03,wk inc flu hosp,2,2026-10-17,15,quantile,0.25,20
2026-10-03,wk inc flu hosp,2,2026-10-17,15,quantile,0.3,22
2026-10-03,wk inc flu hosp,2,2026-10-17,15,quantile,0.35,25
2026-10-03,wk inc flu hosp,2,2026-10-17,15,quantile,0.4,28
2026-10-03,wk inc flu hosp,2,2026-10-17,15,quantile,0.45,31
2026-10-03,wk inc flu hosp,2,2026-10-17,15,quantile,0.5,34
2026-10-03,wk inc flu hosp,2,2026-10-17,15,quantile,0.55,38
2026-10-03,wk inc flu hosp,2,2026-10-17,15,quantile,0.6,42
2026-10-03,wk inc flu hosp,2,2026-10-17,15,quantile,0.65,47
2026-10-03,wk inc flu hosp,2,2026-10-17,15,quantile,0.7,52
2026-10-03,wk inc flu hosp,2,2026-10-17,15,quantile,0.75,59
2026-10-03,wk inc flu hosp,2,2026-10-17,15,quantile,0.8,68
2026-10-03,wk inc flu hosp,2,2026-10-17,15,quantile,0.85,80
2026-10-03,wk inc flu hosp,2,2026-10-17,15,quantile,0.9,97
2026-10-03,wk inc flu hosp,2,2026-10-17,15,quantile,0.95,129
2026-10-03,wk inc flu hosp,2,2026-10-17,15,quantile,0.975,166
2026-10-03,wk inc flu hosp,2,2026-10-17,15,quantile,0.99,225
2026-10-03,wk inc flu hosp,3,2026-10-24,15,quantile,0.01,4
2026-10-03,wk inc flu hosp,3,2026-10-24,15,quantile,0.025,6
2026-10-03,wk inc flu hosp,3,2026-10-24,15,quantile,0.05,9
2026-10-03,wk inc flu hosp,3,2026-10-24,15,quantile,0.1,12
2026-10-03,wk inc flu hosp,3,2026-10-24,15,quantile,0.15,15
2026-10-03,wk inc flu hosp,3,2026-10-24,15,quantile,0.2,18
2026-10-03,wk inc flu hosp,3,2026-10-24,15,quantile,0.25,21
2026-10-03,wk inc flu hosp,3,2026-10-24,15,quantile,0.3,25
2026-10-03,wk inc flu hosp,3,2026-10-24,15,quantile,0.35,28
2026-10-03,wk inc flu hosp,3,2026-10-24,15,quantile,0.4,32
2026-10-03,wk inc flu hosp,3,2026-10-24,15,quantile,0.45,36
2026-10-03,wk inc flu hosp,3,2026-10-24,15,quantile,0.5,40
2026-10-03,wk inc flu hosp,3,2026-10-24,15,quantile,0.55,45
2026-10-03,wk inc flu hosp,3,2026-10-24,15,quantile,0.6,50
2026-10-03,wk inc flu hosp,3,2026-10-24,15,quantile,0.65,57
2026-10-03,wk inc flu hosp,3,2026-10-24,15,quantile,0.7,65
2026-10-03,wk inc flu hosp,3,2026-10-24,15,quantile,0.75,74
2026-10-03,wk inc flu hosp,3,2026-10-24,15,quantile,0.8,86
2026-10-03,wk inc flu hosp,3,2026-10-24,15,quantile,0.85,102
2026-10-03,wk inc flu hosp,3,2026-10-24,15,quantile,0.9,128
2026-10-03,wk inc flu hosp,3,2026-10-24,15,quantile,0.95,177
2026-10-03,wk inc flu hosp,3,2026-10-24,15,quantile,0.975,235
2026-10-03,wk inc flu hosp,3,2026-10-24,15,quantile,0.99,327
2026-10-03,wk inc flu hosp,0,2026-10-03,16,quantile,0.01,3
2026-10-03,wk inc flu hosp,0,2026-10-03,16,quantile,0.025,4
2026-10-03,wk inc flu hosp,0,2026-10-03,16,quantile,0.05,5
2026-10-03,wk inc flu hosp,0,2026-10-03,16,quantile,0.1,6
2026-10-03,wk inc flu hosp,0,2026-10-03,16,quantile,0.15,8
2026-10-03,wk inc flu hosp,0,2026-10-03,16,quantile,0.2,9
2026-10-03,wk inc flu hosp,0,2026-10-03,16,quantile,0.25,9
2026-10-03,wk inc flu hosp,0,2026-10-03,16,quantile,0.3,10
2026-10-03,wk inc flu hosp,0,2026-10-03,16,quantile,0.35,11
2026-10-03,wk inc flu hosp,0,2026-10-03,16,quantile,0.4,12
2026-10-03,wk inc flu hosp,0,2026-10-03,16,quantile,0.45,13
2026-10-03,wk inc flu hosp,0,2026-10-03,16,quantile,0.5,14
2026-10-03,wk inc flu hosp,0,2026-10-03,16,quantile,0.55,15
2026-10-03,wk inc flu hosp,0,2026-10-03,16,quantile,0.6,17
2026-10-03,wk inc flu hosp,0,2026-10-03,16,quantile,0.65,18
2026-10-03,wk inc flu hosp,0,2026-10-03,16,quantile,0.7,19
2026-10-03,wk inc flu hosp,0,2026-10-03,16,quantile,0.75,21
2026-10-03,wk inc flu hosp,0,2026-10-03,16,quantile,0.8,23
2026-10-03,wk inc flu hosp,0,2026-10-03,16,quantile,0.85,26
2026-10-03,wk inc flu hosp,0,2026-10-03,16,quantile,0.9,30
2026-10-03,wk inc flu hosp,0,2026-10-03,16,quantile,0.95,38
2026-10-03,wk inc flu hosp,0,2026-10-03,16,quantile,0.975,45
2026-10-03,wk inc flu hosp,0,2026-10-03,16,quantile,0.99,56
2026-10-03,wk inc flu hosp,1,2026-10-10,16,quantile,0.01,3
2026-10-03,wk inc flu hosp,1,2026-10-10,16,quantile,0.025,4
2026-10-03,wk inc flu hosp,1,2026-10-10,16,quantile,0.05,5
2026-10-03,wk inc flu hosp,1,2026-10-10,16,quantile,0.1,7
2026-10-03,wk inc flu hosp,1,2026-10-10,16,quantile,0.15,8
2026-10-03,wk inc flu hosp,1,2026-10-10,16,quantile,0.2,10
2026-10-03,wk inc flu hosp,1,2026-10-10,16,quantile,0.25,11
2026-10-03,wk inc flu hosp,1,2026-10-10,16,quantile,0.3,12
2026-10-03,wk inc flu hosp,1,2026-10-10,16,quantile,0.35,13
2026-10-03,wk inc flu hosp,1,2026-10-10,16,quantile,0.4,14
2026-10-03,wk inc flu hosp,1,2026-10-10,16,quantile,0.45,16
2026-10-03,wk inc flu hosp,1,2026-10-10,16,quantile,0.5,17
2026-10-03,wk inc flu hosp,1,2026-10-10,16,quantile,0.55,19
2026-10-03,wk inc flu hosp,1,2026-10-10,16,quantile,0.6,20
2026-10-03,wk inc flu hosp,1,2026-10-10,16,quantile,0.65,22
2026-10-03,wk inc flu hosp,1,2026-10-10,16,quantile,0.7,25
2026-10-03,wk inc flu hosp,1,2026-10-10,16,quantile,0.75,27
2026-10-03,wk inc flu hosp,1,2026-10-10,16,quantile,0.8,31
2026-10-03,wk inc flu hosp,1,2026-10-10,16,quantile,0.85,35
2026-10-03,wk inc flu hosp,1,2026-10-10,16,quantile,0.9,42
2026-10-03,wk inc flu hosp,1,2026-10-10,16,quantile,0.95,53
2026-10-03,wk inc flu hosp,1,2026-10-10,16,quantile,0.975,66
2026-10-03,wk inc flu hosp,1,2026-10-10,16,quantile,0.99,85
2026-10-03,wk inc flu hosp,2,2026-10-17,16,quantile,0.01,3
2026-10-03,wk inc flu hosp,2,2026-10-17,16,quantile,0.025,4
2026-10-03,wk inc flu hosp,2,2026-10-17,16,quantile,0.05,5
2026-10-03,wk inc flu hosp,2,2026-10-17,16,quantile,0.1,7
2026-10-03,wk inc flu hosp,2,2026-10-17,16,quantile,0.15,9
2026-10-03,wk inc flu hosp,2,2026-10-17,16,quantile,0.2,10
2026-10-03,wk inc flu hosp,2,2026-10-17,16,quantile,0.25,12
2026-10-03,wk inc flu hosp,2,2026-10-17,16,quantile,0.3,14
2026-10-03,wk inc flu hosp,2,2026-10-17,16,quantile,0.35,15
2026-10-03,wk inc flu hosp,2,2026-10-17,16,quantile,0.4,17
2026-10-03,wk inc flu hosp,2,2026-10-17,16,quantile,0.45,19
2026-10-03,wk inc flu hosp,2,2026-10-17,16,quantile,0.5,21
2026-10-03,wk inc flu hosp,2,2026-10-17,16,quantile,0.55,23
2026-10-03,wk inc flu hosp,2,2026-10-17,16,quantile,0.6,25
2026-10-03,wk inc flu hosp,2,2026-10-17,16,quantile,0.65,28
2026-10-03,wk inc flu hosp,2,2026-10-17,16,quantile,0.7,32
2026-10-03,wk inc flu hosp,2,2026-10-17,16,quantile,0.75,36
2026-10-03,wk inc flu hosp,2,2026-10-17,16,quantile,0.8,41
2026-10-03,wk inc flu hosp,2,2026-10-17,16,quantile,0.85,48
2026-10-03,wk inc flu hosp,2,2026-10-17,16,quantile,0.9,58
2026-10-03,wk inc flu hosp,2,2026-10-17,16,quantile,0.95,77
2026-10-03,wk inc flu hosp,2,2026-10-17,16,quantile,0.975,99
2026-10-03,wk inc flu hosp,2,2026-10-17,16,quantile,0.99,133
2026-10-03,wk inc flu hosp,3,2026-10-24,16,quantile,0.01,3
2026-10-03,wk inc flu hosp,3,2026-10-24,16,quantile,0.025,4
2026-10-03,wk inc flu hosp,3,2026-10-24,16,quantile,0.05,5
2026-10-03,wk inc flu hosp,3,2026-10-24,16,quantile,0.1,8
2026-10-03,wk inc flu hosp,3,2026-10-24,16,quantile,0.15,10
2026-10-03,wk inc flu hosp,3,2026-10-24,16,quantile,0.2,12
2026-10-03,wk inc flu hosp,3,2026-10-24,16,quantile,0.25,14
2026-10-03,wk inc flu hosp,3,2026-10-24,16,quantile,0.3,16
2026-10-03,wk inc flu hosp,3,2026-10-24,16,quantile,0.35,18
2026-10-03,wk inc flu hosp,3,2026-10-24,16,quantile,0.4,20
2026-10-03,wk inc flu hosp,3,2026-10-24,16,quantile,0.45,22
2026-10-03,wk inc flu hosp,3,2026-10-24,16,quantile,0.5,25
2026-10-03,wk inc flu hosp,3,2026-10-24,16,quantile,0.55,28
2026-10-03,wk inc flu hosp,3,2026-10-24,16,quantile,0.6,32
2026-10-03,wk inc flu hosp,3,2026-10-24,16,quantile,0.65,36
2026-10-03,wk inc flu hosp,3,2026-10-24,16,quantile,0.7,40
2026-10-03,wk inc flu hosp,3,2026-10-24,16,quantile,0.75,46
2026-10-03,wk inc flu hosp,3,2026-10-24,16,quantile,0.8,53
2026-10-03,wk inc flu hosp,3,2026-10-24,16,quantile,0.85,64
2026-10-03,wk inc flu hosp,3,2026-10-24,16,quantile,0.9,79
2026-10-03,wk inc flu hosp,3,2026-10-24,16,quantile,0.95,110
2026-10-03,wk inc flu hosp,3,2026-10-24,16,quantile,0.975,146
2026-10-03,wk inc flu hosp,3,2026-10-24,16,quantile,0.99,201
2026-10-03,wk inc flu hosp,0,2026-10-03,17,quantile,0.01,16
2026-10-03,wk inc flu hosp,0,2026-10-03,17,quantile,0.025,19
2026-10-03,wk inc flu hosp,0,2026-10-03,17,quantile,0.05,24
2026-10-03,wk inc flu hosp,0,2026-10-03,17,quantile,0.1,29
2026-10-03,wk inc flu hosp,0,2026-10-03,17,quantile,0.15,34
2026-10-03,wk inc flu hosp,0,2026-10-03,17,quantile,0.2,38
2026-10-03,wk inc flu hosp,0,2026-10-03,17,quantile,0.25,42
2026-10-03,wk inc flu hosp,0,2026-10-03,17,quantile,0.3,46
2026-10-03,wk inc flu hosp,0,2026-10-03,17,quantile,0.35,50
2026-10-03,wk inc flu hosp,0,2026-10-03,17,quantile,0.4,54
2026-10-03,wk inc flu hosp,0,2026-10-03,17,quantile,0.45,58
2026-10-03,wk inc flu hosp,0,2026-10-03,17,quantile,0.5,62
2026-10-03,wk inc flu hosp,0,2026-10-03,17,quantile,0.55,67
2026-10-03,wk inc flu hosp,0,2026-10-03,17,quantile,0.6,73
2026-10-03,wk inc flu hosp,0,2026-10-03,17,quantile,0.65,78
2026-10-03,wk inc flu hosp,0,2026-10-03,17,quantile,0.7,85
2026-10-03,wk inc flu hosp,0,2026-10-03,17,quantile,0.75,93
2026-10-03,wk inc flu hosp,0,2026-10-03,17,quantile,0.8,102
2026-10-03,wk inc flu hosp,0,2026-10-03,17,quantile,0.85,114
2026-10-03,wk inc flu hosp,0,2026-10-03,17,quantile,0.9,131
2026-10-03,wk inc flu hosp,0,2026-10-03,17,quantile,0.95,163
2026-10-03,wk inc flu hosp,0,2026-10-03,17,quantile,0.975,197
2026-10-03,wk inc flu hosp,0,2026-10-03,17,quantile,0.99,244
2026-10-03,wk inc flu hosp,1,2026-10-10,17,quantile,0.01,13
2026-10-03,wk inc flu hosp,1,2026-10-10,17,quantile,0.025,17
2026-10-03,wk inc flu hosp,1,2026-10-10,17,quantile,0.05,22
2026-10-03,wk inc flu hosp,1,2026-10-10,17,quantile,0.1,29
2026-10-03,wk inc flu hosp,1,2026-10-10,17,quantile,0.15,34
2026-10-03,wk inc flu hosp,1,2026-10-10,17,quantile,0.2,39
2026-10-03,wk inc flu hosp,1,2026-10-10,17,quantile,0.25,43
2026-10-03,wk inc flu hosp,1,2026-10-10,17,quantile,0.3,48
2026-10-03,wk inc flu hosp,1,2026-10-10,17,quantile,0.35,53
2026-10-03,wk inc flu hosp,1,2026-10-10,17,quantile,0.4,58
2026-10-03,wk inc flu hosp,1,2026-10-10,17,quantile,0.45,63
2026-10-03,wk inc flu hosp,1,2026-10-10,17,quantile,0.5,69
2026-10-03,wk inc flu hosp,1,2026-10-10,17,quantile,0.55,76
2026-10-03,wk inc flu hosp,1,2026-10-10,17,quantile,0.6,83
2026-10-03,wk inc flu hosp,1,2026-10-10,17,quantile,0.65,91
2026-10-03,wk inc flu hosp,1,2026-10-10,17,quantile,0.7,100
2026-10-03,wk inc flu hosp,1,2026-10-10,17,quantile,0.75,111
2026-10-03,wk inc flu hosp,1,2026-10-10,17,quantile,0.8,125
2026-10-03,wk inc flu hosp,1,2026-10-10,17,quantile,0.85,143
2026-10-03,wk inc flu hosp,1,2026-10-10,17,quantile,0.9,170
2026-10-03,wk inc flu hosp,1,2026-10-10,17,quantile,0.95,219
2026-10-03,wk inc flu hosp,1,2026-10-10,17,quantile,0.975,272
2026-10-03,wk inc flu hosp,1,2026-10-10,17,quantile,0.99,351
2026-10-03,wk inc flu hosp,2,2026-10-17,17,quantile,0.01,11
2026-10-03,wk inc flu hosp,2,2026-10-17,17,quantile,0.025,15
2026-10-03,wk inc flu hosp,2,2026-10-17,17,quantile,0.05,20
2026-10-03,wk inc flu hosp,2,2026-10-17,17,quantile,0.1,27
2026-10-03,wk inc flu hosp,2,2026-10-17,17,quantile,0.15,33
2026-10-03,wk inc flu hosp,2,2026-10-17,17,quantile,0.2,39
2026-10-03,wk inc flu hosp,2,2026-10-17,17,quantile,0.25,45
2026-10-03,wk inc flu hosp,2,2026-10-17,17,quantile,0.3,51
2026-10-03,wk inc flu hosp,2,2026-10-17,17,quantile,0.35,57
2026-10-03,wk inc flu hosp,2,2026-10-17,17,quantile,0.4,63
2026-10-03,wk inc flu hosp,2,2026-10-17,17,quantile,0.45,70
2026-10-03,wk inc flu hosp,2,2026-10-17,17,quantile,0.5,78
2026-10-03,wk inc flu hosp,2,2026-10-17,17,quantile,0.55,86
2026-10-03,wk inc flu hosp,2,2026-10-17,17,quantile,0.6,96
2026-10-03,wk inc flu hosp,2,2026-10-17,17,quantile,0.65,107
2026-10-03,wk inc flu hosp,2,2026-10-17,17,quantile,0.7,119
2026-10-03,wk inc flu hosp,2,2026-10-17,17,quantile,0.75,134
2026-10-03,wk inc flu hosp,2,2026-10-17,17,quantile,0.8,154
2026-10-03,wk inc flu hosp,2,2026-10-17,17,quantile,0.85,180
2026-10-03,wk inc flu hosp,2,2026-10-17,17,quantile,0.9,219
2026-10-03,wk inc flu hosp,2,2026-10-17,17,quantile,0.95,294
2026-10-03,wk inc flu hosp,2,2026-10-17,17,quantile,0.975,381
2026-10-03,wk inc flu hosp,2,2026-10-17,17,quantile,0.99,513
2026-10-03,wk inc flu hosp,3,2026-10-24,17,quantile,0.01,10
2026-10-03,wk inc flu hosp,3,2026-10-24,17,quantile,0.025,14
2026-10-03,wk inc flu hosp,3,2026-10-24,17,quantile,0.05,19
2026-10-03,wk inc flu hosp,3,2026-10-24,17,quantile,0.1,27
2026-10-03,wk inc flu hosp,3,2026-10-24,17,quantile,0.15,34
2026-10-03,wk inc flu hosp,3,2026-10-24,17,quantile,0.2,40
2026-10-03,wk inc flu hosp,3,2026-10-24,17,quantile,0.25,47
2026-10-03,wk inc flu hosp,3,2026-10-24,17,quantile,0.3,54
2026-10-03,wk inc flu hosp,3,2026-10-24,17,quantile,0.35,62
2026-10-03,wk inc flu hosp,3,2026-10-24,17,quantile,0.4,70
2026-10-03,wk inc flu hosp,3,2026-10-24,17,quantile,0.45,79
2026-10-03,wk inc flu hosp,3,2026-10-24,17,quantile,0.5,88
2026-10-03,wk inc flu hosp,3,2026-10-24,17,quantile,0.55,99
2026-10-03,wk inc flu hosp,3,2026-10-24,17,quantile,0.6,111
2026-10-03,wk inc flu hosp,3,2026-10-24,17,quantile,0.65,125
2026-10-03,wk inc flu hosp,3,2026-10-24,17,quantile,0.7,142
2026-10-03,wk inc flu hosp,3,2026-10-24,17,quantile,0.75,162
2026-10-03,wk inc flu hosp,3,2026-10-24,17,quantile,0.8,189
2026-10-03,wk inc flu hosp,3,2026-10-24,17,quantile,0.85,225
2026-10-03,wk inc flu hosp,3,2026-10-24,17,quantile,0.9,280
2026-10-03,wk inc flu hosp,3,2026-10-24,17,quantile,0.95,390
2026-10-03,wk inc flu hosp,3,2026-10-24,17,quantile,0.975,521
2026-10-03,wk inc flu hosp,3,2026-10-24,17,quantile,0.99,727
2026-10-03,wk inc flu hosp,0,2026-10-03,18,quantile,0.01,9
2026-10-03,wk inc flu hosp,0,2026-10-03,18,quantile,0.025,11
2026-10-03,wk inc flu hosp,0,2026-10-03,18,quantile,0.05,13
2026-10-03,wk inc flu hosp,0,2026-10-03,18,quantile,0.1,17
2026-10-03,wk inc flu hosp,0,2026-10-03,18,quantile,0.15,19
2026-10-03,wk inc flu hosp,0,2026-10-03,18,quantile,0.2,22
2026-10-03,wk inc flu hosp,0,2026-10-03,18,quantile,0.25,24
2026-10-03,wk inc flu hosp,0,2026-10-03,18,quantile,0.3,26
2026-10-03,wk inc flu hosp,0,2026-10-03,18,quantile,0.35,28
2026-10-03,wk inc flu hosp,0,2026-10-03,18,quantile,0.4,30
2026-10-03,wk inc flu hosp,0,2026-10-03,18,quantile,0.45,33
2026-10-03,wk inc flu hosp,0,2026-10-03,18,quantile,0.5,35
2026-10-03,wk inc flu hosp,0,2026-10-03,18,quantile,0.55,38
2026-10-03,wk inc flu hosp,0,2026-10-03,18,quantile,0.6,40
2026-10-03,wk inc flu hosp,0,2026-10-03,18,quantile,0.65,44
2026-10-03,wk inc flu hosp,0,2026-10-03,18,quantile,0.7,47
2026-10-03,wk inc flu hosp,0,2026-10-03,18,quantile,0.75,51
2026-10-03,wk inc flu hosp,0,2026-10-03,18,quantile,0.8,56
2026-10-03,wk inc flu hosp,0,2026-10-03,18,quantile,0.85,63
2026-10-03,wk inc flu hosp,0,2026-10-03,18,quantile,0.9,72
2026-10-03,wk inc flu hosp,0,2026-10-03,18,quantile,0.95,88
2026-10-03,wk inc flu hosp,0,2026-10-03,18,quantile,0.975,106
2026-10-03,wk inc flu hosp,0,2026-10-03,18,quantile,0.99,130
2026-10-03,wk inc flu hosp,1,2026-10-10,18,quantile,0.01,8
2026-10-03,wk inc flu hosp,1,2026-10-10,18,quantile,0.025,11
2026-10-03,wk inc flu hosp,1,2026-10-10,18,quantile,0.05,13
2026-10-03,wk inc flu hosp,1,2026-10-10,18,quantile,0.1,17
2026-10-03,wk inc flu hosp,1,2026-10-10,18,quantile,0.15,20
2026-10-03,wk inc flu hosp,1,2026-10-10,18,quantile,0.2,23
2026-10-03,wk inc flu hosp,1,2026-10-10,18,quantile,0.25,26
2026-10-03,wk inc flu hosp,1,2026-10-10,18,quantile,0.3,28
2026-10-03,wk inc flu hosp,1,2026-10-10,18,quantile,0.35,31
2026-10-03,wk inc flu hosp,1,2026-10-10,18,quantile,0.4,34
2026-10-03,wk inc flu hosp,1,2026-10-10,18,quantile,0.45,37
2026-10-03,wk inc flu hosp,1,2026-10-10,18,quantile,0.5,40
2026-10-03,wk inc flu hosp,1,2026-10-10,18,quantile,0.55,44
2026-10-03,wk inc flu hosp,1,2026-10-10,18,quantile,0.6,48
2026-10-03,wk inc flu hosp,1,2026-10-10,18,quantile,0.65,52
2026-10-03,wk inc flu hosp,1,2026-10-10,18,quantile,0.7,58
2026-10-03,wk inc flu hosp,1,2026-10-10,18,quantile,0.75,64
2026-10-03,wk inc flu hosp,1,2026-10-10,18,quantile,0.8,71
2026-10-03,wk inc flu hosp,1,2026-10-10,18,quantile,0.85,81
2026-10-03,wk inc flu hosp,1,2026-10-10,18,quantile,0.9,95
2026-10-03,wk inc flu hosp,1,2026-10-10,18,quantile,0.95,121
2026-10-03,wk inc flu hosp,1,2026-10-10,18,quantile,0.975,150
2026-10-03,wk inc flu hosp,1,2026-10-10,18,quantile,0.99,190
2026-10-03,wk inc flu hosp,2,2026-10-17,18,quantile,0.01,7
2026-10-03,wk inc flu hosp,2,2026-10-17,18,quantile,0.025,10
2026-10-03,wk inc flu hosp,2,2026-10-17,18,quantile,0.05,13
2026-10-03,wk inc flu hosp,2,2026-10-17,18,quantile,0.1,17
2026-10-03,wk inc flu hosp,2,2026-10-17,18,quantile,0.15,20
2026-10-03,wk inc flu hosp,2,2026-10-17,18,quantile,0.2,24
2026-10-03,wk inc flu hosp,2,2026-10-17,18,quantile,0.25,27
2026-10-03,wk inc flu hosp,2,2026-10-17,18,quantile,0.3,31
2026-10-03,wk inc flu hosp,2,2026-10-17,18,quantile,0.35,34
2026-10-03,wk inc flu hosp,2,2026-10-17,18,quantile,0.4,38
2026-10-03,wk inc flu hosp,2,2026-10-17,18,quantile,0.45,42
2026-10-03,wk inc flu hosp,2,2026-10-17,18,quantile,0.5,46
2026-10-03,wk inc flu hosp,2,2026-10-17,18,quantile,0.55,51
2026-10-03,wk inc flu hosp,2,2026-10-17,18,quantile,0.6,56
2026-10-03,wk inc flu hosp,2,2026-10-17,18,quantile,0.65,62
2026-10-03,wk inc flu hosp,2,2026-10-17,18,quantile,0.7,69
2026-10-03,wk inc flu hosp,2,2026-10-17,18,quantile,0.75,78
2026-10-03,wk inc flu hosp,2,2026-10-17,18,quantile,0.8,89
2026-10-03,wk inc flu hosp,2,2026-10-17,18,quantile,0.85,104
2026-10-03,wk inc flu hosp,2,2026-10-17,18,quantile,0.9,125
2026-10-03,wk inc flu hosp,2,2026-10-17,18,quantile,0.95,167
2026-10-03,wk inc flu hosp,2,2026-10-17,18,quantile,0.975,215
2026-10-03,wk inc flu hosp,2,2026-10-17,18,quantile,0.99,288
2026-10-03,wk inc flu hosp,3,2026-10-24,18,quantile,0.01,7
2026-10-03,wk inc flu hosp,3,2026-10-24,18,quantile,0.025,10
2026-10-03,wk inc flu hosp,3,2026-10-24,18,quantile,0.05,13
2026-10-03,wk inc flu hosp,3,2026-10-24,18,quantile,0.1,18
2026-10-03,wk inc flu hosp,3,2026-10-24,18,quantile,0.15,22
2026-10-03,wk inc flu hosp,3,2026-10-24,18,quantile,0.2,26
2026-10-03,wk inc flu hosp,3,2026-10-24,18,quantile,0.25,30
2026-10-03,wk inc flu hosp,3,2026-10-24,18,quantile,0.3,35
2026-10-03,wk inc flu hosp,3,2026-10-24,18,quantile,0.35,39
2026-10-03,wk inc flu hosp,3,2026-10-24,18,quantile,0.4,44
2026-10-03,wk inc flu hosp,3,2026-10-24,18,quantile,0.45,49
2026-10-03,wk inc flu hosp,3,2026-10-24,18,quantile,0.5,55
2026-10-03,wk inc flu hosp,3,2026-10-24,18,quantile,0.55,62
2026-10-03,wk inc flu hosp,3,2026-10-24,18,quantile,0.6,69
2026-10-03,wk inc flu hosp,3,2026-10-24,18,quantile,0.65,77
2026-10-03,wk inc flu hosp,3,2026-10-24,18,quantile,0.7,86
2026-10-03,wk inc flu hosp,3,2026-10-24,18,quantile,0.75,98
2026-10-03,wk inc flu hosp,3,2026-10-24,18,quantile,0.8,114
2026-10-03,wk inc flu hosp,3,2026-10-24,18,quantile,0.85,135
2026-10-03,wk inc flu hosp,3,2026-10-24,18,quantile,0.9,168
2026-10-03,wk inc flu hosp,3,2026-10-24,18,quantile,0.95,234
2026-10-03,wk inc flu hosp,3,2026-10-24,18,quantile,0.975,310
2026-10-03,wk inc flu hosp,3,2026-10-24,18,quantile,0.99,429
2026-10-03,wk inc flu hosp,0,2026-10-03,19,quantile,0.01,1
2026-10-03,wk inc flu hosp,0,2026-10-03,19,quantile,0.025,2
2026-10-03,wk inc flu hosp,0,2026-10-03,19,quantile,0.05,2
2026-10-03,wk inc flu hosp,0,2026-10-03,19,quantile,0.1,3
2026-10-03,wk inc flu hosp,0,2026-10-03,19,quantile,0.15,4
2026-10-03,wk inc flu hosp,0,2026-10-03,19,quantile,0.2,5
2026-10-03,wk inc flu hosp,0,2026-10-03,19,quantile,0.25,5
2026-10-03,wk inc flu hosp,0,2026-10-03,19,quantile,0.3,6
2026-10-03,wk inc flu hosp,0,2026-10-03,19,quantile,0.35,7
2026-10-03,wk inc flu hosp,0,2026-10-03,19,quantile,0.4,7
2026-10-03,wk inc flu hosp,0,2026-10-03,19,quantile,0.45,8
2026-10-03,wk inc flu hosp,0,2026-10-03,19,quantile,0.5,9
2026-10-03,wk inc flu hosp,0,2026-10-03,19,quantile,0.55,10
2026-10-03,wk inc flu hosp,0,2026-10-03,19,quantile,0.6,10
2026-10-03,wk inc flu hosp,0,2026-10-03,19,quantile,0.65,12
2026-10-03,wk inc flu hosp,0,2026-10-03,19,quantile,0.7,13
2026-10-03,wk inc flu hosp,0,2026-10-03,19,quantile,0.75,14
2026-10-03,wk inc flu hosp,0,2026-10-03,19,quantile,0.8,16
2026-10-03,wk inc flu hosp,0,2026-10-03,19,quantile,0.85,18
2026-10-03,wk inc flu hosp,0,2026-10-03,19,quantile,0.9,22
2026-10-03,wk inc flu hosp,0,2026-10-03,19,quantile,0.95,28
2026-10-03,wk inc flu hosp,0,2026-10-03,19,quantile,0.975,35
2026-10-03,wk inc flu hosp,0,2026-10-03,19,quantile,0.99,45
2026-10-03,wk inc flu hosp,1,2026-10-10,19,quantile,0.01,1
2026-10-03,wk inc flu hosp,1,2026-10-10,19,quantile,0.025,2
2026-10-03,wk inc flu hosp,1,2026-10-10,19,quantile,0.05,2
2026-10-03,wk inc flu hosp,1,2026-10-10,19,quantile,0.1,3
2026-10-03,wk inc flu hosp,1,2026-10-10,19,quantile,0.15,4
2026-10-03,wk inc flu hosp,1,2026-10-10,19,quantile,0.2,5
2026-10-03,wk inc flu hosp,1,2026-10-10,19,quantile,0.25,6
2026-10-03,wk inc flu hosp,1,2026-10-10,19,quantile,0.3,7
2026-10-03,wk inc flu hosp,1,2026-10-10,19,quantile,0.35,8
2026-10-03,wk inc flu hosp,1,2026-10-10,19,quantile,0.4,8
2026-10-03,wk inc flu hosp,1,2026-10-10,19,quantile,0.45,9
2026-10-03,wk inc flu hosp,1,2026-10-10,19,quantile,0.5,10
2026-10-03,wk inc flu hosp,1,2026-10-10,19,quantile,0.55,12
2026-10-03,wk inc flu hosp,1,2026-10-10,19,quantile,0.6,13
2026-10-03,wk inc flu hosp,1,2026-10-10,19,quantile,0.65,14
2026-10-03,wk inc flu hosp,1,2026-10-10,19,quantile,0.7,16
2026-10-03,wk inc flu hosp,1,2026-10-10,19,quantile,0.75,18
2026-10-03,wk inc flu hosp,1,2026-10-10,19,quantile,0.8,21
2026-10-03,wk inc flu hosp,1,2026-10-10,19,quantile,0.85,24
2026-10-03,wk inc flu hosp,1,2026-10-10,19,quantile,0.9,30
2026-10-03,wk inc flu hosp,1,2026-10-10,19,quantile,0.95,40
2026-10-03,wk inc flu hosp,1,2026-10-10,19,quantile,0.975,51
2026-10-03,wk inc flu hosp,1,2026-10-10,19,quantile,0.99,69
2026-10-03,wk inc flu hosp,2,2026-10-17,19,quantile,0.01,1
2026-10-03,wk inc flu hosp,2,2026-10-17,19,quantile,0.025,1
2026-10-03,wk inc flu hosp,2,2026-10-17,19,quantile,0.05,2
2026-10-03,wk inc flu hosp,2,2026-10-17,19,quantile,0.1,3
2026-10-03,wk inc flu hosp,2,2026-10-17,19,quantile,0.15,5
2026-10-03,wk inc flu hosp,2,2026-10-17,19,quantile,0.2,6
2026-10-03,wk inc flu hosp,2,2026-10-17,19,quantile,0.25,7
2026-10-03,wk inc flu hosp,2,2026-10-17,19,quantile,0.3,8
2026-10-03,wk inc flu hosp,2,2026-10-17,19,quantile,0.35,9
2026-10-03,wk inc flu hosp,2,2026-10-17,19,quantile,0.4,10
2026-10-03,wk inc flu hosp,2,2026-10-17,19,quantile,0.45,11
2026-10-03,wk inc flu hosp,2,2026-10-17,19,quantile,0.5,13
2026-10-03,wk inc flu hosp,2,2026-10-17,19,quantile,0.55,15
2026-10-03,wk inc flu hosp,2,2026-10-17,19,quantile,0.6,16
2026-10-03,wk inc flu hosp,2,2026-10-17,19,quantile,0.65,19
2026-10-03,wk inc flu hosp,2,2026-10-17,19,quantile,0.7,21
2026-10-03,wk inc flu hosp,2,2026-10-17,19,quantile,0.75,24
2026-10-03,wk inc flu hosp,2,2026-10-17,19,quantile,0.8,28
2026-10-03,wk inc flu hosp,2,2026-10-17,19,quantile,0.85,34
2026-10-03,wk inc flu hosp,2,2026-10-17,19,quantile,0.9,43
2026-10-03,wk inc flu hosp,2,2026-10-17,19,quantile,0.95,59
2026-10-03,wk inc flu hosp,2,2026-10-17,19,quantile,0.975,79
2026-10-03,wk inc flu hosp,2,2026-10-17,19,quantile,0.99,110
2026-10-03,wk inc flu hosp,3,2026-10-24,19,quantile,0.01,1
2026-10-03,wk inc flu hosp,3,2026-10-24,19,quantile,0.025,1
2026-10-03,wk inc flu hosp,3,2026-10-24,19,quantile,0.05,2
2026-10-03,wk inc flu hosp,3,2026-10-24,19,quantile,0.1,4
2026-10-03,wk inc flu hosp,3,2026-10-24,19,quantile,0.15,5
2026-10-03,wk inc flu hosp,3,2026-10-24,19,quantile,0.2,6
2026-10-03,wk inc flu hosp,3,2026-10-24,19,quantile,0.25,8
2026-10-03,wk inc flu hosp,3,2026-10-24,19,quantile,0.3,9
2026-10-03,wk inc flu hosp,3,2026-10-24,19,quantile,0.35,10
2026-10-03,wk inc flu hosp,3,2026-10-24,19,quantile,0.4,12
2026-10-03,wk inc flu hosp,3,2026-10-24,19,quantile,0.45,14
2026-10-03,wk inc flu hosp,3,2026-10-24,19,quantile,0.5,16
2026-10-03,wk inc flu hosp,3,2026-10-24,19,quantile,0.55,18
2026-10-03,wk inc flu hosp,3,2026-10-24,19,quantile,0.6,20
2026-10-03,wk inc flu hosp,3,2026-10-24,19,quantile,0.65,23
2026-10-03,wk inc flu hosp,3,2026-10-24,19,quantile,0.7,27
2026-10-03,wk inc flu hosp,3,2026-10-24,19,quantile,0.75,31
2026-10-03,wk inc flu hosp,3,2026-10-24,19,quantile,0.8,37
2026-10-03,wk inc flu hosp,3,2026-10-24,19,quantile,0.85,45
2026-10-03,wk inc flu hosp,3,2026-10-24,19,quantile,0.9,58
2026-10-03,wk inc flu hosp,3,2026-10-24,19,quantile,0.95,83
2026-10-03,wk inc flu hosp,3,2026-10-24,19,quantile,0.975,115
2026-10-03,wk inc flu hosp,3,2026-10-24,19,quantile,0.99,166
2026-10-03,wk inc flu hosp,0,2026-10-03,20,quantile,0.01,2
2026-10-03,wk inc flu hosp,0,2026-10-03,20,quantile,0.025,2
2026-10-03,wk inc flu hosp,0,2026-10-03,20,quantile,0.05,3
2026-10-03,wk inc flu hosp,0,2026-10-03,20,quantile,0.1,4
2026-10-03,wk inc flu hosp,0,2026-10-03,20,quantile,0.15,5
2026-10-03,wk inc flu hosp,0,2026-10-03,20,quantile,0.2,5
2026-10-03,wk inc flu hosp,0,2026-10-03,20,quantile,0.25,6
2026-10-03,wk inc flu hosp,0,2026-10-03,20,quantile,0.3,6
2026-10-03,wk inc flu hosp,0,2026-10-03,20,quantile,0.35,7
2026-10-03,wk inc flu hosp,0,2026-10-03,20,quantile,0.4,8
2026-10-03,wk inc flu hosp,0,2026-10-03,20,quantile,0.45,8
2026-10-03,wk inc flu hosp,0,2026-10-03,20,quantile,0.5,9
2026-10-03,wk inc flu hosp,0,2026-10-03,20,quantile,0.55,9
2026-10-03,wk inc flu hosp,0,2026-10-03,20,quantile,0.6,10
2026-10-03,wk inc flu hosp,0,2026-10-03,20,quantile,0.65,11
2026-10-03,wk inc flu hosp,0,2026-10-03,20,quantile,0.7,12
2026-10-03,wk inc flu hosp,0,2026-10-03,20,quantile,0.75,13
2026-10-03,wk inc flu hosp,0,2026-10-03,20,quantile,0.8,15
2026-10-03,wk inc flu hosp,0,2026-10-03,20,quantile,0.85,16
2026-10-03,wk inc flu hosp,0,2026-10-03,20,quantile,0.9,19
2026-10-03,wk inc flu hosp,0,2026-10-03,20,quantile,0.95,23
2026-10-03,wk inc flu hosp,0,2026-10-03,20,quantile,0.975,28
2026-10-03,wk inc flu hosp,0,2026-10-03,20,quantile,0.99,34
2026-10-03,wk inc flu hosp,1,2026-10-10,20,quantile,0.01,2
2026-10-03,wk inc flu hosp,1,2026-10-10,20,quantile,0.025,2
2026-10-03,wk inc flu hosp,1,2026-10-10,20,quantile,0.05,3
2026-10-03,wk inc flu hosp,1,2026-10-10,20,quantile,0.1,4
2026-10-03,wk inc flu hosp,1,2026-10-10,20,quantile,0.15,5
2026-10-03,wk inc flu hosp,1,2026-10-10,20,quantile,0.2,6
2026-10-03,wk inc flu hosp,1,2026-10-10,20,quantile,0.25,7
2026-10-03,wk inc flu hosp,1,2026-10-10,20,quantile,0.3,7
2026-10-03,wk inc flu hosp,1,2026-10-10,20,quantile,0.35,8
2026-10-03,wk inc flu hosp,1,2026-10-10,20,quantile,0.4,9
2026-10-03,wk inc flu hosp,1,2026-10-10,20,quantile,0.45,10
2026-10-03,wk inc flu hosp,1,2026-10-10,20,quantile,0.5,11
2026-10-03,wk inc flu hosp,1,2026-10-10,20,quantile,0.55,12
2026-10-03,wk inc flu hosp,1,2026-10-10,20,quantile,0.6,13
2026-10-03,wk inc flu hosp,1,2026-10-10,20,quantile,0.65,14
2026-10-03,wk inc flu hosp,1,2026-10-10,20,quantile,0.7,15
2026-10-03,wk inc flu hosp,1,2026-10-10,20,quantile,0.75,17
2026-10-03,wk inc flu hosp,1,2026-10-10,20,quantile,0.8,19
2026-10-03,wk inc flu hosp,1,2026-10-10,20,quantile,0.85,22
2026-10-03,wk inc flu hosp,1,2026-10-10,20,quantile,0.9,26
2026-10-03,wk inc flu hosp,1,2026-10-10,20,quantile,0.95,33
2026-10-03,wk inc flu hosp,1,2026-10-10,20,quantile,0.975,40
2026-10-03,wk inc flu hosp,1,2026-10-10,20,quantile,0.99,52
2026-10-03,wk inc flu hosp,2,2026-10-17,20,quantile,0.01,2
2026-10-03,wk inc flu hosp,2,2026-10-17,20,quantile,0.025,2
2026-10-03,wk inc flu hosp,2,2026-10-17,20,quantile,0.05,3
2026-10-03,wk inc flu hosp,2,2026-10-17,20,quantile,0.1,4
2026-10-03,wk inc flu hosp,2,2026-10-17,20,quantile,0.15,5
2026-10-03,wk inc flu hosp,2,2026-10-17,20,quantile,0.2,6
2026-10-03,wk inc flu hosp,2,2026-10-17,20,quantile,0.25,7
2026-10-03,wk inc flu hosp,2,2026-10-17,20,quantile,0.3,8
2026-10-03,wk inc flu hosp,2,2026-10-17,20,quantile,0.35,9
2026-10-03,wk inc flu hosp,2,2026-10-17,20,quantile,0.4,11
2026-10-03,wk inc flu hosp,2,2026-10-17,20,quantile,0.45,12
2026-10-03,wk inc flu hosp,2,2026-10-17,20,quantile,0.5,13
2026-10-03,wk inc flu hosp,2,2026-10-17,20,quantile,0.55,15
2026-10-03,wk inc flu hosp,2,2026-10-17,20,quantile,0.6,16
2026-10-03,wk inc flu hosp,2,2026-10-17,20,quantile,0.65,18
2026-10-03,wk inc flu hosp,2,2026-10-17,20,quantile,0.7,20
2026-10-03,wk inc flu hosp,2,2026-10-17,20,quantile,0.75,22
2026-10-03,wk inc flu hosp,2,2026-10-17,20,quantile,0.8,26
2026-10-03,wk inc flu hosp,2,2026-10-17,20,quantile,0.85,30
2026-10-03,wk inc flu hosp,2,2026-10-17,20,quantile,0.9,36
2026-10-03,wk inc flu hosp,2,2026-10-17,20,quantile,0.95,48
2026-10-03,wk inc flu hosp,2,2026-10-17,20,quantile,0.975,61
2026-10-03,wk inc flu hosp,2,2026-10-17,20,quantile,0.99,81
2026-10-03,wk inc flu hosp,3,2026-10-24,20,quantile,0.01,1
2026-10-03,wk inc flu hosp,3,2026-10-24,20,quantile,0.025,2
2026-10-03,wk inc flu hosp,3,2026-10-24,20,quantile,0.05,3
2026-10-03,wk inc flu hosp,3,2026-10-24,20,quantile,0.1,5
2026-10-03,wk inc flu hosp,3,2026-10-24,20,quantile,0.15,6
2026-10-03,wk inc flu hosp,3,2026-10-24,20,quantile,0.2,7
2026-10-03,wk inc flu hosp,3,2026-10-24,20,quantile,0.25,9
2026-10-03,wk inc flu hosp,3,2026-10-24,20,quantile,0.3,10
2026-10-03,wk inc flu hosp,3,2026-10-24,20,quantile,0.35,11
2026-10-03,wk inc flu hosp,3,2026-10-24,20,quantile,0.4,13
2026-10-03,wk inc flu hosp,3,2026-10-24,20,quantile,0.45,14
2026-10-03,wk inc flu hosp,3,2026-10-24,20,quantile,0.5,16
2026-10-03,wk inc flu hosp,3,2026-10-24,20,quantile,0.55,18
2026-10-03,wk inc flu hosp,3,2026-10-24,20,quantile,0.6,20
2026-10-03,wk inc flu hosp,3,2026-10-24,20,quantile,0.65,23
2026-10-03,wk inc flu hosp,3,2026-10-24,20,quantile,0.7,26
2026-10-03,wk inc flu hosp,3,2026-10-24,20,quantile,0.75,29
2026-10-03,wk inc flu hosp,3,2026-10-24,20,quantile,0.8,34
2026-10-03,wk inc flu hosp,3,2026-10-24,20,quantile,0.85,40
2026-10-03,wk inc flu hosp,3,2026-10-24,20,quantile,0.9,50
2026-10-03,wk inc flu hosp,3,2026-10-24,20,quantile,0.95,68
2026-10-03,wk inc flu hosp,3,2026-10-24,20,quantile,0.975,89
2026-10-03,wk inc flu hosp,3,2026-10-24,20,quantile,0.99,123
2026-10-03,wk inc flu hosp,0,2026-10-03,21,quantile,0.01,5
2026-10-03,wk inc flu hosp,0,2026-10-03,21,quantile,0.025,6
2026-10-03,wk inc flu hosp,0,2026-10-03,21,quantile,0.05,7
2026-10-03,wk inc flu hosp,0,2026-10-03,21,quantile,0.1,9
2026-10-03,wk inc flu hosp,0,2026-10-03,21,quantile,0.15,10
2026-10-03,wk inc flu hosp,0,2026-10-03,21,quantile,0.2,12
2026-10-03,wk inc flu hosp,0,2026-10-03,21,quantile,0.25,13
2026-10-03,wk inc flu hosp,0,2026-10-03,21,quantile,0.3,14
2026-10-03,wk inc flu hosp,0,2026-10-03,21,quantile,0.35,16
2026-10-03,wk inc flu hosp,0,2026-10-03,21,quantile,0.4,17
2026-10-03,wk inc flu hosp,0,2026-10-03,21,quantile,0.45,18
2026-10-03,wk inc flu hosp,0,2026-10-03,21,quantile,0.5,20
2026-10-03,wk inc flu hosp,0,2026-10-03,21,quantile,0.55,21
2026-10-03,wk inc flu hosp,0,2026-10-03,21,quantile,0.6,23
2026-10-03,wk inc flu hosp,0,2026-10-03,21,quantile,0.65,25
2026-10-03,wk inc flu hosp,0,2026-10-03,21,quantile,0.7,27
2026-10-03,wk inc flu hosp,0,2026-10-03,21,quantile,0.75,30
2026-10-03,wk inc flu hosp,0,2026-10-03,21,quantile,0.8,33
2026-10-03,wk inc flu hosp,0,2026-10-03,21,quantile,0.85,37
2026-10-03,wk inc flu hosp,0,2026-10-03,21,quantile,0.9,43
2026-10-03,wk inc flu hosp,0,2026-10-03,21,quantile,0.95,53
2026-10-03,wk inc flu hosp,0,2026-10-03,21,quantile,0.975,64
2026-10-03,wk inc flu hosp,0,2026-10-03,21,quantile,0.99,79
2026-10-03,wk inc flu hosp,1,2026-10-10,21,quantile,0.01,4
2026-10-03,wk inc flu hosp,1,2026-10-10,21,quantile,0.025,6
2026-10-03,wk inc flu hosp,1,2026-10-10,21,quantile,0.05,7
2026-10-03,wk inc flu hosp,1,2026-10-10,21,quantile,0.1,9
2026-10-03,wk inc flu hosp,1,2026-10-10,21,quantile,0.15,11
2026-10-03,wk inc flu hosp,1,2026-10-10,21,quantile,0.2,13
2026-10-03,wk inc flu hosp,1,2026-10-10,21,quantile,0.25,14
2026-10-03,wk inc flu hosp,1,2026-10-10,21,quantile,0.3,16
2026-10-03,wk inc flu hosp,1,2026-10-10,21,quantile,0.35,18
2026-10-03,wk inc flu hosp,1,2026-10-10,21,quantile,0.4,19
2026-10-03,wk inc flu hosp,1,2026-10-10,21,quantile,0.45,21
2026-10-03,wk inc flu hosp,1,2026-10-10,21,quantile,0.5,23
2026-10-03,wk inc flu hosp,1,2026-10-10,21,quantile,0.55,25
2026-10-03,wk inc flu hosp,1,2026-10-10,21,quantile,0.6,28
2026-10-03,wk inc flu hosp,1,2026-10-10,21,quantile,0.65,30
2026-10-03,wk inc flu hosp,1,2026-10-10,21,quantile,0.7,33
2026-10-03,wk inc flu hosp,1,2026-10-10,21,quantile,0.75,37
2026-10-03,wk inc flu hosp,1,2026-10-10,21,quantile,0.8,41
2026-10-03,wk inc flu hosp,1,2026-10-10,21,quantile,0.85,47
2026-10-03,wk inc flu hosp,1,2026-10-10,21,quantile,0.9,56
2026-10-03,wk inc flu hosp,1,2026-10-10,21,quantile,0.95,71
2026-10-03,wk inc flu hosp,1,2026-10-10,21,quantile,0.975,88
2026-10-03,wk inc flu hosp,1,2026-10-10,21,quantile,0.99,113
2026-10-03,wk inc flu hosp,2,2026-10-17,21,quantile,0.01,4
2026-10-03,wk inc flu hosp,2,2026-10-17,21,quantile,0.025,5
2026-10-03,wk inc flu hosp,2,2026-10-17,21,quantile,0.05,7
2026-10-03,wk inc flu hosp,2,2026-10-17,21,quantile,0.1,9
2026-10-03,wk inc flu hosp,2,2026-10-17,21,quantile,0.15,12
2026-10-03,wk inc flu hosp,2,2026-10-17,21,quantile,0.2,13
2026-10-03,wk inc flu hosp,2,2026-10-17,21,quantile,0.25,15
2026-10-03,wk inc flu hosp,2,2026-10-17,21,quantile,0.3,17
2026-10-03,wk inc flu hosp,2,2026-10-17,21,quantile,0.35,20
2026-10-03,wk inc flu hosp,2,2026-10-17,21,quantile,0.4,22
2026-10-03,wk inc flu hosp,2,2026-10-17,21,quantile,0.45,24
2026-10-03,wk inc flu hosp,2,2026-10-17,21,quantile,0.5,27
2026-10-03,wk inc flu hosp,2,2026-10-17,21,quantile,0.55,29
2026-10-03,wk inc flu hosp,2,2026-10-17,21,quantile,0.6,33
2026-10-03,wk inc flu hosp,2,2026-10-17,21,quantile,0.65,36
2026-10-03,wk inc flu hosp,2,2026-10-17,21,quantile,0.7,41
2026-10-03,wk inc flu hosp,2,2026-10-17,21,quantile,0.75,46
2026-10-03,wk inc flu hosp,2,2026-10-17,21,quantile,0.8,52
2026-10-03,wk inc flu hosp,2,2026-10-17,21,quantile,0.85,61
2026-10-03,wk inc flu hosp,2,2026-10-17,21,quantile,0.9,74
2026-10-03,wk inc flu hosp,2,2026-10-17,21,quantile,0.95,99
2026-10-03,wk inc flu hosp,2,2026-10-17,21,quantile,0.975,127
2026-10-03,wk inc flu hosp,2,2026-10-17,21,quantile,0.99,169
2026-10-03,wk inc flu hosp,3,2026-10-24,21,quantile,0.01,3
2026-10-03,wk inc flu hosp,3,2026-10-24,21,quantile,0.025,5
2026-10-03,wk inc flu hosp,3,2026-10-24,21,quantile,0.05,7
2026-10-03,wk inc flu hosp,3,2026-10-24,21,quantile,0.1,10
2026-10-03,wk inc flu hosp,3,2026-10-24,21,quantile,0.15,12
2026-10-03,wk inc flu hosp,3,2026-10-24,21,quantile,0.2,15
2026-10-03,wk inc flu hosp,3,2026-10-24,21,quantile,0.25,17
2026-10-03,wk inc flu hosp,3,2026-10-24,21,quantile,0.3,19
2026-10-03,wk inc flu hosp,3,2026-10-24,21,quantile,0.35,22
2026-10-03,wk inc flu hosp,3,2026-10-24,21,quantile,0.4,25
2026-10-03,wk inc flu hosp,3,2026-10-24,21,quantile,0.45,28
2026-10-03,wk inc flu hosp,3,2026-10-24,21,quantile,0.5,31
2026-10-03,wk inc flu hosp,3,2026-10-24,21,quantile,0.55,35
2026-10-03,wk inc flu hosp,3,2026-10-24,21,quantile,0.6,39
2026-10-03,wk inc flu hosp,3,2026-10-24,21,quantile,0.65,44
2026-10-03,wk inc flu hosp,3,2026-10-24,21,quantile,0.7,50
2026-10-03,wk inc flu hosp,3,2026-10-24,21,quantile,0.75,57
2026-10-03,wk inc flu hosp,3,2026-10-24,21,quantile,0.8,66
2026-10-03,wk inc flu hosp,3,2026-10-24,21,quantile,0.85,78
2026-10-03,wk inc flu hosp,3,2026-10-24,21,quantile,0.9,97
2026-10-03,wk inc flu hosp,3,2026-10-24,21,quantile,0.95,134
2026-10-03,wk inc flu hosp,3,2026-10-24,21,quantile,0.975,178
2026-10-03,wk inc flu hosp,3,2026-10-24,21,quantile,0.99,247
2026-10-03,wk inc flu hosp,0,2026-10-03,22,quantile,0.01,21
2026-10-03,wk inc flu hosp,0,2026-10-03,22,quantile,0.025,24
2026-10-03,wk inc flu hosp,0,2026-10-03,22,quantile,0.05,28
2026-10-03,wk inc flu hosp,0,2026-10-03,22,quantile,0.1,33
2026-10-03,wk inc flu hosp,0,2026-10-03,22,quantile,0.15,36
2026-10-03,wk inc flu hosp,0,2026-10-03,22,quantile,0.2,40
2026-10-03,wk inc flu hosp,0,2026-10-03,22,quantile,0.25,43
2026-10-03,wk inc flu hosp,0,2026-10-03,22,quantile,0.3,46
2026-10-03,wk inc flu hosp,0,2026-10-03,22,quantile,0.35,48
2026-10-03,wk inc flu hosp,0,2026-10-03,22,quantile,0.4,51
2026-10-03,wk inc flu hosp,0,2026-10-03,22,quantile,0.45,54
2026-10-03,wk inc flu hosp,0,2026-10-03,22,quantile,0.5,57
2026-10-03,wk inc flu hosp,0,2026-10-03,22,quantile,0.55,60
2026-10-03,wk inc flu hosp,0,2026-10-03,22,quantile,0.6,64
2026-10-03,wk inc flu hosp,0,2026-10-03,22,quantile,0.65,68
2026-10-03,wk inc flu hosp,0,2026-10-03,22,quantile,0.7,72
2026-10-03,wk inc flu hosp,0,2026-10-03,22,quantile,0.75,77
2026-10-03,wk inc flu hosp,0,2026-10-03,22,quantile,0.8,82
2026-10-03,wk inc flu hosp,0,2026-10-03,22,quantile,0.85,90
2026-10-03,wk inc flu hosp,0,2026-10-03,22,quantile,0.9,99
2026-10-03,wk inc flu hosp,0,2026-10-03,22,quantile,0.95,116
2026-10-03,wk inc flu hosp,0,2026-10-03,22,quantile,0.975,133
2026-10-03,wk inc flu hosp,0,2026-10-03,22,quantile,0.99,156
2026-10-03,wk inc flu hosp,1,2026-10-10,22,quantile,0.01,19
2026-10-03,wk inc flu hosp,1,2026-10-10,22,quantile,0.025,23
2026-10-03,wk inc flu hosp,1,2026-10-10,22,quantile,0.05,27
2026-10-03,wk inc flu hosp,1,2026-10-10,22,quantile,0.1,33
2026-10-03,wk inc flu hosp,1,2026-10-10,22,quantile,0.15,38
2026-10-03,wk inc flu hosp,1,2026-10-10,22,quantile,0.2,42
2026-10-03,wk inc flu hosp,1,2026-10-10,22,quantile,0.25,46
2026-10-03,wk inc flu hosp,1,2026-10-10,22,quantile,0.3,49
2026-10-03,wk inc flu hosp,1,2026-10-10,22,quantile,0.35,53
2026-10-03,wk inc flu hosp,1,2026-10-10,22,quantile,0.4,57
2026-10-03,wk inc flu hosp,1,2026-10-10,22,quantile,0.45,61
2026-10-03,wk inc flu hosp,1,2026-10-10,22,quantile,0.5,65
2026-10-03,wk inc flu hosp,1,2026-10-10,22,quantile,0.55,70
2026-10-03,wk inc flu hosp,1,2026-10-10,22,quantile,0.6,74
2026-10-03,wk inc flu hosp,1,2026-10-10,22,quantile,0.65,79
2026-10-03,wk inc flu hosp,1,2026-10-10,22,quantile,0.7,86
2026-10-03,wk inc flu hosp,1,2026-10-10,22,quantile,0.75,93
2026-10-03,wk inc flu hosp,1,2026-10-10,22,quantile,0.8,101
2026-10-03,wk inc flu hosp,1,2026-10-10,22,quantile,0.85,112
2026-10-03,wk inc flu hosp,1,2026-10-10,22,quantile,0.9,127
2026-10-03,wk inc flu hosp,1,2026-10-10,22,quantile,0.95,153
2026-10-03,wk inc flu hosp,1,2026-10-10,22,quantile,0.975,180
2026-10-03,wk inc flu hosp,1,2026-10-10,22,quantile,0.99,218
2026-10-03,wk inc flu hosp,2,2026-10-17,22,quantile,0.01,17
2026-10-03,wk inc flu hosp,2,2026-10-17,22,quantile,0.025,22
2026-10-03,wk inc flu hosp,2,2026-10-17,22,quantile,0.05,27
2026-10-03,wk inc flu hosp,2,2026-10-17,22,quantile,0.1,33
2026-10-03,wk inc flu hosp,2,2026-10-17,22,quantile,0.15,39
2026-10-03,wk inc flu hosp,2,2026-10-17,22,quantile,0.2,44
2026-10-03,wk inc flu hosp,2,2026-10-17,22,quantile,0.25,49
2026-10-03,wk inc flu hosp,2,2026-10-17,22,quantile,0.3,54
2026-10-03,wk inc flu hosp,2,2026-10-17,22,quantile,0.35,59
2026-10-03,wk inc flu hosp,2,2026-10-17,22,quantile,0.4,64
2026-10-03,wk inc flu hosp,2,2026-10-17,22,quantile,0.45,69
2026-10-03,wk inc flu hosp,2,2026-10-17,22,quantile,0.5,75
2026-10-03,wk inc flu hosp,2,2026-10-17,22,quantile,0.55,82
2026-10-03,wk inc flu hosp,2,2026-10-17,22,quantile,0.6,88
2026-10-03,wk inc flu hosp,2,2026-10-17,22,quantile,0.65,96
2026-10-03,wk inc flu hosp,2,2026-10-17,22,quantile,0.7,105
2026-10-03,wk inc flu hosp,2,2026-10-17,22,quantile,0.75,115
2026-10-03,wk inc flu hosp,2,2026-10-17,22,quantile,0.8,128
2026-10-03,wk inc flu hosp,2,2026-10-17,22,quantile,0.85,144
2026-10-03,wk inc flu hosp,2,2026-10-17,22,quantile,0.9,168
2026-10-03,wk inc flu hosp,2,2026-10-17,22,quantile,0.95,210
2026-10-03,wk inc flu hosp,2,2026-10-17,22,quantile,0.975,256
2026-10-03,wk inc flu hosp,2,2026-10-17,22,quantile,0.99,324
2026-10-03,wk inc flu hosp,3,2026-10-24,22,quantile,0.01,16
2026-10-03,wk inc flu hosp,3,2026-10-24,22,quantile,0.025,21
2026-10-03,wk inc flu hosp,3,2026-10-24,22,quantile,0.05,26
2026-10-03,wk inc flu hosp,3,2026-10-24,22,quantile,0.1,34
2026-10-03,wk inc flu hosp,3,2026-10-24,22,quantile,0.15,41
2026-10-03,wk inc flu hosp,3,2026-10-24,22,quantile,0.2,47
2026-10-03,wk inc flu hosp,3,2026-10-24,22,quantile,0.25,53
2026-10-03,wk inc flu hosp,3,2026-10-24,22,quantile,0.3,59
2026-10-03,wk inc flu hosp,3,2026-10-24,22,quantile,0.35,66
2026-10-03,wk inc flu hosp,3,2026-10-24,22,quantile,0.4,72
2026-10-03,wk inc flu hosp,3,2026-10-24,22,quantile,0.45,80
2026-10-03,wk inc flu hosp,3,2026-10-24,22,quantile,0.5,87
2026-10-03,wk inc flu hosp,3,2026-10-24,22,quantile,0.55,96
2026-10-03,wk inc flu hosp,3,2026-10-24,22,quantile,0.6,105
2026-10-03,wk inc flu hosp,3,2026-10-24,22,quantile,0.65,116
2026-10-03,wk inc flu hosp,3,2026-10-24,22,quantile,0.7,129
2026-10-03,wk inc flu hosp,3,2026-10-24,22,quantile,0.75,144
2026-10-03,wk inc flu hosp,3,2026-10-24,22,quantile,0.8,162
2026-10-03,wk inc flu hosp,3,2026-10-24,22,quantile,0.85,187
2026-10-03,wk inc flu hosp,3,2026-10-24,22,quantile,0.9,223
2026-10-03,wk inc flu hosp,3,2026-10-24,22,quantile,0.95,292
2026-10-03,wk inc flu hosp,3,2026-10-24,22,quantile,0.975,367
2026-10-03,wk inc flu hosp,3,2026-10-24,22,quantile,0.99,483
2026-10-03,wk inc flu hosp,0,2026-10-03,23,quantile,0.01,1
2026-10-03,wk inc flu hosp,0,2026-10-03,23,quantile,0.025,1
2026-10-03,wk inc flu hosp,0,2026-10-03,23,quantile,0.05,2
2026-10-03,wk inc flu hosp,0,2026-10-03,23,quantile,0.1,2
2026-10-03,wk inc flu hosp,0,2026-10-03,23,quantile,0.15,3
2026-10-03,wk inc flu hosp,0,2026-10-03,23,quantile,0.2,3
2026-10-03,wk inc flu hosp,0,2026-10-03,23,quantile,0.25,4
2026-10-03,wk inc flu hosp,0,2026-10-03,23,quantile,0.3,4
2026-10-03,wk inc flu hosp,0,2026-10-03,23,quantile,0.35,5
2026-10-03,wk inc flu hosp,0,2026-10-03,23,quantile,0.4,5
2026-10-03,wk inc flu hosp,0,2026-10-03,23,quantile,0.45,6
2026-10-03,wk inc flu hosp,0,2026-10-03,23,quantile,0.5,6
2026-10-03,wk inc flu hosp,0,2026-10-03,23,quantile,0.55,7
2026-10-03,wk inc flu hosp,0,2026-10-03,23,quantile,0.6,7
2026-10-03,wk inc flu hosp,0,2026-10-03,23,quantile,0.65,8
2026-10-03,wk inc flu hosp,0,2026-10-03,23,quantile,0.7,9
2026-10-03,wk inc flu hosp,0,2026-10-03,23,quantile,0.75,10
2026-10-03,wk inc flu hosp,0,2026-10-03,23,quantile,0.8,11
2026-10-03,wk inc flu hosp,0,2026-10-03,23,quantile,0.85,12
2026-10-03,wk inc flu hosp,0,2026-10-03,23,quantile,0.9,15
2026-10-03,wk inc flu hosp,0,2026-10-03,23,quantile,0.95,19
2026-10-03,wk inc flu hosp,0,2026-10-03,23,quantile,0.975,23
2026-10-03,wk inc flu hosp,0,2026-10-03,23,quantile,0.99,29
2026-10-03,wk inc flu hosp,1,2026-10-10,23,quantile,0.01,1
2026-10-03,wk inc flu hosp,1,2026-10-10,23,quantile,0.025,1
2026-10-03,wk inc flu hosp,1,2026-10-10,23,quantile,0.05,2
2026-10-03,wk inc flu hosp,1,2026-10-10,23,quantile,0.1,2
2026-10-03,wk inc flu hosp,1,2026-10-10,23,quantile,0.15,3
2026-10-03,wk inc flu hosp,1,2026-10-10,23,quantile,0.2,4
2026-10-03,wk inc flu hosp,1,2026-10-10,23,quantile,0.25,4
2026-10-03,wk inc flu hosp,1,2026-10-10,23,quantile,0.3,5
2026-10-03,wk inc flu hosp,1,2026-10-10,23,quantile,0.35,5
2026-10-03,wk inc flu hosp,1,2026-10-10,23,quantile,0.4,6
2026-10-03,wk inc flu hosp,1,2026-10-10,23,quantile,0.45,7
2026-10-03,wk inc flu hosp,1,2026-10-10,23,quantile,0.5,7
2026-10-03,wk inc flu hosp,1,2026-10-10,23,quantile,0.55,8
2026-10-03,wk inc flu hosp,1,2026-10-10,23,quantile,0.6,9
2026-10-03,wk inc flu hosp,1,2026-10-10,23,quantile,0.65,10
2026-10-03,wk inc flu hosp,1,2026-10-10,23,quantile,0.7,11
2026-10-03,wk inc flu hosp,1,2026-10-10,23,quantile,0.75,12
2026-10-03,wk inc flu hosp,1,2026-10-10,23,quantile,0.8,14
2026-10-03,wk inc flu hosp,1,2026-10-10,23,quantile,0.85,16
2026-10-03,wk inc flu hosp,1,2026-10-10,23,quantile,0.9,20
2026-10-03,wk inc flu hosp,1,2026-10-10,23,quantile,0.95,26
2026-10-03,wk inc flu hosp,1,2026-10-10,23,quantile,0.975,33
2026-10-03,wk inc flu hosp,1,2026-10-10,23,quantile,0.99,43
2026-10-03,wk inc flu hosp,2,2026-10-17,23,quantile,0.01,1
2026-10-03,wk inc flu hosp,2,2026-10-17,23,quantile,0.025,1
2026-10-03,wk inc flu hosp,2,2026-10-17,23,quantile,0.05,2
2026-10-03,wk inc flu hosp,2,2026-10-17,23,quantile,0.1,2
2026-10-03,wk inc flu hosp,2,2026-10-17,23,quantile,0.15,3
2026-10-03,wk inc flu hosp,2,2026-10-17,23,quantile,0.2,4
2026-10-03,wk inc flu hosp,2,2026-10-17,23,quantile,0.25,5
2026-10-03,wk inc flu hosp,2,2026-10-17,23,quantile,0.3,5
2026-10-03,wk inc flu hosp,2,2026-10-17,23,quantile,0.35,6
2026-10-03,wk inc flu hosp,2,2026-10-17,23,quantile,0.4,7
2026-10-03,wk inc flu hosp,2,2026-10-17,23,quantile,0.45,8
2026-10-03,wk inc flu hosp,2,2026-10-17,23,quantile,0.5,9
2026-10-03,wk inc flu hosp,2,2026-10-17,23,quantile,0.55,10
2026-10-03,wk inc flu hosp,2,2026-10-17,23,quantile,0.6,11
2026-10-03,wk inc flu hosp,2,2026-10-17,23,quantile,0.65,12
2026-10-03,wk inc flu hosp,2,2026-10-17,23,quantile,0.7,14
2026-10-03,wk inc flu hosp,2,2026-10-17,23,quantile,0.75,16
2026-10-03,wk inc flu hosp,2,2026-10-17,23,quantile,0.8,18
2026-10-03,wk inc flu hosp,2,2026-10-17,23,quantile,0.85,22
2026-10-03,wk inc flu hosp,2,2026-10-17,23,quantile,0.9,27
2026-10-03,wk inc flu hosp,2,2026-10-17,23,quantile,0.95,37
2026-10-03,wk inc flu hosp,2,2026-10-17,23,quantile,0.975,48
2026-10-03,wk inc flu hosp,2,2026-10-17,23,quantile,0.99,65
2026-10-03,wk inc flu hosp,3,2026-10-24,23,quantile,0.01,0
2026-10-03,wk inc flu hosp,3,2026-10-24,23,quantile,0.025,1
2026-10-03,wk inc flu hosp,3,2026-10-24,23,quantile,0.05,2
2026-10-03,wk inc flu hosp,3,2026-10-24,23,quantile,0.1,3
2026-10-03,wk inc flu hosp,3,2026-10-24,23,quantile,0.15,4
2026-10-03,wk inc flu hosp,3,2026-10-24,23,quantile,0.2,5
2026-10-03,wk inc flu hosp,3,2026-10-24,23,quantile,0.25,5
2026-10-03,wk inc flu hosp,3,2026-10-24,23,quantile,0.3,6
2026-10-03,wk inc flu hosp,3,2026-10-24,23,quantile,0.35,7
2026-10-03,wk inc flu hosp,3,2026-10-24,23,quantile,0.4,8
2026-10-03,wk inc flu hosp,3,2026-10-24,23,quantile,0.45,9
2026-10-03,wk inc flu hosp,3,2026-10-24,23,quantile,0.5,11
2026-10-03,wk inc flu hosp,3,2026-10-24,23,quantile,0.55,12
2026-10-03,wk inc flu hosp,3,2026-10-24,23,quantile,0.6,14
2026-10-03,wk inc flu hosp,3,2026-10-24,23,quantile,0.65,16
2026-10-03,wk inc flu hosp,3,2026-10-24,23,quantile,0.7,18
2026-10-03,wk inc flu hosp,3,2026-10-24,23,quantile,0.75,21
2026-10-03,wk inc flu hosp,3,2026-10-24,23,quantile,0.8,25
2026-10-03,wk inc flu hosp,3,2026-10-24,23,quantile,0.85,29
2026-10-03,wk inc flu hosp,3,2026-10-24,23,quantile,0.9,37
2026-10-03,wk inc flu hosp,3,2026-10-24,23,quantile,0.95,52
2026-10-03,wk inc flu hosp,3,2026-10-24,23,quantile,0.975,69
2026-10-03,wk inc flu hosp,3,2026-10-24,23,quantile,0.99,97
2026-10-03,wk inc flu hosp,0,2026-10-03,24,quantile,0.01,6
2026-10-03,wk inc flu hosp,0,2026-10-03,24,quantile,0.025,7
2026-10-03,wk inc flu hosp,0,2026-10-03,24,quantile,0.05,9
2026-10-03,wk inc flu hosp,0,2026-10-03,24,quantile,0.1,11
2026-10-03,wk inc flu hosp,0,2026-10-03,24,quantile,0.15,13
2026-10-03,wk inc flu hosp,0,2026-10-03,24,quantile,0.2,14
2026-10-03,wk inc flu hosp,0,2026-10-03,24,quantile,0.25,16
2026-10-03,wk inc flu hosp,0,2026-10-03,24,quantile,0.3,17
2026-10-03,wk inc flu hosp,0,2026-10-03,24,quantile,0.35,19
2026-10-03,wk inc flu hosp,0,2026-10-03,24,quantile,0.4,20
2026-10-03,wk inc flu hosp,0,2026-10-03,24,quantile,0.45,22
2026-10-03,wk inc flu hosp,0,2026-10-03,24,quantile,0.5,24
2026-10-03,wk inc flu hosp,0,2026-10-03,24,quantile,0.55,25
2026-10-03,wk inc flu hosp,0,2026-10-03,24,quantile,0.6,27
2026-10-03,wk inc flu hosp,0,2026-10-03,24,quantile,0.65,30
2026-10-03,wk inc flu hosp,0,2026-10-03,24,quantile,0.7,32
2026-10-03,wk inc flu hosp,0,2026-10-03,24,quantile,0.75,35
2026-10-03,wk inc flu hosp,0,2026-10-03,24,quantile,0.8,39
2026-10-03,wk inc flu hosp,0,2026-10-03,24,quantile,0.85,44
2026-10-03,wk inc flu hosp,0,2026-10-03,24,quantile,0.9,50
2026-10-03,wk inc flu hosp,0,2026-10-03,24,quantile,0.95,62
2026-10-03,wk inc flu hosp,0,2026-10-03,24,quantile,0.975,75
2026-10-03,wk inc flu hosp,0,2026-10-03,24,quantile,0.99,94
2026-10-03,wk inc flu hosp,1,2026-10-10,24,quantile,0.01,5
2026-10-03,wk inc flu hosp,1,2026-10-10,24,quantile,0.025,7
2026-10-03,wk inc flu hosp,1,2026-10-10,24,quantile,0.05,8
2026-10-03,wk inc flu hosp,1,2026-10-10,24,quantile,0.1,11
2026-10-03,wk inc flu hosp,1,2026-10-10,24,quantile,0.15,13
2026-10-03,wk inc flu hosp,1,2026-10-10,24,quantile,0.2,15
2026-10-03,wk inc flu hosp,1,2026-10-10,24,quantile,0.25,17
2026-10-03,wk inc flu hosp,1,2026-10-10,24,quantile,0.3,19
2026-10-03,wk inc flu hosp,1,2026-10-10,24,quantile,0.35,21
2026-10-03,wk inc flu hosp,1,2026-10-10,24,quantile,0.4,23
2026-10-03,wk inc flu hosp,1,2026-10-10,24,quantile,0.45,25
2026-10-03,wk inc flu hosp,1,2026-10-10,24,quantile,0.5,27
2026-10-03,wk inc flu hosp,1,2026-10-10,24,quantile,0.55,30
2026-10-03,wk inc flu hosp,1,2026-10-10,24,quantile,0.6,32
2026-10-03,wk inc flu hosp,1,2026-10-10,24,quantile,0.65,35
2026-10-03,wk inc flu hosp,1,2026-10-10,24,quantile,0.7,39
2026-10-03,wk inc flu hosp,1,2026-10-10,24,quantile,0.75,43
2026-10-03,wk inc flu hosp,1,2026-10-10,24,quantile,0.8,49
2026-10-03,wk inc flu hosp,1,2026-10-10,24,quantile,0.85,56
2026-10-03,wk inc flu hosp,1,2026-10-10,24,quantile,0.9,66
2026-10-03,wk inc flu hosp,1,2026-10-10,24,quantile,0.95,85
2026-10-03,wk inc flu hosp,1,2026-10-10,24,quantile,0.975,105
2026-10-03,wk inc flu hosp,1,2026-10-10,24,quantile,0.99,136
2026-10-03,wk inc flu hosp,2,2026-10-17,24,quantile,0.01,4
2026-10-03,wk inc flu hosp,2,2026-10-17,24,quantile,0.025,6
2026-10-03,wk inc flu hosp,2,2026-10-17,24,quantile,0.05,8
2026-10-03,wk inc flu hosp,2,2026-10-17,24,quantile,0.1,11
2026-10-03,wk inc flu hosp,2,2026-10-17,24,quantile,0.15,14
2026-10-03,wk inc flu hosp,2,2026-10-17,24,quantile,0.2,16
2026-10-03,wk inc flu hosp,2,2026-10-17,24,quantile,0.25,18
2026-10-03,wk inc flu hosp,2,2026-10-17,24,quantile,0.3,21
2026-10-03,wk inc flu hosp,2,2026-10-17,24,quantile,0.35,23
2026-10-03,wk inc flu hosp,2,2026-10-17,24,quantile,0.4,26
2026-10-03,wk inc flu hosp,2,2026-10-17,24,quantile,0.45,28
2026-10-03,wk inc flu hosp,2,2026-10-17,24,quantile,0.5,31
2026-10-03,wk inc flu hosp,2,2026-10-17,24,quantile,0.55,35
2026-10-03,wk inc flu hosp,2,2026-10-17,24,quantile,0.6,39
2026-10-03,wk inc flu hosp,2,2026-10-17,24,quantile,0.65,43
2026-10-03,wk inc flu hosp,2,2026-10-17,24,quantile,0.7,48
2026-10-03,wk inc flu hosp,2,2026-10-17,24,quantile,0.75,54
2026-10-03,wk inc flu hosp,2,2026-10-17,24,quantile,0.8,62
2026-10-03,wk inc flu hosp,2,2026-10-17,24,quantile,0.85,72
2026-10-03,wk inc flu hosp,2,2026-10-17,24,quantile,0.9,88
2026-10-03,wk inc flu hosp,2,2026-10-17,24,quantile,0.95,118
2026-10-03,wk inc flu hosp,2,2026-10-17,24,quantile,0.975,153
2026-10-03,wk inc flu hosp,2,2026-10-17,24,quantile,0.99,205
2026-10-03,wk inc flu hosp,3,2026-10-24,24,quantile,0.01,4
2026-10-03,wk inc flu hosp,3,2026-10-24,24,quantile,0.025,6
2026-10-03,wk inc flu hosp,3,2026-10-24,24,quantile,0.05,8
2026-10-03,wk inc flu hosp,3,2026-10-24,24,quantile,0.1,12
2026-10-03,wk inc flu hosp,3,2026-10-24,24,quantile,0.15,15
2026-10-03,wk inc flu hosp,3,2026-10-24,24,quantile,0.2,18
2026-10-03,wk inc flu hosp,3,2026-10-24,24,quantile,0.25,20
2026-10-03,wk inc flu hosp,3,2026-10-24,24,quantile,0.3,23
2026-10-03,wk inc flu hosp,3,2026-10-24,24,quantile,0.35,26
2026-10-03,wk inc flu hosp,3,2026-10-24,24,quantile,0.4,30
2026-10-03,wk inc flu hosp,3,2026-10-24,24,quantile,0.45,34
2026-10-03,wk inc flu hosp,3,2026-10-24,24,quantile,0.5,38
2026-10-03,wk inc flu hosp,3,2026-10-24,24,quantile,0.55,42
2026-10-03,wk inc flu hosp,3,2026-10-24,24,quantile,0.6,47
2026-10-03,wk inc flu hosp,3,2026-10-24,24,quantile,0.65,53
2026-10-03,wk inc flu hosp,3,2026-10-24,24,quantile,0.7,60
2026-10-03,wk inc flu hosp,3,2026-10-24,24,quantile,0.75,68
2026-10-03,wk inc flu hosp,3,2026-10-24,24,quantile,0.8,79
2026-10-03,wk inc flu hosp,3,2026-10-24,24,quantile,0.85,94
2026-10-03,wk inc flu hosp,3,2026-10-24,24,quantile,0.9,117
2026-10-03,wk inc flu hosp,3,2026-10-24,24,quantile,0.95,162
2026-10-03,wk inc flu hosp,3,2026-10-24,24,quantile,0.975,215
2026-10-03,wk inc flu hosp,3,2026-10-24,24,quantile,0.99,299
2026-10-03,wk inc flu hosp,0,2026-10-03,25,quantile,0.01,2
2026-10-03,wk inc flu hosp,0,2026-10-03,25,quantile,0.025,2
2026-10-03,wk inc flu hosp,0,2026-10-03,25,quantile,0.05,3
2026-10-03,wk inc flu hosp,0,2026-10-03,25,quantile,0.1,4
2026-10-03,wk inc flu hosp,0,2026-10-03,25,quantile,0.15,5
2026-10-03,wk inc flu hosp,0,2026-10-03,25,quantile,0.2,6
2026-10-03,wk inc flu hosp,0,2026-10-03,25,quantile,0.25,7
2026-10-03,wk inc flu hosp,0,2026-10-03,25,quantile,0.3,8
2026-10-03,wk inc flu hosp,0,2026-10-03,25,quantile,0.35,8
2026-10-03,wk inc flu hosp,0,2026-10-03,25,quantile,0.4,9
2026-10-03,wk inc flu hosp,0,2026-10-03,25,quantile,0.45,10
2026-10-03,wk inc flu hosp,0,2026-10-03,25,quantile,0.5,11
2026-10-03,wk inc flu hosp,0,2026-10-03,25,quantile,0.55,12
2026-10-03,wk inc flu hosp,0,2026-10-03,25,quantile,0.6,13
2026-10-03,wk inc flu hosp,0,2026-10-03,25,quantile,0.65,14
2026-10-03,wk inc flu hosp,0,2026-10-03,25,quantile,0.7,16
2026-10-03,wk inc flu hosp,0,2026-10-03,25,quantile,0.75,18
2026-10-03,wk inc flu hosp,0,2026-10-03,25,quantile,0.8,20
2026-10-03,wk inc flu hosp,0,2026-10-03,25,quantile,0.85,23
2026-10-03,wk inc flu hosp,0,2026-10-03,25,quantile,0.9,27
2026-10-03,wk inc flu hosp,0,2026-10-03,25,quantile,0.95,34
2026-10-03,wk inc flu hosp,0,2026-10-03,25,quantile,0.975,42
2026-10-03,wk inc flu hosp,0,2026-10-03,25,quantile,0.99,53
2026-10-03,wk inc flu hosp,1,2026-10-10,25,quantile,0.01,2
2026-10-03,wk inc flu hosp,1,2026-10-10,25,quantile,0.025,3
2026-10-03,wk inc flu hosp,1,2026-10-10,25,quantile,0.05,3
2026-10-03,wk inc flu hosp,1,2026-10-10,25,quantile,0.1,5
2026-10-03,wk inc flu hosp,1,2026-10-10,25,quantile,0.15,6
2026-10-03,wk inc flu hosp,1,2026-10-10,25,quantile,0.2,7
2026-10-03,wk inc flu hosp,1,2026-10-10,25,quantile,0.25,8
2026-10-03,wk inc flu hosp,1,2026-10-10,25,quantile,0.3,9
2026-10-03,wk inc flu hosp,1,2026-10-10,25,quantile,0.35,10
2026-10-03,wk inc flu hosp,1,2026-10-10,25,quantile,0.4,11
2026-10-03,wk inc flu hosp,1,2026-10-10,25,quantile,0.45,12
2026-10-03,wk inc flu hosp,1,2026-10-10,25,quantile,0.5,14
2026-10-03,wk inc flu hosp,1,2026-10-10,25,quantile,0.55,15
2026-10-03,wk inc flu hosp,1,2026-10-10,25,quantile,0.6,17
2026-10-03,wk inc flu hosp,1,2026-10-10,25,quantile,0.65,18
2026-10-03,wk inc flu hosp,1,2026-10-10,25,quantile,0.7,20
2026-10-03,wk inc flu hosp,1,2026-10-10,25,quantile,0.75,23
2026-10-03,wk inc flu hosp,1,2026-10-10,25,quantile,0.8,26
2026-10-03,wk inc flu hosp,1,2026-10-10,25,quantile,0.85,30
2026-10-03,wk inc flu hosp,1,2026-10-10,25,quantile,0.9,36
2026-10-03,wk inc flu hosp,1,2026-10-10,25,quantile,0.95,47
2026-10-03,wk inc flu hosp,1,2026-10-10,25,quantile,0.975,59
2026-10-03,wk inc flu hosp,1,2026-10-10,25,quantile,0.99,78
2026-10-03,wk inc flu hosp,2,2026-10-17,25,quantile,0.01,2
2026-10-03,wk inc flu hosp,2,2026-10-17,25,quantile,0.025,2
2026-10-03,wk inc flu hosp,2,2026-10-17,25,quantile,0.05,3
2026-10-03,wk inc flu hosp,2,2026-10-17,25,quantile,0.1,5
2026-10-03,wk inc flu hosp,2,2026-10-17,25,quantile,0.15,6
2026-10-03,wk inc flu hosp,2,2026-10-17,25,quantile,0.2,8
2026-10-03,wk inc flu hosp,2,2026-10-17,25,quantile,0.25,9
2026-10-03,wk inc flu hosp,2,2026-10-17,25,quantile,0.3,10
2026-10-03,wk inc flu hosp,2,2026-10-17,25,quantile,0.35,11
2026-10-03,wk inc flu hosp,2,2026-10-17,25,quantile,0.4,13
2026-10-03,wk inc flu hosp,2,2026-10-17,25,quantile,0.45,14
2026-10-03,wk inc flu hosp,2,2026-10-17,25,quantile,0.5,16
2026-10-03,wk inc flu hosp,2,2026-10-17,25,quantile,0.55,18
2026-10-03,wk inc flu hosp,2,2026-10-17,25,quantile,0.6,20
2026-10-03,wk inc flu hosp,2,2026-10-17,25,quantile,0.65,22
2026-10-03,wk inc flu hosp,2,2026-10-17,25,quantile,0.7,25
2026-10-03,wk inc flu hosp,2,2026-10-17,25,quantile,0.75,28
2026-10-03,wk inc flu hosp,2,2026-10-17,25,quantile,0.8,33
2026-10-03,wk inc flu hosp,2,2026-10-17,25,quantile,0.85,39
2026-10-03,wk inc flu hosp,2,2026-10-17,25,quantile,0.9,48
2026-10-03,wk inc flu hosp,2,2026-10-17,25,quantile,0.95,65
2026-10-03,wk inc flu hosp,2,2026-10-17,25,quantile,0.975,85
2026-10-03,wk inc flu hosp,2,2026-10-17,25,quantile,0.99,115
2026-10-03,wk inc flu hosp,3,2026-10-24,25,quantile,0.01,2
2026-10-03,wk inc flu hosp,3,2026-10-24,25,quantile,0.025,3
2026-10-03,wk inc flu hosp,3,2026-10-24,25,quantile,0.05,4
2026-10-03,wk inc flu hosp,3,2026-10-24,25,quantile,0.1,5
2026-10-03,wk inc flu hosp,3,2026-10-24,25,quantile,0.15,7
2026-10-03,wk inc flu hosp,3,2026-10-24,25,quantile,0.2,9
2026-10-03,wk inc flu hosp,3,2026-10-24,25,quantile,0.25,10
2026-10-03,wk inc flu hosp,3,2026-10-24,25,quantile,0.3,12
2026-10-03,wk inc flu hosp,3,2026-10-24,25,quantile,0.35,13
2026-10-03,wk inc flu hosp,3,2026-10-24,25,quantile,0.4,15
2026-10-03,wk inc flu hosp,3,2026-10-24,25,quantile,0.45,17
2026-10-03,wk inc flu hosp,3,2026-10-24,25,quantile,0.5,19
2026-10-03,wk inc flu hosp,3,2026-10-24,25,quantile,0.55,22
2026-10-03,wk inc flu hosp,3,2026-10-24,25,quantile,0.6,25
2026-10-03,wk inc flu hosp,3,2026-10-24,25,quantile,0.65,28
2026-10-03,wk inc flu hosp,3,2026-10-24,25,quantile,0.7,32
2026-10-03,wk inc flu hosp,3,2026-10-24,25,quantile,0.75,37
2026-10-03,wk inc flu hosp,3,2026-10-24,25,quantile,0.8,43
2026-10-03,wk inc flu hosp,3,2026-10-24,25,quantile,0.85,52
2026-10-03,wk inc flu hosp,3,2026-10-24,25,quantile,0.9,65
2026-10-03,wk inc flu hosp,3,2026-10-24,25,quantile,0.95,90
2026-10-03,wk inc flu hosp,3,2026-10-24,25,quantile,0.975,120
2026-10-03,wk inc flu hosp,3,2026-10-24,25,quantile,0.99,169
2026-10-03,wk inc flu hosp,0,2026-10-03,26,quantile,0.01,11
2026-10-03,wk inc flu hosp,0,2026-10-03,26,quantile,0.025,14
2026-10-03,wk inc flu hosp,0,2026-10-03,26,quantile,0.05,16
2026-10-03,wk inc flu hosp,0,2026-10-03,26,quantile,0.1,20
2026-10-03,wk inc flu hosp,0,2026-10-03,26,quantile,0.15,23
2026-10-03,wk inc flu hosp,0,2026-10-03,26,quantile,0.2,26
2026-10-03,wk inc flu hosp,0,2026-10-03,26,quantile,0.25,29
2026-10-03,wk inc flu hosp,0,2026-10-03,26,quantile,0.3,32
2026-10-03,wk inc flu hosp,0,2026-10-03,26,quantile,0.35,34
2026-10-03,wk inc flu hosp,0,2026-10-03,26,quantile,0.4,37
2026-10-03,wk inc flu hosp,0,2026-10-03,26,quantile,0.45,40
2026-10-03,wk inc flu hosp,0,2026-10-03,26,quantile,0.5,43
2026-10-03,wk inc flu hosp,0,2026-10-03,26,quantile,0.55,46
2026-10-03,wk inc flu hosp,0,2026-10-03,26,quantile,0.6,49
2026-10-03,wk inc flu hosp,0,2026-10-03,26,quantile,0.65,53
2026-10-03,wk inc flu hosp,0,2026-10-03,26,quantile,0.7,58
2026-10-03,wk inc flu hosp,0,2026-10-03,26,quantile,0.75,63
2026-10-03,wk inc flu hosp,0,2026-10-03,26,quantile,0.8,69
2026-10-03,wk inc flu hosp,0,2026-10-03,26,quantile,0.85,77
2026-10-03,wk inc flu hosp,0,2026-10-03,26,quantile,0.9,88
2026-10-03,wk inc flu hosp,0,2026-10-03,26,quantile,0.95,109
2026-10-03,wk inc flu hosp,0,2026-10-03,26,quantile,0.975,130
2026-10-03,wk inc flu hosp,0,2026-10-03,26,quantile,0.99,161
2026-10-03,wk inc flu hosp,1,2026-10-10,26,quantile,0.01,10
2026-10-03,wk inc flu hosp,1,2026-10-10,26,quantile,0.025,13
2026-10-03,wk inc flu hosp,1,2026-10-10,26,quantile,0.05,16
2026-10-03,wk inc flu hosp,1,2026-10-10,26,quantile,0.1,21
2026-10-03,wk inc flu hosp,1,2026-10-10,26,quantile,0.15,25
2026-10-03,wk inc flu hosp,1,2026-10-10,26,quantile,0.2,28
2026-10-03,wk inc flu hosp,1,2026-10-10,26,quantile,0.25,32
2026-10-03,wk inc flu hosp,1,2026-10-10,26,quantile,0.3,35
2026-10-03,wk inc flu hosp,1,2026-10-10,26,quantile,0.35,38
2026-10-03,wk inc flu hosp,1,2026-10-10,26,quantile,0.4,42
2026-10-03,wk inc flu hosp,1,2026-10-10,26,quantile,0.45,46
2026-10-03,wk inc flu hosp,1,2026-10-10,26,quantile,0.5,50
2026-10-03,wk inc flu hosp,1,2026-10-10,26,quantile,0.55,54
2026-10-03,wk inc flu hosp,1,2026-10-10,26,quantile,0.6,59
2026-10-03,wk inc flu hosp,1,2026-10-10,26,quantile,0.65,64
2026-10-03,wk inc flu hosp,1,2026-10-10,26,quantile,0.7,71
2026-10-03,wk inc flu hosp,1,2026-10-10,26,quantile,0.75,78
2026-10-03,wk inc flu hosp,1,2026-10-10,26,quantile,0.8,87
2026-10-03,wk inc flu hosp,1,2026-10-10,26,quantile,0.85,99
2026-10-03,wk inc flu hosp,1,2026-10-10,26,quantile,0.9,116
2026-10-03,wk inc flu hosp,1,2026-10-10,26,quantile,0.95,149
2026-10-03,wk inc flu hosp,1,2026-10-10,26,quantile,0.975,183
2026-10-03,wk inc flu hosp,1,2026-10-10,26,quantile,0.99,234
2026-10-03,wk inc flu hosp,2,2026-10-17,26,quantile,0.01,9
2026-10-03,wk inc flu hosp,2,2026-10-17,26,quantile,0.025,12
2026-10-03,wk inc flu hosp,2,2026-10-17,26,quantile,0.05,16
2026-10-03,wk inc flu hosp,2,2026-10-17,26,quantile,0.1,21
2026-10-03,wk inc flu hosp,2,2026-10-17,26,quantile,0.15,26
2026-10-03,wk inc flu hosp,2,2026-10-17,26,quantile,0.2,30
2026-10-03,wk inc flu hosp,2,2026-10-17,26,quantile,0.25,34
2026-10-03,wk inc flu hosp,2,2026-10-17,26,quantile,0.3,38
2026-10-03,wk inc flu hosp,2,2026-10-17,26,quantile,0.35,42
2026-10-03,wk inc flu hosp,2,2026-10-17,26,quantile,0.4,47
2026-10-03,wk inc flu hosp,2,2026-10-17,26,quantile,0.45,52
2026-10-03,wk inc flu hosp,2,2026-10-17,26,quantile,0.5,57
2026-10-03,wk inc flu hosp,2,2026-10-17,26,quantile,0.55,63
2026-10-03,wk inc flu hosp,2,2026-10-17,26,quantile,0.6,70
2026-10-03,wk inc flu hosp,2,2026-10-17,26,quantile,0.65,77
2026-10-03,wk inc flu hosp,2,2026-10-17,26,quantile,0.7,86
2026-10-03,wk inc flu hosp,2,2026-10-17,26,quantile,0.75,97
2026-10-03,wk inc flu hosp,2,2026-10-17,26,quantile,0.8,111
2026-10-03,wk inc flu hosp,2,2026-10-17,26,quantile,0.85,129
2026-10-03,wk inc flu hosp,2,2026-10-17,26,quantile,0.9,156
2026-10-03,wk inc flu hosp,2,2026-10-17,26,quantile,0.95,205
2026-10-03,wk inc flu hosp,2,2026-10-17,26,quantile,0.975,261
2026-10-03,wk inc flu hosp,2,2026-10-17,26,quantile,0.99,348
2026-10-03,wk inc flu hosp,3,2026-10-24,26,quantile,0.01,8
2026-10-03,wk inc flu hosp,3,2026-10-24,26,quantile,0.025,12
2026-10-03,wk inc flu hosp,3,2026-10-24,26,quantile,0.05,16
2026-10-03,wk inc flu hosp,3,2026-10-24,26,quantile,0.1,22
2026-10-03,wk inc flu hosp,3,2026-10-24,26,quantile,0.15,27
2026-10-03,wk inc flu hosp,3,2026-10-24,26,quantile,0.2,32
2026-10-03,wk inc flu hosp,3,2026-10-24,26,quantile,0.25,37
2026-10-03,wk inc flu hosp,3,2026-10-24,26,quantile,0.3,43
2026-10-03,wk inc flu hosp,3,2026-10-24,26,quantile,0.35,48
2026-10-03,wk inc flu hosp,3,2026-10-24,26,quantile,0.4,54
2026-10-03,wk inc flu hosp,3,2026-10-24,26,quantile,0.45,60
2026-10-03,wk inc flu hosp,3,2026-10-24,26,quantile,0.5,68
2026-10-03,wk inc flu hosp,3,2026-10-24,26,quantile,0.55,76
2026-10-03,wk inc flu hosp,3,2026-10-24,26,quantile,0.6,85
2026-10-03,wk inc flu hosp,3,2026-10-24,26,quantile,0.65,95
2026-10-03,wk inc flu hosp,3,2026-10-24,26,quantile,0.7,107
2026-10-03,wk inc flu hosp,3,2026-10-24,26,quantile,0.75,122
2026-10-03,wk inc flu hosp,3,2026-10-24,26,quantile,0.8,141
2026-10-03,wk inc flu hosp,3,2026-10-24,26,quantile,0.85,168
2026-10-03,wk inc flu hosp,3,2026-10-24,26,quantile,0.9,208
2026-10-03,wk inc flu hosp,3,2026-10-24,26,quantile,0.95,286
2026-10-03,wk inc flu hosp,3,2026-10-24,26,quantile,0.975,374
2026-10-03,wk inc flu hosp,3,2026-10-24,26,quantile,0.99,517
2026-10-03,wk inc flu hosp,0,2026-10-03,27,quantile,0.01,5
2026-10-03,wk inc flu hosp,0,2026-10-03,27,quantile,0.025,7
2026-10-03,wk inc flu hosp,0,2026-10-03,27,quantile,0.05,8
2026-10-03,wk inc flu hosp,0,2026-10-03,27,quantile,0.1,11
2026-10-03,wk inc flu hosp,0,2026-10-03,27,quantile,0.15,13
2026-10-03,wk inc flu hosp,0,2026-10-03,27,quantile,0.2,14
2026-10-03,wk inc flu hosp,0,2026-10-03,27,quantile,0.25,16
2026-10-03,wk inc flu hosp,0,2026-10-03,27,quantile,0.3,17
2026-10-03,wk inc flu hosp,0,2026-10-03,27,quantile,0.35,19
2026-10-03,wk inc flu hosp,0,2026-10-03,27,quantile,0.4,21
2026-10-03,wk inc flu hosp,0,2026-10-03,27,quantile,0.45,22
2026-10-03,wk inc flu hosp,0,2026-10-03,27,quantile,0.5,24
2026-10-03,wk inc flu hosp,0,2026-10-03,27,quantile,0.55,26
2026-10-03,wk inc flu hosp,0,2026-10-03,27,quantile,0.6,28
2026-10-03,wk inc flu hosp,0,2026-10-03,27,quantile,0.65,30
2026-10-03,wk inc flu hosp,0,2026-10-03,27,quantile,0.7,33
2026-10-03,wk inc flu hosp,0,2026-10-03,27,quantile,0.75,37
2026-10-03,wk inc flu hosp,0,2026-10-03,27,quantile,0.8,41
2026-10-03,wk inc flu hosp,0,2026-10-03,27,quantile,0.85,46
2026-10-03,wk inc flu hosp,0,2026-10-03,27,quantile,0.9,53
2026-10-03,wk inc flu hosp,0,2026-10-03,27,quantile,0.95,67
2026-10-03,wk inc flu hosp,0,2026-10-03,27,quantile,0.975,82
2026-10-03,wk inc flu hosp,0,2026-10-03,27,quantile,0.99,103
2026-10-03,wk inc flu hosp,1,2026-10-10,27,quantile,0.01,5
2026-10-03,wk inc flu hosp,1,2026-10-10,27,quantile,0.025,7
2026-10-03,wk inc flu hosp,1,2026-10-10,27,quantile,0.05,8
2026-10-03,wk inc flu hosp,1,2026-10-10,27,quantile,0.1,11
2026-10-03,wk inc flu hosp,1,2026-10-10,27,quantile,0.15,13
2026-10-03,wk inc flu hosp,1,2026-10-10,27,quantile,0.2,15
2026-10-03,wk inc flu hosp,1,2026-10-10,27,quantile,0.25,17
2026-10-03,wk inc flu hosp,1,2026-10-10,27,quantile,0.3,19
2026-10-03,wk inc flu hosp,1,2026-10-10,27,quantile,0.35,21
2026-10-03,wk inc flu hosp,1,2026-10-10,27,quantile,0.4,24
2026-10-03,wk inc flu hosp,1,2026-10-10,27,quantile,0.45,26
2026-10-03,wk inc flu hosp,1,2026-10-10,27,quantile,0.5,28
2026-10-03,wk inc flu hosp,1,2026-10-10,27,quantile,0.55,31
2026-10-03,wk inc flu hosp,1,2026-10-10,27,quantile,0.6,34
2026-10-03,wk inc flu hosp,1,2026-10-10,27,quantile,0.65,38
2026-10-03,wk inc flu hosp,1,2026-10-10,27,quantile,0.7,42
2026-10-03,wk inc flu hosp,1,2026-10-10,27,quantile,0.75,46
2026-10-03,wk inc flu hosp,1,2026-10-10,27,quantile,0.8,52
2026-10-03,wk inc flu hosp,1,2026-10-10,27,quantile,0.85,61
2026-10-03,wk inc flu hosp,1,2026-10-10,27,quantile,0.9,73
2026-10-03,wk inc flu hosp,1,2026-10-10,27,quantile,0.95,95
2026-10-03,wk inc flu hosp,1,2026-10-10,27,quantile,0.975,120
2026-10-03,wk inc flu hosp,1,2026-10-10,27,quantile,0.99,159
2026-10-03,wk inc flu hosp,2,2026-10-17,27,quantile,0.01,4
2026-10-03,wk inc flu hosp,2,2026-10-17,27,quantile,0.025,6
2026-10-03,wk inc flu hosp,2,2026-10-17,27,quantile,0.05,8
2026-10-03,wk inc flu hosp,2,2026-10-17,27,quantile,0.1,11
2026-10-03,wk inc flu hosp,2,2026-10-17,27,quantile,0.15,14
2026-10-03,wk inc flu hosp,2,2026-10-17,27,quantile,0.2,16
2026-10-03,wk inc flu hosp,2,2026-10-17,27,quantile,0.25,19
2026-10-03,wk inc flu hosp,2,2026-10-17,27,quantile,0.3,21
2026-10-03,wk inc flu hosp,2,2026-10-17,27,quantile,0.35,24
2026-10-03,wk inc flu hosp,2,2026-10-17,27,quantile,0.4,27
2026-10-03,wk inc flu hosp,2,2026-10-17,27,quantile,0.45,30
2026-10-03,wk inc flu hosp,2,2026-10-17,27,quantile,0.5,34
2026-10-03,wk inc flu hosp,2,2026-10-17,27,quantile,0.55,37
2026-10-03,wk inc flu hosp,2,2026-10-17,27,quantile,0.6,42
2026-10-03,wk inc flu hosp,2,2026-10-17,27,quantile,0.65,47
2026-10-03,wk inc flu hosp,2,2026-10-17,27,quantile,0.7,52
2026-10-03,wk inc flu hosp,2,2026-10-17,27,quantile,0.75,60
2026-10-03,wk inc flu hosp,2,2026-10-17,27,quantile,0.8,69
2026-10-03,wk inc flu hosp,2,2026-10-17,27,quantile,0.85,81
2026-10-03,wk inc flu hosp,2,2026-10-17,27,quantile,0.9,101
2026-10-03,wk inc flu hosp,2,2026-10-17,27,quantile,0.95,139
2026-10-03,wk inc flu hosp,2,2026-10-17,27,quantile,0.975,182
2026-10-03,wk inc flu hosp,2,2026-10-17,27,quantile,0.99,251
2026-10-03,wk inc flu hosp,3,2026-10-24,27,quantile,0.01,4
2026-10-03,wk inc flu hosp,3,2026-10-24,27,quantile,0.025,6
2026-10-03,wk inc flu hosp,3,2026-10-24,27,quantile,0.05,8
2026-10-03,wk inc flu hosp,3,2026-10-24,27,quantile,0.1,12
2026-10-03,wk inc flu hosp,3,2026-10-24,27,quantile,0.15,15
2026-10-03,wk inc flu hosp,3,2026-10-24,27,quantile,0.2,18
2026-10-03,wk inc flu hosp,3,2026-10-24,27,quantile,0.25,21
2026-10-03,wk inc flu hosp,3,2026-10-24,27,quantile,0.3,24
2026-10-03,wk inc flu hosp,3,2026-10-24,27,quantile,0.35,28
2026-10-03,wk inc flu hosp,3,2026-10-24,27,quantile,0.4,32
2026-10-03,wk inc flu hosp,3,2026-10-24,27,quantile,0.45,36
2026-10-03,wk inc flu hosp,3,2026-10-24,27,quantile,0.5,40
2026-10-03,wk inc flu hosp,3,2026-10-24,27,quantile,0.55,45
2026-10-03,wk inc flu hosp,3,2026-10-24,27,quantile,0.6,51
2026-10-03,wk inc flu hosp,3,2026-10-24,27,quantile,0.65,58
2026-10-03,wk inc flu hosp,3,2026-10-24,27,quantile,0.7,66
2026-10-03,wk inc flu hosp,3,2026-10-24,27,quantile,0.75,77
2026-10-03,wk inc flu hosp,3,2026-10-24,27,quantile,0.8,90
2026-10-03,wk inc flu hosp,3,2026-10-24,27,quantile,0.85,108
2026-10-03,wk inc flu hosp,3,2026-10-24,27,quantile,0.9,137
2026-10-03,wk inc flu hosp,3,2026-10-24,27,quantile,0.95,196
2026-10-03,wk inc flu hosp,3,2026-10-24,27,quantile,0.975,263
2026-10-03,wk inc flu hosp,3,2026-10-24,27,quantile,0.99,375
2026-10-03,wk inc flu hosp,0,2026-10-03,28,quantile,0.01,7
2026-10-03,wk inc flu hosp,0,2026-10-03,28,quantile,0.025,8
2026-10-03,wk inc flu hosp,0,2026-10-03,28,quantile,0.05,10
2026-10-03,wk inc flu hosp,0,2026-10-03,28,quantile,0.1,12
2026-10-03,wk inc flu hosp,0,2026-10-03,28,quantile,0.15,14
2026-10-03,wk inc flu hosp,0,2026-10-03,28,quantile,0.2,15
2026-10-03,wk inc flu hosp,0,2026-10-03,28,quantile,0.25,17
2026-10-03,wk inc flu hosp,0,2026-10-03,28,quantile,0.3,18
2026-10-03,wk inc flu hosp,0,2026-10-03,28,quantile,0.35,20
2026-10-03,wk inc flu hosp,0,2026-10-03,28,quantile,0.4,21
2026-10-03,wk inc flu hosp,0,2026-10-03,28,quantile,0.45,23
2026-10-03,wk inc flu hosp,0,2026-10-03,28,quantile,0.5,24
2026-10-03,wk inc flu hosp,0,2026-10-03,28,quantile,0.55,26
2026-10-03,wk inc flu hosp,0,2026-10-03,28,quantile,0.6,28
2026-10-03,wk inc flu hosp,0,2026-10-03,28,quantile,0.65,30
2026-10-03,wk inc flu hosp,0,2026-10-03,28,quantile,0.7,32
2026-10-03,wk inc flu hosp,0,2026-10-03,28,quantile,0.75,35
2026-10-03,wk inc flu hosp,0,2026-10-03,28,quantile,0.8,38
2026-10-03,wk inc flu hosp,0,2026-10-03,28,quantile,0.85,42
2026-10-03,wk inc flu hosp,0,2026-10-03,28,quantile,0.9,48
2026-10-03,wk inc flu hosp,0,2026-10-03,28,quantile,0.95,59
2026-10-03,wk inc flu hosp,0,2026-10-03,28,quantile,0.975,69
2026-10-03,wk inc flu hosp,0,2026-10-03,28,quantile,0.99,84
2026-10-03,wk inc flu hosp,1,2026-10-10,28,quantile,0.01,6
2026-10-03,wk inc flu hosp,1,2026-10-10,28,quantile,0.025,8
2026-10-03,wk inc flu hosp,1,2026-10-10,28,quantile,0.05,10
2026-10-03,wk inc flu hosp,1,2026-10-10,28,quantile,0.1,13
2026-10-03,wk inc flu hosp,1,2026-10-10,28,quantile,0.15,15
2026-10-03,wk inc flu hosp,1,2026-10-10,28,quantile,0.2,17
2026-10-03,wk inc flu hosp,1,2026-10-10,28,quantile,0.25,19
2026-10-03,wk inc flu hosp,1,2026-10-10,28,quantile,0.3,21
2026-10-03,wk inc flu hosp,1,2026-10-10,28,quantile,0.35,23
2026-10-03,wk inc flu hosp,1,2026-10-10,28,quantile,0.4,24
2026-10-03,wk inc flu hosp,1,2026-10-10,28,quantile,0.45,26
2026-10-03,wk inc flu hosp,1,2026-10-10,28,quantile,0.5,29
2026-10-03,wk inc flu hosp,1,2026-10-10,28,quantile,0.55,31
2026-10-03,wk inc flu hosp,1,2026-10-10,28,quantile,0.6,33
2026-10-03,wk inc flu hosp,1,2026-10-10,28,quantile,0.65,36
2026-10-03,wk inc flu hosp,1,2026-10-10,28,quantile,0.7,40
2026-10-03,wk inc flu hosp,1,2026-10-10,28,quantile,0.75,44
2026-10-03,wk inc flu hosp,1,2026-10-10,28,quantile,0.8,48
2026-10-03,wk inc flu hosp,1,2026-10-10,28,quantile,0.85,55
2026-10-03,wk inc flu hosp,1,2026-10-10,28,quantile,0.9,64
2026-10-03,wk inc flu hosp,1,2026-10-10,28,quantile,0.95,80
2026-10-03,wk inc flu hosp,1,2026-10-10,28,quantile,0.975,97
2026-10-03,wk inc flu hosp,1,2026-10-10,28,quantile,0.99,121
2026-10-03,wk inc flu hosp,2,2026-10-17,28,quantile,0.01,6
2026-10-03,wk inc flu hosp,2,2026-10-17,28,quantile,0.025,8
2026-10-03,wk inc flu hosp,2,2026-10-17,28,quantile,0.05,10
2026-10-03,wk inc flu hosp,2,2026-10-17,28,quantile,0.1,13
2026-10-03,wk inc flu hosp,2,2026-10-17,28,quantile,0.15,16
2026-10-03,wk inc flu hosp,2,2026-10-17,28,quantile,0.2,18
2026-10-03,wk inc flu hosp,2,2026-10-17,28,quantile,0.25,20
2026-10-03,wk inc flu hosp,2,2026-10-17,28,quantile,0.3,23
2026-10-03,wk inc flu hosp,2,2026-10-17,28,quantile,0.35,25
2026-10-03,wk inc flu hosp,2,2026-10-17,28,quantile,0.4,28
2026-10-03,wk inc flu hosp,2,2026-10-17,28,quantile,0.45,31
2026-10-03,wk inc flu hosp,2,2026-10-17,28,quantile,0.5,33
2026-10-03,wk inc flu hosp,2,2026-10-17,28,quantile,0.55,37
2026-10-03,wk inc flu hosp,2,2026-10-17,28,quantile,0.6,40
2026-10-03,wk inc flu hosp,2,2026-10-17,28,quantile,0.65,45
2026-10-03,wk inc flu hosp,2,2026-10-17,28,quantile,0.7,49
2026-10-03,wk inc flu hosp,2,2026-10-17,28,quantile,0.75,55
2026-10-03,wk inc flu hosp,2,2026-10-17,28,quantile,0.8,62
2026-10-03,wk inc flu hosp,2,2026-10-17,28,quantile,0.85,71
2026-10-03,wk inc flu hosp,2,2026-10-17,28,quantile,0.9,85
2026-10-03,wk inc flu hosp,2,2026-10-17,28,quantile,0.95,111
2026-10-03,wk inc flu hosp,2,2026-10-17,28,quantile,0.975,140
2026-10-03,wk inc flu hosp,2,2026-10-17,28,quantile,0.99,181
2026-10-03,wk inc flu hosp,3,2026-10-24,28,quantile,0.01,6
2026-10-03,wk inc flu hosp,3,2026-10-24,28,quantile,0.025,8
2026-10-03,wk inc flu hosp,3,2026-10-24,28,quantile,0.05,10
2026-10-03,wk inc flu hosp,3,2026-10-24,28,quantile,0.1,14
2026-10-03,wk inc flu hosp,3,2026-10-24,28,quantile,0.15,17
2026-10-03,wk inc flu hosp,3,2026-10-24,28,quantile,0.2,20
2026-10-03,wk inc flu hosp,3,2026-10-24,28,quantile,0.25,23
2026-10-03,wk inc flu hosp,3,2026-10-24,28,quantile,0.3,26
2026-10-03,wk inc flu hosp,3,2026-10-24,28,quantile,0.35,30
2026-10-03,wk inc flu hosp,3,2026-10-24,28,quantile,0.4,33
2026-10-03,wk inc flu hosp,3,2026-10-24,28,quantile,0.45,37
2026-10-03,wk inc flu hosp,3,2026-10-24,28,quantile,0.5,41
2026-10-03,wk inc flu hosp,3,2026-10-24,28,quantile,0.55,45
2026-10-03,wk inc flu hosp,3,2026-10-24,28,quantile,0.6,50
2026-10-03,wk inc flu hosp,3,2026-10-24,28,quantile,0.65,56
2026-10-03,wk inc flu hosp,3,2026-10-24,28,quantile,0.7,62
2026-10-03,wk inc flu hosp,3,2026-10-24,28,quantile,0.75,70
2026-10-03,wk inc flu hosp,3,2026-10-24,28,quantile,0.8,80
2026-10-03,wk inc flu hosp,3,2026-10-24,28,quantile,0.85,94
2026-10-03,wk inc flu hosp,3,2026-10-24,28,quantile,0.9,115
2026-10-03,wk inc flu hosp,3,2026-10-24,28,quantile,0.95,155
2026-10-03,wk inc flu hosp,3,2026-10-24,28,quantile,0.975,202
2026-10-03,wk inc flu hosp,3,2026-10-24,28,quantile,0.99,271
2026-10-03,wk inc flu hosp,0,2026-10-03,29,quantile,0.01,12
2026-10-03,wk inc flu hosp,0,2026-10-03,29,quantile,0.025,15
2026-10-03,wk inc flu hosp,0,2026-10-03,29,quantile,0.05,17
2026-10-03,wk inc flu hosp,0,2026-10-03,29,quantile,0.1,21
2026-10-03,wk inc flu hosp,0,2026-10-03,29,quantile,0.15,23
2026-10-03,wk inc flu hosp,0,2026-10-03,29,quantile,0.2,26
2026-10-03,wk inc flu hosp,0,2026-10-03,29,quantile,0.25,28
2026-10-03,wk inc flu hosp,0,2026-10-03,29,quantile,0.3,30
2026-10-03,wk inc flu hosp,0,2026-10-03,29,quantile,0.35,33
2026-10-03,wk inc flu hosp,0,2026-10-03,29,quantile,0.4,35
2026-10-03,wk inc flu hosp,0,2026-10-03,29,quantile,0.45,37
2026-10-03,wk inc flu hosp,0,2026-10-03,29,quantile,0.5,40
2026-10-03,wk inc flu hosp,0,2026-10-03,29,quantile,0.55,42
2026-10-03,wk inc flu hosp,0,2026-10-03,29,quantile,0.6,45
2026-10-03,wk inc flu hosp,0,2026-10-03,29,quantile,0.65,48
2026-10-03,wk inc flu hosp,0,2026-10-03,29,quantile,0.7,52
2026-10-03,wk inc flu hosp,0,2026-10-03,29,quantile,0.75,56
2026-10-03,wk inc flu hosp,0,2026-10-03,29,quantile,0.8,61
2026-10-03,wk inc flu hosp,0,2026-10-03,29,quantile,0.85,67
2026-10-03,wk inc flu hosp,0,2026-10-03,29,quantile,0.9,76
2026-10-03,wk inc flu hosp,0,2026-10-03,29,quantile,0.95,91
2026-10-03,wk inc flu hosp,0,2026-10-03,29,quantile,0.975,106
2026-10-03,wk inc flu hosp,0,2026-10-03,29,quantile,0.99,128
2026-10-03,wk inc flu hosp,1,2026-10-10,29,quantile,0.01,11
2026-10-03,wk inc flu hosp,1,2026-10-10,29,quantile,0.025,14
2026-10-03,wk inc flu hosp,1,2026-10-10,29,quantile,0.05,17
2026-10-03,wk inc flu hosp,1,2026-10-10,29,quantile,0.1,21
2026-10-03,wk inc flu hosp,1,2026-10-10,29,quantile,0.15,25
2026-10-03,wk inc flu hosp,1,2026-10-10,29,quantile,0.2,28
2026-10-03,wk inc flu hosp,1,2026-10-10,29,quantile,0.25,31
2026-10-03,wk inc flu hosp,1,2026-10-10,29,quantile,0.3,34
2026-10-03,wk inc flu hosp,1,2026-10-10,29,quantile,0.35,37
2026-10-03,wk inc flu hosp,1,2026-10-10,29,quantile,0.4,40
2026-10-03,wk inc flu hosp,1,2026-10-10,29,quantile,0.45,43
2026-10-03,wk inc flu hosp,1,2026-10-10,29,quantile,0.5,46
2026-10-03,wk inc flu hosp,1,2026-10-10,29,quantile,0.55,50
2026-10-03,wk inc flu hosp,1,2026-10-10,29,quantile,0.6,54
2026-10-03,wk inc flu hosp,1,2026-10-10,29,quantile,0.65,58
2026-10-03,wk inc flu hosp,1,2026-10-10,29,quantile,0.7,63
2026-10-03,wk inc flu hosp,1,2026-10-10,29,quantile,0.75,69
2026-10-03,wk inc flu hosp,1,2026-10-10,29,quantile,0.8,76
2026-10-03,wk inc flu hosp,1,2026-10-10,29,quantile,0.85,85
2026-10-03,wk inc flu hosp,1,2026-10-10,29,quantile,0.9,99
2026-10-03,wk inc flu hosp,1,2026-10-10,29,quantile,0.95,122
2026-10-03,wk inc flu hosp,1,2026-10-10,29,quantile,0.975,148
2026-10-03,wk inc flu hosp,1,2026-10-10,29,quantile,0.99,184
2026-10-03,wk inc flu hosp,2,2026-10-17,29,quantile,0.01,10
2026-10-03,wk inc flu hosp,2,2026-10-17,29,quantile,0.025,13
2026-10-03,wk inc flu hosp,2,2026-10-17,29,quantile,0.05,16
2026-10-03,wk inc flu hosp,2,2026-10-17,29,quantile,0.1,22
2026-10-03,wk inc flu hosp,2,2026-10-17,29,quantile,0.15,26
2026-10-03,wk inc flu hosp,2,2026-10-17,29,quantile,0.2,30
2026-10-03,wk inc flu hosp,2,2026-10-17,29,quantile,0.25,33
2026-10-03,wk inc flu hosp,2,2026-10-17,29,quantile,0.3,37
2026-10-03,wk inc flu hosp,2,2026-10-17,29,quantile,0.35,41
2026-10-03,wk inc flu hosp,2,2026-10-17,29,quantile,0.4,45
2026-10-03,wk inc flu hosp,2,2026-10-17,29,quantile,0.45,50
2026-10-03,wk inc flu hosp,2,2026-10-17,29,quantile,0.5,54
2026-10-03,wk inc flu hosp,2,2026-10-17,29,quantile,0.55,59
2026-10-03,wk inc flu hosp,2,2026-10-17,29,quantile,0.6,65
2026-10-03,wk inc flu hosp,2,2026-10-17,29,quantile,0.65,71
2026-10-03,wk inc flu hosp,2,2026-10-17,29,quantile,0.7,79
2026-10-03,wk inc flu hosp,2,2026-10-17,29,quantile,0.75,88
2026-10-03,wk inc flu hosp,2,2026-10-17,29,quantile,0.8,99
2026-10-03,wk inc flu hosp,2,2026-10-17,29,quantile,0.85,114
2026-10-03,wk inc flu hosp,2,2026-10-17,29,quantile,0.9,136
2026-10-03,wk inc flu hosp,2,2026-10-17,29,quantile,0.95,176
2026-10-03,wk inc flu hosp,2,2026-10-17,29,quantile,0.975,221
2026-10-03,wk inc flu hosp,2,2026-10-17,29,quantile,0.99,288
2026-10-03,wk inc flu hosp,3,2026-10-24,29,quantile,0.01,9
2026-10-03,wk inc flu hosp,3,2026-10-24,29,quantile,0.025,13
2026-10-03,wk inc flu hosp,3,2026-10-24,29,quantile,0.05,17
2026-10-03,wk inc flu hosp,3,2026-10-24,29,quantile,0.1,22
2026-10-03,wk inc flu hosp,3,2026-10-24,29,quantile,0.15,27
2026-10-03,wk inc flu hosp,3,2026-10-24,29,quantile,0.2,32
2026-10-03,wk inc flu hosp,3,2026-10-24,29,quantile,0.25,36
2026-10-03,wk inc flu hosp,3,2026-10-24,29,quantile,0.3,41
2026-10-03,wk inc flu hosp,3,2026-10-24,29,quantile,0.35,46
2026-10-03,wk inc flu hosp,3,2026-10-24,29,quantile,0.4,52
2026-10-03,wk inc flu hosp,3,2026-10-24,29,quantile,0.45,58
2026-10-03,wk inc flu hosp,3,2026-10-24,29,quantile,0.5,64
2026-10-03,wk inc flu hosp,3,2026-10-24,29,quantile,0.55,71
2026-10-03,wk inc flu hosp,3,2026-10-24,29,quantile,0.6,79
2026-10-03,wk inc flu hosp,3,2026-10-24,29,quantile,0.65,88
2026-10-03,wk inc flu hosp,3,2026-10-24,29,quantile,0.7,98
2026-10-03,wk inc flu hosp,3,2026-10-24,29,quantile,0.75,111
2026-10-03,wk inc flu hosp,3,2026-10-24,29,quantile,0.8,127
2026-10-03,wk inc flu hosp,3,2026-10-24,29,quantile,0.85,149
2026-10-03,wk inc flu hosp,3,2026-10-24,29,quantile,0.9,184
2026-10-03,wk inc flu hosp,3,2026-10-24,29,quantile,0.95,246
2026-10-03,wk inc flu hosp,3,2026-10-24,29,quantile,0.975,318
2026-10-03,wk inc flu hosp,3,2026-10-24,29,quantile,0.99,432
2026-10-03,wk inc flu hosp,0,2026-10-03,30,quantile,0.01,2
2026-10-03,wk inc flu hosp,0,2026-10-03,30,quantile,0.025,3
2026-10-03,wk inc flu hosp,0,2026-10-03,30,quantile,0.05,4
2026-10-03,wk inc flu hosp,0,2026-10-03,30,quantile,0.1,6
2026-10-03,wk inc flu hosp,0,2026-10-03,30,quantile,0.15,7
2026-10-03,wk inc flu hosp,0,2026-10-03,30,quantile,0.2,9
2026-10-03,wk inc flu hosp,0,2026-10-03,30,quantile,0.25,10
2026-10-03,wk inc flu hosp,0,2026-10-03,30,quantile,0.3,12
2026-10-03,wk inc flu hosp,0,2026-10-03,30,quantile,0.35,13
2026-10-03,wk inc flu hosp,0,2026-10-03,30,quantile,0.4,14
2026-10-03,wk inc flu hosp,0,2026-10-03,30,quantile,0.45,16
2026-10-03,wk inc flu hosp,0,2026-10-03,30,quantile,0.5,18
2026-10-03,wk inc flu hosp,0,2026-10-03,30,quantile,0.55,19
2026-10-03,wk inc flu hosp,0,2026-10-03,30,quantile,0.6,22
2026-10-03,wk inc flu hosp,0,2026-10-03,30,quantile,0.65,24
2026-10-03,wk inc flu hosp,0,2026-10-03,30,quantile,0.7,27
2026-10-03,wk inc flu hosp,0,2026-10-03,30,quantile,0.75,30
2026-10-03,wk inc flu hosp,0,2026-10-03,30,quantile,0.8,34
2026-10-03,wk inc flu hosp,0,2026-10-03,30,quantile,0.85,40
2026-10-03,wk inc flu hosp,0,2026-10-03,30,quantile,0.9,48
2026-10-03,wk inc flu hosp,0,2026-10-03,30,quantile,0.95,64
2026-10-03,wk inc flu hosp,0,2026-10-03,30,quantile,0.975,81
2026-10-03,wk inc flu hosp,0,2026-10-03,30,quantile,0.99,108
2026-10-03,wk inc flu hosp,1,2026-10-10,30,quantile,0.01,2
2026-10-03,wk inc flu hosp,1,2026-10-10,30,quantile,0.025,3
2026-10-03,wk inc flu hosp,1,2026-10-10,30,quantile,0.05,4
2026-10-03,wk inc flu hosp,1,2026-10-10,30,quantile,0.1,6
2026-10-03,wk inc flu hosp,1,2026-10-10,30,quantile,0.15,8
2026-10-03,wk inc flu hosp,1,2026-10-10,30,quantile,0.2,9
2026-10-03,wk inc flu hosp,1,2026-10-10,30,quantile,0.25,11
2026-10-03,wk inc flu hosp,1,2026-10-10,30,quantile,0.3,13
2026-10-03,wk inc flu hosp,1,2026-10-10,30,quantile,0.35,14
2026-10-03,wk inc flu hosp,1,2026-10-10,30,quantile,0.4,16
2026-10-03,wk inc flu hosp,1,2026-10-10,30,quantile,0.45,18
2026-10-03,wk inc flu hosp,1,2026-10-10,30,quantile,0.5,20
2026-10-03,wk inc flu hosp,1,2026-10-10,30,quantile,0.55,23
2026-10-03,wk inc flu hosp,1,2026-10-10,30,quantile,0.6,25
2026-10-03,wk inc flu hosp,1,2026-10-10,30,quantile,0.65,28
2026-10-03,wk inc flu hosp,1,2026-10-10,30,quantile,0.7,32
2026-10-03,wk inc flu hosp,1,2026-10-10,30,quantile,0.75,36
2026-10-03,wk inc flu hosp,1,2026-10-10,30,quantile,0.8,42
2026-10-03,wk inc flu hosp,1,2026-10-10,30,quantile,0.85,50
2026-10-03,wk inc flu hosp,1,2026-10-10,30,quantile,0.9,61
2026-10-03,wk inc flu hosp,1,2026-10-10,30,quantile,0.95,84
2026-10-03,wk inc flu hosp,1,2026-10-10,30,quantile,0.975,109
2026-10-03,wk inc flu hosp,1,2026-10-10,30,quantile,0.99,150
2026-10-03,wk inc flu hosp,2,2026-10-17,30,quantile,0.01,2
2026-10-03,wk inc flu hosp,2,2026-10-17,30,quantile,0.025,3
2026-10-03,wk inc flu hosp,2,2026-10-17,30,quantile,0.05,4
2026-10-03,wk inc flu hosp,2,2026-10-17,30,quantile,0.1,6
2026-10-03,wk inc flu hosp,2,2026-10-17,30,quantile,0.15,8
2026-10-03,wk inc flu hosp,2,2026-10-17,30,quantile,0.2,10
2026-10-03,wk inc flu hosp,2,2026-10-17,30,quantile,0.25,12
2026-10-03,wk inc flu hosp,2,2026-10-17,30,quantile,0.3,13
2026-10-03,wk inc flu hosp,2,2026-10-17,30,quantile,0.35,16
2026-10-03,wk inc flu hosp,2,2026-10-17,30,quantile,0.4,18
2026-10-03,wk inc flu hosp,2,2026-10-17,30,quantile,0.45,20
2026-10-03,wk inc flu hosp,2,2026-10-17,30,quantile,0.5,23
2026-10-03,wk inc flu hosp,2,2026-10-17,30,quantile,0.55,26
2026-10-03,wk inc flu hosp,2,2026-10-17,30,quantile,0.6,29
2026-10-03,wk inc flu hosp,2,2026-10-17,30,quantile,0.65,34
2026-10-03,wk inc flu hosp,2,2026-10-17,30,quantile,0.7,38
2026-10-03,wk inc flu hosp,2,2026-10-17,30,quantile,0.75,45
2026-10-03,wk inc flu hosp,2,2026-10-17,30,quantile,0.8,53
2026-10-03,wk inc flu hosp,2,2026-10-17,30,quantile,0.85,64
2026-10-03,wk inc flu hosp,2,2026-10-17,30,quantile,0.9,81
2026-10-03,wk inc flu hosp,2,2026-10-17,30,quantile,0.95,115
2026-10-03,wk inc flu hosp,2,2026-10-17,30,quantile,0.975,156
2026-10-03,wk inc flu hosp,2,2026-10-17,30,quantile,0.99,222
2026-10-03,wk inc flu hosp,3,2026-10-24,30,quantile,0.01,1
2026-10-03,wk inc flu hosp,3,2026-10-24,30,quantile,0.025,3
2026-10-03,wk inc flu hosp,3,2026-10-24,30,quantile,0.05,4
2026-10-03,wk inc flu hosp,3,2026-10-24,30,quantile,0.1,6
2026-10-03,wk inc flu hosp,3,2026-10-24,30,quantile,0.15,8
2026-10-03,wk inc flu hosp,3,2026-10-24,30,quantile,0.2,10
2026-10-03,wk inc flu hosp,3,2026-10-24,30,quantile,0.25,13
2026-10-03,wk inc flu hosp,3,2026-10-24,30,quantile,0.3,15
2026-10-03,wk inc flu hosp,3,2026-10-24,30,quantile,0.35,17
2026-10-03,wk inc flu hosp,3,2026-10-24,30,quantile,0.4,20
2026-10-03,wk inc flu hosp,3,2026-10-24,30,quantile,0.45,23
2026-10-03,wk inc flu hosp,3,2026-10-24,30,quantile,0.5,26
2026-10-03,wk inc flu hosp,3,2026-10-24,30,quantile,0.55,30
2026-10-03,wk inc flu hosp,3,2026-10-24,30,quantile,0.6,34
2026-10-03,wk inc flu hosp,3,2026-10-24,30,quantile,0.65,39
2026-10-03,wk inc flu hosp,3,2026-10-24,30,quantile,0.7,46
2026-10-03,wk inc flu hosp,3,2026-10-24,30,quantile,0.75,54
2026-10-03,wk inc flu hosp,3,2026-10-24,30,quantile,0.8,65
2026-10-03,wk inc flu hosp,3,2026-10-24,30,quantile,0.85,80
2026-10-03,wk inc flu hosp,3,2026-10-24,30,quantile,0.9,104
2026-10-03,wk inc flu hosp,3,2026-10-24,30,quantile,0.95,152
2026-10-03,wk inc flu hosp,3,2026-10-24,30,quantile,0.975,212
2026-10-03,wk inc flu hosp,3,2026-10-24,30,quantile,0.99,312
2026-10-03,wk inc flu hosp,0,2026-10-03,31,quantile,0.01,0
2026-10-03,wk inc flu hosp,0,2026-10-03,31,quantile,0.025,0
2026-10-03,wk inc flu hosp,0,2026-10-03,31,quantile,0.05,0
2026-10-03,wk inc flu hosp,0,2026-10-03,31,quantile,0.1,1
2026-10-03,wk inc flu hosp,0,2026-10-03,31,quantile,0.15,1
2026-10-03,wk inc flu hosp,0,2026-10-03,31,quantile,0.2,2
2026-10-03,wk inc flu hosp,0,2026-10-03,31,quantile,0.25,2
2026-10-03,wk inc flu hosp,0,2026-10-03,31,quantile,0.3,2
2026-10-03,wk inc flu hosp,0,2026-10-03,31,quantile,0.35,3
2026-10-03,wk inc flu hosp,0,2026-10-03,31,quantile,0.4,3
2026-10-03,wk inc flu hosp,0,2026-10-03,31,quantile,0.45,3
2026-10-03,wk inc flu hosp,0,2026-10-03,31,quantile,0.5,4
2026-10-03,wk inc flu hosp,0,2026-10-03,31,quantile,0.55,4
2026-10-03,wk inc flu hosp,0,2026-10-03,31,quantile,0.6,5
2026-10-03,wk inc flu hosp,0,2026-10-03,31,quantile,0.65,6
2026-10-03,wk inc flu hosp,0,2026-10-03,31,quantile,0.7,6
2026-10-03,wk inc flu hosp,0,2026-10-03,31,quantile,0.75,7
2026-10-03,wk inc flu hosp,0,2026-10-03,31,quantile,0.8,8
2026-10-03,wk inc flu hosp,0,2026-10-03,31,quantile,0.85,10
2026-10-03,wk inc flu hosp,0,2026-10-03,31,quantile,0.9,12
2026-10-03,wk inc flu hosp,0,2026-10-03,31,quantile,0.95,16
2026-10-03,wk inc flu hosp,0,2026-10-03,31,quantile,0.975,21
2026-10-03,wk inc flu hosp,0,2026-10-03,31,quantile,0.99,28
2026-10-03,wk inc flu hosp,1,2026-10-10,31,quantile,0.01,0
2026-10-03,wk inc flu hosp,1,2026-10-10,31,quantile,0.025,0
2026-10-03,wk inc flu hosp,1,2026-10-10,31,quantile,0.05,0
2026-10-03,wk inc flu hosp,1,2026-10-10,31,quantile,0.1,1
2026-10-03,wk inc flu hosp,1,2026-10-10,31,quantile,0.15,1
2026-10-03,wk inc flu hosp,1,2026-10-10,31,quantile,0.2,2
2026-10-03,wk inc flu hosp,1,2026-10-10,31,quantile,0.25,2
2026-10-03,wk inc flu hosp,1,2026-10-10,31,quantile,0.3,3
2026-10-03,wk inc flu hosp,1,2026-10-10,31,quantile,0.35,3
2026-10-03,wk inc flu hosp,1,2026-10-10,31,quantile,0.4,3
2026-10-03,wk inc flu hosp,1,2026-10-10,31,quantile,0.45,4
2026-10-03,wk inc flu hosp,1,2026-10-10,31,quantile,0.5,5
2026-10-03,wk inc flu hosp,1,2026-10-10,31,quantile,0.55,5
2026-10-03,wk inc flu hosp,1,2026-10-10,31,quantile,0.6,6
2026-10-03,wk inc flu hosp,1,2026-10-10,31,quantile,0.65,7
2026-10-03,wk inc flu hosp,1,2026-10-10,31,quantile,0.7,8
2026-10-03,wk inc flu hosp,1,2026-10-10,31,quantile,0.75,9
2026-10-03,wk inc flu hosp,1,2026-10-10,31,quantile,0.8,10
2026-10-03,wk inc flu hosp,1,2026-10-10,31,quantile,0.85,12
2026-10-03,wk inc flu hosp,1,2026-10-10,31,quantile,0.9,16
2026-10-03,wk inc flu hosp,1,2026-10-10,31,quantile,0.95,22
2026-10-03,wk inc flu hosp,1,2026-10-10,31,quantile,0.975,29
2026-10-03,wk inc flu hosp,1,2026-10-10,31,quantile,0.99,40
2026-10-03,wk inc flu hosp,2,2026-10-17,31,quantile,0.01,0
2026-10-03,wk inc flu hosp,2,2026-10-17,31,quantile,0.025,0
2026-10-03,wk inc flu hosp,2,2026-10-17,31,quantile,0.05,0
2026-10-03,wk inc flu hosp,2,2026-10-17,31,quantile,0.1,1
2026-10-03,wk inc flu hosp,2,2026-10-17,31,quantile,0.15,1
2026-10-03,wk inc flu hosp,2,2026-10-17,31,quantile,0.2,2
2026-10-03,wk inc flu hosp,2,2026-10-17,31,quantile,0.25,2
2026-10-03,wk inc flu hosp,2,2026-10-17,31,quantile,0.3,3
2026-10-03,wk inc flu hosp,2,2026-10-17,31,quantile,0.35,3
2026-10-03,wk inc flu hosp,2,2026-10-17,31,quantile,0.4,4
2026-10-03,wk inc flu hosp,2,2026-10-17,31,quantile,0.45,5
2026-10-03,wk inc flu hosp,2,2026-10-17,31,quantile,0.5,5
2026-10-03,wk inc flu hosp,2,2026-10-17,31,quantile,0.55,6
2026-10-03,wk inc flu hosp,2,2026-10-17,31,quantile,0.6,7
2026-10-03,wk inc flu hosp,2,2026-10-17,31,quantile,0.65,8
2026-10-03,wk inc flu hosp,2,2026-10-17,31,quantile,0.7,9
2026-10-03,wk inc flu hosp,2,2026-10-17,31,quantile,0.75,11
2026-10-03,wk inc flu hosp,2,2026-10-17,31,quantile,0.8,13
2026-10-03,wk inc flu hosp,2,2026-10-17,31,quantile,0.85,16
2026-10-03,wk inc flu hosp,2,2026-10-17,31,quantile,0.9,21
2026-10-03,wk inc flu hosp,2,2026-10-17,31,quantile,0.95,30
2026-10-03,wk inc flu hosp,2,2026-10-17,31,quantile,0.975,41
2026-10-03,wk inc flu hosp,2,2026-10-17,31,quantile,0.99,58
2026-10-03,wk inc flu hosp,3,2026-10-24,31,quantile,0.01,0
2026-10-03,wk inc flu hosp,3,2026-10-24,31,quantile,0.025,0
2026-10-03,wk inc flu hosp,3,2026-10-24,31,quantile,0.05,0
2026-10-03,wk inc flu hosp,3,2026-10-24,31,quantile,0.1,1
2026-10-03,wk inc flu hosp,3,2026-10-24,31,quantile,0.15,1
2026-10-03,wk inc flu hosp,3,2026-10-24,31,quantile,0.2,2
2026-10-03,wk inc flu hosp,3,2026-10-24,31,quantile,0.25,3
2026-10-03,wk inc flu hosp,3,2026-10-24,31,quantile,0.3,3
2026-10-03,wk inc flu hosp,3,2026-10-24,31,quantile,0.35,4
2026-10-03,wk inc flu hosp,3,2026-10-24,31,quantile,0.4,5
2026-10-03,wk inc flu hosp,3,2026-10-24,31,quantile,0.45,5
2026-10-03,wk inc flu hosp,3,2026-10-24,31,quantile,0.5,6
2026-10-03,wk inc flu hosp,3,2026-10-24,31,quantile,0.55,7
2026-10-03,wk inc flu hosp,3,2026-10-24,31,quantile,0.6,8
2026-10-03,wk inc flu hosp,3,2026-10-24,31,quantile,0.65,10
2026-10-03,wk inc flu hosp,3,2026-10-24,31,quantile,0.7,12
2026-10-03,wk inc flu hosp,3,2026-10-24,31,quantile,0.75,14
2026-10-03,wk inc flu hosp,3,2026-10-24,31,quantile,0.8,16
2026-10-03,wk inc flu hosp,3,2026-10-24,31,quantile,0.85,20
2026-10-03,wk inc flu hosp,3,2026-10-24,31,quantile,0.9,27
2026-10-03,wk inc flu hosp,3,2026-10-24,31,quantile,0.95,39
2026-10-03,wk inc flu hosp,3,2026-10-24,31,quantile,0.975,55
2026-10-03,wk inc flu hosp,3,2026-10-24,31,quantile,0.99,81
2026-10-03,wk inc flu hosp,0,2026-10-03,32,quantile,0.01,9
2026-10-03,wk inc flu hosp,0,2026-10-03,32,quantile,0.025,11
2026-10-03,wk inc flu hosp,0,2026-10-03,32,quantile,0.05,14
2026-10-03,wk inc flu hosp,0,2026-10-03,32,quantile,0.1,17
2026-10-03,wk inc flu hosp,0,2026-10-03,32,quantile,0.15,20
2026-10-03,wk inc flu hosp,0,2026-10-03,32,quantile,0.2,23
2026-10-03,wk inc flu hosp,0,2026-10-03,32,quantile,0.25,25
2026-10-03,wk inc flu hosp,0,2026-10-03,32,quantile,0.3,28
2026-10-03,wk inc flu hosp,0,2026-10-03,32,quantile,0.35,30
2026-10-03,wk inc flu hosp,0,2026-10-03,32,quantile,0.4,32
2026-10-03,wk inc flu hosp,0,2026-10-03,32,quantile,0.45,35
2026-10-03,wk inc flu hosp,0,2026-10-03,32,quantile,0.5,38
2026-10-03,wk inc flu hosp,0,2026-10-03,32,quantile,0.55,41
2026-10-03,wk inc flu hosp,0,2026-10-03,32,quantile,0.6,45
2026-10-03,wk inc flu hosp,0,2026-10-03,32,quantile,0.65,48
2026-10-03,wk inc flu hosp,0,2026-10-03,32,quantile,0.7,53
2026-10-03,wk inc flu hosp,0,2026-10-03,32,quantile,0.75,58
2026-10-03,wk inc flu hosp,0,2026-10-03,32,quantile,0.8,64
2026-10-03,wk inc flu hosp,0,2026-10-03,32,quantile,0.85,72
2026-10-03,wk inc flu hosp,0,2026-10-03,32,quantile,0.9,84
2026-10-03,wk inc flu hosp,0,2026-10-03,32,quantile,0.95,105
2026-10-03,wk inc flu hosp,0,2026-10-03,32,quantile,0.975,126
2026-10-03,wk inc flu hosp,0,2026-10-03,32,quantile,0.99,159
2026-10-03,wk inc flu hosp,1,2026-10-10,32,quantile,0.01,8
2026-10-03,wk inc flu hosp,1,2026-10-10,32,quantile,0.025,11
2026-10-03,wk inc flu hosp,1,2026-10-10,32,quantile,0.05,14
2026-10-03,wk inc flu hosp,1,2026-10-10,32,quantile,0.1,18
2026-10-03,wk inc flu hosp,1,2026-10-10,32,quantile,0.15,22
2026-10-03,wk inc flu hosp,1,2026-10-10,32,quantile,0.2,25
2026-10-03,wk inc flu hosp,1,2026-10-10,32,quantile,0.25,28
2026-10-03,wk inc flu hosp,1,2026-10-10,32,quantile,0.3,31
2026-10-03,wk inc flu hosp,1,2026-10-10,32,quantile,0.35,34
2026-10-03,wk inc flu hosp,1,2026-10-10,32,quantile,0.4,37
2026-10-03,wk inc flu hosp,1,2026-10-10,32,quantile,0.45,41
2026-10-03,wk inc flu hosp,1,2026-10-10,32,quantile,0.5,44
2026-10-03,wk inc flu hosp,1,2026-10-10,32,quantile,0.55,49
2026-10-03,wk inc flu hosp,1,2026-10-10,32,quantile,0.6,53
2026-10-03,wk inc flu hosp,1,2026-10-10,32,quantile,0.65,58
2026-10-03,wk inc flu hosp,1,2026-10-10,32,quantile,0.7,64
2026-10-03,wk inc flu hosp,1,2026-10-10,32,quantile,0.75,71
2026-10-03,wk inc flu hosp,1,2026-10-10,32,quantile,0.8,80
2026-10-03,wk inc flu hosp,1,2026-10-10,32,quantile,0.85,91
2026-10-03,wk inc flu hosp,1,2026-10-10,32,quantile,0.9,108
2026-10-03,wk inc flu hosp,1,2026-10-10,32,quantile,0.95,139
2026-10-03,wk inc flu hosp,1,2026-10-10,32,quantile,0.975,172
2026-10-03,wk inc flu hosp,1,2026-10-10,32,quantile,0.99,221
2026-10-03,wk inc flu hosp,2,2026-10-17,32,quantile,0.01,8
2026-10-03,wk inc flu hosp,2,2026-10-17,32,quantile,0.025,11
2026-10-03,wk inc flu hosp,2,2026-10-17,32,quantile,0.05,14
2026-10-03,wk inc flu hosp,2,2026-10-17,32,quantile,0.1,19
2026-10-03,wk inc flu hosp,2,2026-10-17,32,quantile,0.15,23
2026-10-03,wk inc flu hosp,2,2026-10-17,32,quantile,0.2,26
2026-10-03,wk inc flu hosp,2,2026-10-17,32,quantile,0.25,30
2026-10-03,wk inc flu hosp,2,2026-10-17,32,quantile,0.3,34
2026-10-03,wk inc flu hosp,2,2026-10-17,32,quantile,0.35,38
2026-10-03,wk inc flu hosp,2,2026-10-17,32,quantile,0.4,42
2026-10-03,wk inc flu hosp,2,2026-10-17,32,quantile,0.45,46
2026-10-03,wk inc flu hosp,2,2026-10-17,32,quantile,0.5,52
2026-10-03,wk inc flu hosp,2,2026-10-17,32,quantile,0.55,57
2026-10-03,wk inc flu hosp,2,2026-10-17,32,quantile,0.6,63
2026-10-03,wk inc flu hosp,2,2026-10-17,32,quantile,0.65,70
2026-10-03,wk inc flu hosp,2,2026-10-17,32,quantile,0.7,78
2026-10-03,wk inc flu hosp,2,2026-10-17,32,quantile,0.75,87
2026-10-03,wk inc flu hosp,2,2026-10-17,32,quantile,0.8,100
2026-10-03,wk inc flu hosp,2,2026-10-17,32,quantile,0.85,116
2026-10-03,wk inc flu hosp,2,2026-10-17,32,quantile,0.9,140
2026-10-03,wk inc flu hosp,2,2026-10-17,32,quantile,0.95,186
2026-10-03,wk inc flu hosp,2,2026-10-17,32,quantile,0.975,238
2026-10-03,wk inc flu hosp,2,2026-10-17,32,quantile,0.99,317
2026-10-03,wk inc flu hosp,3,2026-10-24,32,quantile,0.01,7
2026-10-03,wk inc flu hosp,3,2026-10-24,32,quantile,0.025,11
2026-10-03,wk inc flu hosp,3,2026-10-24,32,quantile,0.05,14
2026-10-03,wk inc flu hosp,3,2026-10-24,32,quantile,0.1,20
2026-10-03,wk inc flu hosp,3,2026-10-24,32,quantile,0.15,24
2026-10-03,wk inc flu hosp,3,2026-10-24,32,quantile,0.2,29
2026-10-03,wk inc flu hosp,3,2026-10-24,32,quantile,0.25,33
2026-10-03,wk inc flu hosp,3,2026-10-24,32,quantile,0.3,38
2026-10-03,wk inc flu hosp,3,2026-10-24,32,quantile,0.35,43
2026-10-03,wk inc flu hosp,3,2026-10-24,32,quantile,0.4,48
2026-10-03,wk inc flu hosp,3,2026-10-24,32,quantile,0.45,54
2026-10-03,wk inc flu hosp,3,2026-10-24,32,quantile,0.5,60
2026-10-03,wk inc flu hosp,3,2026-10-24,32,quantile,0.55,67
2026-10-03,wk inc flu hosp,3,2026-10-24,32,quantile,0.6,76
2026-10-03,wk inc flu hosp,3,2026-10-24,32,quantile,0.65,85
2026-10-03,wk inc flu hosp,3,2026-10-24,32,quantile,0.7,96
2026-10-03,wk inc flu hosp,3,2026-10-24,32,quantile,0.75,109
2026-10-03,wk inc flu hosp,3,2026-10-24,32,quantile,0.8,125
2026-10-03,wk inc flu hosp,3,2026-10-24,32,quantile,0.85,149
2026-10-03,wk inc flu hosp,3,2026-10-24,32,quantile,0.9,184
2026-10-03,wk inc flu hosp,3,2026-10-24,32,quantile,0.95,254
2026-10-03,wk inc flu hosp,3,2026-10-24,32,quantile,0.975,336
2026-10-03,wk inc flu hosp,3,2026-10-24,32,quantile,0.99,459
2026-10-03,wk inc flu hosp,0,2026-10-03,33,quantile,0.01,0
2026-10-03,wk inc flu hosp,0,2026-10-03,33,quantile,0.025,0
2026-10-03,wk inc flu hosp,0,2026-10-03,33,quantile,0.05,0
2026-10-03,wk inc flu hosp,0,2026-10-03,33,quantile,0.1,1
2026-10-03,wk inc flu hosp,0,2026-10-03,33,quantile,0.15,1
2026-10-03,wk inc flu hosp,0,2026-10-03,33,quantile,0.2,1
2026-10-03,wk inc flu hosp,0,2026-10-03,33,quantile,0.25,2
2026-10-03,wk inc flu hosp,0,2026-10-03,33,quantile,0.3,2
2026-10-03,wk inc flu hosp,0,2026-10-03,33,quantile,0.35,2
2026-10-03,wk inc flu hosp,0,2026-10-03,33,quantile,0.4,3
2026-10-03,wk inc flu hosp,0,2026-10-03,33,quantile,0.45,3
2026-10-03,wk inc flu hosp,0,2026-10-03,33,quantile,0.5,3
2026-10-03,wk inc flu hosp,0,2026-10-03,33,quantile,0.55,4
2026-10-03,wk inc flu hosp,0,2026-10-03,33,quantile,0.6,4
2026-10-03,wk inc flu hosp,0,2026-10-03,33,quantile,0.65,5
2026-10-03,wk inc flu hosp,0,2026-10-03,33,quantile,0.7,5
2026-10-03,wk inc flu hosp,0,2026-10-03,33,quantile,0.75,6
2026-10-03,wk inc flu hosp,0,2026-10-03,33,quantile,0.8,7
2026-10-03,wk inc flu hosp,0,2026-10-03,33,quantile,0.85,8
2026-10-03,wk inc flu hosp,0,2026-10-03,33,quantile,0.9,10
2026-10-03,wk inc flu hosp,0,2026-10-03,33,quantile,0.95,13
2026-10-03,wk inc flu hosp,0,2026-10-03,33,quantile,0.975,16
2026-10-03,wk inc flu hosp,0,2026-10-03,33,quantile,0.99,22
2026-10-03,wk inc flu hosp,1,2026-10-10,33,quantile,0.01,0
2026-10-03,wk inc flu hosp,1,2026-10-10,33,quantile,0.025,0
2026-10-03,wk inc flu hosp,1,2026-10-10,33,quantile,0.05,0
2026-10-03,wk inc flu hosp,1,2026-10-10,33,quantile,0.1,1
2026-10-03,wk inc flu hosp,1,2026-10-10,33,quantile,0.15,1
2026-10-03,wk inc flu hosp,1,2026-10-10,33,quantile,0.2,1
2026-10-03,wk inc flu hosp,1,2026-10-10,33,quantile,0.25,2
2026-10-03,wk inc flu hosp,1,2026-10-10,33,quantile,0.3,2
2026-10-03,wk inc flu hosp,1,2026-10-10,33,quantile,0.35,3
2026-10-03,wk inc flu hosp,1,2026-10-10,33,quantile,0.4,3
2026-10-03,wk inc flu hosp,1,2026-10-10,33,quantile,0.45,3
2026-10-03,wk inc flu hosp,1,2026-10-10,33,quantile,0.5,4
2026-10-03,wk inc flu hosp,1,2026-10-10,33,quantile,0.55,4
2026-10-03,wk inc flu hosp,1,2026-10-10,33,quantile,0.6,5
2026-10-03,wk inc flu hosp,1,2026-10-10,33,quantile,0.65,6
2026-10-03,wk inc flu hosp,1,2026-10-10,33,quantile,0.7,7
2026-10-03,wk inc flu hosp,1,2026-10-10,33,quantile,0.75,8
2026-10-03,wk inc flu hosp,1,2026-10-10,33,quantile,0.8,9
2026-10-03,wk inc flu hosp,1,2026-10-10,33,quantile,0.85,10
2026-10-03,wk inc flu hosp,1,2026-10-10,33,quantile,0.9,13
2026-10-03,wk inc flu hosp,1,2026-10-10,33,quantile,0.95,18
2026-10-03,wk inc flu hosp,1,2026-10-10,33,quantile,0.975,24
2026-10-03,wk inc flu hosp,1,2026-10-10,33,quantile,0.99,32
2026-10-03,wk inc flu hosp,2,2026-10-17,33,quantile,0.01,0
2026-10-03,wk inc flu hosp,2,2026-10-17,33,quantile,0.025,0
2026-10-03,wk inc flu hosp,2,2026-10-17,33,quantile,0.05,0
2026-10-03,wk inc flu hosp,2,2026-10-17,33,quantile,0.1,1
2026-10-03,wk inc flu hosp,2,2026-10-17,33,quantile,0.15,1
2026-10-03,wk inc flu hosp,2,2026-10-17,33,quantile,0.2,2
2026-10-03,wk inc flu hosp,2,2026-10-17,33,quantile,0.25,2
2026-10-03,wk inc flu hosp,2,2026-10-17,33,quantile,0.3,3
2026-10-03,wk inc flu hosp,2,2026-10-17,33,quantile,0.35,3
2026-10-03,wk inc flu hosp,2,2026-10-17,33,quantile,0.4,4
2026-10-03,wk inc flu hosp,2,2026-10-17,33,quantile,0.45,4
2026-10-03,wk inc flu hosp,2,2026-10-17,33,quantile,0.5,5
2026-10-03,wk inc flu hosp,2,2026-10-17,33,quantile,0.55,6
2026-10-03,wk inc flu hosp,2,2026-10-17,33,quantile,0.6,7
2026-10-03,wk inc flu hosp,2,2026-10-17,33,quantile,0.65,8
2026-10-03,wk inc flu hosp,2,2026-10-17,33,quantile,0.7,9
2026-10-03,wk inc flu hosp,2,2026-10-17,33,quantile,0.75,10
2026-10-03,wk inc flu hosp,2,2026-10-17,33,quantile,0.8,12
2026-10-03,wk inc flu hosp,2,2026-10-17,33,quantile,0.85,15
2026-10-03,wk inc flu hosp,2,2026-10-17,33,quantile,0.9,19
2026-10-03,wk inc flu hosp,2,2026-10-17,33,quantile,0.95,27
2026-10-03,wk inc flu hosp,2,2026-10-17,33,quantile,0.975,36
2026-10-03,wk inc flu hosp,2,2026-10-17,33,quantile,0.99,52
2026-10-03,wk inc flu hosp,3,2026-10-24,33,quantile,0.01,0
2026-10-03,wk inc flu hosp,3,2026-10-24,33,quantile,0.025,0
2026-10-03,wk inc flu hosp,3,2026-10-24,33,quantile,0.05,0
2026-10-03,wk inc flu hosp,3,2026-10-24,33,quantile,0.1,1
2026-10-03,wk inc flu hosp,3,2026-10-24,33,quantile,0.15,2
2026-10-03,wk inc flu hosp,3,2026-10-24,33,quantile,0.2,2
2026-10-03,wk inc flu hosp,3,2026-10-24,33,quantile,0.25,3
2026-10-03,wk inc flu hosp,3,2026-10-24,33,quantile,0.3,3
2026-10-03,wk inc flu hosp,3,2026-10-24,33,quantile,0.35,4
2026-10-03,wk inc flu hosp,3,2026-10-24,33,quantile,0.4,5
2026-10-03,wk inc flu hosp,3,2026-10-24,33,quantile,0.45,5
2026-10-03,wk inc flu hosp,3,2026-10-24,33,quantile,0.5,6
2026-10-03,wk inc flu hosp,3,2026-10-24,33,quantile,0.55,7
2026-10-03,wk inc flu hosp,3,2026-10-24,33,quantile,0.6,9
2026-10-03,wk inc flu hosp,3,2026-10-24,33,quantile,0.65,10
2026-10-03,wk inc flu hosp,3,2026-10-24,33,quantile,0.7,12
2026-10-03,wk inc flu hosp,3,2026-10-24,33,quantile,0.75,14
2026-10-03,wk inc flu hosp,3,2026-10-24,33,quantile,0.8,17
2026-10-03,wk inc flu hosp,3,2026-10-24,33,quantile,0.85,21
2026-10-03,wk inc flu hosp,3,2026-10-24,33,quantile,0.9,27
2026-10-03,wk inc flu hosp,3,2026-10-24,33,quantile,0.95,39
2026-10-03,wk inc flu hosp,3,2026-10-24,33,quantile,0.975,55
2026-10-03,wk inc flu hosp,3,2026-10-24,33,quantile,0.99,82
2026-10-03,wk inc flu hosp,0,2026-10-03,34,quantile,0.01,17
2026-10-03,wk inc flu hosp,0,2026-10-03,34,quantile,0.025,21
2026-10-03,wk inc flu hosp,0,2026-10-03,34,quantile,0.05,26
2026-10-03,wk inc flu hosp,0,2026-10-03,34,quantile,0.1,32
2026-10-03,wk inc flu hosp,0,2026-10-03,34,quantile,0.15,37
2026-10-03,wk inc flu hosp,0,2026-10-03,34,quantile,0.2,41
2026-10-03,wk inc flu hosp,0,2026-10-03,34,quantile,0.25,46
2026-10-03,wk inc flu hosp,0,2026-10-03,34,quantile,0.3,50
2026-10-03,wk inc flu hosp,0,2026-10-03,34,quantile,0.35,54
2026-10-03,wk inc flu hosp,0,2026-10-03,34,quantile,0.4,59
2026-10-03,wk inc flu hosp,0,2026-10-03,34,quantile,0.45,63
2026-10-03,wk inc flu hosp,0,2026-10-03,34,quantile,0.5,68
2026-10-03,wk inc flu hosp,0,2026-10-03,34,quantile,0.55,73
2026-10-03,wk inc flu hosp,0,2026-10-03,34,quantile,0.6,79
2026-10-03,wk inc flu hosp,0,2026-10-03,34,quantile,0.65,85
2026-10-03,wk inc flu hosp,0,2026-10-03,34,quantile,0.7,92
2026-10-03,wk inc flu hosp,0,2026-10-03,34,quantile,0.75,101
2026-10-03,wk inc flu hosp,0,2026-10-03,34,quantile,0.8,111
2026-10-03,wk inc flu hosp,0,2026-10-03,34,quantile,0.85,124
2026-10-03,wk inc flu hosp,0,2026-10-03,34,quantile,0.9,143
2026-10-03,wk inc flu hosp,0,2026-10-03,34,quantile,0.95,177
2026-10-03,wk inc flu hosp,0,2026-10-03,34,quantile,0.975,212
2026-10-03,wk inc flu hosp,0,2026-10-03,34,quantile,0.99,263
2026-10-03,wk inc flu hosp,1,2026-10-10,34,quantile,0.01,16
2026-10-03,wk inc flu hosp,1,2026-10-10,34,quantile,0.025,20
2026-10-03,wk inc flu hosp,1,2026-10-10,34,quantile,0.05,25
2026-10-03,wk inc flu hosp,1,2026-10-10,34,quantile,0.1,32
2026-10-03,wk inc flu hosp,1,2026-10-10,34,quantile,0.15,38
2026-10-03,wk inc flu hosp,1,2026-10-10,34,quantile,0.2,43
2026-10-03,wk inc flu hosp,1,2026-10-10,34,quantile,0.25,49
2026-10-03,wk inc flu hosp,1,2026-10-10,34,quantile,0.3,54
2026-10-03,wk inc flu hosp,1,2026-10-10,34,quantile,0.35,59
2026-10-03,wk inc flu hosp,1,2026-10-10,34,quantile,0.4,64
2026-10-03,wk inc flu hosp,1,2026-10-10,34,quantile,0.45,70
2026-10-03,wk inc flu hosp,1,2026-10-10,34,quantile,0.5,76
2026-10-03,wk inc flu hosp,1,2026-10-10,34,quantile,0.55,83
2026-10-03,wk inc flu hosp,1,2026-10-10,34,quantile,0.6,91
2026-10-03,wk inc flu hosp,1,2026-10-10,34,quantile,0.65,99
2026-10-03,wk inc flu hosp,1,2026-10-10,34,quantile,0.7,109
2026-10-03,wk inc flu hosp,1,2026-10-10,34,quantile,0.75,120
2026-10-03,wk inc flu hosp,1,2026-10-10,34,quantile,0.8,134
2026-10-03,wk inc flu hosp,1,2026-10-10,34,quantile,0.85,153
2026-10-03,wk inc flu hosp,1,2026-10-10,34,quantile,0.9,181
2026-10-03,wk inc flu hosp,1,2026-10-10,34,quantile,0.95,231
2026-10-03,wk inc flu hosp,1,2026-10-10,34,quantile,0.975,284
2026-10-03,wk inc flu hosp,1,2026-10-10,34,quantile,0.99,364
2026-10-03,wk inc flu hosp,2,2026-10-17,34,quantile,0.01,14
2026-10-03,wk inc flu hosp,2,2026-10-17,34,quantile,0.025,19
2026-10-03,wk inc flu hosp,2,2026-10-17,34,quantile,0.05,24
2026-10-03,wk inc flu hosp,2,2026-10-17,34,quantile,0.1,32
2026-10-03,wk inc flu hosp,2,2026-10-17,34,quantile,0.15,39
2026-10-03,wk inc flu hosp,2,2026-10-17,34,quantile,0.2,45
2026-10-03,wk inc flu hosp,2,2026-10-17,34,quantile,0.25,51
2026-10-03,wk inc flu hosp,2,2026-10-17,34,quantile,0.3,57
2026-10-03,wk inc flu hosp,2,2026-10-17,34,quantile,0.35,64
2026-10-03,wk inc flu hosp,2,2026-10-17,34,quantile,0.4,71
2026-10-03,wk inc flu hosp,2,2026-10-17,34,quantile,0.45,78
2026-10-03,wk inc flu hosp,2,2026-10-17,34,quantile,0.5,86
2026-10-03,wk inc flu hosp,2,2026-10-17,34,quantile,0.55,95
2026-10-03,wk inc flu hosp,2,2026-10-17,34,quantile,0.6,105
2026-10-03,wk inc flu hosp,2,2026-10-17,34,quantile,0.65,116
2026-10-03,wk inc flu hosp,2,2026-10-17,34,quantile,0.7,129
2026-10-03,wk inc flu hosp,2,2026-10-17,34,quantile,0.75,145
2026-10-03,wk inc flu hosp,2,2026-10-17,34,quantile,0.8,165
2026-10-03,wk inc flu hosp,2,2026-10-17,34,quantile,0.85,193
2026-10-03,wk inc flu hosp,2,2026-10-17,34,quantile,0.9,233
2026-10-03,wk inc flu hosp,2,2026-10-17,34,quantile,0.95,307
2026-10-03,wk inc flu hosp,2,2026-10-17,34,quantile,0.975,392
2026-10-03,wk inc flu hosp,2,2026-10-17,34,quantile,0.99,521
2026-10-03,wk inc flu hosp,3,2026-10-24,34,quantile,0.01,13
2026-10-03,wk inc flu hosp,3,2026-10-24,34,quantile,0.025,18
2026-10-03,wk inc flu hosp,3,2026-10-24,34,quantile,0.05,23
2026-10-03,wk inc flu hosp,3,2026-10-24,34,quantile,0.1,32
2026-10-03,wk inc flu hosp,3,2026-10-24,34,quantile,0.15,40
2026-10-03,wk inc flu hosp,3,2026-10-24,34,quantile,0.2,47
2026-10-03,wk inc flu hosp,3,2026-10-24,34,quantile,0.25,55
2026-10-03,wk inc flu hosp,3,2026-10-24,34,quantile,0.3,62
2026-10-03,wk inc flu hosp,3,2026-10-24,34,quantile,0.35,70
2026-10-03,wk inc flu hosp,3,2026-10-24,34,quantile,0.4,79
2026-10-03,wk inc flu hosp,3,2026-10-24,34,quantile,0.45,88
2026-10-03,wk inc flu hosp,3,2026-10-24,34,quantile,0.5,98
2026-10-03,wk inc flu hosp,3,2026-10-24,34,quantile,0.55,109
2026-10-03,wk inc flu hosp,3,2026-10-24,34,quantile,0.6,121
2026-10-03,wk inc flu hosp,3,2026-10-24,34,quantile,0.65,137
2026-10-03,wk inc flu hosp,3,2026-10-24,34,quantile,0.7,154
2026-10-03,wk inc flu hosp,3,2026-10-24,34,quantile,0.75,174
2026-10-03,wk inc flu hosp,3,2026-10-24,34,quantile,0.8,201
2026-10-03,wk inc flu hosp,3,2026-10-24,34,quantile,0.85,237
2026-10-03,wk inc flu hosp,3,2026-10-24,34,quantile,0.9,293
2026-10-03,wk inc flu hosp,3,2026-10-24,34,quantile,0.95,400
2026-10-03,wk inc flu hosp,3,2026-10-24,34,quantile,0.975,527
2026-10-03,wk inc flu hosp,3,2026-10-24,34,quantile,0.99,724
2026-10-03,wk inc flu hosp,0,2026-10-03,35,quantile,0.01,2
2026-10-03,wk inc flu hosp,0,2026-10-03,35,quantile,0.025,2
2026-10-03,wk inc flu hosp,0,2026-10-03,35,quantile,0.05,3
2026-10-03,wk inc flu hosp,0,2026-10-03,35,quantile,0.1,4
2026-10-03,wk inc flu hosp,0,2026-10-03,35,quantile,0.15,5
2026-10-03,wk inc flu hosp,0,2026-10-03,35,quantile,0.2,5
2026-10-03,wk inc flu hosp,0,2026-10-03,35,quantile,0.25,6
2026-10-03,wk inc flu hosp,0,2026-10-03,35,quantile,0.3,7
2026-10-03,wk inc flu hosp,0,2026-10-03,35,quantile,0.35,7
2026-10-03,wk inc flu hosp,0,2026-10-03,35,quantile,0.4,8
2026-10-03,wk inc flu hosp,0,2026-10-03,35,quantile,0.45,9
2026-10-03,wk inc flu hosp,0,2026-10-03,35,quantile,0.5,10
2026-10-03,wk inc flu hosp,0,2026-10-03,35,quantile,0.55,10
2026-10-03,wk inc flu hosp,0,2026-10-03,35,quantile,0.6,11
2026-10-03,wk inc flu hosp,0,2026-10-03,35,quantile,0.65,12
2026-10-03,wk inc flu hosp,0,2026-10-03,35,quantile,0.7,14
2026-10-03,wk inc flu hosp,0,2026-10-03,35,quantile,0.75,15
2026-10-03,wk inc flu hosp,0,2026-10-03,35,quantile,0.8,17
2026-10-03,wk inc flu hosp,0,2026-10-03,35,quantile,0.85,19
2026-10-03,wk inc flu hosp,0,2026-10-03,35,quantile,0.9,22
2026-10-03,wk inc flu hosp,0,2026-10-03,35,quantile,0.95,27
2026-10-03,wk inc flu hosp,0,2026-10-03,35,quantile,0.975,33
2026-10-03,wk inc flu hosp,0,2026-10-03,35,quantile,0.99,42
2026-10-03,wk inc flu hosp,1,2026-10-10,35,quantile,0.01,1
2026-10-03,wk inc flu hosp,1,2026-10-10,35,quantile,0.025,2
2026-10-03,wk inc flu hosp,1,2026-10-10,35,quantile,0.05,3
2026-10-03,wk inc flu hosp,1,2026-10-10,35,quantile,0.1,4
2026-10-03,wk inc flu hosp,1,2026-10-10,35,quantile,0.15,5
2026-10-03,wk inc flu hosp,1,2026-10-10,35,quantile,0.2,6
2026-10-03,wk inc flu hosp,1,2026-10-10,35,quantile,0.25,7
2026-10-03,wk inc flu hosp,1,2026-10-10,35,quantile,0.3,8
2026-10-03,wk inc flu hosp,1,2026-10-10,35,quantile,0.35,9
2026-10-03,wk inc flu hosp,1,2026-10-10,35,quantile,0.4,9
2026-10-03,wk inc flu hosp,1,2026-10-10,35,quantile,0.45,10
2026-10-03,wk inc flu hosp,1,2026-10-10,35,quantile,0.5,11
2026-10-03,wk inc flu hosp,1,2026-10-10,35,quantile,0.55,13
2026-10-03,wk inc flu hosp,1,2026-10-10,35,quantile,0.6,14
2026-10-03,wk inc flu hosp,1,2026-10-10,35,quantile,0.65,15
2026-10-03,wk inc flu hosp,1,2026-10-10,35,quantile,0.7,17
2026-10-03,wk inc flu hosp,1,2026-10-10,35,quantile,0.75,19
2026-10-03,wk inc flu hosp,1,2026-10-10,35,quantile,0.8,21
2026-10-03,wk inc flu hosp,1,2026-10-10,35,quantile,0.85,25
2026-10-03,wk inc flu hosp,1,2026-10-10,35,quantile,0.9,29
2026-10-03,wk inc flu hosp,1,2026-10-10,35,quantile,0.95,38
2026-10-03,wk inc flu hosp,1,2026-10-10,35,quantile,0.975,48
2026-10-03,wk inc flu hosp,1,2026-10-10,35,quantile,0.99,62
2026-10-03,wk inc flu hosp,2,2026-10-17,35,quantile,0.01,1
2026-10-03,wk inc flu hosp,2,2026-10-17,35,quantile,0.025,2
2026-10-03,wk inc flu hosp,2,2026-10-17,35,quantile,0.05,3
2026-10-03,wk inc flu hosp,2,2026-10-17,35,quantile,0.1,4
2026-10-03,wk inc flu hosp,2,2026-10-17,35,quantile,0.15,5
2026-10-03,wk inc flu hosp,2,2026-10-17,35,quantile,0.2,7
2026-10-03,wk inc flu hosp,2,2026-10-17,35,quantile,0.25,8
2026-10-03,wk inc flu hosp,2,2026-10-17,35,quantile,0.3,9
2026-10-03,wk inc flu hosp,2,2026-10-17,35,quantile,0.35,10
2026-10-03,wk inc flu hosp,2,2026-10-17,35,quantile,0.4,11
2026-10-03,wk inc flu hosp,2,2026-10-17,35,quantile,0.45,12
2026-10-03,wk inc flu hosp,2,2026-10-17,35,quantile,0.5,14
2026-10-03,wk inc flu hosp,2,2026-10-17,35,quantile,0.55,15
2026-10-03,wk inc flu hosp,2,2026-10-17,35,quantile,0.6,17
2026-10-03,wk inc flu hosp,2,2026-10-17,35,quantile,0.65,19
2026-10-03,wk inc flu hosp,2,2026-10-17,35,quantile,0.7,22
2026-10-03,wk inc flu hosp,2,2026-10-17,35,quantile,0.75,25
2026-10-03,wk inc flu hosp,2,2026-10-17,35,quantile,0.8,28
2026-10-03,wk inc flu hosp,2,2026-10-17,35,quantile,0.85,33
2026-10-03,wk inc flu hosp,2,2026-10-17,35,quantile,0.9,41
2026-10-03,wk inc flu hosp,2,2026-10-17,35,quantile,0.95,55
2026-10-03,wk inc flu hosp,2,2026-10-17,35,quantile,0.975,72
2026-10-03,wk inc flu hosp,2,2026-10-17,35,quantile,0.99,97
2026-10-03,wk inc flu hosp,3,2026-10-24,35,quantile,0.01,1
2026-10-03,wk inc flu hosp,3,2026-10-24,35,quantile,0.025,2
2026-10-03,wk inc flu hosp,3,2026-10-24,35,quantile,0.05,3
2026-10-03,wk inc flu hosp,3,2026-10-24,35,quantile,0.1,5
2026-10-03,wk inc flu hosp,3,2026-10-24,35,quantile,0.15,6
2026-10-03,wk inc flu hosp,3,2026-10-24,35,quantile,0.2,7
2026-10-03,wk inc flu hosp,3,2026-10-24,35,quantile,0.25,9
2026-10-03,wk inc flu hosp,3,2026-10-24,35,quantile,0.3,10
2026-10-03,wk inc flu hosp,3,2026-10-24,35,quantile,0.35,12
2026-10-03,wk inc flu hosp,3,2026-10-24,35,quantile,0.4,13
2026-10-03,wk inc flu hosp,3,2026-10-24,35,quantile,0.45,15
2026-10-03,wk inc flu hosp,3,2026-10-24,35,quantile,0.5,17
2026-10-03,wk inc flu hosp,3,2026-10-24,35,quantile,0.55,19
2026-10-03,wk inc flu hosp,3,2026-10-24,35,quantile,0.6,22
2026-10-03,wk inc flu hosp,3,2026-10-24,35,quantile,0.65,24
2026-10-03,wk inc flu hosp,3,2026-10-24,35,quantile,0.7,28
2026-10-03,wk inc flu hosp,3,2026-10-24,35,quantile,0.75,32
2026-10-03,wk inc flu hosp,3,2026-10-24,35,quantile,0.8,38
2026-10-03,wk inc flu hosp,3,2026-10-24,35,quantile,0.85,45
2026-10-03,wk inc flu hosp,3,2026-10-24,35,quantile,0.9,57
2026-10-03,wk inc flu hosp,3,2026-10-24,35,quantile,0.95,79
2026-10-03,wk inc flu hosp,3,2026-10-24,35,quantile,0.975,105
2026-10-03,wk inc flu hosp,3,2026-10-24,35,quantile,0.99,145
2026-10-03,wk inc flu hosp,0,2026-10-03,36,quantile,0.01,33
2026-10-03,wk inc flu hosp,0,2026-10-03,36,quantile,0.025,39
2026-10-03,wk inc flu hosp,0,2026-10-03,36,quantile,0.05,45
2026-10-03,wk inc flu hosp,0,2026-10-03,36,quantile,0.1,54
2026-10-03,wk inc flu hosp,0,2026-10-03,36,quantile,0.15,61
2026-10-03,wk inc flu hosp,0,2026-10-03,36,quantile,0.2,67
2026-10-03,wk inc flu hosp,0,2026-10-03,36,quantile,0.25,73
2026-10-03,wk inc flu hosp,0,2026-10-03,36,quantile,0.3,78
2026-10-03,wk inc flu hosp,0,2026-10-03,36,quantile,0.35,84
2026-10-03,wk inc flu hosp,0,2026-10-03,36,quantile,0.4,89
2026-10-03,wk inc flu hosp,0,2026-10-03,36,quantile,0.45,95
2026-10-03,wk inc flu hosp,0,2026-10-03,36,quantile,0.5,101
2026-10-03,wk inc flu hosp,0,2026-10-03,36,quantile,0.55,107
2026-10-03,wk inc flu hosp,0,2026-10-03,36,quantile,0.6,114
2026-10-03,wk inc flu hosp,0,2026-10-03,36,quantile,0.65,121
2026-10-03,wk inc flu hosp,0,2026-10-03,36,quantile,0.7,129
2026-10-03,wk inc flu hosp,0,2026-10-03,36,quantile,0.75,139
2026-10-03,wk inc flu hosp,0,2026-10-03,36,quantile,0.8,150
2026-10-03,wk inc flu hosp,0,2026-10-03,36,quantile,0.85,165
2026-10-03,wk inc flu hosp,0,2026-10-03,36,quantile,0.9,186
2026-10-03,wk inc flu hosp,0,2026-10-03,36,quantile,0.95,222
2026-10-03,wk inc flu hosp,0,2026-10-03,36,quantile,0.975,258
2026-10-03,wk inc flu hosp,0,2026-10-03,36,quantile,0.99,307
2026-10-03,wk inc flu hosp,1,2026-10-10,36,quantile,0.01,29
2026-10-03,wk inc flu hosp,1,2026-10-10,36,quantile,0.025,36
2026-10-03,wk inc flu hosp,1,2026-10-10,36,quantile,0.05,43
2026-10-03,wk inc flu hosp,1,2026-10-10,36,quantile,0.1,53
2026-10-03,wk inc flu hosp,1,2026-10-10,36,quantile,0.15,62
2026-10-03,wk inc flu hosp,1,2026-10-10,36,quantile,0.2,69
2026-10-03,wk inc flu hosp,1,2026-10-10,36,quantile,0.25,76
2026-10-03,wk inc flu hosp,1,2026-10-10,36,quantile,0.3,83
2026-10-03,wk inc flu hosp,1,2026-10-10,36,quantile,0.35,90
2026-10-03,wk inc flu hosp,1,2026-10-10,36,quantile,0.4,98
2026-10-03,wk inc flu hosp,1,2026-10-10,36,quantile,0.45,105
2026-10-03,wk inc flu hosp,1,2026-10-10,36,quantile,0.5,113
2026-10-03,wk inc flu hosp,1,2026-10-10,36,quantile,0.55,122
2026-10-03,wk inc flu hosp,1,2026-10-10,36,quantile,0.6,131
2026-10-03,wk inc flu hosp,1,2026-10-10,36,quantile,0.65,142
2026-10-03,wk inc flu hosp,1,2026-10-10,36,quantile,0.7,154
2026-10-03,wk inc flu hosp,1,2026-10-10,36,quantile,0.75,168
2026-10-03,wk inc flu hosp,1,2026-10-10,36,quantile,0.8,185
2026-10-03,wk inc flu hosp,1,2026-10-10,36,quantile,0.85,208
2026-10-03,wk inc flu hosp,1,2026-10-10,36,quantile,0.9,240
2026-10-03,wk inc flu hosp,1,2026-10-10,36,quantile,0.95,297
2026-10-03,wk inc flu hosp,1,2026-10-10,36,quantile,0.975,357
2026-10-03,wk inc flu hosp,1,2026-10-10,36,quantile,0.99,442
2026-10-03,wk inc flu hosp,2,2026-10-17,36,quantile,0.01,25
2026-10-03,wk inc flu hosp,2,2026-10-17,36,quantile,0.025,33
2026-10-03,wk inc flu hosp,2,2026-10-17,36,quantile,0.05,41
2026-10-03,wk inc flu hosp,2,2026-10-17,36,quantile,0.1,53
2026-10-03,wk inc flu hosp,2,2026-10-17,36,quantile,0.15,62
2026-10-03,wk inc flu hosp,2,2026-10-17,36,quantile,0.2,72
2026-10-03,wk inc flu hosp,2,2026-10-17,36,quantile,0.25,81
2026-10-03,wk inc flu hosp,2,2026-10-17,36,quantile,0.3,89
2026-10-03,wk inc flu hosp,2,2026-10-17,36,quantile,0.35,98
2026-10-03,wk inc flu hosp,2,2026-10-17,36,quantile,0.4,108
2026-10-03,wk inc flu hosp,2,2026-10-17,36,quantile,0.45,119
2026-10-03,wk inc flu hosp,2,2026-10-17,36,quantile,0.5,130
2026-10-03,wk inc flu hosp,2,2026-10-17,36,quantile,0.55,142
2026-10-03,wk inc flu hosp,2,2026-10-17,36,quantile,0.6,156
2026-10-03,wk inc flu hosp,2,2026-10-17,36,quantile,0.65,171
2026-10-03,wk inc flu hosp,2,2026-10-17,36,quantile,0.7,189
2026-10-03,wk inc flu hosp,2,2026-10-17,36,quantile,0.75,210
2026-10-03,wk inc flu hosp,2,2026-10-17,36,quantile,0.8,236
2026-10-03,wk inc flu hosp,2,2026-10-17,36,quantile,0.85,271
2026-10-03,wk inc flu hosp,2,2026-10-17,36,quantile,0.9,324
2026-10-03,wk inc flu hosp,2,2026-10-17,36,quantile,0.95,420
2026-10-03,wk inc flu hosp,2,2026-10-17,36,quantile,0.975,524
2026-10-03,wk inc flu hosp,2,2026-10-17,36,quantile,0.99,681
2026-10-03,wk inc flu hosp,3,2026-10-24,36,quantile,0.01,23
2026-10-03,wk inc flu hosp,3,2026-10-24,36,quantile,0.025,31
2026-10-03,wk inc flu hosp,3,2026-10-24,36,quantile,0.05,40
2026-10-03,wk inc flu hosp,3,2026-10-24,36,quantile,0.1,53
2026-10-03,wk inc flu hosp,3,2026-10-24,36,quantile,0.15,65
2026-10-03,wk inc flu hosp,3,2026-10-24,36,quantile,0.2,75
2026-10-03,wk inc flu hosp,3,2026-10-24,36,quantile,0.25,86
2026-10-03,wk inc flu hosp,3,2026-10-24,36,quantile,0.3,97
2026-10-03,wk inc flu hosp,3,2026-10-24,36,quantile,0.35,109
2026-10-03,wk inc flu hosp,3,2026-10-24,36,quantile,0.4,121
2026-10-03,wk inc flu hosp,3,2026-10-24,36,quantile,0.45,134
2026-10-03,wk inc flu hosp,3,2026-10-24,36,quantile,0.5,149
2026-10-03,wk inc flu hosp,3,2026-10-24,36,quantile,0.55,165
2026-10-03,wk inc flu hosp,3,2026-10-24,36,quantile,0.6,183
2026-10-03,wk inc flu hosp,3,2026-10-24,36,quantile,0.65,203
2026-10-03,wk inc flu hosp,3,2026-10-24,36,quantile,0.7,227
2026-10-03,wk inc flu hosp,3,2026-10-24,36,quantile,0.75,256
2026-10-03,wk inc flu hosp,3,2026-10-24,36,quantile,0.8,294
2026-10-03,wk inc flu hosp,3,2026-10-24,36,quantile,0.85,344
2026-10-03,wk inc flu hosp,3,2026-10-24,36,quantile,0.9,420
2026-10-03,wk inc flu hosp,3,2026-10-24,36,quantile,0.95,561
2026-10-03,wk inc flu hosp,3,2026-10-24,36,quantile,0.975,728
2026-10-03,wk inc flu hosp,3,2026-10-24,36,quantile,0.99,983
2026-10-03,wk inc flu hosp,0,2026-10-03,37,quantile,0.01,15
2026-10-03,wk inc flu hosp,0,2026-10-03,37,quantile,0.025,18
2026-10-03,wk inc flu hosp,0,2026-10-03,37,quantile,0.05,21
2026-10-03,wk inc flu hosp,0,2026-10-03,37,quantile,0.1,26
2026-10-03,wk inc flu hosp,0,2026-10-03,37,quantile,0.15,30
2026-10-03,wk inc flu hosp,0,2026-10-03,37,quantile,0.2,34
2026-10-03,wk inc flu hosp,0,2026-10-03,37,quantile,0.25,37
2026-10-03,wk inc flu hosp,0,2026-10-03,37,quantile,0.3,40
2026-10-03,wk inc flu hosp,0,2026-10-03,37,quantile,0.35,43
2026-10-03,wk inc flu hosp,0,2026-10-03,37,quantile,0.4,46
2026-10-03,wk inc flu hosp,0,2026-10-03,37,quantile,0.45,50
2026-10-03,wk inc flu hosp,0,2026-10-03,37,quantile,0.5,53
2026-10-03,wk inc flu hosp,0,2026-10-03,37,quantile,0.55,57
2026-10-03,wk inc flu hosp,0,2026-10-03,37,quantile,0.6,61
2026-10-03,wk inc flu hosp,0,2026-10-03,37,quantile,0.65,65
2026-10-03,wk inc flu hosp,0,2026-10-03,37,quantile,0.7,71
2026-10-03,wk inc flu hosp,0,2026-10-03,37,quantile,0.75,77
2026-10-03,wk inc flu hosp,0,2026-10-03,37,quantile,0.8,84
2026-10-03,wk inc flu hosp,0,2026-10-03,37,quantile,0.85,93
2026-10-03,wk inc flu hosp,0,2026-10-03,37,quantile,0.9,106
2026-10-03,wk inc flu hosp,0,2026-10-03,37,quantile,0.95,129
2026-10-03,wk inc flu hosp,0,2026-10-03,37,quantile,0.975,154
2026-10-03,wk inc flu hosp,0,2026-10-03,37,quantile,0.99,187
2026-10-03,wk inc flu hosp,1,2026-10-10,37,quantile,0.01,13
2026-10-03,wk inc flu hosp,1,2026-10-10,37,quantile,0.025,17
2026-10-03,wk inc flu hosp,1,2026-10-10,37,quantile,0.05,21
2026-10-03,wk inc flu hosp,1,2026-10-10,37,quantile,0.1,26
2026-10-03,wk inc flu hosp,1,2026-10-10,37,quantile,0.15,31
2026-10-03,wk inc flu hosp,1,2026-10-10,37,quantile,0.2,35
2026-10-03,wk inc flu hosp,1,2026-10-10,37,quantile,0.25,39
2026-10-03,wk inc flu hosp,1,2026-10-10,37,quantile,0.3,43
2026-10-03,wk inc flu hosp,1,2026-10-10,37,quantile,0.35,48
2026-10-03,wk inc flu hosp,1,2026-10-10,37,quantile,0.4,52
2026-10-03,wk inc flu hosp,1,2026-10-10,37,quantile,0.45,57
2026-10-03,wk inc flu hosp,1,2026-10-10,37,quantile,0.5,61
2026-10-03,wk inc flu hosp,1,2026-10-10,37,quantile,0.55,66
2026-10-03,wk inc flu hosp,1,2026-10-10,37,quantile,0.6,72
2026-10-03,wk inc flu hosp,1,2026-10-10,37,quantile,0.65,78
2026-10-03,wk inc flu hosp,1,2026-10-10,37,quantile,0.7,86
2026-10-03,wk inc flu hosp,1,2026-10-10,37,quantile,0.75,95
2026-10-03,wk inc flu hosp,1,2026-10-10,37,quantile,0.8,105
2026-10-03,wk inc flu hosp,1,2026-10-10,37,quantile,0.85,120
2026-10-03,wk inc flu hosp,1,2026-10-10,37,quantile,0.9,140
2026-10-03,wk inc flu hosp,1,2026-10-10,37,quantile,0.95,177
2026-10-03,wk inc flu hosp,1,2026-10-10,37,quantile,0.975,218
2026-10-03,wk inc flu hosp,1,2026-10-10,37,quantile,0.99,276
2026-10-03,wk inc flu hosp,2,2026-10-17,37,quantile,0.01,12
2026-10-03,wk inc flu hosp,2,2026-10-17,37,quantile,0.025,16
2026-10-03,wk inc flu hosp,2,2026-10-17,37,quantile,0.05,20
2026-10-03,wk inc flu hosp,2,2026-10-17,37,quantile,0.1,26
2026-10-03,wk inc flu hosp,2,2026-10-17,37,quantile,0.15,32
2026-10-03,wk inc flu hosp,2,2026-10-17,37,quantile,0.2,37
2026-10-03,wk inc flu hosp,2,2026-10-17,37,quantile,0.25,42
2026-10-03,wk inc flu hosp,2,2026-10-17,37,quantile,0.3,47
2026-10-03,wk inc flu hosp,2,2026-10-17,37,quantile,0.35,52
2026-10-03,wk inc flu hosp,2,2026-10-17,37,quantile,0.4,58
2026-10-03,wk inc flu hosp,2,2026-10-17,37,quantile,0.45,64
2026-10-03,wk inc flu hosp,2,2026-10-17,37,quantile,0.5,70
2026-10-03,wk inc flu hosp,2,2026-10-17,37,quantile,0.55,77
2026-10-03,wk inc flu hosp,2,2026-10-17,37,quantile,0.6,85
2026-10-03,wk inc flu hosp,2,2026-10-17,37,quantile,0.65,94
2026-10-03,wk inc flu hosp,2,2026-10-17,37,quantile,0.7,104
2026-10-03,wk inc flu hosp,2,2026-10-17,37,quantile,0.75,117
2026-10-03,wk inc flu hosp,2,2026-10-17,37,quantile,0.8,133
2026-10-03,wk inc flu hosp,2,2026-10-17,37,quantile,0.85,155
2026-10-03,wk inc flu hosp,2,2026-10-17,37,quantile,0.9,187
2026-10-03,wk inc flu hosp,2,2026-10-17,37,quantile,0.95,246
2026-10-03,wk inc flu hosp,2,2026-10-17,37,quantile,0.975,312
2026-10-03,wk inc flu hosp,2,2026-10-17,37,quantile,0.99,413
2026-10-03,wk inc flu hosp,3,2026-10-24,37,quantile,0.01,11
2026-10-03,wk inc flu hosp,3,2026-10-24,37,quantile,0.025,15
2026-10-03,wk inc flu hosp,3,2026-10-24,37,quantile,0.05,20
2026-10-03,wk inc flu hosp,3,2026-10-24,37,quantile,0.1,27
2026-10-03,wk inc flu hosp,3,2026-10-24,37,quantile,0.15,34
2026-10-03,wk inc flu hosp,3,2026-10-24,37,quantile,0.2,40
2026-10-03,wk inc flu hosp,3,2026-10-24,37,quantile,0.25,46
2026-10-03,wk inc flu hosp,3,2026-10-24,37,quantile,0.3,53
2026-10-03,wk inc flu hosp,3,2026-10-24,37,quantile,0.35,59
2026-10-03,wk inc flu hosp,3,2026-10-24,37,quantile,0.4,66
2026-10-03,wk inc flu hosp,3,2026-10-24,37,quantile,0.45,74
2026-10-03,wk inc flu hosp,3,2026-10-24,37,quantile,0.5,82
2026-10-03,wk inc flu hosp,3,2026-10-24,37,quantile,0.55,91
2026-10-03,wk inc flu hosp,3,2026-10-24,37,quantile,0.6,102
2026-10-03,wk inc flu hosp,3,2026-10-24,37,quantile,0.65,114
2026-10-03,wk inc flu hosp,3,2026-10-24,37,quantile,0.7,129
2026-10-03,wk inc flu hosp,3,2026-10-24,37,quantile,0.75,147
2026-10-03,wk inc flu hosp,3,2026-10-24,37,quantile,0.8,169
2026-10-03,wk inc flu hosp,3,2026-10-24,37,quantile,0.85,200
2026-10-03,wk inc flu hosp,3,2026-10-24,37,quantile,0.9,248
2026-10-03,wk inc flu hosp,3,2026-10-24,37,quantile,0.95,340
2026-10-03,wk inc flu hosp,3,2026-10-24,37,quantile,0.975,447
2026-10-03,wk inc flu hosp,3,2026-10-24,37,quantile,0.99,617
2026-10-03,wk inc flu hosp,0,2026-10-03,38,quantile,0.01,0
2026-10-03,wk inc flu hosp,0,2026-10-03,38,quantile,0.025,1
2026-10-03,wk inc flu hosp,0,2026-10-03,38,quantile,0.05,1
2026-10-03,wk inc flu hosp,0,2026-10-03,38,quantile,0.1,1
2026-10-03,wk inc flu hosp,0,2026-10-03,38,quantile,0.15,2
2026-10-03,wk inc flu hosp,0,2026-10-03,38,quantile,0.2,2
2026-10-03,wk inc flu hosp,0,2026-10-03,38,quantile,0.25,3
2026-10-03,wk inc flu hosp,0,2026-10-03,38,quantile,0.3,3
2026-10-03,wk inc flu hosp,0,2026-10-03,38,quantile,0.35,3
2026-10-03,wk inc flu hosp,0,2026-10-03,38,quantile,0.4,4
2026-10-03,wk inc flu hosp,0,2026-10-03,38,quantile,0.45,4
2026-10-03,wk inc flu hosp,0,2026-10-03,38,quantile,0.5,5
2026-10-03,wk inc flu hosp,0,2026-10-03,38,quantile,0.55,5
2026-10-03,wk inc flu hosp,0,2026-10-03,38,quantile,0.6,6
2026-10-03,wk inc flu hosp,0,2026-10-03,38,quantile,0.65,6
2026-10-03,wk inc flu hosp,0,2026-10-03,38,quantile,0.7,7
2026-10-03,wk inc flu hosp,0,2026-10-03,38,quantile,0.75,8
2026-10-03,wk inc flu hosp,0,2026-10-03,38,quantile,0.8,9
2026-10-03,wk inc flu hosp,0,2026-10-03,38,quantile,0.85,10
2026-10-03,wk inc flu hosp,0,2026-10-03,38,quantile,0.9,12
2026-10-03,wk inc flu hosp,0,2026-10-03,38,quantile,0.95,16
2026-10-03,wk inc flu hosp,0,2026-10-03,38,quantile,0.975,20
2026-10-03,wk inc flu hosp,0,2026-10-03,38,quantile,0.99,26
2026-10-03,wk inc flu hosp,1,2026-10-10,38,quantile,0.01,0
2026-10-03,wk inc flu hosp,1,2026-10-10,38,quantile,0.025,1
2026-10-03,wk inc flu hosp,1,2026-10-10,38,quantile,0.05,1
2026-10-03,wk inc flu hosp,1,2026-10-10,38,quantile,0.1,2
2026-10-03,wk inc flu hosp,1,2026-10-10,38,quantile,0.15,2
2026-10-03,wk inc flu hosp,1,2026-10-10,38,quantile,0.2,3
2026-10-03,wk inc flu hosp,1,2026-10-10,38,quantile,0.25,3
2026-10-03,wk inc flu hosp,1,2026-10-10,38,quantile,0.3,4
2026-10-03,wk inc flu hosp,1,2026-10-10,38,quantile,0.35,4
2026-10-03,wk inc flu hosp,1,2026-10-10,38,quantile,0.4,5
2026-10-03,wk inc flu hosp,1,2026-10-10,38,quantile,0.45,5
2026-10-03,wk inc flu hosp,1,2026-10-10,38,quantile,0.5,6
2026-10-03,wk inc flu hosp,1,2026-10-10,38,quantile,0.55,6
2026-10-03,wk inc flu hosp,1,2026-10-10,38,quantile,0.6,7
2026-10-03,wk inc flu hosp,1,2026-10-10,38,quantile,0.65,8
2026-10-03,wk inc flu hosp,1,2026-10-10,38,quantile,0.7,9
2026-10-03,wk inc flu hosp,1,2026-10-10,38,quantile,0.75,10
2026-10-03,wk inc flu hosp,1,2026-10-10,38,quantile,0.8,12
2026-10-03,wk inc flu hosp,1,2026-10-10,38,quantile,0.85,14
2026-10-03,wk inc flu hosp,1,2026-10-10,38,quantile,0.9,17
2026-10-03,wk inc flu hosp,1,2026-10-10,38,quantile,0.95,22
2026-10-03,wk inc flu hosp,1,2026-10-10,38,quantile,0.975,28
2026-10-03,wk inc flu hosp,1,2026-10-10,38,quantile,0.99,37
2026-10-03,wk inc flu hosp,2,2026-10-17,38,quantile,0.01,0
2026-10-03,wk inc flu hosp,2,2026-10-17,38,quantile,0.025,1
2026-10-03,wk inc flu hosp,2,2026-10-17,38,quantile,0.05,1
2026-10-03,wk inc flu hosp,2,2026-10-17,38,quantile,0.1,2
2026-10-03,wk inc flu hosp,2,2026-10-17,38,quantile,0.15,2
2026-10-03,wk inc flu hosp,2,2026-10-17,38,quantile,0.2,3
2026-10-03,wk inc flu hosp,2,2026-10-17,38,quantile,0.25,3
2026-10-03,wk inc flu hosp,2,2026-10-17,38,quantile,0.3,4
2026-10-03,wk inc flu hosp,2,2026-10-17,38,quantile,0.35,5
2026-10-03,wk inc flu hosp,2,2026-10-17,38,quantile,0.4,5
2026-10-03,wk inc flu hosp,2,2026-10-17,38,quantile,0.45,6
2026-10-03,wk inc flu hosp,2,2026-10-17,38,quantile,0.5,7
2026-10-03,wk inc flu hosp,2,2026-10-17,38,quantile,0.55,8
2026-10-03,wk inc flu hosp,2,2026-10-17,38,quantile,0.6,9
2026-10-03,wk inc flu hosp,2,2026-10-17,38,quantile,0.65,10
2026-10-03,wk inc flu hosp,2,2026-10-17,38,quantile,0.7,11
2026-10-03,wk inc flu hosp,2,2026-10-17,38,quantile,0.75,13
2026-10-03,wk inc flu hosp,2,2026-10-17,38,quantile,0.8,15
2026-10-03,wk inc flu hosp,2,2026-10-17,38,quantile,0.85,18
2026-10-03,wk inc flu hosp,2,2026-10-17,38,quantile,0.9,22
2026-10-03,wk inc flu hosp,2,2026-10-17,38,quantile,0.95,30
2026-10-03,wk inc flu hosp,2,2026-10-17,38,quantile,0.975,40
2026-10-03,wk inc flu hosp,2,2026-10-17,38,quantile,0.99,54
2026-10-03,wk inc flu hosp,3,2026-10-24,38,quantile,0.01,0
2026-10-03,wk inc flu hosp,3,2026-10-24,38,quantile,0.025,1
2026-10-03,wk inc flu hosp,3,2026-10-24,38,quantile,0.05,1
2026-10-03,wk inc flu hosp,3,2026-10-24,38,quantile,0.1,2
2026-10-03,wk inc flu hosp,3,2026-10-24,38,quantile,0.15,3
2026-10-03,wk inc flu hosp,3,2026-10-24,38,quantile,0.2,3
2026-10-03,wk inc flu hosp,3,2026-10-24,38,quantile,0.25,4
2026-10-03,wk inc flu hosp,3,2026-10-24,38,quantile,0.3,5
2026-10-03,wk inc flu hosp,3,2026-10-24,38,quantile,0.35,6
2026-10-03,wk inc flu hosp,3,2026-10-24,38,quantile,0.4,6
2026-10-03,wk inc flu hosp,3,2026-10-24,38,quantile,0.45,7
2026-10-03,wk inc flu hosp,3,2026-10-24,38,quantile,0.5,8
2026-10-03,wk inc flu hosp,3,2026-10-24,38,quantile,0.55,10
2026-10-03,wk inc flu hosp,3,2026-10-24,38,quantile,0.6,11
2026-10-03,wk inc flu hosp,3,2026-10-24,38,quantile,0.65,13
2026-10-03,wk inc flu hosp,3,2026-10-24,38,quantile,0.7,14
2026-10-03,wk inc flu hosp,3,2026-10-24,38,quantile,0.75,17
2026-10-03,wk inc flu hosp,3,2026-10-24,38,quantile,0.8,20
2026-10-03,wk inc flu hosp,3,2026-10-24,38,quantile,0.85,24
2026-10-03,wk inc flu hosp,3,2026-10-24,38,quantile,0.9,30
2026-10-03,wk inc flu hosp,3,2026-10-24,38,quantile,0.95,43
2026-10-03,wk inc flu hosp,3,2026-10-24,38,quantile,0.975,58
2026-10-03,wk inc flu hosp,3,2026-10-24,38,quantile,0.99,82
2026-10-03,wk inc flu hosp,0,2026-10-03,39,quantile,0.01,13
2026-10-03,wk inc flu hosp,0,2026-10-03,39,quantile,0.025,16
2026-10-03,wk inc flu hosp,0,2026-10-03,39,quantile,0.05,19
2026-10-03,wk inc flu hosp,0,2026-10-03,39,quantile,0.1,23
2026-10-03,wk inc flu hosp,0,2026-10-03,39,quantile,0.15,26
2026-10-03,wk inc flu hosp,0,2026-10-03,39,quantile,0.2,29
2026-10-03,wk inc flu hosp,0,2026-10-03,39,quantile,0.25,32
2026-10-03,wk inc flu hosp,0,2026-10-03,39,quantile,0.3,35
2026-10-03,wk inc flu hosp,0,2026-10-03,39,quantile,0.35,37
2026-10-03,wk inc flu hosp,0,2026-10-03,39,quantile,0.4,40
2026-10-03,wk inc flu hosp,0,2026-10-03,39,quantile,0.45,43
2026-10-03,wk inc flu hosp,0,2026-10-03,39,quantile,0.5,45
2026-10-03,wk inc flu hosp,0,2026-10-03,39,quantile,0.55,49
2026-10-03,wk inc flu hosp,0,2026-10-03,39,quantile,0.6,52
2026-10-03,wk inc flu hosp,0,2026-10-03,39,quantile,0.65,56
2026-10-03,wk inc flu hosp,0,2026-10-03,39,quantile,0.7,60
2026-10-03,wk inc flu hosp,0,2026-10-03,39,quantile,0.75,65
2026-10-03,wk inc flu hosp,0,2026-10-03,39,quantile,0.8,71
2026-10-03,wk inc flu hosp,0,2026-10-03,39,quantile,0.85,78
2026-10-03,wk inc flu hosp,0,2026-10-03,39,quantile,0.9,89
2026-10-03,wk inc flu hosp,0,2026-10-03,39,quantile,0.95,107
2026-10-03,wk inc flu hosp,0,2026-10-03,39,quantile,0.975,127
2026-10-03,wk inc flu hosp,0,2026-10-03,39,quantile,0.99,153
2026-10-03,wk inc flu hosp,1,2026-10-10,39,quantile,0.01,12
2026-10-03,wk inc flu hosp,1,2026-10-10,39,quantile,0.025,15
2026-10-03,wk inc flu hosp,1,2026-10-10,39,quantile,0.05,19
2026-10-03,wk inc flu hosp,1,2026-10-10,39,quantile,0.1,23
2026-10-03,wk inc flu hosp,1,2026-10-10,39,quantile,0.15,27
2026-10-03,wk inc flu hosp,1,2026-10-10,39,quantile,0.2,31
2026-10-03,wk inc flu hosp,1,2026-10-10,39,quantile,0.25,35
2026-10-03,wk inc flu hosp,1,2026-10-10,39,quantile,0.3,38
2026-10-03,wk inc flu hosp,1,2026-10-10,39,quantile,0.35,42
2026-10-03,wk inc flu hosp,1,2026-10-10,39,quantile,0.4,45
2026-10-03,wk inc flu hosp,1,2026-10-10,39,quantile,0.45,49
2026-10-03,wk inc flu hosp,1,2026-10-10,39,quantile,0.5,53
2026-10-03,wk inc flu hosp,1,2026-10-10,39,quantile,0.55,57
2026-10-03,wk inc flu hosp,1,2026-10-10,39,quantile,0.6,62
2026-10-03,wk inc flu hosp,1,2026-10-10,39,quantile,0.65,67
2026-10-03,wk inc flu hosp,1,2026-10-10,39,quantile,0.7,73
2026-10-03,wk inc flu hosp,1,2026-10-10,39,quantile,0.75,81
2026-10-03,wk inc flu hosp,1,2026-10-10,39,quantile,0.8,89
2026-10-03,wk inc flu hosp,1,2026-10-10,39,quantile,0.85,101
2026-10-03,wk inc flu hosp,1,2026-10-10,39,quantile,0.9,118
2026-10-03,wk inc flu hosp,1,2026-10-10,39,quantile,0.95,147
2026-10-03,wk inc flu hosp,1,2026-10-10,39,quantile,0.975,179
2026-10-03,wk inc flu hosp,1,2026-10-10,39,quantile,0.99,226
2026-10-03,wk inc flu hosp,2,2026-10-17,39,quantile,0.01,11
2026-10-03,wk inc flu hosp,2,2026-10-17,39,quantile,0.025,14
2026-10-03,wk inc flu hosp,2,2026-10-17,39,quantile,0.05,18
2026-10-03,wk inc flu hosp,2,2026-10-17,39,quantile,0.1,23
2026-10-03,wk inc flu hosp,2,2026-10-17,39,quantile,0.15,28
2026-10-03,wk inc flu hosp,2,2026-10-17,39,quantile,0.2,33
2026-10-03,wk inc flu hosp,2,2026-10-17,39,quantile,0.25,37
2026-10-03,wk inc flu hosp,2,2026-10-17,39,quantile,0.3,41
2026-10-03,wk inc flu hosp,2,2026-10-17,39,quantile,0.35,46
2026-10-03,wk inc flu hosp,2,2026-10-17,39,quantile,0.4,51
2026-10-03,wk inc flu hosp,2,2026-10-17,39,quantile,0.45,56
2026-10-03,wk inc flu hosp,2,2026-10-17,39,quantile,0.5,61
2026-10-03,wk inc flu hosp,2,2026-10-17,39,quantile,0.55,67
2026-10-03,wk inc flu hosp,2,2026-10-17,39,quantile,0.6,74
2026-10-03,wk inc flu hosp,2,2026-10-17,39,quantile,0.65,82
2026-10-03,wk inc flu hosp,2,2026-10-17,39,quantile,0.7,91
2026-10-03,wk inc flu hosp,2,2026-10-17,39,quantile,0.75,102
2026-10-03,wk inc flu hosp,2,2026-10-17,39,quantile,0.8,116
2026-10-03,wk inc flu hosp,2,2026-10-17,39,quantile,0.85,133
2026-10-03,wk inc flu hosp,2,2026-10-17,39,quantile,0.9,160
2026-10-03,wk inc flu hosp,2,2026-10-17,39,quantile,0.95,210
2026-10-03,wk inc flu hosp,2,2026-10-17,39,quantile,0.975,267
2026-10-03,wk inc flu hosp,2,2026-10-17,39,quantile,0.99,352
2026-10-03,wk inc flu hosp,3,2026-10-24,39,quantile,0.01,10
2026-10-03,wk inc flu hosp,3,2026-10-24,39,quantile,0.025,14
2026-10-03,wk inc flu hosp,3,2026-10-24,39,quantile,0.05,18
2026-10-03,wk inc flu hosp,3,2026-10-24,39,quantile,0.1,24
2026-10-03,wk inc flu hosp,3,2026-10-24,39,quantile,0.15,30
2026-10-03,wk inc flu hosp,3,2026-10-24,39,quantile,0.2,35
2026-10-03,wk inc flu hosp,3,2026-10-24,39,quantile,0.25,40
2026-10-03,wk inc flu hosp,3,2026-10-24,39,quantile,0.3,46
2026-10-03,wk inc flu hosp,3,2026-10-24,39,quantile,0.35,51
2026-10-03,wk inc flu hosp,3,2026-10-24,39,quantile,0.4,58
2026-10-03,wk inc flu hosp,3,2026-10-24,39,quantile,0.45,64
2026-10-03,wk inc flu hosp,3,2026-10-24,39,quantile,0.5,72
2026-10-03,wk inc flu hosp,3,2026-10-24,39,quantile,0.55,80
2026-10-03,wk inc flu hosp,3,2026-10-24,39,quantile,0.6,89
2026-10-03,wk inc flu hosp,3,2026-10-24,39,quantile,0.65,99
2026-10-03,wk inc flu hosp,3,2026-10-24,39,quantile,0.7,112
2026-10-03,wk inc flu hosp,3,2026-10-24,39,quantile,0.75,128
2026-10-03,wk inc flu hosp,3,2026-10-24,39,quantile,0.8,147
2026-10-03,wk inc flu hosp,3,2026-10-24,39,quantile,0.85,173
2026-10-03,wk inc flu hosp,3,2026-10-24,39,quantile,0.9,212
2026-10-03,wk inc flu hosp,3,2026-10-24,39,quantile,0.95,289
2026-10-03,wk inc flu hosp,3,2026-10-24,39,quantile,0.975,377
2026-10-03,wk inc flu hosp,3,2026-10-24,39,quantile,0.99,516
2026-10-03,wk inc flu hosp,0,2026-10-03,40,quantile,0.01,4
2026-10-03,wk inc flu hosp,0,2026-10-03,40,quantile,0.025,5
2026-10-03,wk inc flu hosp,0,2026-10-03,40,quantile,0.05,6
2026-10-03,wk inc flu hosp,0,2026-10-03,40,quantile,0.1,7
2026-10-03,wk inc flu hosp,0,2026-10-03,40,quantile,0.15,8
2026-10-03,wk inc flu hosp,0,2026-10-03,40,quantile,0.2,9
2026-10-03,wk inc flu hosp,0,2026-10-03,40,quantile,0.25,10
2026-10-03,wk inc flu hosp,0,2026-10-03,40,quantile,0.3,11
2026-10-03,wk inc flu hosp,0,2026-10-03,40,quantile,0.35,12
2026-10-03,wk inc flu hosp,0,2026-10-03,40,quantile,0.4,13
2026-10-03,wk inc flu hosp,0,2026-10-03,40,quantile,0.45,14
2026-10-03,wk inc flu hosp,0,2026-10-03,40,quantile,0.5,15
2026-10-03,wk inc flu hosp,0,2026-10-03,40,quantile,0.55,16
2026-10-03,wk inc flu hosp,0,2026-10-03,40,quantile,0.6,17
2026-10-03,wk inc flu hosp,0,2026-10-03,40,quantile,0.65,18
2026-10-03,wk inc flu hosp,0,2026-10-03,40,quantile,0.7,20
2026-10-03,wk inc flu hosp,0,2026-10-03,40,quantile,0.75,21
2026-10-03,wk inc flu hosp,0,2026-10-03,40,quantile,0.8,23
2026-10-03,wk inc flu hosp,0,2026-10-03,40,quantile,0.85,26
2026-10-03,wk inc flu hosp,0,2026-10-03,40,quantile,0.9,30
2026-10-03,wk inc flu hosp,0,2026-10-03,40,quantile,0.95,36
2026-10-03,wk inc flu hosp,0,2026-10-03,40,quantile,0.975,43
2026-10-03,wk inc flu hosp,0,2026-10-03,40,quantile,0.99,52
2026-10-03,wk inc flu hosp,1,2026-10-10,40,quantile,0.01,3
2026-10-03,wk inc flu hosp,1,2026-10-10,40,quantile,0.025,5
2026-10-03,wk inc flu hosp,1,2026-10-10,40,quantile,0.05,6
2026-10-03,wk inc flu hosp,1,2026-10-10,40,quantile,0.1,7
2026-10-03,wk inc flu hosp,1,2026-10-10,40,quantile,0.15,9
2026-10-03,wk inc flu hosp,1,2026-10-10,40,quantile,0.2,10
2026-10-03,wk inc flu hosp,1,2026-10-10,40,quantile,0.25,11
2026-10-03,wk inc flu hosp,1,2026-10-10,40,quantile,0.3,12
2026-10-03,wk inc flu hosp,1,2026-10-10,40,quantile,0.35,14
2026-10-03,wk inc flu hosp,1,2026-10-10,40,quantile,0.4,15
2026-10-03,wk inc flu hosp,1,2026-10-10,40,quantile,0.45,16
2026-10-03,wk inc flu hosp,1,2026-10-10,40,quantile,0.5,17
2026-10-03,wk inc flu hosp,1,2026-10-10,40,quantile,0.55,19
2026-10-03,wk inc flu hosp,1,2026-10-10,40,quantile,0.6,21
2026-10-03,wk inc flu hosp,1,2026-10-10,40,quantile,0.65,22
2026-10-03,wk inc flu hosp,1,2026-10-10,40,quantile,0.7,24
2026-10-03,wk inc flu hosp,1,2026-10-10,40,quantile,0.75,27
2026-10-03,wk inc flu hosp,1,2026-10-10,40,quantile,0.8,30
2026-10-03,wk inc flu hosp,1,2026-10-10,40,quantile,0.85,34
2026-10-03,wk inc flu hosp,1,2026-10-10,40,quantile,0.9,39
2026-10-03,wk inc flu hosp,1,2026-10-10,40,quantile,0.95,50
2026-10-03,wk inc flu hosp,1,2026-10-10,40,quantile,0.975,60
2026-10-03,wk inc flu hosp,1,2026-10-10,40,quantile,0.99,76
2026-10-03,wk inc flu hosp,2,2026-10-17,40,quantile,0.01,3
2026-10-03,wk inc flu hosp,2,2026-10-17,40,quantile,0.025,4
2026-10-03,wk inc flu hosp,2,2026-10-17,40,quantile,0.05,6
2026-10-03,wk inc flu hosp,2,2026-10-17,40,quantile,0.1,8
2026-10-03,wk inc flu hosp,2,2026-10-17,40,quantile,0.15,9
2026-10-03,wk inc flu hosp,2,2026-10-17,40,quantile,0.2,11
2026-10-03,wk inc flu hosp,2,2026-10-17,40,quantile,0.25,12
2026-10-03,wk inc flu hosp,2,2026-10-17,40,quantile,0.3,14
2026-10-03,wk inc flu hosp,2,2026-10-17,40,quantile,0.35,16
2026-10-03,wk inc flu hosp,2,2026-10-17,40,quantile,0.4,17
2026-10-03,wk inc flu hosp,2,2026-10-17,40,quantile,0.45,19
2026-10-03,wk inc flu hosp,2,2026-10-17,40,quantile,0.5,21
2026-10-03,wk inc flu hosp,2,2026-10-17,40,quantile,0.55,23
2026-10-03,wk inc flu hosp,2,2026-10-17,40,quantile,0.6,26
2026-10-03,wk inc flu hosp,2,2026-10-17,40,quantile,0.65,28
2026-10-03,wk inc flu hosp,2,2026-10-17,40,quantile,0.7,32
2026-10-03,wk inc flu hosp,2,2026-10-17,40,quantile,0.75,35
2026-10-03,wk inc flu hosp,2,2026-10-17,40,quantile,0.8,40
2026-10-03,wk inc flu hosp,2,2026-10-17,40,quantile,0.85,46
2026-10-03,wk inc flu hosp,2,2026-10-17,40,quantile,0.9,55
2026-10-03,wk inc flu hosp,2,2026-10-17,40,quantile,0.95,73
2026-10-03,wk inc flu hosp,2,2026-10-17,40,quantile,0.975,92
2026-10-03,wk inc flu hosp,2,2026-10-17,40,quantile,0.99,121
2026-10-03,wk inc flu hosp,3,2026-10-24,40,quantile,0.01,3
2026-10-03,wk inc flu hosp,3,2026-10-24,40,quantile,0.025,4
2026-10-03,wk inc flu hosp,3,2026-10-24,40,quantile,0.05,6
2026-10-03,wk inc flu hosp,3,2026-10-24,40,quantile,0.1,8
2026-10-03,wk inc flu hosp,3,2026-10-24,40,quantile,0.15,10
2026-10-03,wk inc flu hosp,3,2026-10-24,40,quantile,0.2,12
2026-10-03,wk inc flu hosp,3,2026-10-24,40,quantile,0.25,14
2026-10-03,wk inc flu hosp,3,2026-10-24,40,quantile,0.3,16
2026-10-03,wk inc flu hosp,3,2026-10-24,40,quantile,0.35,18
2026-10-03,wk inc flu hosp,3,2026-10-24,40,quantile,0.4,21
2026-10-03,wk inc flu hosp,3,2026-10-24,40,quantile,0.45,23
2026-10-03,wk inc flu hosp,3,2026-10-24,40,quantile,0.5,26
2026-10-03,wk inc flu hosp,3,2026-10-24,40,quantile,0.55,29
2026-10-03,wk inc flu hosp,3,2026-10-24,40,quantile,0.6,32
2026-10-03,wk inc flu hosp,3,2026-10-24,40,quantile,0.65,36
2026-10-03,wk inc flu hosp,3,2026-10-24,40,quantile,0.7,40
2026-10-03,wk inc flu hosp,3,2026-10-24,40,quantile,0.75,46
2026-10-03,wk inc flu hosp,3,2026-10-24,40,quantile,0.8,53
2026-10-03,wk inc flu hosp,3,2026-10-24,40,quantile,0.85,62
2026-10-03,wk inc flu hosp,3,2026-10-24,40,quantile,0.9,77
2026-10-03,wk inc flu hosp,3,2026-10-24,40,quantile,0.95,104
2026-10-03,wk inc flu hosp,3,2026-10-24,40,quantile,0.975,136
2026-10-03,wk inc flu hosp,3,2026-10-24,40,quantile,0.99,185
2026-10-03,wk inc flu hosp,0,2026-10-03,41,quantile,0.01,7
2026-10-03,wk inc flu hosp,0,2026-10-03,41,quantile,0.025,9
2026-10-03,wk inc flu hosp,0,2026-10-03,41,quantile,0.05,11
2026-10-03,wk inc flu hosp,0,2026-10-03,41,quantile,0.1,14
2026-10-03,wk inc flu hosp,0,2026-10-03,41,quantile,0.15,16
2026-10-03,wk inc flu hosp,0,2026-10-03,41,quantile,0.2,18
2026-10-03,wk inc flu hosp,0,2026-10-03,41,quantile,0.25,20
2026-10-03,wk inc flu hosp,0,2026-10-03,41,quantile,0.3,22
2026-10-03,wk inc flu hosp,0,2026-10-03,41,quantile,0.35,24
2026-10-03,wk inc flu hosp,0,2026-10-03,41,quantile,0.4,26
2026-10-03,wk inc flu hosp,0,2026-10-03,41,quantile,0.45,28
2026-10-03,wk inc flu hosp,0,2026-10-03,41,quantile,0.5,30
2026-10-03,wk inc flu hosp,0,2026-10-03,41,quantile,0.55,32
2026-10-03,wk inc flu hosp,0,2026-10-03,41,quantile,0.6,35
2026-10-03,wk inc flu hosp,0,2026-10-03,41,quantile,0.65,37
2026-10-03,wk inc flu hosp,0,2026-10-03,41,quantile,0.7,41
2026-10-03,wk inc flu hosp,0,2026-10-03,41,quantile,0.75,44
2026-10-03,wk inc flu hosp,0,2026-10-03,41,quantile,0.8,49
2026-10-03,wk inc flu hosp,0,2026-10-03,41,quantile,0.85,55
2026-10-03,wk inc flu hosp,0,2026-10-03,41,quantile,0.9,63
2026-10-03,wk inc flu hosp,0,2026-10-03,41,quantile,0.95,78
2026-10-03,wk inc flu hosp,0,2026-10-03,41,quantile,0.975,93
2026-10-03,wk inc flu hosp,0,2026-10-03,41,quantile,0.99,116
2026-10-03,wk inc flu hosp,1,2026-10-10,41,quantile,0.01,6
2026-10-03,wk inc flu hosp,1,2026-10-10,41,quantile,0.025,8
2026-10-03,wk inc flu hosp,1,2026-10-10,41,quantile,0.05,11
2026-10-03,wk inc flu hosp,1,2026-10-10,41,quantile,0.1,14
2026-10-03,wk inc flu hosp,1,2026-10-10,41,quantile,0.15,16
2026-10-03,wk inc flu hosp,1,2026-10-10,41,quantile,0.2,19
2026-10-03,wk inc flu hosp,1,2026-10-10,41,quantile,0.25,21
2026-10-03,wk inc flu hosp,1,2026-10-10,41,quantile,0.3,23
2026-10-03,wk inc flu hosp,1,2026-10-10,41,quantile,0.35,26
2026-10-03,wk inc flu hosp,1,2026-10-10,41,quantile,0.4,28
2026-10-03,wk inc flu hosp,1,2026-10-10,41,quantile,0.45,31
2026-10-03,wk inc flu hosp,1,2026-10-10,41,quantile,0.5,34
2026-10-03,wk inc flu hosp,1,2026-10-10,41,quantile,0.55,37
2026-10-03,wk inc flu hosp,1,2026-10-10,41,quantile,0.6,40
2026-10-03,wk inc flu hosp,1,2026-10-10,41,quantile,0.65,44
2026-10-03,wk inc flu hosp,1,2026-10-10,41,quantile,0.7,48
2026-10-03,wk inc flu hosp,1,2026-10-10,41,quantile,0.75,54
2026-10-03,wk inc flu hosp,1,2026-10-10,41,quantile,0.8,60
2026-10-03,wk inc flu hosp,1,2026-10-10,41,quantile,0.85,69
2026-10-03,wk inc flu hosp,1,2026-10-10,41,quantile,0.9,81
2026-10-03,wk inc flu hosp,1,2026-10-10,41,quantile,0.95,105
2026-10-03,wk inc flu hosp,1,2026-10-10,41,quantile,0.975,130
2026-10-03,wk inc flu hosp,1,2026-10-10,41,quantile,0.99,167
2026-10-03,wk inc flu hosp,2,2026-10-17,41,quantile,0.01,6
2026-10-03,wk inc flu hosp,2,2026-10-17,41,quantile,0.025,8
2026-10-03,wk inc flu hosp,2,2026-10-17,41,quantile,0.05,10
2026-10-03,wk inc flu hosp,2,2026-10-17,41,quantile,0.1,14
2026-10-03,wk inc flu hosp,2,2026-10-17,41,quantile,0.15,17
2026-10-03,wk inc flu hosp,2,2026-10-17,41,quantile,0.2,19
2026-10-03,wk inc flu hosp,2,2026-10-17,41,quantile,0.25,22
2026-10-03,wk inc flu hosp,2,2026-10-17,41,quantile,0.3,25
2026-10-03,wk inc flu hosp,2,2026-10-17,41,quantile,0.35,28
2026-10-03,wk inc flu hosp,2,2026-10-17,41,quantile,0.4,31
2026-10-03,wk inc flu hosp,2,2026-10-17,41,quantile,0.45,34
2026-10-03,wk inc flu hosp,2,2026-10-17,41,quantile,0.5,38
2026-10-03,wk inc flu hosp,2,2026-10-17,41,quantile,0.55,42
2026-10-03,wk inc flu hosp,2,2026-10-17,41,quantile,0.6,47
2026-10-03,wk inc flu hosp,2,2026-10-17,41,quantile,0.65,52
2026-10-03,wk inc flu hosp,2,2026-10-17,41,quantile,0.7,58
2026-10-03,wk inc flu hosp,2,2026-10-17,41,quantile,0.75,65
2026-10-03,wk inc flu hosp,2,2026-10-17,41,quantile,0.8,75
2026-10-03,wk inc flu hosp,2,2026-10-17,41,quantile,0.85,87
2026-10-03,wk inc flu hosp,2,2026-10-17,41,quantile,0.9,107
2026-10-03,wk inc flu hosp,2,2026-10-17,41,quantile,0.95,143
2026-10-03,wk inc flu hosp,2,2026-10-17,41,quantile,0.975,185
2026-10-03,wk inc flu hosp,2,2026-10-17,41,quantile,0.99,249
2026-10-03,wk inc flu hosp,3,2026-10-24,41,quantile,0.01,5
2026-10-03,wk inc flu hosp,3,2026-10-24,41,quantile,0.025,7
2026-10-03,wk inc flu hosp,3,2026-10-24,41,quantile,0.05,10
2026-10-03,wk inc flu hosp,3,2026-10-24,41,quantile,0.1,14
2026-10-03,wk inc flu hosp,3,2026-10-24,41,quantile,0.15,18
2026-10-03,wk inc flu hosp,3,2026-10-24,41,quantile,0.2,21
2026-10-03,wk inc flu hosp,3,2026-10-24,41,quantile,0.25,25
2026-10-03,wk inc flu hosp,3,2026-10-24,41,quantile,0.3,28
2026-10-03,wk inc flu hosp,3,2026-10-24,41,quantile,0.35,32
2026-10-03,wk inc flu hosp,3,2026-10-24,41,quantile,0.4,36
2026-10-03,wk inc flu hosp,3,2026-10-24,41,quantile,0.45,40
2026-10-03,wk inc flu hosp,3,2026-10-24,41,quantile,0.5,45
2026-10-03,wk inc flu hosp,3,2026-10-24,41,quantile,0.55,50
2026-10-03,wk inc flu hosp,3,2026-10-24,41,quantile,0.6,56
2026-10-03,wk inc flu hosp,3,2026-10-24,41,quantile,0.65,63
2026-10-03,wk inc flu hosp,3,2026-10-24,41,quantile,0.7,72
2026-10-03,wk inc flu hosp,3,2026-10-24,41,quantile,0.75,82
2026-10-03,wk inc flu hosp,3,2026-10-24,41,quantile,0.8,95
2026-10-03,wk inc flu hosp,3,2026-10-24,41,quantile,0.85,113
2026-10-03,wk inc flu hosp,3,2026-10-24,41,quantile,0.9,141
2026-10-03,wk inc flu hosp,3,2026-10-24,41,quantile,0.95,195
2026-10-03,wk inc flu hosp,3,2026-10-24,41,quantile,0.975,259
2026-10-03,wk inc flu hosp,3,2026-10-24,41,quantile,0.99,360
2026-10-03,wk inc flu hosp,0,2026-10-03,42,quantile,0.01,89
2026-10-03,wk inc flu hosp,0,2026-10-03,42,quantile,0.025,101
2026-10-03,wk inc flu hosp,0,2026-10-03,42,quantile,0.05,113
2026-10-03,wk inc flu hosp,0,2026-10-03,42,quantile,0.1,128
2026-10-03,wk inc flu hosp,0,2026-10-03,42,quantile,0.15,140
2026-10-03,wk inc flu hosp,0,2026-10-03,42,quantile,0.2,150
2026-10-03,wk inc flu hosp,0,2026-10-03,42,quantile,0.25,158
2026-10-03,wk inc flu hosp,0,2026-10-03,42,quantile,0.3,167
2026-10-03,wk inc flu hosp,0,2026-10-03,42,quantile,0.35,175
2026-10-03,wk inc flu hosp,0,2026-10-03,42,quantile,0.4,183
2026-10-03,wk inc flu hosp,0,2026-10-03,42,quantile,0.45,191
2026-10-03,wk inc flu hosp,0,2026-10-03,42,quantile,0.5,200
2026-10-03,wk inc flu hosp,0,2026-10-03,42,quantile,0.55,209
2026-10-03,wk inc flu hosp,0,2026-10-03,42,quantile,0.6,219
2026-10-03,wk inc flu hosp,0,2026-10-03,42,quantile,0.65,229
2026-10-03,wk inc flu hosp,0,2026-10-03,42,quantile,0.7,241
2026-10-03,wk inc flu hosp,0,2026-10-03,42,quantile,0.75,254
2026-10-03,wk inc flu hosp,0,2026-10-03,42,quantile,0.8,270
2026-10-03,wk inc flu hosp,0,2026-10-03,42,quantile,0.85,290
2026-10-03,wk inc flu hosp,0,2026-10-03,42,quantile,0.9,317
2026-10-03,wk inc flu hosp,0,2026-10-03,42,quantile,0.95,360
2026-10-03,wk inc flu hosp,0,2026-10-03,42,quantile,0.975,403
2026-10-03,wk inc flu hosp,0,2026-10-03,42,quantile,0.99,460
2026-10-03,wk inc flu hosp,1,2026-10-10,42,quantile,0.01,81
2026-10-03,wk inc flu hosp,1,2026-10-10,42,quantile,0.025,95
2026-10-03,wk inc flu hosp,1,2026-10-10,42,quantile,0.05,108
2026-10-03,wk inc flu hosp,1,2026-10-10,42,quantile,0.1,127
2026-10-03,wk inc flu hosp,1,2026-10-10,42,quantile,0.15,142
2026-10-03,wk inc flu hosp,1,2026-10-10,42,quantile,0.2,155
2026-10-03,wk inc flu hosp,1,2026-10-10,42,quantile,0.25,166
2026-10-03,wk inc flu hosp,1,2026-10-10,42,quantile,0.3,178
2026-10-03,wk inc flu hosp,1,2026-10-10,42,quantile,0.35,189
2026-10-03,wk inc flu hosp,1,2026-10-10,42,quantile,0.4,200
2026-10-03,wk inc flu hosp,1,2026-10-10,42,quantile,0.45,212
2026-10-03,wk inc flu hosp,1,2026-10-10,42,quantile,0.5,223
2026-10-03,wk inc flu hosp,1,2026-10-10,42,quantile,0.55,236
2026-10-03,wk inc flu hosp,1,2026-10-10,42,quantile,0.6,249
2026-10-03,wk inc flu hosp,1,2026-10-10,42,quantile,0.65,263
2026-10-03,wk inc flu hosp,1,2026-10-10,42,quantile,0.7,280
2026-10-03,wk inc flu hosp,1,2026-10-10,42,quantile,0.75,299
2026-10-03,wk inc flu hosp,1,2026-10-10,42,quantile,0.8,322
2026-10-03,wk inc flu hosp,1,2026-10-10,42,quantile,0.85,351
2026-10-03,wk inc flu hosp,1,2026-10-10,42,quantile,0.9,390
2026-10-03,wk inc flu hosp,1,2026-10-10,42,quantile,0.95,460
2026-10-03,wk inc flu hosp,1,2026-10-10,42,quantile,0.975,532
2026-10-03,wk inc flu hosp,1,2026-10-10,42,quantile,0.99,625
2026-10-03,wk inc flu hosp,2,2026-10-17,42,quantile,0.01,72
2026-10-03,wk inc flu hosp,2,2026-10-17,42,quantile,0.025,88
2026-10-03,wk inc flu hosp,2,2026-10-17,42,quantile,0.05,105
2026-10-03,wk inc flu hosp,2,2026-10-17,42,quantile,0.1,128
2026-10-03,wk inc flu hosp,2,2026-10-17,42,quantile,0.15,146
2026-10-03,wk inc flu hosp,2,2026-10-17,42,quantile,0.2,162
2026-10-03,wk inc flu hosp,2,2026-10-17,42,quantile,0.25,177
2026-10-03,wk inc flu hosp,2,2026-10-17,42,quantile,0.3,192
2026-10-03,wk inc flu hosp,2,2026-10-17,42,quantile,0.35,208
2026-10-03,wk inc flu hosp,2,2026-10-17,42,quantile,0.4,223
2026-10-03,wk inc flu hosp,2,2026-10-17,42,quantile,0.45,239
2026-10-03,wk inc flu hosp,2,2026-10-17,42,quantile,0.5,255
2026-10-03,wk inc flu hosp,2,2026-10-17,42,quantile,0.55,274
2026-10-03,wk inc flu hosp,2,2026-10-17,42,quantile,0.6,293
2026-10-03,wk inc flu hosp,2,2026-10-17,42,quantile,0.65,316
2026-10-03,wk inc flu hosp,2,2026-10-17,42,quantile,0.7,342
2026-10-03,wk inc flu hosp,2,2026-10-17,42,quantile,0.75,371
2026-10-03,wk inc flu hosp,2,2026-10-17,42,quantile,0.8,407
2026-10-03,wk inc flu hosp,2,2026-10-17,42,quantile,0.85,455
2026-10-03,wk inc flu hosp,2,2026-10-17,42,quantile,0.9,520
2026-10-03,wk inc flu hosp,2,2026-10-17,42,quantile,0.95,634
2026-10-03,wk inc flu hosp,2,2026-10-17,42,quantile,0.975,751
2026-10-03,wk inc flu hosp,2,2026-10-17,42,quantile,0.99,914
2026-10-03,wk inc flu hosp,3,2026-10-24,42,quantile,0.01,68
2026-10-03,wk inc flu hosp,3,2026-10-24,42,quantile,0.025,86
2026-10-03,wk inc flu hosp,3,2026-10-24,42,quantile,0.05,104
2026-10-03,wk inc flu hosp,3,2026-10-24,42,quantile,0.1,130
2026-10-03,wk inc flu hosp,3,2026-10-24,42,quantile,0.15,152
2026-10-03,wk inc flu hosp,3,2026-10-24,42,quantile,0.2,172
2026-10-03,wk inc flu hosp,3,2026-10-24,42,quantile,0.25,190
2026-10-03,wk inc flu hosp,3,2026-10-24,42,quantile,0.3,209
2026-10-03,wk inc flu hosp,3,2026-10-24,42,quantile,0.35,229
2026-10-03,wk inc flu hosp,3,2026-10-24,42,quantile,0.4,249
2026-10-03,wk inc flu hosp,3,2026-10-24,42,quantile,0.45,271
2026-10-03,wk inc flu hosp,3,2026-10-24,42,quantile,0.5,292
2026-10-03,wk inc flu hosp,3,2026-10-24,42,quantile,0.55,317
2026-10-03,wk inc flu hosp,3,2026-10-24,42,quantile,0.6,343
2026-10-03,wk inc flu hosp,3,2026-10-24,42,quantile,0.65,372
2026-10-03,wk inc flu hosp,3,2026-10-24,42,quantile,0.7,406
2026-10-03,wk inc flu hosp,3,2026-10-24,42,quantile,0.75,446
2026-10-03,wk inc flu hosp,3,2026-10-24,42,quantile,0.8,495
2026-10-03,wk inc flu hosp,3,2026-10-24,42,quantile,0.85,561
2026-10-03,wk inc flu hosp,3,2026-10-24,42,quantile,0.9,658
2026-10-03,wk inc flu hosp,3,2026-10-24,42,quantile,0.95,831
2026-10-03,wk inc flu hosp,3,2026-10-24,42,quantile,0.975,1012
2026-10-03,wk inc flu hosp,3,2026-10-24,42,quantile,0.99,1273
2026-10-03,wk inc flu hosp,0,2026-10-03,44,quantile,0.01,0
2026-10-03,wk inc flu hosp,0,2026-10-03,44,quantile,0.025,0
2026-10-03,wk inc flu hosp,0,2026-10-03,44,quantile,0.05,0
2026-10-03,wk inc flu hosp,0,2026-10-03,44,quantile,0.1,1
2026-10-03,wk inc flu hosp,0,2026-10-03,44,quantile,0.15,1
2026-10-03,wk inc flu hosp,0,2026-10-03,44,quantile,0.2,1
2026-10-03,wk inc flu hosp,0,2026-10-03,44,quantile,0.25,2
2026-10-03,wk inc flu hosp,0,2026-10-03,44,quantile,0.3,2
2026-10-03,wk inc flu hosp,0,2026-10-03,44,quantile,0.35,2
2026-10-03,wk inc flu hosp,0,2026-10-03,44,quantile,0.4,3
2026-10-03,wk inc flu hosp,0,2026-10-03,44,quantile,0.45,3
2026-10-03,wk inc flu hosp,0,2026-10-03,44,quantile,0.5,3
2026-10-03,wk inc flu hosp,0,2026-10-03,44,quantile,0.55,4
2026-10-03,wk inc flu hosp,0,2026-10-03,44,quantile,0.6,4
2026-10-03,wk inc flu hosp,0,2026-10-03,44,quantile,0.65,5
2026-10-03,wk inc flu hosp,0,2026-10-03,44,quantile,0.7,5
2026-10-03,wk inc flu hosp,0,2026-10-03,44,quantile,0.75,6
2026-10-03,wk inc flu hosp,0,2026-10-03,44,quantile,0.8,6
2026-10-03,wk inc flu hosp,0,2026-10-03,44,quantile,0.85,7
2026-10-03,wk inc flu hosp,0,2026-10-03,44,quantile,0.9,9
2026-10-03,wk inc flu hosp,0,2026-10-03,44,quantile,0.95,12
2026-10-03,wk inc flu hosp,0,2026-10-03,44,quantile,0.975,14
2026-10-03,wk inc flu hosp,0,2026-10-03,44,quantile,0.99,19
2026-10-03,wk inc flu hosp,1,2026-10-10,44,quantile,0.01,0
2026-10-03,wk inc flu hosp,1,2026-10-10,44,quantile,0.025,0
2026-10-03,wk inc flu hosp,1,2026-10-10,44,quantile,0.05,0
2026-10-03,wk inc flu hosp,1,2026-10-10,44,quantile,0.1,1
2026-10-03,wk inc flu hosp,1,2026-10-10,44,quantile,0.15,1
2026-10-03,wk inc flu hosp,1,2026-10-10,44,quantile,0.2,2
2026-10-03,wk inc flu hosp,1,2026-10-10,44,quantile,0.25,2
2026-10-03,wk inc flu hosp,1,2026-10-10,44,quantile,0.3,2
2026-10-03,wk inc flu hosp,1,2026-10-10,44,quantile,0.35,3
2026-10-03,wk inc flu hosp,1,2026-10-10,44,quantile,0.4,3
2026-10-03,wk inc flu hosp,1,2026-10-10,44,quantile,0.45,4
2026-10-03,wk inc flu hosp,1,2026-10-10,44,quantile,0.5,4
2026-10-03,wk inc flu hosp,1,2026-10-10,44,quantile,0.55,4
2026-10-03,wk inc flu hosp,1,2026-10-10,44,quantile,0.6,5
2026-10-03,wk inc flu hosp,1,2026-10-10,44,quantile,0.65,6
2026-10-03,wk inc flu hosp,1,2026-10-10,44,quantile,0.7,6
2026-10-03,wk inc flu hosp,1,2026-10-10,44,quantile,0.75,7
2026-10-03,wk inc flu hosp,1,2026-10-10,44,quantile,0.8,8
2026-10-03,wk inc flu hosp,1,2026-10-10,44,quantile,0.85,10
2026-10-03,wk inc flu hosp,1,2026-10-10,44,quantile,0.9,12
2026-10-03,wk inc flu hosp,1,2026-10-10,44,quantile,0.95,16
2026-10-03,wk inc flu hosp,1,2026-10-10,44,quantile,0.975,20
2026-10-03,wk inc flu hosp,1,2026-10-10,44,quantile,0.99,27
2026-10-03,wk inc flu hosp,2,2026-10-17,44,quantile,0.01,0
2026-10-03,wk inc flu hosp,2,2026-10-17,44,quantile,0.025,0
2026-10-03,wk inc flu hosp,2,2026-10-17,44,quantile,0.05,0
2026-10-03,wk inc flu hosp,2,2026-10-17,44,quantile,0.1,1
2026-10-03,wk inc flu hosp,2,2026-10-17,44,quantile,0.15,1
2026-10-03,wk inc flu hosp,2,2026-10-17,44,quantile,0.2,2
2026-10-03,wk inc flu hosp,2,2026-10-17,44,quantile,0.25,2
2026-10-03,wk inc flu hosp,2,2026-10-17,44,quantile,0.3,3
2026-10-03,wk inc flu hosp,2,2026-10-17,44,quantile,0.35,3
2026-10-03,wk inc flu hosp,2,2026-10-17,44,quantile,0.4,4
2026-10-03,wk inc flu hosp,2,2026-10-17,44,quantile,0.45,4
2026-10-03,wk inc flu hosp,2,2026-10-17,44,quantile,0.5,5
2026-10-03,wk inc flu hosp,2,2026-10-17,44,quantile,0.55,5
2026-10-03,wk inc flu hosp,2,2026-10-17,44,quantile,0.6,6
2026-10-03,wk inc flu hosp,2,2026-10-17,44,quantile,0.65,7
2026-10-03,wk inc flu hosp,2,2026-10-17,44,quantile,0.7,8
2026-10-03,wk inc flu hosp,2,2026-10-17,44,quantile,0.75,9
2026-10-03,wk inc flu hosp,2,2026-10-17,44,quantile,0.8,11
2026-10-03,wk inc flu hosp,2,2026-10-17,44,quantile,0.85,13
2026-10-03,wk inc flu hosp,2,2026-10-17,44,quantile,0.9,16
2026-10-03,wk inc flu hosp,2,2026-10-17,44,quantile,0.95,22
2026-10-03,wk inc flu hosp,2,2026-10-17,44,quantile,0.975,28
2026-10-03,wk inc flu hosp,2,2026-10-17,44,quantile,0.99,39
2026-10-03,wk inc flu hosp,3,2026-10-24,44,quantile,0.01,0
2026-10-03,wk inc flu hosp,3,2026-10-24,44,quantile,0.025,0
2026-10-03,wk inc flu hosp,3,2026-10-24,44,quantile,0.05,1
2026-10-03,wk inc flu hosp,3,2026-10-24,44,quantile,0.1,1
2026-10-03,wk inc flu hosp,3,2026-10-24,44,quantile,0.15,2
2026-10-03,wk inc flu hosp,3,2026-10-24,44,quantile,0.2,2
2026-10-03,wk inc flu hosp,3,2026-10-24,44,quantile,0.25,3
2026-10-03,wk inc flu hosp,3,2026-10-24,44,quantile,0.3,3
2026-10-03,wk inc flu hosp,3,2026-10-24,44,quantile,0.35,4
2026-10-03,wk inc flu hosp,3,2026-10-24,44,quantile,0.4,4
2026-10-03,wk inc flu hosp,3,2026-10-24,44,quantile,0.45,5
2026-10-03,wk inc flu hosp,3,2026-10-24,44,quantile,0.5,6
2026-10-03,wk inc flu hosp,3,2026-10-24,44,quantile,0.55,7
2026-10-03,wk inc flu hosp,3,2026-10-24,44,quantile,0.6,8
2026-10-03,wk inc flu hosp,3,2026-10-24,44,quantile,0.65,9
2026-10-03,wk inc flu hosp,3,2026-10-24,44,quantile,0.7,10
2026-10-03,wk inc flu hosp,3,2026-10-24,44,quantile,0.75,12
2026-10-03,wk inc flu hosp,3,2026-10-24,44,quantile,0.8,14
2026-10-03,wk inc flu hosp,3,2026-10-24,44,quantile,0.85,17
2026-10-03,wk inc flu hosp,3,2026-10-24,44,quantile,0.9,21
2026-10-03,wk inc flu hosp,3,2026-10-24,44,quantile,0.95,30
2026-10-03,wk inc flu hosp,3,2026-10-24,44,quantile,0.975,40
2026-10-03,wk inc flu hosp,3,2026-10-24,44,quantile,0.99,56
2026-10-03,wk inc flu hosp,0,2026-10-03,45,quantile,0.01,8
2026-10-03,wk inc flu hosp,0,2026-10-03,45,quantile,0.025,10
2026-10-03,wk inc flu hosp,0,2026-10-03,45,quantile,0.05,12
2026-10-03,wk inc flu hosp,0,2026-10-03,45,quantile,0.1,15
2026-10-03,wk inc flu hosp,0,2026-10-03,45,quantile,0.15,17
2026-10-03,wk inc flu hosp,0,2026-10-03,45,quantile,0.2,19
2026-10-03,wk inc flu hosp,0,2026-10-03,45,quantile,0.25,21
2026-10-03,wk inc flu hosp,0,2026-10-03,45,quantile,0.3,23
2026-10-03,wk inc flu hosp,0,2026-10-03,45,quantile,0.35,25
2026-10-03,wk inc flu hosp,0,2026-10-03,45,quantile,0.4,27
2026-10-03,wk inc flu hosp,0,2026-10-03,45,quantile,0.45,30
2026-10-03,wk inc flu hosp,0,2026-10-03,45,quantile,0.5,32
2026-10-03,wk inc flu hosp,0,2026-10-03,45,quantile,0.55,34
2026-10-03,wk inc flu hosp,0,2026-10-03,45,quantile,0.6,37
2026-10-03,wk inc flu hosp,0,2026-10-03,45,quantile,0.65,40
2026-10-03,wk inc flu hosp,0,2026-10-03,45,quantile,0.7,43
2026-10-03,wk inc flu hosp,0,2026-10-03,45,quantile,0.75,48
2026-10-03,wk inc flu hosp,0,2026-10-03,45,quantile,0.8,52
2026-10-03,wk inc flu hosp,0,2026-10-03,45,quantile,0.85,59
2026-10-03,wk inc flu hosp,0,2026-10-03,45,quantile,0.9,68
2026-10-03,wk inc flu hosp,0,2026-10-03,45,quantile,0.95,84
2026-10-03,wk inc flu hosp,0,2026-10-03,45,quantile,0.975,102
2026-10-03,wk inc flu hosp,0,2026-10-03,45,quantile,0.99,126
2026-10-03,wk inc flu hosp,1,2026-10-10,45,quantile,0.01,7
2026-10-03,wk inc flu hosp,1,2026-10-10,45,quantile,0.025,9
2026-10-03,wk inc flu hosp,1,2026-10-10,45,quantile,0.05,11
2026-10-03,wk inc flu hosp,1,2026-10-10,45,quantile,0.1,15
2026-10-03,wk inc flu hosp,1,2026-10-10,45,quantile,0.15,18
2026-10-03,wk inc flu hosp,1,2026-10-10,45,quantile,0.2,20
2026-10-03,wk inc flu hosp,1,2026-10-10,45,quantile,0.25,23
2026-10-03,wk inc flu hosp,1,2026-10-10,45,quantile,0.3,25
2026-10-03,wk inc flu hosp,1,2026-10-10,45,quantile,0.35,28
2026-10-03,wk inc flu hosp,1,2026-10-10,45,quantile,0.4,31
2026-10-03,wk inc flu hosp,1,2026-10-10,45,quantile,0.45,34
2026-10-03,wk inc flu hosp,1,2026-10-10,45,quantile,0.5,37
2026-10-03,wk inc flu hosp,1,2026-10-10,45,quantile,0.55,40
2026-10-03,wk inc flu hosp,1,2026-10-10,45,quantile,0.6,44
2026-10-03,wk inc flu hosp,1,2026-10-10,45,quantile,0.65,48
2026-10-03,wk inc flu hosp,1,2026-10-10,45,quantile,0.7,53
2026-10-03,wk inc flu hosp,1,2026-10-10,45,quantile,0.75,59
2026-10-03,wk inc flu hosp,1,2026-10-10,45,quantile,0.8,66
2026-10-03,wk inc flu hosp,1,2026-10-10,45,quantile,0.85,76
2026-10-03,wk inc flu hosp,1,2026-10-10,45,quantile,0.9,90
2026-10-03,wk inc flu hosp,1,2026-10-10,45,quantile,0.95,115
2026-10-03,wk inc flu hosp,1,2026-10-10,45,quantile,0.975,144
2026-10-03,wk inc flu hosp,1,2026-10-10,45,quantile,0.99,186
2026-10-03,wk inc flu hosp,2,2026-10-17,45,quantile,0.01,6
2026-10-03,wk inc flu hosp,2,2026-10-17,45,quantile,0.025,8
2026-10-03,wk inc flu hosp,2,2026-10-17,45,quantile,0.05,11
2026-10-03,wk inc flu hosp,2,2026-10-17,45,quantile,0.1,15
2026-10-03,wk inc flu hosp,2,2026-10-17,45,quantile,0.15,18
2026-10-03,wk inc flu hosp,2,2026-10-17,45,quantile,0.2,21
2026-10-03,wk inc flu hosp,2,2026-10-17,45,quantile,0.25,25
2026-10-03,wk inc flu hosp,2,2026-10-17,45,quantile,0.3,28
2026-10-03,wk inc flu hosp,2,2026-10-17,45,quantile,0.35,31
2026-10-03,wk inc flu hosp,2,2026-10-17,45,quantile,0.4,35
2026-10-03,wk inc flu hosp,2,2026-10-17,45,quantile,0.45,38
2026-10-03,wk inc flu hosp,2,2026-10-17,45,quantile,0.5,42
2026-10-03,wk inc flu hosp,2,2026-10-17,45,quantile,0.55,47
2026-10-03,wk inc flu hosp,2,2026-10-17,45,quantile,0.6,52
2026-10-03,wk inc flu hosp,2,2026-10-17,45,quantile,0.65,58
2026-10-03,wk inc flu hosp,2,2026-10-17,45,quantile,0.7,65
2026-10-03,wk inc flu hosp,2,2026-10-17,45,quantile,0.75,73
2026-10-03,wk inc flu hosp,2,2026-10-17,45,quantile,0.8,84
2026-10-03,wk inc flu hosp,2,2026-10-17,45,quantile,0.85,98
2026-10-03,wk inc flu hosp,2,2026-10-17,45,quantile,0.9,120
2026-10-03,wk inc flu hosp,2,2026-10-17,45,quantile,0.95,161
2026-10-03,wk inc flu hosp,2,2026-10-17,45,quantile,0.975,207
2026-10-03,wk inc flu hosp,2,2026-10-17,45,quantile,0.99,277
2026-10-03,wk inc flu hosp,3,2026-10-24,45,quantile,0.01,6
2026-10-03,wk inc flu hosp,3,2026-10-24,45,quantile,0.025,8
2026-10-03,wk inc flu hosp,3,2026-10-24,45,quantile,0.05,11
2026-10-03,wk inc flu hosp,3,2026-10-24,45,quantile,0.1,16
2026-10-03,wk inc flu hosp,3,2026-10-24,45,quantile,0.15,20
2026-10-03,wk inc flu hosp,3,2026-10-24,45,quantile,0.2,23
2026-10-03,wk inc flu hosp,3,2026-10-24,45,quantile,0.25,27
2026-10-03,wk inc flu hosp,3,2026-10-24,45,quantile,0.3,31
2026-10-03,wk inc flu hosp,3,2026-10-24,45,quantile,0.35,35
2026-10-03,wk inc flu hosp,3,2026-10-24,45,quantile,0.4,40
2026-10-03,wk inc flu hosp,3,2026-10-24,45,quantile,0.45,45
2026-10-03,wk inc flu hosp,3,2026-10-24,45,quantile,0.5,50
2026-10-03,wk inc flu hosp,3,2026-10-24,45,quantile,0.55,56
2026-10-03,wk inc flu hosp,3,2026-10-24,45,quantile,0.6,63
2026-10-03,wk inc flu hosp,3,2026-10-24,45,quantile,0.65,71
2026-10-03,wk inc flu hosp,3,2026-10-24,45,quantile,0.7,81
2026-10-03,wk inc flu hosp,3,2026-10-24,45,quantile,0.75,93
2026-10-03,wk inc flu hosp,3,2026-10-24,45,quantile,0.8,108
2026-10-03,wk inc flu hosp,3,2026-10-24,45,quantile,0.85,128
2026-10-03,wk inc flu hosp,3,2026-10-24,45,quantile,0.9,160
2026-10-03,wk inc flu hosp,3,2026-10-24,45,quantile,0.95,220
2026-10-03,wk inc flu hosp,3,2026-10-24,45,quantile,0.975,290
2026-10-03,wk inc flu hosp,3,2026-10-24,45,quantile,0.99,403
2026-10-03,wk inc flu hosp,0,2026-10-03,46,quantile,0.01,0
2026-10-03,wk inc flu hosp,0,2026-10-03,46,quantile,0.025,0
2026-10-03,wk inc flu hosp,0,2026-10-03,46,quantile,0.05,0
2026-10-03,wk inc flu hosp,0,2026-10-03,46,quantile,0.1,1
2026-10-03,wk inc flu hosp,0,2026-10-03,46,quantile,0.15,1
2026-10-03,wk inc flu hosp,0,2026-10-03,46,quantile,0.2,1
2026-10-03,wk inc flu hosp,0,2026-10-03,46,quantile,0.25,1
2026-10-03,wk inc flu hosp,0,2026-10-03,46,quantile,0.3,2
2026-10-03,wk inc flu hosp,0,2026-10-03,46,quantile,0.35,2
2026-10-03,wk inc flu hosp,0,2026-10-03,46,quantile,0.4,2
2026-10-03,wk inc flu hosp,0,2026-10-03,46,quantile,0.45,2
2026-10-03,wk inc flu hosp,0,2026-10-03,46,quantile,0.5,3
2026-10-03,wk inc flu hosp,0,2026-10-03,46,quantile,0.55,3
2026-10-03,wk inc flu hosp,0,2026-10-03,46,quantile,0.6,3
2026-10-03,wk inc flu hosp,0,2026-10-03,46,quantile,0.65,4
2026-10-03,wk inc flu hosp,0,2026-10-03,46,quantile,0.7,4
2026-10-03,wk inc flu hosp,0,2026-10-03,46,quantile,0.75,5
2026-10-03,wk inc flu hosp,0,2026-10-03,46,quantile,0.8,6
2026-10-03,wk inc flu hosp,0,2026-10-03,46,quantile,0.85,6
2026-10-03,wk inc flu hosp,0,2026-10-03,46,quantile,0.9,8
2026-10-03,wk inc flu hosp,0,2026-10-03,46,quantile,0.95,10
2026-10-03,wk inc flu hosp,0,2026-10-03,46,quantile,0.975,13
2026-10-03,wk inc flu hosp,0,2026-10-03,46,quantile,0.99,17
2026-10-03,wk inc flu hosp,1,2026-10-10,46,quantile,0.01,0
2026-10-03,wk inc flu hosp,1,2026-10-10,46,quantile,0.025,0
2026-10-03,wk inc flu hosp,1,2026-10-10,46,quantile,0.05,0
2026-10-03,wk inc flu hosp,1,2026-10-10,46,quantile,0.1,1
2026-10-03,wk inc flu hosp,1,2026-10-10,46,quantile,0.15,1
2026-10-03,wk inc flu hosp,1,2026-10-10,46,quantile,0.2,1
2026-10-03,wk inc flu hosp,1,2026-10-10,46,quantile,0.25,2
2026-10-03,wk inc flu hosp,1,2026-10-10,46,quantile,0.3,2
2026-10-03,wk inc flu hosp,1,2026-10-10,46,quantile,0.35,2
2026-10-03,wk inc flu hosp,1,2026-10-10,46,quantile,0.4,2
2026-10-03,wk inc flu hosp,1,2026-10-10,46,quantile,0.45,3
2026-10-03,wk inc flu hosp,1,2026-10-10,46,quantile,0.5,3
2026-10-03,wk inc flu hosp,1,2026-10-10,46,quantile,0.55,4
2026-10-03,wk inc flu hosp,1,2026-10-10,46,quantile,0.6,4
2026-10-03,wk inc flu hosp,1,2026-10-10,46,quantile,0.65,5
2026-10-03,wk inc flu hosp,1,2026-10-10,46,quantile,0.7,5
2026-10-03,wk inc flu hosp,1,2026-10-10,46,quantile,0.75,6
2026-10-03,wk inc flu hosp,1,2026-10-10,46,quantile,0.8,7
2026-10-03,wk inc flu hosp,1,2026-10-10,46,quantile,0.85,8
2026-10-03,wk inc flu hosp,1,2026-10-10,46,quantile,0.9,10
2026-10-03,wk inc flu hosp,1,2026-10-10,46,quantile,0.95,14
2026-10-03,wk inc flu hosp,1,2026-10-10,46,quantile,0.975,18
2026-10-03,wk inc flu hosp,1,2026-10-10,46,quantile,0.99,24
2026-10-03,wk inc flu hosp,2,2026-10-17,46,quantile,0.01,0
2026-10-03,wk inc flu hosp,2,2026-10-17,46,quantile,0.025,0
2026-10-03,wk inc flu hosp,2,2026-10-17,46,quantile,0.05,0
2026-10-03,wk inc flu hosp,2,2026-10-17,46,quantile,0.1,1
2026-10-03,wk inc flu hosp,2,2026-10-17,46,quantile,0.15,1
2026-10-03,wk inc flu hosp,2,2026-10-17,46,quantile,0.2,1
2026-10-03,wk inc flu hosp,2,2026-10-17,46,quantile,0.25,2
2026-10-03,wk inc flu hosp,2,2026-10-17,46,quantile,0.3,2
2026-10-03,wk inc flu hosp,2,2026-10-17,46,quantile,0.35,3
2026-10-03,wk inc flu hosp,2,2026-10-17,46,quantile,0.4,3
2026-10-03,wk inc flu hosp,2,2026-10-17,46,quantile,0.45,3
2026-10-03,wk inc flu hosp,2,2026-10-17,46,quantile,0.5,4
2026-10-03,wk inc flu hosp,2,2026-10-17,46,quantile,0.55,4
2026-10-03,wk inc flu hosp,2,2026-10-17,46,quantile,0.6,5
2026-10-03,wk inc flu hosp,2,2026-10-17,46,quantile,0.65,6
2026-10-03,wk inc flu hosp,2,2026-10-17,46,quantile,0.7,7
2026-10-03,wk inc flu hosp,2,2026-10-17,46,quantile,0.75,8
2026-10-03,wk inc flu hosp,2,2026-10-17,46,quantile,0.8,9
2026-10-03,wk inc flu hosp,2,2026-10-17,46,quantile,0.85,11
2026-10-03,wk inc flu hosp,2,2026-10-17,46,quantile,0.9,14
2026-10-03,wk inc flu hosp,2,2026-10-17,46,quantile,0.95,19
2026-10-03,wk inc flu hosp,2,2026-10-17,46,quantile,0.975,25
2026-10-03,wk inc flu hosp,2,2026-10-17,46,quantile,0.99,35
2026-10-03,wk inc flu hosp,3,2026-10-24,46,quantile,0.01,0
2026-10-03,wk inc flu hosp,3,2026-10-24,46,quantile,0.025,0
2026-10-03,wk inc flu hosp,3,2026-10-24,46,quantile,0.05,0
2026-10-03,wk inc flu hosp,3,2026-10-24,46,quantile,0.1,1
2026-10-03,wk inc flu hosp,3,2026-10-24,46,quantile,0.15,1
2026-10-03,wk inc flu hosp,3,2026-10-24,46,quantile,0.2,2
2026-10-03,wk inc flu hosp,3,2026-10-24,46,quantile,0.25,2
2026-10-03,wk inc flu hosp,3,2026-10-24,46,quantile,0.3,2
2026-10-03,wk inc flu hosp,3,2026-10-24,46,quantile,0.35,3
2026-10-03,wk inc flu hosp,3,2026-10-24,46,quantile,0.4,3
2026-10-03,wk inc flu hosp,3,2026-10-24,46,quantile,0.45,4
2026-10-03,wk inc flu hosp,3,2026-10-24,46,quantile,0.5,5
2026-10-03,wk inc flu hosp,3,2026-10-24,46,quantile,0.55,5
2026-10-03,wk inc flu hosp,3,2026-10-24,46,quantile,0.6,6
2026-10-03,wk inc flu hosp,3,2026-10-24,46,quantile,0.65,7
2026-10-03,wk inc flu hosp,3,2026-10-24,46,quantile,0.7,8
2026-10-03,wk inc flu hosp,3,2026-10-24,46,quantile,0.75,10
2026-10-03,wk inc flu hosp,3,2026-10-24,46,quantile,0.8,11
2026-10-03,wk inc flu hosp,3,2026-10-24,46,quantile,0.85,14
2026-10-03,wk inc flu hosp,3,2026-10-24,46,quantile,0.9,18
2026-10-03,wk inc flu hosp,3,2026-10-24,46,quantile,0.95,25
2026-10-03,wk inc flu hosp,3,2026-10-24,46,quantile,0.975,35
2026-10-03,wk inc flu hosp,3,2026-10-24,46,quantile,0.99,49
2026-10-03,wk inc flu hosp,0,2026-10-03,47,quantile,0.01,25
2026-10-03,wk inc flu hosp,0,2026-10-03,47,quantile,0.025,29
2026-10-03,wk inc flu hosp,0,2026-10-03,47,quantile,0.05,34
2026-10-03,wk inc flu hosp,0,2026-10-03,47,quantile,0.1,39
2026-10-03,wk inc flu hosp,0,2026-10-03,47,quantile,0.15,44
2026-10-03,wk inc flu hosp,0,2026-10-03,47,quantile,0.2,48
2026-10-03,wk inc flu hosp,0,2026-10-03,47,quantile,0.25,52
2026-10-03,wk inc flu hosp,0,2026-10-03,47,quantile,0.3,55
2026-10-03,wk inc flu hosp,0,2026-10-03,47,quantile,0.35,59
2026-10-03,wk inc flu hosp,0,2026-10-03,47,quantile,0.4,62
2026-10-03,wk inc flu hosp,0,2026-10-03,47,quantile,0.45,66
2026-10-03,wk inc flu hosp,0,2026-10-03,47,quantile,0.5,70
2026-10-03,wk inc flu hosp,0,2026-10-03,47,quantile,0.55,73
2026-10-03,wk inc flu hosp,0,2026-10-03,47,quantile,0.6,78
2026-10-03,wk inc flu hosp,0,2026-10-03,47,quantile,0.65,82
2026-10-03,wk inc flu hosp,0,2026-10-03,47,quantile,0.7,88
2026-10-03,wk inc flu hosp,0,2026-10-03,47,quantile,0.75,94
2026-10-03,wk inc flu hosp,0,2026-10-03,47,quantile,0.8,100
2026-10-03,wk inc flu hosp,0,2026-10-03,47,quantile,0.85,110
2026-10-03,wk inc flu hosp,0,2026-10-03,47,quantile,0.9,122
2026-10-03,wk inc flu hosp,0,2026-10-03,47,quantile,0.95,143
2026-10-03,wk inc flu hosp,0,2026-10-03,47,quantile,0.975,164
2026-10-03,wk inc flu hosp,0,2026-10-03,47,quantile,0.99,193
2026-10-03,wk inc flu hosp,1,2026-10-10,47,quantile,0.01,23
2026-10-03,wk inc flu hosp,1,2026-10-10,47,quantile,0.025,28
2026-10-03,wk inc flu hosp,1,2026-10-10,47,quantile,0.05,33
2026-10-03,wk inc flu hosp,1,2026-10-10,47,quantile,0.1,40
2026-10-03,wk inc flu hosp,1,2026-10-10,47,quantile,0.15,46
2026-10-03,wk inc flu hosp,1,2026-10-10,47,quantile,0.2,51
2026-10-03,wk inc flu hosp,1,2026-10-10,47,quantile,0.25,55
2026-10-03,wk inc flu hosp,1,2026-10-10,47,quantile,0.3,60
2026-10-03,wk inc flu hosp,1,2026-10-10,47,quantile,0.35,65
2026-10-03,wk inc flu hosp,1,2026-10-10,47,quantile,0.4,69
2026-10-03,wk inc flu hosp,1,2026-10-10,47,quantile,0.45,74
2026-10-03,wk inc flu hosp,1,2026-10-10,47,quantile,0.5,79
2026-10-03,wk inc flu hosp,1,2026-10-10,47,quantile,0.55,85
2026-10-03,wk inc flu hosp,1,2026-10-10,47,quantile,0.6,91
2026-10-03,wk inc flu hosp,1,2026-10-10,47,quantile,0.65,98
2026-10-03,wk inc flu hosp,1,2026-10-10,47,quantile,0.7,105
2026-10-03,wk inc flu hosp,1,2026-10-10,47,quantile,0.75,113
2026-10-03,wk inc flu hosp,1,2026-10-10,47,quantile,0.8,124
2026-10-03,wk inc flu hosp,1,2026-10-10,47,quantile,0.85,137
2026-10-03,wk inc flu hosp,1,2026-10-10,47,quantile,0.9,156
2026-10-03,wk inc flu hosp,1,2026-10-10,47,quantile,0.95,188
2026-10-03,wk inc flu hosp,1,2026-10-10,47,quantile,0.975,221
2026-10-03,wk inc flu hosp,1,2026-10-10,47,quantile,0.99,268
2026-10-03,wk inc flu hosp,2,2026-10-17,47,quantile,0.01,21
2026-10-03,wk inc flu hosp,2,2026-10-17,47,quantile,0.025,26
2026-10-03,wk inc flu hosp,2,2026-10-17,47,quantile,0.05,32
2026-10-03,wk inc flu hosp,2,2026-10-17,47,quantile,0.1,41
2026-10-03,wk inc flu hosp,2,2026-10-17,47,quantile,0.15,47
2026-10-03,wk inc flu hosp,2,2026-10-17,47,quantile,0.2,54
2026-10-03,wk inc flu hosp,2,2026-10-17,47,quantile,0.25,60
2026-10-03,wk inc flu hosp,2,2026-10-17,47,quantile,0.3,65
2026-10-03,wk inc flu hosp,2,2026-10-17,47,quantile,0.35,71
2026-10-03,wk inc flu hosp,2,2026-10-17,47,quantile,0.4,78
2026-10-03,wk inc flu hosp,2,2026-10-17,47,quantile,0.45,84
2026-10-03,wk inc flu hosp,2,2026-10-17,47,quantile,0.5,91
2026-10-03,wk inc flu hosp,2,2026-10-17,47,quantile,0.55,99
2026-10-03,wk inc flu hosp,2,2026-10-17,47,quantile,0.6,108
2026-10-03,wk inc flu hosp,2,2026-10-17,47,quantile,0.65,117
2026-10-03,wk inc flu hosp,2,2026-10-17,47,quantile,0.7,128
2026-10-03,wk inc flu hosp,2,2026-10-17,47,quantile,0.75,140
2026-10-03,wk inc flu hosp,2,2026-10-17,47,quantile,0.8,156
2026-10-03,wk inc flu hosp,2,2026-10-17,47,quantile,0.85,176
2026-10-03,wk inc flu hosp,2,2026-10-17,47,quantile,0.9,205
2026-10-03,wk inc flu hosp,2,2026-10-17,47,quantile,0.95,258
2026-10-03,wk inc flu hosp,2,2026-10-17,47,quantile,0.975,314
2026-10-03,wk inc flu hosp,2,2026-10-17,47,quantile,0.99,394
2026-10-03,wk inc flu hosp,3,2026-10-24,47,quantile,0.01,19
2026-10-03,wk inc flu hosp,3,2026-10-24,47,quantile,0.025,26
2026-10-03,wk inc flu hosp,3,2026-10-24,47,quantile,0.05,32
2026-10-03,wk inc flu hosp,3,2026-10-24,47,quantile,0.1,42
2026-10-03,wk inc flu hosp,3,2026-10-24,47,quantile,0.15,50
2026-10-03,wk inc flu hosp,3,2026-10-24,47,quantile,0.2,57
2026-10-03,wk inc flu hosp,3,2026-10-24,47,quantile,0.25,65
2026-10-03,wk inc flu hosp,3,2026-10-24,47,quantile,0.3,72
2026-10-03,wk inc flu hosp,3,2026-10-24,47,quantile,0.35,80
2026-10-03,wk inc flu hosp,3,2026-10-24,47,quantile,0.4,88
2026-10-03,wk inc flu hosp,3,2026-10-24,47,quantile,0.45,97
2026-10-03,wk inc flu hosp,3,2026-10-24,47,quantile,0.5,106
2026-10-03,wk inc flu hosp,3,2026-10-24,47,quantile,0.55,116
2026-10-03,wk inc flu hosp,3,2026-10-24,47,quantile,0.6,127
2026-10-03,wk inc flu hosp,3,2026-10-24,47,quantile,0.65,140
2026-10-03,wk inc flu hosp,3,2026-10-24,47,quantile,0.7,154
2026-10-03,wk inc flu hosp,3,2026-10-24,47,quantile,0.75,172
2026-10-03,wk inc flu hosp,3,2026-10-24,47,quantile,0.8,194
2026-10-03,wk inc flu hosp,3,2026-10-24,47,quantile,0.85,222
2026-10-03,wk inc flu hosp,3,2026-10-24,47,quantile,0.9,267
2026-10-03,wk inc flu hosp,3,2026-10-24,47,quantile,0.95,346
2026-10-03,wk inc flu hosp,3,2026-10-24,47,quantile,0.975,435
2026-10-03,wk inc flu hosp,3,2026-10-24,47,quantile,0.99,560
2026-10-03,wk inc flu hosp,0,2026-10-03,48,quantile,0.01,105
2026-10-03,wk inc flu hosp,0,2026-10-03,48,quantile,0.025,122
2026-10-03,wk inc flu hosp,0,2026-10-03,48,quantile,0.05,139
2026-10-03,wk inc flu hosp,0,2026-10-03,48,quantile,0.1,162
2026-10-03,wk inc flu hosp,0,2026-10-03,48,quantile,0.15,180
2026-10-03,wk inc flu hosp,0,2026-10-03,48,quantile,0.2,194
2026-10-03,wk inc flu hosp,0,2026-10-03,48,quantile,0.25,208
2026-10-03,wk inc flu hosp,0,2026-10-03,48,quantile,0.3,222
2026-10-03,wk inc flu hosp,0,2026-10-03,48,quantile,0.35,236
2026-10-03,wk inc flu hosp,0,2026-10-03,48,quantile,0.4,249
2026-10-03,wk inc flu hosp,0,2026-10-03,48,quantile,0.45,262
2026-10-03,wk inc flu hosp,0,2026-10-03,48,quantile,0.5,277
2026-10-03,wk inc flu hosp,0,2026-10-03,48,quantile,0.55,291
2026-10-03,wk inc flu hosp,0,2026-10-03,48,quantile,0.6,307
2026-10-03,wk inc flu hosp,0,2026-10-03,48,quantile,0.65,324
2026-10-03,wk inc flu hosp,0,2026-10-03,48,quantile,0.7,343
2026-10-03,wk inc flu hosp,0,2026-10-03,48,quantile,0.75,366
2026-10-03,wk inc flu hosp,0,2026-10-03,48,quantile,0.8,392
2026-10-03,wk inc flu hosp,0,2026-10-03,48,quantile,0.85,425
2026-10-03,wk inc flu hosp,0,2026-10-03,48,quantile,0.9,470
2026-10-03,wk inc flu hosp,0,2026-10-03,48,quantile,0.95,547
2026-10-03,wk inc flu hosp,0,2026-10-03,48,quantile,0.975,627
2026-10-03,wk inc flu hosp,0,2026-10-03,48,quantile,0.99,733
2026-10-03,wk inc flu hosp,1,2026-10-10,48,quantile,0.01,87
2026-10-03,wk inc flu hosp,1,2026-10-10,48,quantile,0.025,106
2026-10-03,wk inc flu hosp,1,2026-10-10,48,quantile,0.05,126
2026-10-03,wk inc flu hosp,1,2026-10-10,48,quantile,0.1,154
2026-10-03,wk inc flu hosp,1,2026-10-10,48,quantile,0.15,176
2026-10-03,wk inc flu hosp,1,2026-10-10,48,quantile,0.2,195
2026-10-03,wk inc flu hosp,1,2026-10-10,48,quantile,0.25,213
2026-10-03,wk inc flu hosp,1,2026-10-10,48,quantile,0.3,230
2026-10-03,wk inc flu hosp,1,2026-10-10,48,quantile,0.35,248
2026-10-03,wk inc flu hosp,1,2026-10-10,48,quantile,0.4,265
2026-10-03,wk inc flu hosp,1,2026-10-10,48,quantile,0.45,284
2026-10-03,wk inc flu hosp,1,2026-10-10,48,quantile,0.5,303
2026-10-03,wk inc flu hosp,1,2026-10-10,48,quantile,0.55,324
2026-10-03,wk inc flu hosp,1,2026-10-10,48,quantile,0.6,346
2026-10-03,wk inc flu hosp,1,2026-10-10,48,quantile,0.65,371
2026-10-03,wk inc flu hosp,1,2026-10-10,48,quantile,0.7,399
2026-10-03,wk inc flu hosp,1,2026-10-10,48,quantile,0.75,433
2026-10-03,wk inc flu hosp,1,2026-10-10,48,quantile,0.8,472
2026-10-03,wk inc flu hosp,1,2026-10-10,48,quantile,0.85,524
2026-10-03,wk inc flu hosp,1,2026-10-10,48,quantile,0.9,597
2026-10-03,wk inc flu hosp,1,2026-10-10,48,quantile,0.95,724
2026-10-03,wk inc flu hosp,1,2026-10-10,48,quantile,0.975,858
2026-10-03,wk inc flu hosp,1,2026-10-10,48,quantile,0.99,1046
2026-10-03,wk inc flu hosp,2,2026-10-17,48,quantile,0.01,75
2026-10-03,wk inc flu hosp,2,2026-10-17,48,quantile,0.025,96
2026-10-03,wk inc flu hosp,2,2026-10-17,48,quantile,0.05,118
2026-10-03,wk inc flu hosp,2,2026-10-17,48,quantile,0.1,149
2026-10-03,wk inc flu hosp,2,2026-10-17,48,quantile,0.15,176
2026-10-03,wk inc flu hosp,2,2026-10-17,48,quantile,0.2,199
2026-10-03,wk inc flu hosp,2,2026-10-17,48,quantile,0.25,223
2026-10-03,wk inc flu hosp,2,2026-10-17,48,quantile,0.3,245
2026-10-03,wk inc flu hosp,2,2026-10-17,48,quantile,0.35,268
2026-10-03,wk inc flu hosp,2,2026-10-17,48,quantile,0.4,292
2026-10-03,wk inc flu hosp,2,2026-10-17,48,quantile,0.45,318
2026-10-03,wk inc flu hosp,2,2026-10-17,48,quantile,0.5,345
2026-10-03,wk inc flu hosp,2,2026-10-17,48,quantile,0.55,375
2026-10-03,wk inc flu hosp,2,2026-10-17,48,quantile,0.6,407
2026-10-03,wk inc flu hosp,2,2026-10-17,48,quantile,0.65,442
2026-10-03,wk inc flu hosp,2,2026-10-17,48,quantile,0.7,483
2026-10-03,wk inc flu hosp,2,2026-10-17,48,quantile,0.75,530
2026-10-03,wk inc flu hosp,2,2026-10-17,48,quantile,0.8,591
2026-10-03,wk inc flu hosp,2,2026-10-17,48,quantile,0.85,669
2026-10-03,wk inc flu hosp,2,2026-10-17,48,quantile,0.9,785
2026-10-03,wk inc flu hosp,2,2026-10-17,48,quantile,0.95,996
2026-10-03,wk inc flu hosp,2,2026-10-17,48,quantile,0.975,1221
2026-10-03,wk inc flu hosp,2,2026-10-17,48,quantile,0.99,1549
2026-10-03,wk inc flu hosp,3,2026-10-24,48,quantile,0.01,67
2026-10-03,wk inc flu hosp,3,2026-10-24,48,quantile,0.025,88
2026-10-03,wk inc flu hosp,3,2026-10-24,48,quantile,0.05,111
2026-10-03,wk inc flu hosp,3,2026-10-24,48,quantile,0.1,145
2026-10-03,wk inc flu hosp,3,2026-10-24,48,quantile,0.15,175
2026-10-03,wk inc flu hosp,3,2026-10-24,48,quantile,0.2,202
2026-10-03,wk inc flu hosp,3,2026-10-24,48,quantile,0.25,229
2026-10-03,wk inc flu hosp,3,2026-10-24,48,quantile,0.3,257
2026-10-03,wk inc flu hosp,3,2026-10-24,48,quantile,0.35,285
2026-10-03,wk inc flu hosp,3,2026-10-24,48,quantile,0.4,314
2026-10-03,wk inc flu hosp,3,2026-10-24,48,quantile,0.45,347
2026-10-03,wk inc flu hosp,3,2026-10-24,48,quantile,0.5,382
2026-10-03,wk inc flu hosp,3,2026-10-24,48,quantile,0.55,419
2026-10-03,wk inc flu hosp,3,2026-10-24,48,quantile,0.6,462
2026-10-03,wk inc flu hosp,3,2026-10-24,48,quantile,0.65,512
2026-10-03,wk inc flu hosp,3,2026-10-24,48,quantile,0.7,568
2026-10-03,wk inc flu hosp,3,2026-10-24,48,quantile,0.75,635
2026-10-03,wk inc flu hosp,3,2026-10-24,48,quantile,0.8,718
2026-10-03,wk inc flu hosp,3,2026-10-24,48,quantile,0.85,833
2026-10-03,wk inc flu hosp,3,2026-10-24,48,quantile,0.9,1002
2026-10-03,wk inc flu hosp,3,2026-10-24,48,quantile,0.95,1309
2026-10-03,wk inc flu hosp,3,2026-10-24,48,quantile,0.975,1657
2026-10-03,wk inc flu hosp,3,2026-10-24,48,quantile,0.99,2178
2026-10-03,wk inc flu hosp,0,2026-10-03,49,quantile,0.01,5
2026-10-03,wk inc flu hosp,0,2026-10-03,49,quantile,0.025,7
2026-10-03,wk inc flu hosp,0,2026-10-03,49,quantile,0.05,8
2026-10-03,wk inc flu hosp,0,2026-10-03,49,quantile,0.1,10
2026-10-03,wk inc flu hosp,0,2026-10-03,49,quantile,0.15,11
2026-10-03,wk inc flu hosp,0,2026-10-03,49,quantile,0.2,13
2026-10-03,wk inc flu hosp,0,2026-10-03,49,quantile,0.25,14
2026-10-03,wk inc flu hosp,0,2026-10-03,49,quantile,0.3,15
2026-10-03,wk inc flu hosp,0,2026-10-03,49,quantile,0.35,17
2026-10-03,wk inc flu hosp,0,2026-10-03,49,quantile,0.4,18
2026-10-03,wk inc flu hosp,0,2026-10-03,49,quantile,0.45,19
2026-10-03,wk inc flu hosp,0,2026-10-03,49,quantile,0.5,21
2026-10-03,wk inc flu hosp,0,2026-10-03,49,quantile,0.55,22
2026-10-03,wk inc flu hosp,0,2026-10-03,49,quantile,0.6,24
2026-10-03,wk inc flu hosp,0,2026-10-03,49,quantile,0.65,26
2026-10-03,wk inc flu hosp,0,2026-10-03,49,quantile,0.7,28
2026-10-03,wk inc flu hosp,0,2026-10-03,49,quantile,0.75,31
2026-10-03,wk inc flu hosp,0,2026-10-03,49,quantile,0.8,34
2026-10-03,wk inc flu hosp,0,2026-10-03,49,quantile,0.85,38
2026-10-03,wk inc flu hosp,0,2026-10-03,49,quantile,0.9,43
2026-10-03,wk inc flu hosp,0,2026-10-03,49,quantile,0.95,53
2026-10-03,wk inc flu hosp,0,2026-10-03,49,quantile,0.975,63
2026-10-03,wk inc flu hosp,0,2026-10-03,49,quantile,0.99,77
2026-10-03,wk inc flu hosp,1,2026-10-10,49,quantile,0.01,5
2026-10-03,wk inc flu hosp,1,2026-10-10,49,quantile,0.025,6
2026-10-03,wk inc flu hosp,1,2026-10-10,49,quantile,0.05,8
2026-10-03,wk inc flu hosp,1,2026-10-10,49,quantile,0.1,10
2026-10-03,wk inc flu hosp,1,2026-10-10,49,quantile,0.15,12
2026-10-03,wk inc flu hosp,1,2026-10-10,49,quantile,0.2,14
2026-10-03,wk inc flu hosp,1,2026-10-10,49,quantile,0.25,15
2026-10-03,wk inc flu hosp,1,2026-10-10,49,quantile,0.3,17
2026-10-03,wk inc flu hosp,1,2026-10-10,49,quantile,0.35,19
2026-10-03,wk inc flu hosp,1,2026-10-10,49,quantile,0.4,20
2026-10-03,wk inc flu hosp,1,2026-10-10,49,quantile,0.45,22
2026-10-03,wk inc flu hosp,1,2026-10-10,49,quantile,0.5,24
2026-10-03,wk inc flu hosp,1,2026-10-10,49,quantile,0.55,26
2026-10-03,wk inc flu hosp,1,2026-10-10,49,quantile,0.6,28
2026-10-03,wk inc flu hosp,1,2026-10-10,49,quantile,0.65,31
2026-10-03,wk inc flu hosp,1,2026-10-10,49,quantile,0.7,34
2026-10-03,wk inc flu hosp,1,2026-10-10,49,quantile,0.75,38
2026-10-03,wk inc flu hosp,1,2026-10-10,49,quantile,0.8,42
2026-10-03,wk inc flu hosp,1,2026-10-10,49,quantile,0.85,48
2026-10-03,wk inc flu hosp,1,2026-10-10,49,quantile,0.9,56
2026-10-03,wk inc flu hosp,1,2026-10-10,49,quantile,0.95,71
2026-10-03,wk inc flu hosp,1,2026-10-10,49,quantile,0.975,87
2026-10-03,wk inc flu hosp,1,2026-10-10,49,quantile,0.99,110
2026-10-03,wk inc flu hosp,2,2026-10-17,49,quantile,0.01,4
2026-10-03,wk inc flu hosp,2,2026-10-17,49,quantile,0.025,6
2026-10-03,wk inc flu hosp,2,2026-10-17,49,quantile,0.05,7
2026-10-03,wk inc flu hosp,2,2026-10-17,49,quantile,0.1,10
2026-10-03,wk inc flu hosp,2,2026-10-17,49,quantile,0.15,12
2026-10-03,wk inc flu hosp,2,2026-10-17,49,quantile,0.2,14
2026-10-03,wk inc flu hosp,2,2026-10-17,49,quantile,0.25,16
2026-10-03,wk inc flu hosp,2,2026-10-17,49,quantile,0.3,18
2026-10-03,wk inc flu hosp,2,2026-10-17,49,quantile,0.35,21
2026-10-03,wk inc flu hosp,2,2026-10-17,49,quantile,0.4,23
2026-10-03,wk inc flu hosp,2,2026-10-17,49,quantile,0.45,25
2026-10-03,wk inc flu hosp,2,2026-10-17,49,quantile,0.5,28
2026-10-03,wk inc flu hosp,2,2026-10-17,49,quantile,0.55,31
2026-10-03,wk inc flu hosp,2,2026-10-17,49,quantile,0.6,34
2026-10-03,wk inc flu hosp,2,2026-10-17,49,quantile,0.65,38
2026-10-03,wk inc flu hosp,2,2026-10-17,49,quantile,0.7,42
2026-10-03,wk inc flu hosp,2,2026-10-17,49,quantile,0.75,47
2026-10-03,wk inc flu hosp,2,2026-10-17,49,quantile,0.8,54
2026-10-03,wk inc flu hosp,2,2026-10-17,49,quantile,0.85,62
2026-10-03,wk inc flu hosp,2,2026-10-17,49,quantile,0.9,75
2026-10-03,wk inc flu hosp,2,2026-10-17,49,quantile,0.95,100
2026-10-03,wk inc flu hosp,2,2026-10-17,49,quantile,0.975,128
2026-10-03,wk inc flu hosp,2,2026-10-17,49,quantile,0.99,170
2026-10-03,wk inc flu hosp,3,2026-10-24,49,quantile,0.01,4
2026-10-03,wk inc flu hosp,3,2026-10-24,49,quantile,0.025,6
2026-10-03,wk inc flu hosp,3,2026-10-24,49,quantile,0.05,8
2026-10-03,wk inc flu hosp,3,2026-10-24,49,quantile,0.1,11
2026-10-03,wk inc flu hosp,3,2026-10-24,49,quantile,0.15,13
2026-10-03,wk inc flu hosp,3,2026-10-24,49,quantile,0.2,16
2026-10-03,wk inc flu hosp,3,2026-10-24,49,quantile,0.25,18
2026-10-03,wk inc flu hosp,3,2026-10-24,49,quantile,0.3,21
2026-10-03,wk inc flu hosp,3,2026-10-24,49,quantile,0.35,23
2026-10-03,wk inc flu hosp,3,2026-10-24,49,quantile,0.4,26
2026-10-03,wk inc flu hosp,3,2026-10-24,49,quantile,0.45,29
2026-10-03,wk inc flu hosp,3,2026-10-24,49,quantile,0.5,33
2026-10-03,wk inc flu hosp,3,2026-10-24,49,quantile,0.55,37
2026-10-03,wk inc flu hosp,3,2026-10-24,49,quantile,0.6,41
2026-10-03,wk inc flu hosp,3,2026-10-24,49,quantile,0.65,46
2026-10-03,wk inc flu hosp,3,2026-10-24,49,quantile,0.7,53
2026-10-03,wk inc flu hosp,3,2026-10-24,49,quantile,0.75,60
2026-10-03,wk inc flu hosp,3,2026-10-24,49,quantile,0.8,69
2026-10-03,wk inc flu hosp,3,2026-10-24,49,quantile,0.85,82
2026-10-03,wk inc flu hosp,3,2026-10-24,49,quantile,0.9,102
2026-10-03,wk inc flu hosp,3,2026-10-24,49,quantile,0.95,140
2026-10-03,wk inc flu hosp,3,2026-10-24,49,quantile,0.975,183
2026-10-03,wk inc flu hosp,3,2026-10-24,49,quantile,0.99,252
2026-10-03,wk inc flu hosp,0,2026-10-03,50,quantile,0.01,0
2026-10-03,wk inc flu hosp,0,2026-10-03,50,quantile,0.025,0
2026-10-03,wk inc flu hosp,0,2026-10-03,50,quantile,0.05,0
2026-10-03,wk inc flu hosp,0,2026-10-03,50,quantile,0.1,0
2026-10-03,wk inc flu hosp,0,2026-10-03,50,quantile,0.15,1
2026-10-03,wk inc flu hosp,0,2026-10-03,50,quantile,0.2,1
2026-10-03,wk inc flu hosp,0,2026-10-03,50,quantile,0.25,1
2026-10-03,wk inc flu hosp,0,2026-10-03,50,quantile,0.3,1
2026-10-03,wk inc flu hosp,0,2026-10-03,50,quantile,0.35,1
2026-10-03,wk inc flu hosp,0,2026-10-03,50,quantile,0.4,1
2026-10-03,wk inc flu hosp,0,2026-10-03,50,quantile,0.45,2
2026-10-03,wk inc flu hosp,0,2026-10-03,50,quantile,0.5,2
2026-10-03,wk inc flu hosp,0,2026-10-03,50,quantile,0.55,2
2026-10-03,wk inc flu hosp,0,2026-10-03,50,quantile,0.6,2
2026-10-03,wk inc flu hosp,0,2026-10-03,50,quantile,0.65,3
2026-10-03,wk inc flu hosp,0,2026-10-03,50,quantile,0.7,3
2026-10-03,wk inc flu hosp,0,2026-10-03,50,quantile,0.75,3
2026-10-03,wk inc flu hosp,0,2026-10-03,50,quantile,0.8,4
2026-10-03,wk inc flu hosp,0,2026-10-03,50,quantile,0.85,5
2026-10-03,wk inc flu hosp,0,2026-10-03,50,quantile,0.9,6
2026-10-03,wk inc flu hosp,0,2026-10-03,50,quantile,0.95,7
2026-10-03,wk inc flu hosp,0,2026-10-03,50,quantile,0.975,9
2026-10-03,wk inc flu hosp,0,2026-10-03,50,quantile,0.99,12
2026-10-03,wk inc flu hosp,1,2026-10-10,50,quantile,0.01,0
2026-10-03,wk inc flu hosp,1,2026-10-10,50,quantile,0.025,0
2026-10-03,wk inc flu hosp,1,2026-10-10,50,quantile,0.05,0
2026-10-03,wk inc flu hosp,1,2026-10-10,50,quantile,0.1,0
2026-10-03,wk inc flu hosp,1,2026-10-10,50,quantile,0.15,1
2026-10-03,wk inc flu hosp,1,2026-10-10,50,quantile,0.2,1
2026-10-03,wk inc flu hosp,1,2026-10-10,50,quantile,0.25,1
2026-10-03,wk inc flu hosp,1,2026-10-10,50,quantile,0.3,1
2026-10-03,wk inc flu hosp,1,2026-10-10,50,quantile,0.35,1
2026-10-03,wk inc flu hosp,1,2026-10-10,50,quantile,0.4,2
2026-10-03,wk inc flu hosp,1,2026-10-10,50,quantile,0.45,2
2026-10-03,wk inc flu hosp,1,2026-10-10,50,quantile,0.5,2
2026-10-03,wk inc flu hosp,1,2026-10-10,50,quantile,0.55,3
2026-10-03,wk inc flu hosp,1,2026-10-10,50,quantile,0.6,3
2026-10-03,wk inc flu hosp,1,2026-10-10,50,quantile,0.65,3
2026-10-03,wk inc flu hosp,1,2026-10-10,50,quantile,0.7,4
2026-10-03,wk inc flu hosp,1,2026-10-10,50,quantile,0.75,4
2026-10-03,wk inc flu hosp,1,2026-10-10,50,quantile,0.8,5
2026-10-03,wk inc flu hosp,1,2026-10-10,50,quantile,0.85,6
2026-10-03,wk inc flu hosp,1,2026-10-10,50,quantile,0.9,7
2026-10-03,wk inc flu hosp,1,2026-10-10,50,quantile,0.95,10
2026-10-03,wk inc flu hosp,1,2026-10-10,50,quantile,0.975,12
2026-10-03,wk inc flu hosp,1,2026-10-10,50,quantile,0.99,17
2026-10-03,wk inc flu hosp,2,2026-10-17,50,quantile,0.01,0
2026-10-03,wk inc flu hosp,2,2026-10-17,50,quantile,0.025,0
2026-10-03,wk inc flu hosp,2,2026-10-17,50,quantile,0.05,0
2026-10-03,wk inc flu hosp,2,2026-10-17,50,quantile,0.1,0
2026-10-03,wk inc flu hosp,2,2026-10-17,50,quantile,0.15,1
2026-10-03,wk inc flu hosp,2,2026-10-17,50,quantile,0.2,1
2026-10-03,wk inc flu hosp,2,2026-10-17,50,quantile,0.25,1
2026-10-03,wk inc flu hosp,2,2026-10-17,50,quantile,0.3,1
2026-10-03,wk inc flu hosp,2,2026-10-17,50,quantile,0.35,2
2026-10-03,wk inc flu hosp,2,2026-10-17,50,quantile,0.4,2
2026-10-03,wk inc flu hosp,2,2026-10-17,50,quantile,0.45,2
2026-10-03,wk inc flu hosp,2,2026-10-17,50,quantile,0.5,3
2026-10-03,wk inc flu hosp,2,2026-10-17,50,quantile,0.55,3
2026-10-03,wk inc flu hosp,2,2026-10-17,50,quantile,0.6,4
2026-10-03,wk inc flu hosp,2,2026-10-17,50,quantile,0.65,4
2026-10-03,wk inc flu hosp,2,2026-10-17,50,quantile,0.7,5
2026-10-03,wk inc flu hosp,2,2026-10-17,50,quantile,0.75,6
2026-10-03,wk inc flu hosp,2,2026-10-17,50,quantile,0.8,7
2026-10-03,wk inc flu hosp,2,2026-10-17,50,quantile,0.85,8
2026-10-03,wk inc flu hosp,2,2026-10-17,50,quantile,0.9,10
2026-10-03,wk inc flu hosp,2,2026-10-17,50,quantile,0.95,14
2026-10-03,wk inc flu hosp,2,2026-10-17,50,quantile,0.975,18
2026-10-03,wk inc flu hosp,2,2026-10-17,50,quantile,0.99,24
2026-10-03,wk inc flu hosp,3,2026-10-24,50,quantile,0.01,0
2026-10-03,wk inc flu hosp,3,2026-10-24,50,quantile,0.025,0
2026-10-03,wk inc flu hosp,3,2026-10-24,50,quantile,0.05,0
2026-10-03,wk inc flu hosp,3,2026-10-24,50,quantile,0.1,0
2026-10-03,wk inc flu hosp,3,2026-10-24,50,quantile,0.15,1
2026-10-03,wk inc flu hosp,3,2026-10-24,50,quantile,0.2,1
2026-10-03,wk inc flu hosp,3,2026-10-24,50,quantile,0.25,1
2026-10-03,wk inc flu hosp,3,2026-10-24,50,quantile,0.3,2
2026-10-03,wk inc flu hosp,3,2026-10-24,50,quantile,0.35,2
2026-10-03,wk inc flu hosp,3,2026-10-24,50,quantile,0.4,3
2026-10-03,wk inc flu hosp,3,2026-10-24,50,quantile,0.45,3
2026-10-03,wk inc flu hosp,3,2026-10-24,50,quantile,0.5,4
2026-10-03,wk inc flu hosp,3,2026-10-24,50,quantile,0.55,4
2026-10-03,wk inc flu hosp,3,2026-10-24,50,quantile,0.6,5
2026-10-03,wk inc flu hosp,3,2026-10-24,50,quantile,0.65,5
2026-10-03,wk inc flu hosp,3,2026-10-24,50,quantile,0.7,6
2026-10-03,wk inc flu hosp,3,2026-10-24,50,quantile,0.75,7
2026-10-03,wk inc flu hosp,3,2026-10-24,50,quantile,0.8,9
2026-10-03,wk inc flu hosp,3,2026-10-24,50,quantile,0.85,10
2026-10-03,wk inc flu hosp,3,2026-10-24,50,quantile,0.9,13
2026-10-03,wk inc flu hosp,3,2026-10-24,50,quantile,0.95,19
2026-10-03,wk inc flu hosp,3,2026-10-24,50,quantile,0.975,25
2026-10-03,wk inc flu hosp,3,2026-10-24,50,quantile,0.99,36
2026-10-03,wk inc flu hosp,0,2026-10-03,51,quantile,0.01,13
2026-10-03,wk inc flu hosp,0,2026-10-03,51,quantile,0.025,15
2026-10-03,wk inc flu hosp,0,2026-10-03,51,quantile,0.05,18
2026-10-03,wk inc flu hosp,0,2026-10-03,51,quantile,0.1,22
2026-10-03,wk inc flu hosp,0,2026-10-03,51,quantile,0.15,24
2026-10-03,wk inc flu hosp,0,2026-10-03,51,quantile,0.2,27
2026-10-03,wk inc flu hosp,0,2026-10-03,51,quantile,0.25,29
2026-10-03,wk inc flu hosp,0,2026-10-03,51,quantile,0.3,31
2026-10-03,wk inc flu hosp,0,2026-10-03,51,quantile,0.35,33
2026-10-03,wk inc flu hosp,0,2026-10-03,51,quantile,0.4,35
2026-10-03,wk inc flu hosp,0,2026-10-03,51,quantile,0.45,38
2026-10-03,wk inc flu hosp,0,2026-10-03,51,quantile,0.5,40
2026-10-03,wk inc flu hosp,0,2026-10-03,51,quantile,0.55,43
2026-10-03,wk inc flu hosp,0,2026-10-03,51,quantile,0.6,45
2026-10-03,wk inc flu hosp,0,2026-10-03,51,quantile,0.65,48
2026-10-03,wk inc flu hosp,0,2026-10-03,51,quantile,0.7,52
2026-10-03,wk inc flu hosp,0,2026-10-03,51,quantile,0.75,55
2026-10-03,wk inc flu hosp,0,2026-10-03,51,quantile,0.8,60
2026-10-03,wk inc flu hosp,0,2026-10-03,51,quantile,0.85,66
2026-10-03,wk inc flu hosp,0,2026-10-03,51,quantile,0.9,74
2026-10-03,wk inc flu hosp,0,2026-10-03,51,quantile,0.95,88
2026-10-03,wk inc flu hosp,0,2026-10-03,51,quantile,0.975,102
2026-10-03,wk inc flu hosp,0,2026-10-03,51,quantile,0.99,122
2026-10-03,wk inc flu hosp,1,2026-10-10,51,quantile,0.01,12
2026-10-03,wk inc flu hosp,1,2026-10-10,51,quantile,0.025,15
2026-10-03,wk inc flu hosp,1,2026-10-10,51,quantile,0.05,18
2026-10-03,wk inc flu hosp,1,2026-10-10,51,quantile,0.1,22
2026-10-03,wk inc flu hosp,1,2026-10-10,51,quantile,0.15,25
2026-10-03,wk inc flu hosp,1,2026-10-10,51,quantile,0.2,29
2026-10-03,wk inc flu hosp,1,2026-10-10,51,quantile,0.25,31
2026-10-03,wk inc flu hosp,1,2026-10-10,51,quantile,0.3,34
2026-10-03,wk inc flu hosp,1,2026-10-10,51,quantile,0.35,37
2026-10-03,wk inc flu hosp,1,2026-10-10,51,quantile,0.4,40
2026-10-03,wk inc flu hosp,1,2026-10-10,51,quantile,0.45,43
2026-10-03,wk inc flu hosp,1,2026-10-10,51,quantile,0.5,46
2026-10-03,wk inc flu hosp,1,2026-10-10,51,quantile,0.55,50
2026-10-03,wk inc flu hosp,1,2026-10-10,51,quantile,0.6,53
2026-10-03,wk inc flu hosp,1,2026-10-10,51,quantile,0.65,58
2026-10-03,wk inc flu hosp,1,2026-10-10,51,quantile,0.7,62
2026-10-03,wk inc flu hosp,1,2026-10-10,51,quantile,0.75,68
2026-10-03,wk inc flu hosp,1,2026-10-10,51,quantile,0.8,74
2026-10-03,wk inc flu hosp,1,2026-10-10,51,quantile,0.85,83
2026-10-03,wk inc flu hosp,1,2026-10-10,51,quantile,0.9,94
2026-10-03,wk inc flu hosp,1,2026-10-10,51,quantile,0.95,115
2026-10-03,wk inc flu hosp,1,2026-10-10,51,quantile,0.975,137
2026-10-03,wk inc flu hosp,1,2026-10-10,51,quantile,0.99,168
2026-10-03,wk inc flu hosp,2,2026-10-17,51,quantile,0.01,11
2026-10-03,wk inc flu hosp,2,2026-10-17,51,quantile,0.025,14
2026-10-03,wk inc flu hosp,2,2026-10-17,51,quantile,0.05,18
2026-10-03,wk inc flu hosp,2,2026-10-17,51,quantile,0.1,23
2026-10-03,wk inc flu hosp,2,2026-10-17,51,quantile,0.15,27
2026-10-03,wk inc flu hosp,2,2026-10-17,51,quantile,0.2,30
2026-10-03,wk inc flu hosp,2,2026-10-17,51,quantile,0.25,34
2026-10-03,wk inc flu hosp,2,2026-10-17,51,quantile,0.3,37
2026-10-03,wk inc flu hosp,2,2026-10-17,51,quantile,0.35,41
2026-10-03,wk inc flu hosp,2,2026-10-17,51,quantile,0.4,45
2026-10-03,wk inc flu hosp,2,2026-10-17,51,quantile,0.45,49
2026-10-03,wk inc flu hosp,2,2026-10-17,51,quantile,0.5,53
2026-10-03,wk inc flu hosp,2,2026-10-17,51,quantile,0.55,58
2026-10-03,wk inc flu hosp,2,2026-10-17,51,quantile,0.6,63
2026-10-03,wk inc flu hosp,2,2026-10-17,51,quantile,0.65,69
2026-10-03,wk inc flu hosp,2,2026-10-17,51,quantile,0.7,76
2026-10-03,wk inc flu hosp,2,2026-10-17,51,quantile,0.75,84
2026-10-03,wk inc flu hosp,2,2026-10-17,51,quantile,0.8,93
2026-10-03,wk inc flu hosp,2,2026-10-17,51,quantile,0.85,106
2026-10-03,wk inc flu hosp,2,2026-10-17,51,quantile,0.9,124
2026-10-03,wk inc flu hosp,2,2026-10-17,51,quantile,0.95,157
2026-10-03,wk inc flu hosp,2,2026-10-17,51,quantile,0.975,194
2026-10-03,wk inc flu hosp,2,2026-10-17,51,quantile,0.99,247
2026-10-03,wk inc flu hosp,3,2026-10-24,51,quantile,0.01,10
2026-10-03,wk inc flu hosp,3,2026-10-24,51,quantile,0.025,13
2026-10-03,wk inc flu hosp,3,2026-10-24,51,quantile,0.05,17
2026-10-03,wk inc flu hosp,3,2026-10-24,51,quantile,0.1,23
2026-10-03,wk inc flu hosp,3,2026-10-24,51,quantile,0.15,28
2026-10-03,wk inc flu hosp,3,2026-10-24,51,quantile,0.2,32
2026-10-03,wk inc flu hosp,3,2026-10-24,51,quantile,0.25,37
2026-10-03,wk inc flu hosp,3,2026-10-24,51,quantile,0.3,41
2026-10-03,wk inc flu hosp,3,2026-10-24,51,quantile,0.35,46
2026-10-03,wk inc flu hosp,3,2026-10-24,51,quantile,0.4,51
2026-10-03,wk inc flu hosp,3,2026-10-24,51,quantile,0.45,56
2026-10-03,wk inc flu hosp,3,2026-10-24,51,quantile,0.5,62
2026-10-03,wk inc flu hosp,3,2026-10-24,51,quantile,0.55,68
2026-10-03,wk inc flu hosp,3,2026-10-24,51,quantile,0.6,75
2026-10-03,wk inc flu hosp,3,2026-10-24,51,quantile,0.65,83
2026-10-03,wk inc flu hosp,3,2026-10-24,51,quantile,0.7,93
2026-10-03,wk inc flu hosp,3,2026-10-24,51,quantile,0.75,104
2026-10-03,wk inc flu hosp,3,2026-10-24,51,quantile,0.8,118
2026-10-03,wk inc flu hosp,3,2026-10-24,51,quantile,0.85,137
2026-10-03,wk inc flu hosp,3,2026-10-24,51,quantile,0.9,166
2026-10-03,wk inc flu hosp,3,2026-10-24,51,quantile,0.95,219
2026-10-03,wk inc flu hosp,3,2026-10-24,51,quantile,0.975,279
2026-10-03,wk inc flu hosp,3,2026-10-24,51,quantile,0.99,366
2026-10-03,wk inc flu hosp,0,2026-10-03,53,quantile,0.01,30
2026-10-03,wk inc flu hosp,0,2026-10-03,53,quantile,0.025,36
2026-10-03,wk inc flu hosp,0,2026-10-03,53,quantile,0.05,43
2026-10-03,wk inc flu hosp,0,2026-10-03,53,quantile,0.1,52
2026-10-03,wk inc flu hosp,0,2026-10-03,53,quantile,0.15,59
2026-10-03,wk inc flu hosp,0,2026-10-03,53,quantile,0.2,65
2026-10-03,wk inc flu hosp,0,2026-10-03,53,quantile,0.25,71
2026-10-03,wk inc flu hosp,0,2026-10-03,53,quantile,0.3,76
2026-10-03,wk inc flu hosp,0,2026-10-03,53,quantile,0.35,82
2026-10-03,wk inc flu hosp,0,2026-10-03,53,quantile,0.4,88
2026-10-03,wk inc flu hosp,0,2026-10-03,53,quantile,0.45,94
2026-10-03,wk inc flu hosp,0,2026-10-03,53,quantile,0.5,100
2026-10-03,wk inc flu hosp,0,2026-10-03,53,quantile,0.55,107
2026-10-03,wk inc flu hosp,0,2026-10-03,53,quantile,0.6,114
2026-10-03,wk inc flu hosp,0,2026-10-03,53,quantile,0.65,122
2026-10-03,wk inc flu hosp,0,2026-10-03,53,quantile,0.7,131
2026-10-03,wk inc flu hosp,0,2026-10-03,53,quantile,0.75,141
2026-10-03,wk inc flu hosp,0,2026-10-03,53,quantile,0.8,154
2026-10-03,wk inc flu hosp,0,2026-10-03,53,quantile,0.85,170
2026-10-03,wk inc flu hosp,0,2026-10-03,53,quantile,0.9,193
2026-10-03,wk inc flu hosp,0,2026-10-03,53,quantile,0.95,232
2026-10-03,wk inc flu hosp,0,2026-10-03,53,quantile,0.975,273
2026-10-03,wk inc flu hosp,0,2026-10-03,53,quantile,0.99,331
2026-10-03,wk inc flu hosp,1,2026-10-10,53,quantile,0.01,26
2026-10-03,wk inc flu hosp,1,2026-10-10,53,quantile,0.025,33
2026-10-03,wk inc flu hosp,1,2026-10-10,53,quantile,0.05,40
2026-10-03,wk inc flu hosp,1,2026-10-10,53,quantile,0.1,50
2026-10-03,wk inc flu hosp,1,2026-10-10,53,quantile,0.15,58
2026-10-03,wk inc flu hosp,1,2026-10-10,53,quantile,0.2,66
2026-10-03,wk inc flu hosp,1,2026-10-10,53,quantile,0.25,73
2026-10-03,wk inc flu hosp,1,2026-10-10,53,quantile,0.3,80
2026-10-03,wk inc flu hosp,1,2026-10-10,53,quantile,0.35,87
2026-10-03,wk inc flu hosp,1,2026-10-10,53,quantile,0.4,94
2026-10-03,wk inc flu hosp,1,2026-10-10,53,quantile,0.45,102
2026-10-03,wk inc flu hosp,1,2026-10-10,53,quantile,0.5,110
2026-10-03,wk inc flu hosp,1,2026-10-10,53,quantile,0.55,119
2026-10-03,wk inc flu hosp,1,2026-10-10,53,quantile,0.6,129
2026-10-03,wk inc flu hosp,1,2026-10-10,53,quantile,0.65,140
2026-10-03,wk inc flu hosp,1,2026-10-10,53,quantile,0.7,153
2026-10-03,wk inc flu hosp,1,2026-10-10,53,quantile,0.75,168
2026-10-03,wk inc flu hosp,1,2026-10-10,53,quantile,0.8,186
2026-10-03,wk inc flu hosp,1,2026-10-10,53,quantile,0.85,210
2026-10-03,wk inc flu hosp,1,2026-10-10,53,quantile,0.9,244
2026-10-03,wk inc flu hosp,1,2026-10-10,53,quantile,0.95,304
2026-10-03,wk inc flu hosp,1,2026-10-10,53,quantile,0.975,369
2026-10-03,wk inc flu hosp,1,2026-10-10,53,quantile,0.99,463
2026-10-03,wk inc flu hosp,2,2026-10-17,53,quantile,0.01,22
2026-10-03,wk inc flu hosp,2,2026-10-17,53,quantile,0.025,29
2026-10-03,wk inc flu hosp,2,2026-10-17,53,quantile,0.05,37
2026-10-03,wk inc flu hosp,2,2026-10-17,53,quantile,0.1,48
2026-10-03,wk inc flu hosp,2,2026-10-17,53,quantile,0.15,57
2026-10-03,wk inc flu hosp,2,2026-10-17,53,quantile,0.2,66
2026-10-03,wk inc flu hosp,2,2026-10-17,53,quantile,0.25,74
2026-10-03,wk inc flu hosp,2,2026-10-17,53,quantile,0.3,83
2026-10-03,wk inc flu hosp,2,2026-10-17,53,quantile,0.35,92
2026-10-03,wk inc flu hosp,2,2026-10-17,53,quantile,0.4,101
2026-10-03,wk inc flu hosp,2,2026-10-17,53,quantile,0.45,111
2026-10-03,wk inc flu hosp,2,2026-10-17,53,quantile,0.5,122
2026-10-03,wk inc flu hosp,2,2026-10-17,53,quantile,0.55,134
2026-10-03,wk inc flu hosp,2,2026-10-17,53,quantile,0.6,147
2026-10-03,wk inc flu hosp,2,2026-10-17,53,quantile,0.65,162
2026-10-03,wk inc flu hosp,2,2026-10-17,53,quantile,0.7,180
2026-10-03,wk inc flu hosp,2,2026-10-17,53,quantile,0.75,201
2026-10-03,wk inc flu hosp,2,2026-10-17,53,quantile,0.8,227
2026-10-03,wk inc flu hosp,2,2026-10-17,53,quantile,0.85,262
2026-10-03,wk inc flu hosp,2,2026-10-17,53,quantile,0.9,314
2026-10-03,wk inc flu hosp,2,2026-10-17,53,quantile,0.95,410
2026-10-03,wk inc flu hosp,2,2026-10-17,53,quantile,0.975,517
2026-10-03,wk inc flu hosp,2,2026-10-17,53,quantile,0.99,683
2026-10-03,wk inc flu hosp,3,2026-10-24,53,quantile,0.01,20
2026-10-03,wk inc flu hosp,3,2026-10-24,53,quantile,0.025,27
2026-10-03,wk inc flu hosp,3,2026-10-24,53,quantile,0.05,35
2026-10-03,wk inc flu hosp,3,2026-10-24,53,quantile,0.1,48
2026-10-03,wk inc flu hosp,3,2026-10-24,53,quantile,0.15,59
2026-10-03,wk inc flu hosp,3,2026-10-24,53,quantile,0.2,69
2026-10-03,wk inc flu hosp,3,2026-10-24,53,quantile,0.25,79
2026-10-03,wk inc flu hosp,3,2026-10-24,53,quantile,0.3,89
2026-10-03,wk inc flu hosp,3,2026-10-24,53,quantile,0.35,100
2026-10-03,wk inc flu hosp,3,2026-10-24,53,quantile,0.4,111
2026-10-03,wk inc flu hosp,3,2026-10-24,53,quantile,0.45,124
2026-10-03,wk inc flu hosp,3,2026-10-24,53,quantile,0.5,137
2026-10-03,wk inc flu hosp,3,2026-10-24,53,quantile,0.55,152
2026-10-03,wk inc flu hosp,3,2026-10-24,53,quantile,0.6,169
2026-10-03,wk inc flu hosp,3,2026-10-24,53,quantile,0.65,188
2026-10-03,wk inc flu hosp,3,2026-10-24,53,quantile,0.7,211
2026-10-03,wk inc flu hosp,3,2026-10-24,53,quantile,0.75,238
2026-10-03,wk inc flu hosp,3,2026-10-24,53,quantile,0.8,273
2026-10-03,wk inc flu hosp,3,2026-10-24,53,quantile,0.85,320
2026-10-03,wk inc flu hosp,3,2026-10-24,53,quantile,0.9,393
2026-10-03,wk inc flu hosp,3,2026-10-24,53,quantile,0.95,533
2026-10-03,wk inc flu hosp,3,2026-10-24,53,quantile,0.975,692
2026-10-03,wk inc flu hosp,3,2026-10-24,53,quantile,0.99,938
2026-10-03,wk inc flu hosp,0,2026-10-03,54,quantile,0.01,1
2026-10-03,wk inc flu hosp,0,2026-10-03,54,quantile,0.025,1
2026-10-03,wk inc flu hosp,0,2026-10-03,54,quantile,0.05,1
2026-10-03,wk inc flu hosp,0,2026-10-03,54,quantile,0.1,2
2026-10-03,wk inc flu hosp,0,2026-10-03,54,quantile,0.15,2
2026-10-03,wk inc flu hosp,0,2026-10-03,54,quantile,0.2,3
2026-10-03,wk inc flu hosp,0,2026-10-03,54,quantile,0.25,3
2026-10-03,wk inc flu hosp,0,2026-10-03,54,quantile,0.3,3
2026-10-03,wk inc flu hosp,0,2026-10-03,54,quantile,0.35,4
2026-10-03,wk inc flu hosp,0,2026-10-03,54,quantile,0.4,4
2026-10-03,wk inc flu hosp,0,2026-10-03,54,quantile,0.45,5
2026-10-03,wk inc flu hosp,0,2026-10-03,54,quantile,0.5,5
2026-10-03,wk inc flu hosp,0,2026-10-03,54,quantile,0.55,5
2026-10-03,wk inc flu hosp,0,2026-10-03,54,quantile,0.6,6
2026-10-03,wk inc flu hosp,0,2026-10-03,54,quantile,0.65,7
2026-10-03,wk inc flu hosp,0,2026-10-03,54,quantile,0.7,7
2026-10-03,wk inc flu hosp,0,2026-10-03,54,quantile,0.75,8
2026-10-03,wk inc flu hosp,0,2026-10-03,54,quantile,0.8,9
2026-10-03,wk inc flu hosp,0,2026-10-03,54,quantile,0.85,10
2026-10-03,wk inc flu hosp,0,2026-10-03,54,quantile,0.9,12
2026-10-03,wk inc flu hosp,0,2026-10-03,54,quantile,0.95,15
2026-10-03,wk inc flu hosp,0,2026-10-03,54,quantile,0.975,18
2026-10-03,wk inc flu hosp,0,2026-10-03,54,quantile,0.99,22
2026-10-03,wk inc flu hosp,1,2026-10-10,54,quantile,0.01,0
2026-10-03,wk inc flu hosp,1,2026-10-10,54,quantile,0.025,1
2026-10-03,wk inc flu hosp,1,2026-10-10,54,quantile,0.05,1
2026-10-03,wk inc flu hosp,1,2026-10-10,54,quantile,0.1,2
2026-10-03,wk inc flu hosp,1,2026-10-10,54,quantile,0.15,3
2026-10-03,wk inc flu hosp,1,2026-10-10,54,quantile,0.2,3
2026-10-03,wk inc flu hosp,1,2026-10-10,54,quantile,0.25,4
2026-10-03,wk inc flu hosp,1,2026-10-10,54,quantile,0.3,4
2026-10-03,wk inc flu hosp,1,2026-10-10,54,quantile,0.35,4
2026-10-03,wk inc flu hosp,1,2026-10-10,54,quantile,0.4,5
2026-10-03,wk inc flu hosp,1,2026-10-10,54,quantile,0.45,6
2026-10-03,wk inc flu hosp,1,2026-10-10,54,quantile,0.5,6
2026-10-03,wk inc flu hosp,1,2026-10-10,54,quantile,0.55,7
2026-10-03,wk inc flu hosp,1,2026-10-10,54,quantile,0.6,7
2026-10-03,wk inc flu hosp,1,2026-10-10,54,quantile,0.65,8
2026-10-03,wk inc flu hosp,1,2026-10-10,54,quantile,0.7,9
2026-10-03,wk inc flu hosp,1,2026-10-10,54,quantile,0.75,10
2026-10-03,wk inc flu hosp,1,2026-10-10,54,quantile,0.8,12
2026-10-03,wk inc flu hosp,1,2026-10-10,54,quantile,0.85,13
2026-10-03,wk inc flu hosp,1,2026-10-10,54,quantile,0.9,16
2026-10-03,wk inc flu hosp,1,2026-10-10,54,quantile,0.95,21
2026-10-03,wk inc flu hosp,1,2026-10-10,54,quantile,0.975,26
2026-10-03,wk inc flu hosp,1,2026-10-10,54,quantile,0.99,34
2026-10-03,wk inc flu hosp,2,2026-10-17,54,quantile,0.01,0
2026-10-03,wk inc flu hosp,2,2026-10-17,54,quantile,0.025,1
2026-10-03,wk inc flu hosp,2,2026-10-17,54,quantile,0.05,1
2026-10-03,wk inc flu hosp,2,2026-10-17,54,quantile,0.1,2
2026-10-03,wk inc flu hosp,2,2026-10-17,54,quantile,0.15,3
2026-10-03,wk inc flu hosp,2,2026-10-17,54,quantile,0.2,3
2026-10-03,wk inc flu hosp,2,2026-10-17,54,quantile,0.25,4
2026-10-03,wk inc flu hosp,2,2026-10-17,54,quantile,0.3,5
2026-10-03,wk inc flu hosp,2,2026-10-17,54,quantile,0.35,5
2026-10-03,wk inc flu hosp,2,2026-10-17,54,quantile,0.4,6
2026-10-03,wk inc flu hosp,2,2026-10-17,54,quantile,0.45,7
2026-10-03,wk inc flu hosp,2,2026-10-17,54,quantile,0.5,8
2026-10-03,wk inc flu hosp,2,2026-10-17,54,quantile,0.55,9
2026-10-03,wk inc flu hosp,2,2026-10-17,54,quantile,0.6,10
2026-10-03,wk inc flu hosp,2,2026-10-17,54,quantile,0.65,11
2026-10-03,wk inc flu hosp,2,2026-10-17,54,quantile,0.7,12
2026-10-03,wk inc flu hosp,2,2026-10-17,54,quantile,0.75,14
2026-10-03,wk inc flu hosp,2,2026-10-17,54,quantile,0.8,16
2026-10-03,wk inc flu hosp,2,2026-10-17,54,quantile,0.85,19
2026-10-03,wk inc flu hosp,2,2026-10-17,54,quantile,0.9,23
2026-10-03,wk inc flu hosp,2,2026-10-17,54,quantile,0.95,31
2026-10-03,wk inc flu hosp,2,2026-10-17,54,quantile,0.975,40
2026-10-03,wk inc flu hosp,2,2026-10-17,54,quantile,0.99,54
2026-10-03,wk inc flu hosp,3,2026-10-24,54,quantile,0.01,0
2026-10-03,wk inc flu hosp,3,2026-10-24,54,quantile,0.025,1
2026-10-03,wk inc flu hosp,3,2026-10-24,54,quantile,0.05,2
2026-10-03,wk inc flu hosp,3,2026-10-24,54,quantile,0.1,2
2026-10-03,wk inc flu hosp,3,2026-10-24,54,quantile,0.15,3
2026-10-03,wk inc flu hosp,3,2026-10-24,54,quantile,0.2,4
2026-10-03,wk inc flu hosp,3,2026-10-24,54,quantile,0.25,5
2026-10-03,wk inc flu hosp,3,2026-10-24,54,quantile,0.3,6
2026-10-03,wk inc flu hosp,3,2026-10-24,54,quantile,0.35,6
2026-10-03,wk inc flu hosp,3,2026-10-24,54,quantile,0.4,7
2026-10-03,wk inc flu hosp,3,2026-10-24,54,quantile,0.45,8
2026-10-03,wk inc flu hosp,3,2026-10-24,54,quantile,0.5,10
2026-10-03,wk inc flu hosp,3,2026-10-24,54,quantile,0.55,11
2026-10-03,wk inc flu hosp,3,2026-10-24,54,quantile,0.6,12
2026-10-03,wk inc flu hosp,3,2026-10-24,54,quantile,0.65,14
2026-10-03,wk inc flu hosp,3,2026-10-24,54,quantile,0.7,16
2026-10-03,wk inc flu hosp,3,2026-10-24,54,quantile,0.75,18
2026-10-03,wk inc flu hosp,3,2026-10-24,54,quantile,0.8,21
2026-10-03,wk inc flu hosp,3,2026-10-24,54,quantile,0.85,25
2026-10-03,wk inc flu hosp,3,2026-10-24,54,quantile,0.9,32
2026-10-03,wk inc flu hosp,3,2026-10-24,54,quantile,0.95,44
2026-10-03,wk inc flu hosp,3,2026-10-24,54,quantile,0.975,59
2026-10-03,wk inc flu hosp,3,2026-10-24,54,quantile,0.99,82
2026-10-03,wk inc flu hosp,0,2026-10-03,55,quantile,0.01,10
2026-10-03,wk inc flu hosp,0,2026-10-03,55,quantile,0.025,12
2026-10-03,wk inc flu hosp,0,2026-10-03,55,quantile,0.05,15
2026-10-03,wk inc flu hosp,0,2026-10-03,55,quantile,0.1,18
2026-10-03,wk inc flu hosp,0,2026-10-03,55,quantile,0.15,21
2026-10-03,wk inc flu hosp,0,2026-10-03,55,quantile,0.2,23
2026-10-03,wk inc flu hosp,0,2026-10-03,55,quantile,0.25,26
2026-10-03,wk inc flu hosp,0,2026-10-03,55,quantile,0.3,28
2026-10-03,wk inc flu hosp,0,2026-10-03,55,quantile,0.35,31
2026-10-03,wk inc flu hosp,0,2026-10-03,55,quantile,0.4,33
2026-10-03,wk inc flu hosp,0,2026-10-03,55,quantile,0.45,36
2026-10-03,wk inc flu hosp,0,2026-10-03,55,quantile,0.5,38
2026-10-03,wk inc flu hosp,0,2026-10-03,55,quantile,0.55,41
2026-10-03,wk inc flu hosp,0,2026-10-03,55,quantile,0.6,44
2026-10-03,wk inc flu hosp,0,2026-10-03,55,quantile,0.65,48
2026-10-03,wk inc flu hosp,0,2026-10-03,55,quantile,0.7,52
2026-10-03,wk inc flu hosp,0,2026-10-03,55,quantile,0.75,57
2026-10-03,wk inc flu hosp,0,2026-10-03,55,quantile,0.8,62
2026-10-03,wk inc flu hosp,0,2026-10-03,55,quantile,0.85,70
2026-10-03,wk inc flu hosp,0,2026-10-03,55,quantile,0.9,80
2026-10-03,wk inc flu hosp,0,2026-10-03,55,quantile,0.95,99
2026-10-03,wk inc flu hosp,0,2026-10-03,55,quantile,0.975,118
2026-10-03,wk inc flu hosp,0,2026-10-03,55,quantile,0.99,145
2026-10-03,wk inc flu hosp,1,2026-10-10,55,quantile,0.01,9
2026-10-03,wk inc flu hosp,1,2026-10-10,55,quantile,0.025,11
2026-10-03,wk inc flu hosp,1,2026-10-10,55,quantile,0.05,14
2026-10-03,wk inc flu hosp,1,2026-10-10,55,quantile,0.1,18
2026-10-03,wk inc flu hosp,1,2026-10-10,55,quantile,0.15,21
2026-10-03,wk inc flu hosp,1,2026-10-10,55,quantile,0.2,25
2026-10-03,wk inc flu hosp,1,2026-10-10,55,quantile,0.25,28
2026-10-03,wk inc flu hosp,1,2026-10-10,55,quantile,0.3,31
2026-10-03,wk inc flu hosp,1,2026-10-10,55,quantile,0.35,34
2026-10-03,wk inc flu hosp,1,2026-10-10,55,quantile,0.4,37
2026-10-03,wk inc flu hosp,1,2026-10-10,55,quantile,0.45,41
2026-10-03,wk inc flu hosp,1,2026-10-10,55,quantile,0.5,44
2026-10-03,wk inc flu hosp,1,2026-10-10,55,quantile,0.55,48
2026-10-03,wk inc flu hosp,1,2026-10-10,55,quantile,0.6,53
2026-10-03,wk inc flu hosp,1,2026-10-10,55,quantile,0.65,58
2026-10-03,wk inc flu hosp,1,2026-10-10,55,quantile,0.7,63
2026-10-03,wk inc flu hosp,1,2026-10-10,55,quantile,0.75,70
2026-10-03,wk inc flu hosp,1,2026-10-10,55,quantile,0.8,79
2026-10-03,wk inc flu hosp,1,2026-10-10,55,quantile,0.85,90
2026-10-03,wk inc flu hosp,1,2026-10-10,55,quantile,0.9,107
2026-10-03,wk inc flu hosp,1,2026-10-10,55,quantile,0.95,137
2026-10-03,wk inc flu hosp,1,2026-10-10,55,quantile,0.975,171
2026-10-03,wk inc flu hosp,1,2026-10-10,55,quantile,0.99,219
2026-10-03,wk inc flu hosp,2,2026-10-17,55,quantile,0.01,7
2026-10-03,wk inc flu hosp,2,2026-10-17,55,quantile,0.025,10
2026-10-03,wk inc flu hosp,2,2026-10-17,55,quantile,0.05,13
2026-10-03,wk inc flu hosp,2,2026-10-17,55,quantile,0.1,18
2026-10-03,wk inc flu hosp,2,2026-10-17,55,quantile,0.15,22
2026-10-03,wk inc flu hosp,2,2026-10-17,55,quantile,0.2,26
2026-10-03,wk inc flu hosp,2,2026-10-17,55,quantile,0.25,29
2026-10-03,wk inc flu hosp,2,2026-10-17,55,quantile,0.3,33
2026-10-03,wk inc flu hosp,2,2026-10-17,55,quantile,0.35,37
2026-10-03,wk inc flu hosp,2,2026-10-17,55,quantile,0.4,41
2026-10-03,wk inc flu hosp,2,2026-10-17,55,quantile,0.45,46
2026-10-03,wk inc flu hosp,2,2026-10-17,55,quantile,0.5,51
2026-10-03,wk inc flu hosp,2,2026-10-17,55,quantile,0.55,56
2026-10-03,wk inc flu hosp,2,2026-10-17,55,quantile,0.6,62
2026-10-03,wk inc flu hosp,2,2026-10-17,55,quantile,0.65,69
2026-10-03,wk inc flu hosp,2,2026-10-17,55,quantile,0.7,78
2026-10-03,wk inc flu hosp,2,2026-10-17,55,quantile,0.75,88
2026-10-03,wk inc flu hosp,2,2026-10-17,55,quantile,0.8,100
2026-10-03,wk inc flu hosp,2,2026-10-17,55,quantile,0.85,117
2026-10-03,wk inc flu hosp,2,2026-10-17,55,quantile,0.9,144
2026-10-03,wk inc flu hosp,2,2026-10-17,55,quantile,0.95,195
2026-10-03,wk inc flu hosp,2,2026-10-17,55,quantile,0.975,253
2026-10-03,wk inc flu hosp,2,2026-10-17,55,quantile,0.99,342
2026-10-03,wk inc flu hosp,3,2026-10-24,55,quantile,0.01,7
2026-10-03,wk inc flu hosp,3,2026-10-24,55,quantile,0.025,9
2026-10-03,wk inc flu hosp,3,2026-10-24,55,quantile,0.05,13
2026-10-03,wk inc flu hosp,3,2026-10-24,55,quantile,0.1,18
2026-10-03,wk inc flu hosp,3,2026-10-24,55,quantile,0.15,22
2026-10-03,wk inc flu hosp,3,2026-10-24,55,quantile,0.2,27
2026-10-03,wk inc flu hosp,3,2026-10-24,55,quantile,0.25,31
2026-10-03,wk inc flu hosp,3,2026-10-24,55,quantile,0.3,36
2026-10-03,wk inc flu hosp,3,2026-10-24,55,quantile,0.35,41
2026-10-03,wk inc flu hosp,3,2026-10-24,55,quantile,0.4,46
2026-10-03,wk inc flu hosp,3,2026-10-24,55,quantile,0.45,52
2026-10-03,wk inc flu hosp,3,2026-10-24,55,quantile,0.5,59
2026-10-03,wk inc flu hosp,3,2026-10-24,55,quantile,0.55,66
2026-10-03,wk inc flu hosp,3,2026-10-24,55,quantile,0.6,74
2026-10-03,wk inc flu hosp,3,2026-10-24,55,quantile,0.65,83
2026-10-03,wk inc flu hosp,3,2026-10-24,55,quantile,0.7,95
2026-10-03,wk inc flu hosp,3,2026-10-24,55,quantile,0.75,109
2026-10-03,wk inc flu hosp,3,2026-10-24,55,quantile,0.8,126
2026-10-03,wk inc flu hosp,3,2026-10-24,55,quantile,0.85,151
2026-10-03,wk inc flu hosp,3,2026-10-24,55,quantile,0.9,190
2026-10-03,wk inc flu hosp,3,2026-10-24,55,quantile,0.95,266
2026-10-03,wk inc flu hosp,3,2026-10-24,55,quantile,0.975,361
2026-10-03,wk inc flu hosp,3,2026-10-24,55,quantile,0.99,506
2026-10-03,wk inc flu hosp,0,2026-10-03,56,quantile,0.01,0
2026-10-03,wk inc flu hosp,0,2026-10-03,56,quantile,0.025,0
2026-10-03,wk inc flu hosp,0,2026-10-03,56,quantile,0.05,0
2026-10-03,wk inc flu hosp,0,2026-10-03,56,quantile,0.1,1
2026-10-03,wk inc flu hosp,0,2026-10-03,56,quantile,0.15,1
2026-10-03,wk inc flu hosp,0,2026-10-03,56,quantile,0.2,1
2026-10-03,wk inc flu hosp,0,2026-10-03,56,quantile,0.25,2
2026-10-03,wk inc flu hosp,0,2026-10-03,56,quantile,0.3,2
2026-10-03,wk inc flu hosp,0,2026-10-03,56,quantile,0.35,2
2026-10-03,wk inc flu hosp,0,2026-10-03,56,quantile,0.4,2
2026-10-03,wk inc flu hosp,0,2026-10-03,56,quantile,0.45,3
2026-10-03,wk inc flu hosp,0,2026-10-03,56,quantile,0.5,3
2026-10-03,wk inc flu hosp,0,2026-10-03,56,quantile,0.55,3
2026-10-03,wk inc flu hosp,0,2026-10-03,56,quantile,0.6,4
2026-10-03,wk inc flu hosp,0,2026-10-03,56,quantile,0.65,4
2026-10-03,wk inc flu hosp,0,2026-10-03,56,quantile,0.7,5
2026-10-03,wk inc flu hosp,0,2026-10-03,56,quantile,0.75,5
2026-10-03,wk inc flu hosp,0,2026-10-03,56,quantile,0.8,6
2026-10-03,wk inc flu hosp,0,2026-10-03,56,quantile,0.85,7
2026-10-03,wk inc flu hosp,0,2026-10-03,56,quantile,0.9,8
2026-10-03,wk inc flu hosp,0,2026-10-03,56,quantile,0.95,11
2026-10-03,wk inc flu hosp,0,2026-10-03,56,quantile,0.975,13
2026-10-03,wk inc flu hosp,0,2026-10-03,56,quantile,0.99,17
2026-10-03,wk inc flu hosp,1,2026-10-10,56,quantile,0.01,0
2026-10-03,wk inc flu hosp,1,2026-10-10,56,quantile,0.025,0
2026-10-03,wk inc flu hosp,1,2026-10-10,56,quantile,0.05,0
2026-10-03,wk inc flu hosp,1,2026-10-10,56,quantile,0.1,1
2026-10-03,wk inc flu hosp,1,2026-10-10,56,quantile,0.15,1
2026-10-03,wk inc flu hosp,1,2026-10-10,56,quantile,0.2,1
2026-10-03,wk inc flu hosp,1,2026-10-10,56,quantile,0.25,2
2026-10-03,wk inc flu hosp,1,2026-10-10,56,quantile,0.3,2
2026-10-03,wk inc flu hosp,1,2026-10-10,56,quantile,0.35,2
2026-10-03,wk inc flu hosp,1,2026-10-10,56,quantile,0.4,3
2026-10-03,wk inc flu hosp,1,2026-10-10,56,quantile,0.45,3
2026-10-03,wk inc flu hosp,1,2026-10-10,56,quantile,0.5,4
2026-10-03,wk inc flu hosp,1,2026-10-10,56,quantile,0.55,4
2026-10-03,wk inc flu hosp,1,2026-10-10,56,quantile,0.6,5
2026-10-03,wk inc flu hosp,1,2026-10-10,56,quantile,0.65,5
2026-10-03,wk inc flu hosp,1,2026-10-10,56,quantile,0.7,6
2026-10-03,wk inc flu hosp,1,2026-10-10,56,quantile,0.75,7
2026-10-03,wk inc flu hosp,1,2026-10-10,56,quantile,0.8,8
2026-10-03,wk inc flu hosp,1,2026-10-10,56,quantile,0.85,9
2026-10-03,wk inc flu hosp,1,2026-10-10,56,quantile,0.9,11
2026-10-03,wk inc flu hosp,1,2026-10-10,56,quantile,0.95,15
2026-10-03,wk inc flu hosp,1,2026-10-10,56,quantile,0.975,19
2026-10-03,wk inc flu hosp,1,2026-10-10,56,quantile,0.99,25
2026-10-03,wk inc flu hosp,2,2026-10-17,56,quantile,0.01,0
2026-10-03,wk inc flu hosp,2,2026-10-17,56,quantile,0.025,0
2026-10-03,wk inc flu hosp,2,2026-10-17,56,quantile,0.05,0
2026-10-03,wk inc flu hosp,2,2026-10-17,56,quantile,0.1,1
2026-10-03,wk inc flu hosp,2,2026-10-17,56,quantile,0.15,1
2026-10-03,wk inc flu hosp,2,2026-10-17,56,quantile,0.2,2
2026-10-03,wk inc flu hosp,2,2026-10-17,56,quantile,0.25,2
2026-10-03,wk inc flu hosp,2,2026-10-17,56,quantile,0.3,2
2026-10-03,wk inc flu hosp,2,2026-10-17,56,quantile,0.35,3
2026-10-03,wk inc flu hosp,2,2026-10-17,56,quantile,0.4,3
2026-10-03,wk inc flu hosp,2,2026-10-17,56,quantile,0.45,4
2026-10-03,wk inc flu hosp,2,2026-10-17,56,quantile,0.5,4
2026-10-03,wk inc flu hosp,2,2026-10-17,56,quantile,0.55,5
2026-10-03,wk inc flu hosp,2,2026-10-17,56,quantile,0.6,6
2026-10-03,wk inc flu hosp,2,2026-10-17,56,quantile,0.65,6
2026-10-03,wk inc flu hosp,2,2026-10-17,56,quantile,0.7,7
2026-10-03,wk inc flu hosp,2,2026-10-17,56,quantile,0.75,9
2026-10-03,wk inc flu hosp,2,2026-10-17,56,quantile,0.8,10
2026-10-03,wk inc flu hosp,2,2026-10-17,56,quantile,0.85,12
2026-10-03,wk inc flu hosp,2,2026-10-17,56,quantile,0.9,15
2026-10-03,wk inc flu hosp,2,2026-10-17,56,quantile,0.95,21
2026-10-03,wk inc flu hosp,2,2026-10-17,56,quantile,0.975,27
2026-10-03,wk inc flu hosp,2,2026-10-17,56,quantile,0.99,38
2026-10-03,wk inc flu hosp,3,2026-10-24,56,quantile,0.01,0
2026-10-03,wk inc flu hosp,3,2026-10-24,56,quantile,0.025,0
2026-10-03,wk inc flu hosp,3,2026-10-24,56,quantile,0.05,0
2026-10-03,wk inc flu hosp,3,2026-10-24,56,quantile,0.1,1
2026-10-03,wk inc flu hosp,3,2026-10-24,56,quantile,0.15,1
2026-10-03,wk inc flu hosp,3,2026-10-24,56,quantile,0.2,2
2026-10-03,wk inc flu hosp,3,2026-10-24,56,quantile,0.25,2
2026-10-03,wk inc flu hosp,3,2026-10-24,56,quantile,0.3,3
2026-10-03,wk inc flu hosp,3,2026-10-24,56,quantile,0.35,3
2026-10-03,wk inc flu hosp,3,2026-10-24,56,quantile,0.4,4
2026-10-03,wk inc flu hosp,3,2026-10-24,56,quantile,0.45,5
2026-10-03,wk inc flu hosp,3,2026-10-24,56,quantile,0.5,5
2026-10-03,wk inc flu hosp,3,2026-10-24,56,quantile,0.55,6
2026-10-03,wk inc flu hosp,3,2026-10-24,56,quantile,0.6,7
2026-10-03,wk inc flu hosp,3,2026-10-24,56,quantile,0.65,8
2026-10-03,wk inc flu hosp,3,2026-10-24,56,quantile,0.7,9
2026-10-03,wk inc flu hosp,3,2026-10-24,56,quantile,0.75,11
2026-10-03,wk inc flu hosp,3,2026-10-24,56,quantile,0.8,13
2026-10-03,wk inc flu hosp,3,2026-10-24,56,quantile,0.85,16
2026-10-03,wk inc flu hosp,3,2026-10-24,56,quantile,0.9,20
2026-10-03,wk inc flu hosp,3,2026-10-24,56,quantile,0.95,29
2026-10-03,wk inc flu hosp,3,2026-10-24,56,quantile,0.975,39
2026-10-03,wk inc flu hosp,3,2026-10-24,56,quantile,0.99,55
2026-10-03,wk inc flu hosp,0,2026-10-03,72,quantile,0.01,40
2026-10-03,wk inc flu hosp,0,2026-10-03,72,quantile,0.025,47
2026-10-03,wk inc flu hosp,0,2026-10-03,72,quantile,0.05,55
2026-10-03,wk inc flu hosp,0,2026-10-03,72,quantile,0.1,64
2026-10-03,wk inc flu hosp,0,2026-10-03,72,quantile,0.15,72
2026-10-03,wk inc flu hosp,0,2026-10-03,72,quantile,0.2,79
2026-10-03,wk inc flu hosp,0,2026-10-03,72,quantile,0.25,85
2026-10-03,wk inc flu hosp,0,2026-10-03,72,quantile,0.3,91
2026-10-03,wk inc flu hosp,0,2026-10-03,72,quantile,0.35,97
2026-10-03,wk inc flu hosp,0,2026-10-03,72,quantile,0.4,102
2026-10-03,wk inc flu hosp,0,2026-10-03,72,quantile,0.45,108
2026-10-03,wk inc flu hosp,0,2026-10-03,72,quantile,0.5,115
2026-10-03,wk inc flu hosp,0,2026-10-03,72,quantile,0.55,121
2026-10-03,wk inc flu hosp,0,2026-10-03,72,quantile,0.6,129
2026-10-03,wk inc flu hosp,0,2026-10-03,72,quantile,0.65,137
2026-10-03,wk inc flu hosp,0,2026-10-03,72,quantile,0.7,145
2026-10-03,wk inc flu hosp,0,2026-10-03,72,quantile,0.75,156
2026-10-03,wk inc flu hosp,0,2026-10-03,72,quantile,0.8,168
2026-10-03,wk inc flu hosp,0,2026-10-03,72,quantile,0.85,183
2026-10-03,wk inc flu hosp,0,2026-10-03,72,quantile,0.9,204
2026-10-03,wk inc flu hosp,0,2026-10-03,72,quantile,0.95,240
2026-10-03,wk inc flu hosp,0,2026-10-03,72,quantile,0.975,277
2026-10-03,wk inc flu hosp,0,2026-10-03,72,quantile,0.99,328
2026-10-03,wk inc flu hosp,1,2026-10-10,72,quantile,0.01,36
2026-10-03,wk inc flu hosp,1,2026-10-10,72,quantile,0.025,44
2026-10-03,wk inc flu hosp,1,2026-10-10,72,quantile,0.05,52
2026-10-03,wk inc flu hosp,1,2026-10-10,72,quantile,0.1,63
2026-10-03,wk inc flu hosp,1,2026-10-10,72,quantile,0.15,72
2026-10-03,wk inc flu hosp,1,2026-10-10,72,quantile,0.2,81
2026-10-03,wk inc flu hosp,1,2026-10-10,72,quantile,0.25,88
2026-10-03,wk inc flu hosp,1,2026-10-10,72,quantile,0.3,96
2026-10-03,wk inc flu hosp,1,2026-10-10,72,quantile,0.35,103
2026-10-03,wk inc flu hosp,1,2026-10-10,72,quantile,0.4,111
2026-10-03,wk inc flu hosp,1,2026-10-10,72,quantile,0.45,119
2026-10-03,wk inc flu hosp,1,2026-10-10,72,quantile,0.5,128
2026-10-03,wk inc flu hosp,1,2026-10-10,72,quantile,0.55,137
2026-10-03,wk inc flu hosp,1,2026-10-10,72,quantile,0.6,147
2026-10-03,wk inc flu hosp,1,2026-10-10,72,quantile,0.65,158
2026-10-03,wk inc flu hosp,1,2026-10-10,72,quantile,0.7,170
2026-10-03,wk inc flu hosp,1,2026-10-10,72,quantile,0.75,184
2026-10-03,wk inc flu hosp,1,2026-10-10,72,quantile,0.8,202
2026-10-03,wk inc flu hosp,1,2026-10-10,72,quantile,0.85,225
2026-10-03,wk inc flu hosp,1,2026-10-10,72,quantile,0.9,257
2026-10-03,wk inc flu hosp,1,2026-10-10,72,quantile,0.95,313
2026-10-03,wk inc flu hosp,1,2026-10-10,72,quantile,0.975,374
2026-10-03,wk inc flu hosp,1,2026-10-10,72,quantile,0.99,457
2026-10-03,wk inc flu hosp,2,2026-10-17,72,quantile,0.01,31
2026-10-03,wk inc flu hosp,2,2026-10-17,72,quantile,0.025,40
2026-10-03,wk inc flu hosp,2,2026-10-17,72,quantile,0.05,49
2026-10-03,wk inc flu hosp,2,2026-10-17,72,quantile,0.1,62
2026-10-03,wk inc flu hosp,2,2026-10-17,72,quantile,0.15,73
2026-10-03,wk inc flu hosp,2,2026-10-17,72,quantile,0.2,83
2026-10-03,wk inc flu hosp,2,2026-10-17,72,quantile,0.25,93
2026-10-03,wk inc flu hosp,2,2026-10-17,72,quantile,0.3,103
2026-10-03,wk inc flu hosp,2,2026-10-17,72,quantile,0.35,113
2026-10-03,wk inc flu hosp,2,2026-10-17,72,quantile,0.4,123
2026-10-03,wk inc flu hosp,2,2026-10-17,72,quantile,0.45,134
2026-10-03,wk inc flu hosp,2,2026-10-17,72,quantile,0.5,145
2026-10-03,wk inc flu hosp,2,2026-10-17,72,quantile,0.55,158
2026-10-03,wk inc flu hosp,2,2026-10-17,72,quantile,0.6,172
2026-10-03,wk inc flu hosp,2,2026-10-17,72,quantile,0.65,187
2026-10-03,wk inc flu hosp,2,2026-10-17,72,quantile,0.7,205
2026-10-03,wk inc flu hosp,2,2026-10-17,72,quantile,0.75,226
2026-10-03,wk inc flu hosp,2,2026-10-17,72,quantile,0.8,253
2026-10-03,wk inc flu hosp,2,2026-10-17,72,quantile,0.85,288
2026-10-03,wk inc flu hosp,2,2026-10-17,72,quantile,0.9,339
2026-10-03,wk inc flu hosp,2,2026-10-17,72,quantile,0.95,432
2026-10-03,wk inc flu hosp,2,2026-10-17,72,quantile,0.975,533
2026-10-03,wk inc flu hosp,2,2026-10-17,72,quantile,0.99,684
2026-10-03,wk inc flu hosp,3,2026-10-24,72,quantile,0.01,28
2026-10-03,wk inc flu hosp,3,2026-10-24,72,quantile,0.025,37
2026-10-03,wk inc flu hosp,3,2026-10-24,72,quantile,0.05,47
2026-10-03,wk inc flu hosp,3,2026-10-24,72,quantile,0.1,62
2026-10-03,wk inc flu hosp,3,2026-10-24,72,quantile,0.15,75
2026-10-03,wk inc flu hosp,3,2026-10-24,72,quantile,0.2,86
2026-10-03,wk inc flu hosp,3,2026-10-24,72,quantile,0.25,98
2026-10-03,wk inc flu hosp,3,2026-10-24,72,quantile,0.3,110
2026-10-03,wk inc flu hosp,3,2026-10-24,72,quantile,0.35,122
2026-10-03,wk inc flu hosp,3,2026-10-24,72,quantile,0.4,135
2026-10-03,wk inc flu hosp,3,2026-10-24,72,quantile,0.45,149
2026-10-03,wk inc flu hosp,3,2026-10-24,72,quantile,0.5,164
2026-10-03,wk inc flu hosp,3,2026-10-24,72,quantile,0.55,181
2026-10-03,wk inc flu hosp,3,2026-10-24,72,quantile,0.6,198
2026-10-03,wk inc flu hosp,3,2026-10-24,72,quantile,0.65,218
2026-10-03,wk inc flu hosp,3,2026-10-24,72,quantile,0.7,243
2026-10-03,wk inc flu hosp,3,2026-10-24,72,quantile,0.75,273
2026-10-03,wk inc flu hosp,3,2026-10-24,72,quantile,0.8,311
2026-10-03,wk inc flu hosp,3,2026-10-24,72,quantile,0.85,361
2026-10-03,wk inc flu hosp,3,2026-10-24,72,quantile,0.9,434
2026-10-03,wk inc flu hosp,3,2026-10-24,72,quantile,0.95,577
2026-10-03,wk inc flu hosp,3,2026-10-24,72,quantile,0.975,737
2026-10-03,wk inc flu hosp,3,2026-10-24,72,quantile,0.99,979
2026-10-03,wk inc flu hosp,0,2026-10-03,US,quantile,0.01,1710
2026-10-03,wk inc flu hosp,0,2026-10-03,US,quantile,0.025,1861
2026-10-03,wk inc flu hosp,0,2026-10-03,US,quantile,0.05,2005
2026-10-03,wk inc flu hosp,0,2026-10-03,US,quantile,0.1,2183
2026-10-03,wk inc flu hosp,0,2026-10-03,US,quantile,0.15,2309
2026-10-03,wk inc flu hosp,0,2026-10-03,US,quantile,0.2,2418
2026-10-03,wk inc flu hosp,0,2026-10-03,US,quantile,0.25,2516
2026-10-03,wk inc flu hosp,0,2026-10-03,US,quantile,0.3,2607
2026-10-03,wk inc flu hosp,0,2026-10-03,US,quantile,0.35,2693
2026-10-03,wk inc flu hosp,0,2026-10-03,US,quantile,0.4,2779
2026-10-03,wk inc flu hosp,0,2026-10-03,US,quantile,0.45,2864
2026-10-03,wk inc flu hosp,0,2026-10-03,US,quantile,0.5,2951
2026-10-03,wk inc flu hosp,0,2026-10-03,US,quantile,0.55,3041
2026-10-03,wk inc flu hosp,0,2026-10-03,US,quantile,0.6,3139
2026-10-03,wk inc flu hosp,0,2026-10-03,US,quantile,0.65,3249
2026-10-03,wk inc flu hosp,0,2026-10-03,US,quantile,0.7,3366
2026-10-03,wk inc flu hosp,0,2026-10-03,US,quantile,0.75,3497
2026-10-03,wk inc flu hosp,0,2026-10-03,US,quantile,0.8,3647
2026-10-03,wk inc flu hosp,0,2026-10-03,US,quantile,0.85,3828
2026-10-03,wk inc flu hosp,0,2026-10-03,US,quantile,0.9,4079
2026-10-03,wk inc flu hosp,0,2026-10-03,US,quantile,0.95,4488
2026-10-03,wk inc flu hosp,0,2026-10-03,US,quantile,0.975,4872
2026-10-03,wk inc flu hosp,0,2026-10-03,US,quantile,0.99,5368
2026-10-03,wk inc flu hosp,1,2026-10-10,US,quantile,0.01,1564
2026-10-03,wk inc flu hosp,1,2026-10-10,US,quantile,0.025,1747
2026-10-03,wk inc flu hosp,1,2026-10-10,US,quantile,0.05,1932
2026-10-03,wk inc flu hosp,1,2026-10-10,US,quantile,0.1,2158
2026-10-03,wk inc flu hosp,1,2026-10-10,US,quantile,0.15,2326
2026-10-03,wk inc flu hosp,1,2026-10-10,US,quantile,0.2,2468
2026-10-03,wk inc flu hosp,1,2026-10-10,US,quantile,0.25,2599
2026-10-03,wk inc flu hosp,1,2026-10-10,US,quantile,0.3,2724
2026-10-03,wk inc flu hosp,1,2026-10-10,US,quantile,0.35,2846
2026-10-03,wk inc flu hosp,1,2026-10-10,US,quantile,0.4,2969
2026-10-03,wk inc flu hosp,1,2026-10-10,US,quantile,0.45,3094
2026-10-03,wk inc flu hosp,1,2026-10-10,US,quantile,0.5,3224
2026-10-03,wk inc flu hosp,1,2026-10-10,US,quantile,0.55,3361
2026-10-03,wk inc flu hosp,1,2026-10-10,US,quantile,0.6,3505
2026-10-03,wk inc flu hosp,1,2026-10-10,US,quantile,0.65,3660
2026-10-03,wk inc flu hosp,1,2026-10-10,US,quantile,0.7,3831
2026-10-03,wk inc flu hosp,1,2026-10-10,US,quantile,0.75,4027
2026-10-03,wk inc flu hosp,1,2026-10-10,US,quantile,0.8,4255
2026-10-03,wk inc flu hosp,1,2026-10-10,US,quantile,0.85,4526
2026-10-03,wk inc flu hosp,1,2026-10-10,US,quantile,0.9,4896
2026-10-03,wk inc flu hosp,1,2026-10-10,US,quantile,0.95,5513
2026-10-03,wk inc flu hosp,1,2026-10-10,US,quantile,0.975,6101
2026-10-03,wk inc flu hosp,1,2026-10-10,US,quantile,0.99,6905
2026-10-03,wk inc flu hosp,2,2026-10-17,US,quantile,0.01,1221
2026-10-03,wk inc flu hosp,2,2026-10-17,US,quantile,0.025,1445
2026-10-03,wk inc flu hosp,2,2026-10-17,US,quantile,0.05,1667
2026-10-03,wk inc flu hosp,2,2026-10-17,US,quantile,0.1,1963
2026-10-03,wk inc flu hosp,2,2026-10-17,US,quantile,0.15,2194
2026-10-03,wk inc flu hosp,2,2026-10-17,US,quantile,0.2,2400
2026-10-03,wk inc flu hosp,2,2026-10-17,US,quantile,0.25,2607
2026-10-03,wk inc flu hosp,2,2026-10-17,US,quantile,0.3,2809
2026-10-03,wk inc flu hosp,2,2026-10-17,US,quantile,0.35,2998
2026-10-03,wk inc flu hosp,2,2026-10-17,US,quantile,0.4,3178
2026-10-03,wk inc flu hosp,2,2026-10-17,US,quantile,0.45,3384
2026-10-03,wk inc flu hosp,2,2026-10-17,US,quantile,0.5,3589
2026-10-03,wk inc flu hosp,2,2026-10-17,US,quantile,0.55,3812
2026-10-03,wk inc flu hosp,2,2026-10-17,US,quantile,0.6,4051
2026-10-03,wk inc flu hosp,2,2026-10-17,US,quantile,0.65,4316
2026-10-03,wk inc flu hosp,2,2026-10-17,US,quantile,0.7,4612
2026-10-03,wk inc flu hosp,2,2026-10-17,US,quantile,0.75,4949
2026-10-03,wk inc flu hosp,2,2026-10-17,US,quantile,0.8,5350
2026-10-03,wk inc flu hosp,2,2026-10-17,US,quantile,0.85,5876
2026-10-03,wk inc flu hosp,2,2026-10-17,US,quantile,0.9,6622
2026-10-03,wk inc flu hosp,2,2026-10-17,US,quantile,0.95,7905
2026-10-03,wk inc flu hosp,2,2026-10-17,US,quantile,0.975,9198
2026-10-03,wk inc flu hosp,2,2026-10-17,US,quantile,0.99,10963
2026-10-03,wk inc flu hosp,3,2026-10-24,US,quantile,0.01,1090
2026-10-03,wk inc flu hosp,3,2026-10-24,US,quantile,0.025,1335
2026-10-03,wk inc flu hosp,3,2026-10-24,US,quantile,0.05,1577
2026-10-03,wk inc flu hosp,3,2026-10-24,US,quantile,0.1,1917
2026-10-03,wk inc flu hosp,3,2026-10-24,US,quantile,0.15,2195
2026-10-03,wk inc flu hosp,3,2026-10-24,US,quantile,0.2,2453
2026-10-03,wk inc flu hosp,3,2026-10-24,US,quantile,0.25,2674
2026-10-03,wk inc flu hosp,3,2026-10-24,US,quantile,0.3,2925
2026-10-03,wk inc flu hosp,3,2026-10-24,US,quantile,0.35,3168
2026-10-03,wk inc flu hosp,3,2026-10-24,US,quantile,0.4,3416
2026-10-03,wk inc flu hosp,3,2026-10-24,US,quantile,0.45,3660
2026-10-03,wk inc flu hosp,3,2026-10-24,US,quantile,0.5,3929
2026-10-03,wk inc flu hosp,3,2026-10-24,US,quantile,0.55,4215
2026-10-03,wk inc flu hosp,3,2026-10-24,US,quantile,0.6,4550
2026-10-03,wk inc flu hosp,3,2026-10-24,US,quantile,0.65,4914
2026-10-03,wk inc flu hosp,3,2026-10-24,US,quantile,0.7,5308
2026-10-03,wk inc flu hosp,3,2026-10-24,US,quantile,0.75,5774
2026-10-03,wk inc flu hosp,3,2026-10-24,US,quantile,0.8,6337
2026-10-03,wk inc flu hosp,3,2026-10-24,US,quantile,0.85,7086
2026-10-03,wk inc flu hosp,3,2026-10-24,US,quantile,0.9,8169
2026-10-03,wk inc flu hosp,3,2026-10-24,US,quantile,0.95,10060
2026-10-03,wk inc flu hosp,3,2026-10-24,US,quantile,0.975,12067
2026-10-03,wk inc flu hosp,3,2026-10-24,US,quantile,0.99,14961
