reference_date,target,horizon,target_end_date,location,output_type,output_type_id,value
2026-10-03,wk inc flu hosp,0,2026-10-03,01,quantile,0.01,14
2026-10-03,wk inc flu hosp,0,2026-10-03,01,quantile,0.025,17
2026-10-03,wk inc flu hosp,0,2026-10-03,01,quantile,0.05,20
2026-10-03,wk inc flu hosp,0,2026-10-03,01,quantile,0.1,23
2026-10-03,wk inc flu hosp,0,2026-10-03,01,quantile,0.15,26
2026-10-03,wk inc flu hosp,0,2026-10-03,01,quantile,0.2,29
2026-10-03,wk inc flu hosp,0,2026-10-03,01,quantile,0.25,31
2026-10-03,wk inc flu hosp,0,2026-10-03,01,quantile,0.3,33
2026-10-03,wk inc flu hosp,0,2026-10-03,01,quantile,0.35,35
2026-10-03,wk inc flu hosp,0,2026-10-03,01,quantile,0.4,38
2026-10-03,wk inc flu hosp,0,2026-10-03,01,quantile,0.45,40
2026-10-03,wk inc flu hosp,0,2026-10-03,01,quantile,0.5,42
2026-10-03,wk inc flu hosp,0,2026-10-03,01,quantile,0.55,45
2026-10-03,wk inc flu hosp,0,2026-10-03,01,quantile,0.6,47
2026-10-03,wk inc flu hosp,0,2026-10-03,01,quantile,0.65,50
2026-10-03,wk inc flu hosp,0,2026-10-03,01,quantile,0.7,54
2026-10-03,wk inc flu hosp,0,2026-10-03,01,quantile,0.75,57
2026-10-03,wk inc flu hosp,0,2026-10-03,01,quantile,0.8,62
2026-10-03,wk inc flu hosp,0,2026-10-03,01,quantile,0.85,68
2026-10-03,wk inc flu hosp,0,2026-10-03,01,quantile,0.9,76
2026-10-03,wk inc flu hosp,0,2026-10-03,01,quantile,0.95,89
2026-10-03,wk inc flu hosp,0,2026-10-03,01,quantile,0.975,103
2026-10-03,wk inc flu hosp,0,2026-10-03,01,quantile,0.99,121
2026-10-03,wk inc flu hosp,1,2026-10-10,01,quantile,0.01,13
2026-10-03,wk inc flu hosp,1,2026-10-10,01,quantile,0.025,16
2026-10-03,wk inc flu hosp,1,2026-10-10,01,quantile,0.05,19
2026-10-03,wk inc flu hosp,1,2026-10-10,01,quantile,0.1,23
2026-10-03,wk inc flu hosp,1,2026-10-10,01,quantile,0.15,26
2026-10-03,wk inc flu hosp,1,2026-10-10,01,quantile,0.2,29
2026-10-03,wk inc flu hosp,1,2026-10-10,01,quantile,0.25,32
2026-10-03,wk inc flu hosp,1,2026-10-10,01,quantile,0.3,35
2026-10-03,wk inc flu hosp,1,2026-10-10,01,quantile,0.35,37
2026-10-03,wk inc flu hosp,1,2026-10-10,01,quantile,0.4,40
2026-10-03,wk inc flu hosp,1,2026-10-10,01,quantile,0.45,43
2026-10-03,wk inc flu hosp,1,2026-10-10,01,quantile,0.5,46
2026-10-03,wk inc flu hosp,1,2026-10-10,01,quantile,0.55,49
2026-10-03,wk inc flu hosp,1,2026-10-10,01,quantile,0.6,52
2026-10-03,wk inc flu hosp,1,2026-10-10,01,quantile,0.65,56
2026-10-03,wk inc flu hosp,1,2026-10-10,01,quantile,0.7,60
2026-10-03,wk inc flu hosp,1,2026-10-10,01,quantile,0.75,65
2026-10-03,wk inc flu hosp,1,2026-10-10,01,quantile,0.8,71
2026-10-03,wk inc flu hosp,1,2026-10-10,01,quantile,0.85,79
2026-10-03,wk inc flu hosp,1,2026-10-10,01,quantile,0.9,90
2026-10-03,wk inc flu hosp,1,2026-10-10,01,quantile,0.95,109
2026-10-03,wk inc flu hosp,1,2026-10-10,01,quantile,0.975,129
2026-10-03,wk inc flu hosp,1,2026-10-10,01,quantile,0.99,156
2026-10-03,wk inc flu hosp,2,2026-10-17,01,quantile,0.01,12
2026-10-03,wk inc flu hosp,2,2026-10-17,01,quantile,0.025,15
2026-10-03,wk inc flu hosp,2,2026-10-17,01,quantile,0.05,18
2026-10-03,wk inc flu hosp,2,2026-10-17,01,quantile,0.1,23
2026-10-03,wk inc flu hosp,2,2026-10-17,01,quantile,0.15,26
2026-10-03,wk inc flu hosp,2,2026-10-17,01,quantile,0.2,30
2026-10-03,wk inc flu hosp,2,2026-10-17,01,quantile,0.25,33
2026-10-03,wk inc flu hosp,2,2026-10-17,01,quantile,0.3,36
2026-10-03,wk inc flu hosp,2,2026-10-17,01,quantile,0.35,39
2026-10-03,wk inc flu hosp,2,2026-10-17,01,quantile,0.4,43
2026-10-03,wk inc flu hosp,2,2026-10-17,01,quantile,0.45,46
2026-10-03,wk inc flu hosp,2,2026-10-17,01,quantile,0.5,50
2026-10-03,wk inc flu hosp,2,2026-10-17,01,quantile,0.55,54
2026-10-03,wk inc flu hosp,2,2026-10-17,01,quantile,0.6,58
2026-10-03,wk inc flu hosp,2,2026-10-17,01,quantile,0.65,63
2026-10-03,wk inc flu hosp,2,2026-10-17,01,quantile,0.7,69
2026-10-03,wk inc flu hosp,2,2026-10-17,01,quantile,0.75,75
2026-10-03,wk inc flu hosp,2,2026-10-17,01,quantile,0.8,83
2026-10-03,wk inc flu hosp,2,2026-10-17,01,quantile,0.85,94
2026-10-03,wk inc flu hosp,2,2026-10-17,01,quantile,0.9,109
2026-10-03,wk inc flu hosp,2,2026-10-17,01,quantile,0.95,135
2026-10-03,wk inc flu hosp,2,2026-10-17,01,quantile,0.975,164
2026-10-03,wk inc flu hosp,2,2026-10-17,01,quantile,0.99,204
2026-10-03,wk inc flu hosp,3,2026-10-24,01,quantile,0.01,11
2026-10-03,wk inc flu hosp,3,2026-10-24,01,quantile,0.025,14
2026-10-03,wk inc flu hosp,3,2026-10-24,01,quantile,0.05,17
2026-10-03,wk inc flu hosp,3,2026-10-24,01,quantile,0.1,22
2026-10-03,wk inc flu hosp,3,2026-10-24,01,quantile,0.15,26
2026-10-03,wk inc flu hosp,3,2026-10-24,01,quantile,0.2,30
2026-10-03,wk inc flu hosp,3,2026-10-24,01,quantile,0.25,34
2026-10-03,wk inc flu hosp,3,2026-10-24,01,quantile,0.3,38
2026-10-03,wk inc flu hosp,3,2026-10-24,01,quantile,0.35,41
2026-10-03,wk inc flu hosp,3,2026-10-24,01,quantile,0.4,45
2026-10-03,wk inc flu hosp,3,2026-10-24,01,quantile,0.45,50
2026-10-03,wk inc flu hosp,3,2026-10-24,01,quantile,0.5,54
2026-10-03,wk inc flu hosp,3,2026-10-24,01,quantile,0.55,59
2026-10-03,wk inc flu hosp,3,2026-10-24,01,quantile,0.6,64
2026-10-03,wk inc flu hosp,3,2026-10-24,01,quantile,0.65,70
2026-10-03,wk inc flu hosp,3,2026-10-24,01,quantile,0.7,77
2026-10-03,wk inc flu hosp,3,2026-10-24,01,quantile,0.75,86
2026-10-03,wk inc flu hosp,3,2026-10-24,01,quantile,0.8,96
2026-10-03,wk inc flu hosp,3,2026-10-24,01,quantile,0.85,109
2026-10-03,wk inc flu hosp,3,2026-10-24,01,quantile,0.9,129
2026-10-03,wk inc flu hosp,3,2026-10-24,01,quantile,0.95,165
2026-10-03,wk inc flu hosp,3,2026-10-24,01,quantile,0.975,204
2026-10-03,wk inc flu hosp,3,2026-10-24,01,quantile,0.99,261
2026-10-03,wk inc flu hosp,0,2026-10-03,02,quantile,0.01,6
2026-10-03,wk inc flu hosp,0,2026-10-03,02,quantile,0.025,7
2026-10-03,wk inc flu hosp,0,2026-10-03,02,quantile,0.05,9
2026-10-03,wk inc flu hosp,0,2026-10-03,02,quantile,0.1,11
2026-10-03,wk inc flu hosp,0,2026-10-03,02,quantile,0.15,12
2026-10-03,wk inc flu hosp,0,2026-10-03,02,quantile,0.2,14
2026-10-03,wk inc flu hosp,0,2026-10-03,02,quantile,0.25,15
2026-10-03,wk inc flu hosp,0,2026-10-03,02,quantile,0.3,17
2026-10-03,wk inc flu hosp,0,2026-10-03,02,quantile,0.35,18
2026-10-03,wk inc flu hosp,0,2026-10-03,02,quantile,0.4,19
2026-10-03,wk inc flu hosp,0,2026-10-03,02,quantile,0.45,21
2026-10-03,wk inc flu hosp,0,2026-10-03,02,quantile,0.5,22
2026-10-03,wk inc flu hosp,0,2026-10-03,02,quantile,0.55,24
2026-10-03,wk inc flu hosp,0,2026-10-03,02,quantile,0.6,25
2026-10-03,wk inc flu hosp,0,2026-10-03,02,quantile,0.65,27
2026-10-03,wk inc flu hosp,0,2026-10-03,02,quantile,0.7,29
2026-10-03,wk inc flu hosp,0,2026-10-03,02,quantile,0.75,32
2026-10-03,wk inc flu hosp,0,2026-10-03,02,quantile,0.8,35
2026-10-03,wk inc flu hosp,0,2026-10-03,02,quantile,0.85,39
2026-10-03,wk inc flu hosp,0,2026-10-03,02,quantile,0.9,44
2026-10-03,wk inc flu hosp,0,2026-10-03,02,quantile,0.95,54
2026-10-03,wk inc flu hosp,0,2026-10-03,02,quantile,0.975,64
2026-10-03,wk inc flu hosp,0,2026-10-03,02,quantile,0.99,77
2026-10-03,wk inc flu hosp,1,2026-10-10,02,quantile,0.01,5
2026-10-03,wk inc flu hosp,1,2026-10-10,02,quantile,0.025,7
2026-10-03,wk inc flu hosp,1,2026-10-10,02,quantile,0.05,8
2026-10-03,wk inc flu hosp,1,2026-10-10,02,quantile,0.1,11
2026-10-03,wk inc flu hosp,1,2026-10-10,02,quantile,0.15,13
2026-10-03,wk inc flu hosp,1,2026-10-10,02,quantile,0.2,14
2026-10-03,wk inc flu hosp,1,2026-10-10,02,quantile,0.25,16
2026-10-03,wk inc flu hosp,1,2026-10-10,02,quantile,0.3,18
2026-10-03,wk inc flu hosp,1,2026-10-10,02,quantile,0.35,19
2026-10-03,wk inc flu hosp,1,2026-10-10,02,quantile,0.4,21
2026-10-03,wk inc flu hosp,1,2026-10-10,02,quantile,0.45,23
2026-10-03,wk inc flu hosp,1,2026-10-10,02,quantile,0.5,25
2026-10-03,wk inc flu hosp,1,2026-10-10,02,quantile,0.55,27
2026-10-03,wk inc flu hosp,1,2026-10-10,02,quantile,0.6,29
2026-10-03,wk inc flu hosp,1,2026-10-10,02,quantile,0.65,32
2026-10-03,wk inc flu hosp,1,2026-10-10,02,quantile,0.7,34
2026-10-03,wk inc flu hosp,1,2026-10-10,02,quantile,0.75,38
2026-10-03,wk inc flu hosp,1,2026-10-10,02,quantile,0.8,42
2026-10-03,wk inc flu hosp,1,2026-10-10,02,quantile,0.85,47
2026-10-03,wk inc flu hosp,1,2026-10-10,02,quantile,0.9,55
2026-10-03,wk inc flu hosp,1,2026-10-10,02,quantile,0.95,69
2026-10-03,wk inc flu hosp,1,2026-10-10,02,quantile,0.975,84
2026-10-03,wk inc flu hosp,1,2026-10-10,02,quantile,0.99,105
2026-10-03,wk inc flu hosp,2,2026-10-17,02,quantile,0.01,4
2026-10-03,wk inc flu hosp,2,2026-10-17,02,quantile,0.025,6
2026-10-03,wk inc flu hosp,2,2026-10-17,02,quantile,0.05,8
2026-10-03,wk inc flu hosp,2,2026-10-17,02,quantile,0.1,10
2026-10-03,wk inc flu hosp,2,2026-10-17,02,quantile,0.15,12
2026-10-03,wk inc flu hosp,2,2026-10-17,02,quantile,0.2,14
2026-10-03,wk inc flu hosp,2,2026-10-17,02,quantile,0.25,16
2026-10-03,wk inc flu hosp,2,2026-10-17,02,quantile,0.3,18
2026-10-03,wk inc flu hosp,2,2026-10-17,02,quantile,0.35,20
2026-10-03,wk inc flu hosp,2,2026-10-17,02,quantile,0.4,22
2026-10-03,wk inc flu hosp,2,2026-10-17,02,quantile,0.45,25
2026-10-03,wk inc flu hosp,2,2026-10-17,02,quantile,0.5,27
2026-10-03,wk inc flu hosp,2,2026-10-17,02,quantile,0.55,30
2026-10-03,wk inc flu hosp,2,2026-10-17,02,quantile,0.6,32
2026-10-03,wk inc flu hosp,2,2026-10-17,02,quantile,0.65,36
2026-10-03,wk inc flu hosp,2,2026-10-17,02,quantile,0.7,39
2026-10-03,wk inc flu hosp,2,2026-10-17,02,quantile,0.75,44
2026-10-03,wk inc flu hosp,2,2026-10-17,02,quantile,0.8,50
2026-10-03,wk inc flu hosp,2,2026-10-17,02,quantile,0.85,57
2026-10-03,wk inc flu hosp,2,2026-10-17,02,quantile,0.9,68
2026-10-03,wk inc flu hosp,2,2026-10-17,02,quantile,0.95,88
2026-10-03,wk inc flu hosp,2,2026-10-17,02,quantile,0.975,110
2026-10-03,wk inc flu hosp,2,2026-10-17,02,quantile,0.99,143
2026-10-03,wk inc flu hosp,3,2026-10-24,02,quantile,0.01,4
2026-10-03,wk inc flu hosp,3,2026-10-24,02,quantile,0.025,6
2026-10-03,wk inc flu hosp,3,2026-10-24,02,quantile,0.05,7
2026-10-03,wk inc flu hosp,3,2026-10-24,02,quantile,0.1,10
2026-10-03,wk inc flu hosp,3,2026-10-24,02,quantile,0.15,13
2026-10-03,wk inc flu hosp,3,2026-10-24,02,quantile,0.2,15
2026-10-03,wk inc flu hosp,3,2026-10-24,02,quantile,0.25,17
2026-10-03,wk inc flu hosp,3,2026-10-24,02,quantile,0.3,19
2026-10-03,wk inc flu hosp,3,2026-10-24,02,quantile,0.35,22
2026-10-03,wk inc flu hosp,3,2026-10-24,02,quantile,0.4,24
2026-10-03,wk inc flu hosp,3,2026-10-24,02,quantile,0.45,27
2026-10-03,wk inc flu hosp,3,2026-10-24,02,quantile,0.5,30
2026-10-03,wk inc flu hosp,3,2026-10-24,02,quantile,0.55,33
2026-10-03,wk inc flu hosp,3,2026-10-24,02,quantile,0.6,36
2026-10-03,wk inc flu hosp,3,2026-10-24,02,quantile,0.65,40
2026-10-03,wk inc flu hosp,3,2026-10-24,02,quantile,0.7,45
2026-10-03,wk inc flu hosp,3,2026-10-24,02,quantile,0.75,51
2026-10-03,wk inc flu hosp,3,2026-10-24,02,quantile,0.8,58
2026-10-03,wk inc flu hosp,3,2026-10-24,02,quantile,0.85,68
2026-10-03,wk inc flu hosp,3,2026-10-24,02,quantile,0.9,83
2026-10-03,wk inc flu hosp,3,2026-10-24,02,quantile,0.95,111
2026-10-03,wk inc flu hosp,3,2026-10-24,02,quantile,0.975,142
2026-10-03,wk inc flu hosp,3,2026-10-24,02,quantile,0.99,190
2026-10-03,wk inc flu hosp,0,2026-10-03,04,quantile,0.01,13
2026-10-03,wk inc flu hosp,0,2026-10-03,04,quantile,0.025,15
2026-10-03,wk inc flu hosp,0,2026-10-03,04,quantile,0.05,18
2026-10-03,wk inc flu hosp,0,2026-10-03,04,quantile,0.1,21
2026-10-03,wk inc flu hosp,0,2026-10-03,04,quantile,0.15,24
2026-10-03,wk inc flu hosp,0,2026-10-03,04,quantile,0.2,26
2026-10-03,wk inc flu hosp,0,2026-10-03,04,quantile,0.25,28
2026-10-03,wk inc flu hosp,0,2026-10-03,04,quantile,0.3,30
2026-10-03,wk inc flu hosp,0,2026-10-03,04,quantile,0.35,32
2026-10-03,wk inc flu hosp,0,2026-10-03,04,quantile,0.4,34
2026-10-03,wk inc flu hosp,0,2026-10-03,04,quantile,0.45,36
2026-10-03,wk inc flu hosp,0,2026-10-03,04,quantile,0.5,38
2026-10-03,wk inc flu hosp,0,2026-10-03,04,quantile,0.55,41
2026-10-03,wk inc flu hosp,0,2026-10-03,04,quantile,0.6,43
2026-10-03,wk inc flu hosp,0,2026-10-03,04,quantile,0.65,46
2026-10-03,wk inc flu hosp,0,2026-10-03,04,quantile,0.7,49
2026-10-03,wk inc flu hosp,0,2026-10-03,04,quantile,0.75,52
2026-10-03,wk inc flu hosp,0,2026-10-03,04,quantile,0.8,57
2026-10-03,wk inc flu hosp,0,2026-10-03,04,quantile,0.85,62
2026-10-03,wk inc flu hosp,0,2026-10-03,04,quantile,0.9,69
2026-10-03,wk inc flu hosp,0,2026-10-03,04,quantile,0.95,82
2026-10-03,wk inc flu hosp,0,2026-10-03,04,quantile,0.975,95
2026-10-03,wk inc flu hosp,0,2026-10-03,04,quantile,0.99,112
2026-10-03,wk inc flu hosp,1,2026-10-10,04,quantile,0.01,12
2026-10-03,wk inc flu hosp,1,2026-10-10,04,quantile,0.025,14
2026-10-03,wk inc flu hosp,1,2026-10-10,04,quantile,0.05,17
2026-10-03,wk inc flu hosp,1,2026-10-10,04,quantile,0.1,21
2026-10-03,wk inc flu hosp,1,2026-10-10,04,quantile,0.15,24
2026-10-03,wk inc flu hosp,1,2026-10-10,04,quantile,0.2,27
2026-10-03,wk inc flu hosp,1,2026-10-10,04,quantile,0.25,29
2026-10-03,wk inc flu hosp,1,2026-10-10,04,quantile,0.3,32
2026-10-03,wk inc flu hosp,1,2026-10-10,04,quantile,0.35,35
2026-10-03,wk inc flu hosp,1,2026-10-10,04,quantile,0.4,37
2026-10-03,wk inc flu hosp,1,2026-10-10,04,quantile,0.45,40
2026-10-03,wk inc flu hosp,1,2026-10-10,04,quantile,0.5,43
2026-10-03,wk inc flu hosp,1,2026-10-10,04,quantile,0.55,46
2026-10-03,wk inc flu hosp,1,2026-10-10,04,quantile,0.6,49
2026-10-03,wk inc flu hosp,1,2026-10-10,04,quantile,0.65,52
2026-10-03,wk inc flu hosp,1,2026-10-10,04,quantile,0.7,56
2026-10-03,wk inc flu hosp,1,2026-10-10,04,quantile,0.75,61
2026-10-03,wk inc flu hosp,1,2026-10-10,04,quantile,0.8,67
2026-10-03,wk inc flu hosp,1,2026-10-10,04,quantile,0.85,74
2026-10-03,wk inc flu hosp,1,2026-10-10,04,quantile,0.9,85
2026-10-03,wk inc flu hosp,1,2026-10-10,04,quantile,0.95,103
2026-10-03,wk inc flu hosp,1,2026-10-10,04,quantile,0.975,122
2026-10-03,wk inc flu hosp,1,2026-10-10,04,quantile,0.99,148
2026-10-03,wk inc flu hosp,2,2026-10-17,04,quantile,0.01,11
2026-10-03,wk inc flu hosp,2,2026-10-17,04,quantile,0.025,14
2026-10-03,wk inc flu hosp,2,2026-10-17,04,quantile,0.05,17
2026-10-03,wk inc flu hosp,2,2026-10-17,04,quantile,0.1,21
2026-10-03,wk inc flu hosp,2,2026-10-17,04,quantile,0.15,24
2026-10-03,wk inc flu hosp,2,2026-10-17,04,quantile,0.2,28
2026-10-03,wk inc flu hosp,2,2026-10-17,04,quantile,0.25,31
2026-10-03,wk inc flu hosp,2,2026-10-17,04,quantile,0.3,34
2026-10-03,wk inc flu hosp,2,2026-10-17,04,quantile,0.35,37
2026-10-03,wk inc flu hosp,2,2026-10-17,04,quantile,0.4,40
2026-10-03,wk inc flu hosp,2,2026-10-17,04,quantile,0.45,43
2026-10-03,wk inc flu hosp,2,2026-10-17,04,quantile,0.5,47
2026-10-03,wk inc flu hosp,2,2026-10-17,04,quantile,0.55,51
2026-10-03,wk inc flu hosp,2,2026-10-17,04,quantile,0.6,55
2026-10-03,wk inc flu hosp,2,2026-10-17,04,quantile,0.65,60
2026-10-03,wk inc flu hosp,2,2026-10-17,04,quantile,0.7,65
2026-10-03,wk inc flu hosp,2,2026-10-17,04,quantile,0.75,71
2026-10-03,wk inc flu hosp,2,2026-10-17,04,quantile,0.8,79
2026-10-03,wk inc flu hosp,2,2026-10-17,04,quantile,0.85,89
2026-10-03,wk inc flu hosp,2,2026-10-17,04,quantile,0.9,104
2026-10-03,wk inc flu hosp,2,2026-10-17,04,quantile,0.95,130
2026-10-03,wk inc flu hosp,2,2026-10-17,04,quantile,0.975,158
2026-10-03,wk inc flu hosp,2,2026-10-17,04,quantile,0.99,198
2026-10-03,wk inc flu hosp,3,2026-10-24,04,quantile,0.01,10
2026-10-03,wk inc flu hosp,3,2026-10-24,04,quantile,0.025,13
2026-10-03,wk inc flu hosp,3,2026-10-24,04,quantile,0.05,16
2026-10-03,wk inc flu hosp,3,2026-10-24,04,quantile,0.1,21
2026-10-03,wk inc flu hosp,3,2026-10-24,04,quantile,0.15,25
2026-10-03,wk inc flu hosp,3,2026-10-24,04,quantile,0.2,29
2026-10-03,wk inc flu hosp,3,2026-10-24,04,quantile,0.25,32
2026-10-03,wk inc flu hosp,3,2026-10-24,04,quantile,0.3,36
2026-10-03,wk inc flu hosp,3,2026-10-24,04,quantile,0.35,39
2026-10-03,wk inc flu hosp,3,2026-10-24,04,quantile,0.4,43
2026-10-03,wk inc flu hosp,3,2026-10-24,04,quantile,0.45,47
2026-10-03,wk inc flu hosp,3,2026-10-24,04,quantile,0.5,52
2026-10-03,wk inc flu hosp,3,2026-10-24,04,quantile,0.55,56
2026-10-03,wk inc flu hosp,3,2026-10-24,04,quantile,0.6,61
2026-10-03,wk inc flu hosp,3,2026-10-24,04,quantile,0.65,67
2026-10-03,wk inc flu hosp,3,2026-10-24,04,quantile,0.7,74
2026-10-03,wk inc flu hosp,3,2026-10-24,04,quantile,0.75,82
2026-10-03,wk inc flu hosp,3,2026-10-24,04,quantile,0.8,92
2026-10-03,wk inc flu hosp,3,2026-10-24,04,quantile,0.85,106
2026-10-03,wk inc flu hosp,3,2026-10-24,04,quantile,0.9,125
2026-10-03,wk inc flu hosp,3,2026-10-24,04,quantile,0.95,161
2026-10-03,wk inc flu hosp,3,2026-10-24,04,quantile,0.975,199
2026-10-03,wk inc flu hosp,3,2026-10-24,04,quantile,0.99,256
2026-10-03,wk inc flu hosp,0,2026-10-03,05,quantile,0.01,2
2026-10-03,wk inc flu hosp,0,2026-10-03,05,quantile,0.025,3
2026-10-03,wk inc flu hosp,0,2026-10-03,05,quantile,0.05,4
2026-10-03,wk inc flu hosp,0,2026-10-03,05,quantile,0.1,5
2026-10-03,wk inc flu hosp,0,2026-10-03,05,quantile,0.15,6
2026-10-03,wk inc flu hosp,0,2026-10-03,05,quantile,0.2,7
2026-10-03,wk inc flu hosp,0,2026-10-03,05,quantile,0.25,7
2026-10-03,wk inc flu hosp,0,2026-10-03,05,quantile,0.3,8
2026-10-03,wk inc flu hosp,0,2026-10-03,05,quantile,0.35,9
2026-10-03,wk inc flu hosp,0,2026-10-03,05,quantile,0.4,10
2026-10-03,wk inc flu hosp,0,2026-10-03,05,quantile,0.45,10
2026-10-03,wk inc flu hosp,0,2026-10-03,05,quantile,0.5,11
2026-10-03,wk inc flu hosp,0,2026-10-03,05,quantile,0.55,12
2026-10-03,wk inc flu hosp,0,2026-10-03,05,quantile,0.6,13
2026-10-03,wk inc flu hosp,0,2026-10-03,05,quantile,0.65,14
2026-10-03,wk inc flu hosp,0,2026-10-03,05,quantile,0.7,15
2026-10-03,wk inc flu hosp,0,2026-10-03,05,quantile,0.75,17
2026-10-03,wk inc flu hosp,0,2026-10-03,05,quantile,0.8,18
2026-10-03,wk inc flu hosp,0,2026-10-03,05,quantile,0.85,20
2026-10-03,wk inc flu hosp,0,2026-10-03,05,quantile,0.9,23
2026-10-03,wk inc flu hosp,0,2026-10-03,05,quantile,0.95,29
2026-10-03,wk inc flu hosp,0,2026-10-03,05,quantile,0.975,34
2026-10-03,wk inc flu hosp,0,2026-10-03,05,quantile,0.99,42
2026-10-03,wk inc flu hosp,1,2026-10-10,05,quantile,0.01,2
2026-10-03,wk inc flu hosp,1,2026-10-10,05,quantile,0.025,3
2026-10-03,wk inc flu hosp,1,2026-10-10,05,quantile,0.05,4
2026-10-03,wk inc flu hosp,1,2026-10-10,05,quantile,0.1,5
2026-10-03,wk inc flu hosp,1,2026-10-10,05,quantile,0.15,6
2026-10-03,wk inc flu hosp,1,2026-10-10,05,quantile,0.2,7
2026-10-03,wk inc flu hosp,1,2026-10-10,05,quantile,0.25,8
2026-10-03,wk inc flu hosp,1,2026-10-10,05,quantile,0.3,9
2026-10-03,wk inc flu hosp,1,2026-10-10,05,quantile,0.35,10
2026-10-03,wk inc flu hosp,1,2026-10-10,05,quantile,0.4,10
2026-10-03,wk inc flu hosp,1,2026-10-10,05,quantile,0.45,11
2026-10-03,wk inc flu hosp,1,2026-10-10,05,quantile,0.5,12
2026-10-03,wk inc flu hosp,1,2026-10-10,05,quantile,0.55,13
2026-10-03,wk inc flu hosp,1,2026-10-10,05,quantile,0.6,15
2026-10-03,wk inc flu hosp,1,2026-10-10,05,quantile,0.65,16
2026-10-03,wk inc flu hosp,1,2026-10-10,05,quantile,0.7,18
2026-10-03,wk inc flu hosp,1,2026-10-10,05,quantile,0.75,19
2026-10-03,wk inc flu hosp,1,2026-10-10,05,quantile,0.8,22
2026-10-03,wk inc flu hosp,1,2026-10-10,05,quantile,0.85,25
2026-10-03,wk inc flu hosp,1,2026-10-10,05,quantile,0.9,29
2026-10-03,wk inc flu hosp,1,2026-10-10,05,quantile,0.95,37
2026-10-03,wk inc flu hosp,1,2026-10-10,05,quantile,0.975,45
2026-10-03,wk inc flu hosp,1,2026-10-10,05,quantile,0.99,57
2026-10-03,wk inc flu hosp,2,2026-10-17,05,quantile,0.01,2
2026-10-03,wk inc flu hosp,2,2026-10-17,05,quantile,0.025,3
2026-10-03,wk inc flu hosp,2,2026-10-17,05,quantile,0.05,4
2026-10-03,wk inc flu hosp,2,2026-10-17,05,quantile,0.1,5
2026-10-03,wk inc flu hosp,2,2026-10-17,05,quantile,0.15,6
2026-10-03,wk inc flu hosp,2,2026-10-17,05,quantile,0.2,7
2026-10-03,wk inc flu hosp,2,2026-10-17,05,quantile,0.25,8
2026-10-03,wk inc flu hosp,2,2026-10-17,05,quantile,0.3,9
2026-10-03,wk inc flu hosp,2,2026-10-17,05,quantile,0.35,10
2026-10-03,wk inc flu hosp,2,2026-10-17,05,quantile,0.4,11
2026-10-03,wk inc flu hosp,2,2026-10-17,05,quantile,0.45,13
2026-10-03,wk inc flu hosp,2,2026-10-17,05,quantile,0.5,14
2026-10-03,wk inc flu hosp,2,2026-10-17,05,quantile,0.55,15
2026-10-03,wk inc flu hosp,2,2026-10-17,05,quantile,0.6,17
2026-10-03,wk inc flu hosp,2,2026-10-17,05,quantile,0.65,19
2026-10-03,wk inc flu hosp,2,2026-10-17,05,quantile,0.7,21
2026-10-03,wk inc flu hosp,2,2026-10-17,05,quantile,0.75,23
2026-10-03,wk inc flu hosp,2,2026-10-17,05,quantile,0.8,26
2026-10-03,wk inc flu hosp,2,2026-10-17,05,quantile,0.85,31
2026-10-03,wk inc flu hosp,2,2026-10-17,05,quantile,0.9,37
2026-10-03,wk inc flu hosp,2,2026-10-17,05,quantile,0.95,48
2026-10-03,wk inc flu hosp,2,2026-10-17,05,quantile,0.975,61
2026-10-03,wk inc flu hosp,2,2026-10-17,05,quantile,0.99,80
2026-10-03,wk inc flu hosp,3,2026-10-24,05,quantile,0.01,1
2026-10-03,wk inc flu hosp,3,2026-10-24,05,quantile,0.025,2
2026-10-03,wk inc flu hosp,3,2026-10-24,05,quantile,0.05,3
2026-10-03,wk inc flu hosp,3,2026-10-24,05,quantile,0.1,5
2026-10-03,wk inc flu hosp,3,2026-10-24,05,quantile,0.15,6
2026-10-03,wk inc flu hosp,3,2026-10-24,05,quantile,0.2,7
2026-10-03,wk inc flu hosp,3,2026-10-24,05,quantile,0.25,8
2026-10-03,wk inc flu hosp,3,2026-10-24,05,quantile,0.3,10
2026-10-03,wk inc flu hosp,3,2026-10-24,05,quantile,0.35,11
2026-10-03,wk inc flu hosp,3,2026-10-24,05,quantile,0.4,12
2026-10-03,wk inc flu hosp,3,2026-10-24,05,quantile,0.45,14
2026-10-03,wk inc flu hosp,3,2026-10-24,05,quantile,0.5,15
2026-10-03,wk inc flu hosp,3,2026-10-24,05,quantile,0.55,17
2026-10-03,wk inc flu hosp,3,2026-10-24,05,quantile,0.6,19
2026-10-03,wk inc flu hosp,3,2026-10-24,05,quantile,0.65,21
2026-10-03,wk inc flu hosp,3,2026-10-24,05,quantile,0.7,24
2026-10-03,wk inc flu hosp,3,2026-10-24,05,quantile,0.75,27
2026-10-03,wk inc flu hosp,3,2026-10-24,05,quantile,0.8,31
2026-10-03,wk inc flu hosp,3,2026-10-24,05,quantile,0.85,37
2026-10-03,wk inc flu hosp,3,2026-10-24,05,quantile,0.9,45
2026-10-03,wk inc flu hosp,3,2026-10-24,05,quantile,0.95,61
2026-10-03,wk inc flu hosp,3,2026-10-24,05,quantile,0.975,79
2026-10-03,wk inc flu hosp,3,2026-10-24,05,quantile,0.99,107
2026-10-03,wk inc flu hosp,0,2026-10-03,06,quantile,0.01,159
2026-10-03,wk inc flu hosp,0,2026-10-03,06,quantile,0.025,184
2026-10-03,wk inc flu hosp,0,2026-10-03,06,quantile,0.05,210
2026-10-03,wk inc flu hosp,0,2026-10-03,06,quantile,0.1,244
2026-10-03,wk inc flu hosp,0,2026-10-03,06,quantile,0.15,270
2026-10-03,wk inc flu hosp,0,2026-10-03,06,quantile,0.2,293
2026-10-03,wk inc flu hosp,0,2026-10-03,06,quantile,0.25,313
2026-10-03,wk inc flu hosp,0,2026-10-03,06,quantile,0.3,333
2026-10-03,wk inc flu hosp,0,2026-10-03,06,quantile,0.35,353
2026-10-03,wk inc flu hosp,0,2026-10-03,06,quantile,0.4,373
2026-10-03,wk inc flu hosp,0,2026-10-03,06,quantile,0.45,393
2026-10-03,wk inc flu hosp,0,2026-10-03,06,quantile,0.5,414
2026-10-03,wk inc flu hosp,0,2026-10-03,06,quantile,0.55,436
2026-10-03,wk inc flu hosp,0,2026-10-03,06,quantile,0.6,459
2026-10-03,wk inc flu hosp,0,2026-10-03,06,quantile,0.65,485
2026-10-03,wk inc flu hosp,0,2026-10-03,06,quantile,0.7,513
2026-10-03,wk inc flu hosp,0,2026-10-03,06,quantile,0.75,546
2026-10-03,wk inc flu hosp,0,2026-10-03,06,quantile,0.8,585
2026-10-03,wk inc flu hosp,0,2026-10-03,06,quantile,0.85,634
2026-10-03,wk inc flu hosp,0,2026-10-03,06,quantile,0.9,701
2026-10-03,wk inc flu hosp,0,2026-10-03,06,quantile,0.95,814
2026-10-03,wk inc flu hosp,0,2026-10-03,06,quantile,0.975,926
2026-10-03,wk inc flu hosp,0,2026-10-03,06,quantile,0.99,1077
2026-10-03,wk inc flu hosp,1,2026-10-10,06,quantile,0.01,143
2026-10-03,wk inc flu hosp,1,2026-10-10,06,quantile,0.025,171
2026-10-03,wk inc flu hosp,1,2026-10-10,06,quantile,0.05,198
2026-10-03,wk inc flu hosp,1,2026-10-10,06,quantile,0.1,236
2026-10-03,wk inc flu hosp,1,2026-10-10,06,quantile,0.15,266
2026-10-03,wk inc flu hosp,1,2026-10-10,06,quantile,0.2,292
2026-10-03,wk inc flu hosp,1,2026-10-10,06,quantile,0.25,316
2026-10-03,wk inc flu hosp,1,2026-10-10,06,quantile,0.3,339
2026-10-03,wk inc flu hosp,1,2026-10-10,06,quantile,0.35,363
2026-10-03,wk inc flu hosp,1,2026-10-10,06,quantile,0.4,386
2026-10-03,wk inc flu hosp,1,2026-10-10,06,quantile,0.45,411
2026-10-03,wk inc flu hosp,1,2026-10-10,06,quantile,0.5,436
2026-10-03,wk inc flu hosp,1,2026-10-10,06,quantile,0.55,463
2026-10-03,wk inc flu hosp,1,2026-10-10,06,quantile,0.6,493
2026-10-03,wk inc flu hosp,1,2026-10-10,06,quantile,0.65,525
2026-10-03,wk inc flu hosp,1,2026-10-10,06,quantile,0.7,561
2026-10-03,wk inc flu hosp,1,2026-10-10,06,quantile,0.75,602
2026-10-03,wk inc flu hosp,1,2026-10-10,06,quantile,0.8,652
2026-10-03,wk inc flu hosp,1,2026-10-10,06,quantile,0.85,716
2026-10-03,wk inc flu hosp,1,2026-10-10,06,quantile,0.9,805
2026-10-03,wk inc flu hosp,1,2026-10-10,06,quantile,0.95,958
2026-10-03,wk inc flu hosp,1,2026-10-10,06,quantile,0.975,1114
2026-10-03,wk inc flu hosp,1,2026-10-10,06,quantile,0.99,1327
2026-10-03,wk inc flu hosp,2,2026-10-17,06,quantile,0.01,125
2026-10-03,wk inc flu hosp,2,2026-10-17,06,quantile,0.025,153
2026-10-03,wk inc flu hosp,2,2026-10-17,06,quantile,0.05,182
2026-10-03,wk inc flu hosp,2,2026-10-17,06,quantile,0.1,223
2026-10-03,wk inc flu hosp,2,2026-10-17,06,quantile,0.15,255
2026-10-03,wk inc flu hosp,2,2026-10-17,06,quantile,0.2,284
2026-10-03,wk inc flu hosp,2,2026-10-17,06,quantile,0.25,312
2026-10-03,wk inc flu hosp,2,2026-10-17,06,quantile,0.3,339
2026-10-03,wk inc flu hosp,2,2026-10-17,06,quantile,0.35,366
2026-10-03,wk inc flu hosp,2,2026-10-17,06,quantile,0.4,394
2026-10-03,wk inc flu hosp,2,2026-10-17,06,quantile,0.45,423
2026-10-03,wk inc flu hosp,2,2026-10-17,06,quantile,0.5,453
2026-10-03,wk inc flu hosp,2,2026-10-17,06,quantile,0.55,486
2026-10-03,wk inc flu hosp,2,2026-10-17,06,quantile,0.6,521
2026-10-03,wk inc flu hosp,2,2026-10-17,06,quantile,0.65,561
2026-10-03,wk inc flu hosp,2,2026-10-17,06,quantile,0.7,606
2026-10-03,wk inc flu hosp,2,2026-10-17,06,quantile,0.75,658
2026-10-03,wk inc flu hosp,2,2026-10-17,06,quantile,0.8,722
2026-10-03,wk inc flu hosp,2,2026-10-17,06,quantile,0.85,804
2026-10-03,wk inc flu hosp,2,2026-10-17,06,quantile,0.9,920
2026-10-03,wk inc flu hosp,2,2026-10-17,06,quantile,0.95,1125
2026-10-03,wk inc flu hosp,2,2026-10-17,06,quantile,0.975,1339
2026-10-03,wk inc flu hosp,2,2026-10-17,06,quantile,0.99,1639
2026-10-03,wk inc flu hosp,3,2026-10-24,06,quantile,0.01,109
2026-10-03,wk inc flu hosp,3,2026-10-24,06,quantile,0.025,136
2026-10-03,wk inc flu hosp,3,2026-10-24,06,quantile,0.05,166
2026-10-03,wk inc flu hosp,3,2026-10-24,06,quantile,0.1,208
2026-10-03,wk inc flu hosp,3,2026-10-24,06,quantile,0.15,242
2026-10-03,wk inc flu hosp,3,2026-10-24,06,quantile,0.2,273
2026-10-03,wk inc flu hosp,3,2026-10-24,06,quantile,0.25,303
2026-10-03,wk inc flu hosp,3,2026-10-24,06,quantile,0.3,332
2026-10-03,wk inc flu hosp,3,2026-10-24,06,quantile,0.35,362
2026-10-03,wk inc flu hosp,3,2026-10-24,06,quantile,0.4,393
2026-10-03,wk inc flu hosp,3,2026-10-24,06,quantile,0.45,425
2026-10-03,wk inc flu hosp,3,2026-10-24,06,quantile,0.5,460
2026-10-03,wk inc flu hosp,3,2026-10-24,06,quantile,0.55,497
2026-10-03,wk inc flu hosp,3,2026-10-24,06,quantile,0.6,538
2026-10-03,wk inc flu hosp,3,2026-10-24,06,quantile,0.65,583
2026-10-03,wk inc flu hosp,3,2026-10-24,06,quantile,0.7,636
2026-10-03,wk inc flu hosp,3,2026-10-24,06,quantile,0.75,698
2026-10-03,wk inc flu hosp,3,2026-10-24,06,quantile,0.8,774
2026-10-03,wk inc flu hosp,3,2026-10-24,06,quantile,0.85,873
2026-10-03,wk inc flu hosp,3,2026-10-24,06,quantile,0.9,1015
2026-10-03,wk inc flu hosp,3,2026-10-24,06,quantile,0.95,1271
2026-10-03,wk inc flu hosp,3,2026-10-24,06,quantile,0.975,1544
2026-10-03,wk inc flu hosp,3,2026-10-24,06,quantile,0.99,1936
2026-10-03,wk inc flu hosp,0,2026-10-03,08,quantile,0.01,7
2026-10-03,wk inc flu hosp,0,2026-10-03,08,quantile,0.025,8
2026-10-03,wk inc flu hosp,0,2026-10-03,08,quantile,0.05,10
2026-10-03,wk inc flu hosp,0,2026-10-03,08,quantile,0.1,12
2026-10-03,wk inc flu hosp,0,2026-10-03,08,quantile,0.15,14
2026-10-03,wk inc flu hosp,0,2026-10-03,08,quantile,0.2,16
2026-10-03,wk inc flu hosp,0,2026-10-03,08,quantile,0.25,17
2026-10-03,wk inc flu hosp,0,2026-10-03,08,quantile,0.3,18
2026-10-03,wk inc flu hosp,0,2026-10-03,08,quantile,0.35,20
2026-10-03,wk inc flu hosp,0,2026-10-03,08,quantile,0.4,21
2026-10-03,wk inc flu hosp,0,2026-10-03,08,quantile,0.45,23
2026-10-03,wk inc flu hosp,0,2026-10-03,08,quantile,0.5,25
2026-10-03,wk inc flu hosp,0,2026-10-03,08,quantile,0.55,26
2026-10-03,wk inc flu hosp,0,2026-10-03,08,quantile,0.6,28
2026-10-03,wk inc flu hosp,0,2026-10-03,08,quantile,0.65,30
2026-10-03,wk inc flu hosp,0,2026-10-03,08,quantile,0.7,33
2026-10-03,wk inc flu hosp,0,2026-10-03,08,quantile,0.75,35
2026-10-03,wk inc flu hosp,0,2026-10-03,08,quantile,0.8,39
2026-10-03,wk inc flu hosp,0,2026-10-03,08,quantile,0.85,43
2026-10-03,wk inc flu hosp,0,2026-10-03,08,quantile,0.9,49
2026-10-03,wk inc flu hosp,0,2026-10-03,08,quantile,0.95,59
2026-10-03,wk inc flu hosp,0,2026-10-03,08,quantile,0.975,70
2026-10-03,wk inc flu hosp,0,2026-10-03,08,quantile,0.99,85
2026-10-03,wk inc flu hosp,1,2026-10-10,08,quantile,0.01,6
2026-10-03,wk inc flu hosp,1,2026-10-10,08,quantile,0.025,8
2026-10-03,wk inc flu hosp,1,2026-10-10,08,quantile,0.05,9
2026-10-03,wk inc flu hosp,1,2026-10-10,08,quantile,0.1,12
2026-10-03,wk inc flu hosp,1,2026-10-10,08,quantile,0.15,14
2026-10-03,wk inc flu hosp,1,2026-10-10,08,quantile,0.2,16
2026-10-03,wk inc flu hosp,1,2026-10-10,08,quantile,0.25,18
2026-10-03,wk inc flu hosp,1,2026-10-10,08,quantile,0.3,19
2026-10-03,wk inc flu hosp,1,2026-10-10,08,quantile,0.35,21
2026-10-03,wk inc flu hosp,1,2026-10-10,08,quantile,0.4,23
2026-10-03,wk inc flu hosp,1,2026-10-10,08,quantile,0.45,25
2026-10-03,wk inc flu hosp,1,2026-10-10,08,quantile,0.5,27
2026-10-03,wk inc flu hosp,1,2026-10-10,08,quantile,0.55,29
2026-10-03,wk inc flu hosp,1,2026-10-10,08,quantile,0.6,32
2026-10-03,wk inc flu hosp,1,2026-10-10,08,quantile,0.65,35
2026-10-03,wk inc flu hosp,1,2026-10-10,08,quantile,0.7,38
2026-10-03,wk inc flu hosp,1,2026-10-10,08,quantile,0.75,41
2026-10-03,wk inc flu hosp,1,2026-10-10,08,quantile,0.8,46
2026-10-03,wk inc flu hosp,1,2026-10-10,08,quantile,0.85,52
2026-10-03,wk inc flu hosp,1,2026-10-10,08,quantile,0.9,60
2026-10-03,wk inc flu hosp,1,2026-10-10,08,quantile,0.95,75
2026-10-03,wk inc flu hosp,1,2026-10-10,08,quantile,0.975,92
2026-10-03,wk inc flu hosp,1,2026-10-10,08,quantile,0.99,115
2026-10-03,wk inc flu hosp,2,2026-10-17,08,quantile,0.01,5
2026-10-03,wk inc flu hosp,2,2026-10-17,08,quantile,0.025,7
2026-10-03,wk inc flu hosp,2,2026-10-17,08,quantile,0.05,9
2026-10-03,wk inc flu hosp,2,2026-10-17,08,quantile,0.1,12
2026-10-03,wk inc flu hosp,2,2026-10-17,08,quantile,0.15,14
2026-10-03,wk inc flu hosp,2,2026-10-17,08,quantile,0.2,16
2026-10-03,wk inc flu hosp,2,2026-10-17,08,quantile,0.25,18
2026-10-03,wk inc flu hosp,2,2026-10-17,08,quantile,0.3,20
2026-10-03,wk inc flu hosp,2,2026-10-17,08,quantile,0.35,23
2026-10-03,wk inc flu hosp,2,2026-10-17,08,quantile,0.4,25
2026-10-03,wk inc flu hosp,2,2026-10-17,08,quantile,0.45,27
2026-10-03,wk inc flu hosp,2,2026-10-17,08,quantile,0.5,30
2026-10-03,wk inc flu hosp,2,2026-10-17,08,quantile,0.55,33
2026-10-03,wk inc flu hosp,2,2026-10-17,08,quantile,0.6,36
2026-10-03,wk inc flu hosp,2,2026-10-17,08,quantile,0.65,39
2026-10-03,wk inc flu hosp,2,2026-10-17,08,quantile,0.7,44
2026-10-03,wk inc flu hosp,2,2026-10-17,08,quantile,0.75,49
2026-10-03,wk inc flu hosp,2,2026-10-17,08,quantile,0.8,55
2026-10-03,wk inc flu hosp,2,2026-10-17,08,quantile,0.85,63
2026-10-03,wk inc flu hosp,2,2026-10-17,08,quantile,0.9,75
2026-10-03,wk inc flu hosp,2,2026-10-17,08,quantile,0.95,97
2026-10-03,wk inc flu hosp,2,2026-10-17,08,quantile,0.975,121
2026-10-03,wk inc flu hosp,2,2026-10-17,08,quantile,0.99,157
2026-10-03,wk inc flu hosp,3,2026-10-24,08,quantile,0.01,4
2026-10-03,wk inc flu hosp,3,2026-10-24,08,quantile,0.025,6
2026-10-03,wk inc flu hosp,3,2026-10-24,08,quantile,0.05,8
2026-10-03,wk inc flu hosp,3,2026-10-24,08,quantile,0.1,11
2026-10-03,wk inc flu hosp,3,2026-10-24,08,quantile,0.15,14
2026-10-03,wk inc flu hosp,3,2026-10-24,08,quantile,0.2,16
2026-10-03,wk inc flu hosp,3,2026-10-24,08,quantile,0.25,19
2026-10-03,wk inc flu hosp,3,2026-10-24,08,quantile,0.3,21
2026-10-03,wk inc flu hosp,3,2026-10-24,08,quantile,0.35,24
2026-10-03,wk inc flu hosp,3,2026-10-24,08,quantile,0.4,27
2026-10-03,wk inc flu hosp,3,2026-10-24,08,quantile,0.45,29
2026-10-03,wk inc flu hosp,3,2026-10-24,08,quantile,0.5,33
2026-10-03,wk inc flu hosp,3,2026-10-24,08,quantile,0.55,36
2026-10-03,wk inc flu hosp,3,2026-10-24,08,quantile,0.6,40
2026-10-03,wk inc flu hosp,3,2026-10-24,08,quantile,0.65,44
2026-10-03,wk inc flu hosp,3,2026-10-24,08,quantile,0.7,50
2026-10-03,wk inc flu hosp,3,2026-10-24,08,quantile,0.75,56
2026-10-03,wk inc flu hosp,3,2026-10-24,08,quantile,0.8,64
2026-10-03,wk inc flu hosp,3,2026-10-24,08,quantile,0.85,75
2026-10-03,wk inc flu hosp,3,2026-10-24,08,quantile,0.9,91
2026-10-03,wk inc flu hosp,3,2026-10-24,08,quantile,0.95,121
2026-10-03,wk inc flu hosp,3,2026-10-24,08,quantile,0.975,156
2026-10-03,wk inc flu hosp,3,2026-10-24,08,quantile,0.99,208
2026-10-03,wk inc flu hosp,0,2026-10-03,09,quantile,0.01,3
2026-10-03,wk inc flu hosp,0,2026-10-03,09,quantile,0.025,3
2026-10-03,wk inc flu hosp,0,2026-10-03,09,quantile,0.05,4
2026-10-03,wk inc flu hosp,0,2026-10-03,09,quantile,0.1,5
2026-10-03,wk inc flu hosp,0,2026-10-03,09,quantile,0.15,6
2026-10-03,wk inc flu hosp,0,2026-10-03,09,quantile,0.2,7
2026-10-03,wk inc flu hosp,0,2026-10-03,09,quantile,0.25,7
2026-10-03,wk inc flu hosp,0,2026-10-03,09,quantile,0.3,8
2026-10-03,wk inc flu hosp,0,2026-10-03,09,quantile,0.35,9
2026-10-03,wk inc flu hosp,0,2026-10-03,09,quantile,0.4,10
2026-10-03,wk inc flu hosp,0,2026-10-03,09,quantile,0.45,10
2026-10-03,wk inc flu hosp,0,2026-10-03,09,quantile,0.5,11
2026-10-03,wk inc flu hosp,0,2026-10-03,09,quantile,0.55,12
2026-10-03,wk inc flu hosp,0,2026-10-03,09,quantile,0.6,13
2026-10-03,wk inc flu hosp,0,2026-10-03,09,quantile,0.65,14
2026-10-03,wk inc flu hosp,0,2026-10-03,09,quantile,0.7,15
2026-10-03,wk inc flu hosp,0,2026-10-03,09,quantile,0.75,16
2026-10-03,wk inc flu hosp,0,2026-10-03,09,quantile,0.8,17
2026-10-03,wk inc flu hosp,0,2026-10-03,09,quantile,0.85,19
2026-10-03,wk inc flu hosp,0,2026-10-03,09,quantile,0.9,22
2026-10-03,wk inc flu hosp,0,2026-10-03,09,quantile,0.95,26
2026-10-03,wk inc flu hosp,0,2026-10-03,09,quantile,0.975,31
2026-10-03,wk inc flu hosp,0,2026-10-03,09,quantile,0.99,38
2026-10-03,wk inc flu hosp,1,2026-10-10,09,quantile,0.01,2
2026-10-03,wk inc flu hosp,1,2026-10-10,09,quantile,0.025,3
2026-10-03,wk inc flu hosp,1,2026-10-10,09,quantile,0.05,4
2026-10-03,wk inc flu hosp,1,2026-10-10,09,quantile,0.1,5
2026-10-03,wk inc flu hosp,1,2026-10-10,09,quantile,0.15,6
2026-10-03,wk inc flu hosp,1,2026-10-10,09,quantile,0.2,7
2026-10-03,wk inc flu hosp,1,2026-10-10,09,quantile,0.25,8
2026-10-03,wk inc flu hosp,1,2026-10-10,09,quantile,0.3,9
2026-10-03,wk inc flu hosp,1,2026-10-10,09,quantile,0.35,10
2026-10-03,wk inc flu hosp,1,2026-10-10,09,quantile,0.4,11
2026-10-03,wk inc flu hosp,1,2026-10-10,09,quantile,0.45,11
2026-10-03,wk inc flu hosp,1,2026-10-10,09,quantile,0.5,12
2026-10-03,wk inc flu hosp,1,2026-10-10,09,quantile,0.55,13
2026-10-03,wk inc flu hosp,1,2026-10-10,09,quantile,0.6,15
2026-10-03,wk inc flu hosp,1,2026-10-10,09,quantile,0.65,16
2026-10-03,wk inc flu hosp,1,2026-10-10,09,quantile,0.7,17
2026-10-03,wk inc flu hosp,1,2026-10-10,09,quantile,0.75,19
2026-10-03,wk inc flu hosp,1,2026-10-10,09,quantile,0.8,21
2026-10-03,wk inc flu hosp,1,2026-10-10,09,quantile,0.85,24
2026-10-03,wk inc flu hosp,1,2026-10-10,09,quantile,0.9,28
2026-10-03,wk inc flu hosp,1,2026-10-10,09,quantile,0.95,34
2026-10-03,wk inc flu hosp,1,2026-10-10,09,quantile,0.975,41
2026-10-03,wk inc flu hosp,1,2026-10-10,09,quantile,0.99,52
2026-10-03,wk inc flu hosp,2,2026-10-17,09,quantile,0.01,2
2026-10-03,wk inc flu hosp,2,2026-10-17,09,quantile,0.025,3
2026-10-03,wk inc flu hosp,2,2026-10-17,09,quantile,0.05,4
2026-10-03,wk inc flu hosp,2,2026-10-17,09,quantile,0.1,5
2026-10-03,wk inc flu hosp,2,2026-10-17,09,quantile,0.15,6
2026-10-03,wk inc flu hosp,2,2026-10-17,09,quantile,0.2,8
2026-10-03,wk inc flu hosp,2,2026-10-17,09,quantile,0.25,9
2026-10-03,wk inc flu hosp,2,2026-10-17,09,quantile,0.3,10
2026-10-03,wk inc flu hosp,2,2026-10-17,09,quantile,0.35,11
2026-10-03,wk inc flu hosp,2,2026-10-17,09,quantile,0.4,12
2026-10-03,wk inc flu hosp,2,2026-10-17,09,quantile,0.45,13
2026-10-03,wk inc flu hosp,2,2026-10-17,09,quantile,0.5,14
2026-10-03,wk inc flu hosp,2,2026-10-17,09,quantile,0.55,16
2026-10-03,wk inc flu hosp,2,2026-10-17,09,quantile,0.6,17
2026-10-03,wk inc flu hosp,2,2026-10-17,09,quantile,0.65,19
2026-10-03,wk inc flu hosp,2,2026-10-17,09,quantile,0.7,21
2026-10-03,wk inc flu hosp,2,2026-10-17,09,quantile,0.75,23
2026-10-03,wk inc flu hosp,2,2026-10-17,09,quantile,0.8,26
2026-10-03,wk inc flu hosp,2,2026-10-17,09,quantile,0.85,30
2026-10-03,wk inc flu hosp,2,2026-10-17,09,quantile,0.9,35
2026-10-03,wk inc flu hosp,2,2026-10-17,09,quantile,0.95,45
2026-10-03,wk inc flu hosp,2,2026-10-17,09,quantile,0.975,57
2026-10-03,wk inc flu hosp,2,2026-10-17,09,quantile,0.99,73
2026-10-03,wk inc flu hosp,3,2026-10-24,09,quantile,0.01,2
2026-10-03,wk inc flu hosp,3,2026-10-24,09,quantile,0.025,3
2026-10-03,wk inc flu hosp,3,2026-10-24,09,quantile,0.05,4
2026-10-03,wk inc flu hosp,3,2026-10-24,09,quantile,0.1,5
2026-10-03,wk inc flu hosp,3,2026-10-24,09,quantile,0.15,7
2026-10-03,wk inc flu hosp,3,2026-10-24,09,quantile,0.2,8
2026-10-03,wk inc flu hosp,3,2026-10-24,09,quantile,0.25,9
2026-10-03,wk inc flu hosp,3,2026-10-24,09,quantile,0.3,10
2026-10-03,wk inc flu hosp,3,2026-10-24,09,quantile,0.35,12
2026-10-03,wk inc flu hosp,3,2026-10-24,09,quantile,0.4,13
2026-10-03,wk inc flu hosp,3,2026-10-24,09,quantile,0.45,14
2026-10-03,wk inc flu hosp,3,2026-10-24,09,quantile,0.5,16
2026-10-03,wk inc flu hosp,3,2026-10-24,09,quantile,0.55,18
2026-10-03,wk inc flu hosp,3,2026-10-24,09,quantile,0.6,19
2026-10-03,wk inc flu hosp,3,2026-10-24,09,quantile,0.65,22
2026-10-03,wk inc flu hosp,3,2026-10-24,09,quantile,0.7,24
2026-10-03,wk inc flu hosp,3,2026-10-24,09,quantile,0.75,27
2026-10-03,wk inc flu hosp,3,2026-10-24,09,quantile,0.8,31
2026-10-03,wk inc flu hosp,3,2026-10-24,09,quantile,0.85,36
2026-10-03,wk inc flu hosp,3,2026-10-24,09,quantile,0.9,44
2026-10-03,wk inc flu hosp,3,2026-10-24,09,quantile,0.95,58
2026-10-03,wk inc flu hosp,3,2026-10-24,09,quantile,0.975,74
2026-10-03,wk inc flu hosp,3,2026-10-24,09,quantile,0.99,98
2026-10-03,wk inc flu hosp,0,2026-10-03,10,quantile,0.01,0
2026-10-03,wk inc flu hosp,0,2026-10-03,10,quantile,0.025,0
2026-10-03,wk inc flu hosp,0,2026-10-03,10,quantile,0.05,0
2026-10-03,wk inc flu hosp,0,2026-10-03,10,quantile,0.1,0
2026-10-03,wk inc flu hosp,0,2026-10-03,10,quantile,0.15,0
2026-10-03,wk inc flu hosp,0,2026-10-03,10,quantile,0.2,0
2026-10-03,wk inc flu hosp,0,2026-10-03,10,quantile,0.25,0
2026-10-03,wk inc flu hosp,0,2026-10-03,10,quantile,0.3,0
2026-10-03,wk inc flu hosp,0,2026-10-03,10,quantile,0.35,0
2026-10-03,wk inc flu hosp,0,2026-10-03,10,quantile,0.4,1
2026-10-03,wk inc flu hosp,0,2026-10-03,10,quantile,0.45,1
2026-10-03,wk inc flu hosp,0,2026-10-03,10,quantile,0.5,1
2026-10-03,wk inc flu hosp,0,2026-10-03,10,quantile,0.55,1
2026-10-03,wk inc flu hosp,0,2026-10-03,10,quantile,0.6,1
2026-10-03,wk inc flu hosp,0,2026-10-03,10,quantile,0.65,1
2026-10-03,wk inc flu hosp,0,2026-10-03,10,quantile,0.7,2
2026-10-03,wk inc flu hosp,0,2026-10-03,10,quantile,0.75,2
2026-10-03,wk inc flu hosp,0,2026-10-03,10,quantile,0.8,2
2026-10-03,wk inc flu hosp,0,2026-10-03,10,quantile,0.85,3
2026-10-03,wk inc flu hosp,0,2026-10-03,10,quantile,0.9,3
2026-10-03,wk inc flu hosp,0,2026-10-03,10,quantile,0.95,4
2026-10-03,wk inc flu hosp,0,2026-10-03,10,quantile,0.975,6
2026-10-03,wk inc flu hosp,0,2026-10-03,10,quantile,0.99,7
2026-10-03,wk inc flu hosp,1,2026-10-10,10,quantile,0.01,0
2026-10-03,wk inc flu hosp,1,2026-10-10,10,quantile,0.025,0
2026-10-03,wk inc flu hosp,1,2026-10-10,10,quantile,0.05,0
2026-10-03,wk inc flu hosp,1,2026-10-10,10,quantile,0.1,0
2026-10-03,wk inc flu hosp,1,2026-10-10,10,quantile,0.15,0
2026-10-03,wk inc flu hosp,1,2026-10-10,10,quantile,0.2,0
2026-10-03,wk inc flu hosp,1,2026-10-10,10,quantile,0.25,0
2026-10-03,wk inc flu hosp,1,2026-10-10,10,quantile,0.3,1
2026-10-03,wk inc flu hosp,1,2026-10-10,10,quantile,0.35,1
2026-10-03,wk inc flu hosp,1,2026-10-10,10,quantile,0.4,1
2026-10-03,wk inc flu hosp,1,2026-10-10,10,quantile,0.45,1
2026-10-03,wk inc flu hosp,1,2026-10-10,10,quantile,0.5,1
2026-10-03,wk inc flu hosp,1,2026-10-10,10,quantile,0.55,1
2026-10-03,wk inc flu hosp,1,2026-10-10,10,quantile,0.6,2
2026-10-03,wk inc flu hosp,1,2026-10-10,10,quantile,0.65,2
2026-10-03,wk inc flu hosp,1,2026-10-10,10,quantile,0.7,2
2026-10-03,wk inc flu hosp,1,2026-10-10,10,quantile,0.75,3
2026-10-03,wk inc flu hosp,1,2026-10-10,10,quantile,0.8,3
2026-10-03,wk inc flu hosp,1,2026-10-10,10,quantile,0.85,4
2026-10-03,wk inc flu hosp,1,2026-10-10,10,quantile,0.9,5
2026-10-03,wk inc flu hosp,1,2026-10-10,10,quantile,0.95,7
2026-10-03,wk inc flu hosp,1,2026-10-10,10,quantile,0.975,9
2026-10-03,wk inc flu hosp,1,2026-10-10,10,quantile,0.99,12
2026-10-03,wk inc flu hosp,2,2026-10-17,10,quantile,0.01,0
2026-10-03,wk inc flu hosp,2,2026-10-17,10,quantile,0.025,0
2026-10-03,wk inc flu hosp,2,2026-10-17,10,quantile,0.05,0
2026-10-03,wk inc flu hosp,2,2026-10-17,10,quantile,0.1,0
2026-10-03,wk inc flu hosp,2,2026-10-17,10,quantile,0.15,0
2026-10-03,wk inc flu hosp,2,2026-10-17,10,quantile,0.2,0
2026-10-03,wk inc flu hosp,2,2026-10-17,10,quantile,0.25,1
2026-10-03,wk inc flu hosp,2,2026-10-17,10,quantile,0.3,1
2026-10-03,wk inc flu hosp,2,2026-10-17,10,quantile,0.35,1
2026-10-03,wk inc flu hosp,2,2026-10-17,10,quantile,0.4,1
2026-10-03,wk inc flu hosp,2,2026-10-17,10,quantile,0.45,2
2026-10-03,wk inc flu hosp,2,2026-10-17,10,quantile,0.5,2
2026-10-03,wk inc flu hosp,2,2026-10-17,10,quantile,0.55,2
2026-10-03,wk inc flu hosp,2,2026-10-17,10,quantile,0.6,2
2026-10-03,wk inc flu hosp,2,2026-10-17,10,quantile,0.65,3
2026-10-03,wk inc flu hosp,2,2026-10-17,10,quantile,0.7,3
2026-10-03,wk inc flu hosp,2,2026-10-17,10,quantile,0.75,4
2026-10-03,wk inc flu hosp,2,2026-10-17,10,quantile,0.8,5
2026-10-03,wk inc flu hosp,2,2026-10-17,10,quantile,0.85,6
2026-10-03,wk inc flu hosp,2,2026-10-17,10,quantile,0.9,7
2026-10-03,wk inc flu hosp,2,2026-10-17,10,quantile,0.95,10
2026-10-03,wk inc flu hosp,2,2026-10-17,10,quantile,0.975,14
2026-10-03,wk inc flu hosp,2,2026-10-17,10,quantile,0.99,19
2026-10-03,wk inc flu hosp,3,2026-10-24,10,quantile,0.01,0
2026-10-03,wk inc flu hosp,3,2026-10-24,10,quantile,0.025,0
2026-10-03,wk inc flu hosp,3,2026-10-24,10,quantile,0.05,0
2026-10-03,wk inc flu hosp,3,2026-10-24,10,quantile,0.1,0
2026-10-03,wk inc flu hosp,3,2026-10-24,10,quantile,0.15,0
2026-10-03,wk inc flu hosp,3,2026-10-24,10,quantile,0.2,1
2026-10-03,wk inc flu hosp,3,2026-10-24,10,quantile,0.25,1
2026-10-03,wk inc flu hosp,3,2026-10-24,10,quantile,0.3,1
2026-10-03,wk inc flu hosp,3,2026-10-24,10,quantile,0.35,1
2026-10-03,wk inc flu hosp,3,2026-10-24,10,quantile,0.4,2
2026-10-03,wk inc flu hosp,3,2026-10-24,10,quantile,0.45,2
2026-10-03,wk inc flu hosp,3,2026-10-24,10,quantile,0.5,2
2026-10-03,wk inc flu hosp,3,2026-10-24,10,quantile,0.55,3
2026-10-03,wk inc flu hosp,3,2026-10-24,10,quantile,0.6,3
2026-10-03,wk inc flu hosp,3,2026-10-24,10,quantile,0.65,4
2026-10-03,wk inc flu hosp,3,2026-10-24,10,quantile,0.7,5
2026-10-03,wk inc flu hosp,3,2026-10-24,10,quantile,0.75,6
2026-10-03,wk inc flu hosp,3,2026-10-24,10,quantile,0.8,7
2026-10-03,wk inc flu hosp,3,2026-10-24,10,quantile,0.85,8
2026-10-03,wk inc flu hosp,3,2026-10-24,10,quantile,0.9,11
2026-10-03,wk inc flu hosp,3,2026-10-24,10,quantile,0.95,16
2026-10-03,wk inc flu hosp,3,2026-10-24,10,quantile,0.975,22
2026-10-03,wk inc flu hosp,3,2026-10-24,10,quantile,0.99,31
2026-10-03,wk inc flu hosp,0,2026-10-03,11,quantile,0.01,1
2026-10-03,wk inc flu hosp,0,2026-10-03,11,quantile,0.025,1
2026-10-03,wk inc flu hosp,0,2026-10-03,11,quantile,0.05,1
2026-10-03,wk inc flu hosp,0,2026-10-03,11,quantile,0.1,2
2026-10-03,wk inc flu hosp,0,2026-10-03,11,quantile,0.15,2
2026-10-03,wk inc flu hosp,0,2026-10-03,11,quantile,0.2,3
2026-10-03,wk inc flu hosp,0,2026-10-03,11,quantile,0.25,3
2026-10-03,wk inc flu hosp,0,2026-10-03,11,quantile,0.3,3
2026-10-03,wk inc flu hosp,0,2026-10-03,11,quantile,0.35,4
2026-10-03,wk inc flu hosp,0,2026-10-03,11,quantile,0.4,4
2026-10-03,wk inc flu hosp,0,2026-10-03,11,quantile,0.45,4
2026-10-03,wk inc flu hosp,0,2026-10-03,11,quantile,0.5,5
2026-10-03,wk inc flu hosp,0,2026-10-03,11,quantile,0.55,5
2026-10-03,wk inc flu hosp,0,2026-10-03,11,quantile,0.6,5
2026-10-03,wk inc flu hosp,0,2026-10-03,11,quantile,0.65,6
2026-10-03,wk inc flu hosp,0,2026-10-03,11,quantile,0.7,6
2026-10-03,wk inc flu hosp,0,2026-10-03,11,quantile,0.75,7
2026-10-03,wk inc flu hosp,0,2026-10-03,11,quantile,0.8,8
2026-10-03,wk inc flu hosp,0,2026-10-03,11,quantile,0.85,9
2026-10-03,wk inc flu hosp,0,2026-10-03,11,quantile,0.9,10
2026-10-03,wk inc flu hosp,0,2026-10-03,11,quantile,0.95,12
2026-10-03,wk inc flu hosp,0,2026-10-03,11,quantile,0.975,14
2026-10-03,wk inc flu hosp,0,2026-10-03,11,quantile,0.99,18
2026-10-03,wk inc flu hosp,1,2026-10-10,11,quantile,0.01,1
2026-10-03,wk inc flu hosp,1,2026-10-10,11,quantile,0.025,1
2026-10-03,wk inc flu hosp,1,2026-10-10,11,quantile,0.05,1
2026-10-03,wk inc flu hosp,1,2026-10-10,11,quantile,0.1,2
2026-10-03,wk inc flu hosp,1,2026-10-10,11,quantile,0.15,2
2026-10-03,wk inc flu hosp,1,2026-10-10,11,quantile,0.2,3
2026-10-03,wk inc flu hosp,1,2026-10-10,11,quantile,0.25,3
2026-10-03,wk inc flu hosp,1,2026-10-10,11,quantile,0.3,4
2026-10-03,wk inc flu hosp,1,2026-10-10,11,quantile,0.35,4
2026-10-03,wk inc flu hosp,1,2026-10-10,11,quantile,0.4,5
2026-10-03,wk inc flu hosp,1,2026-10-10,11,quantile,0.45,5
2026-10-03,wk inc flu hosp,1,2026-10-10,11,quantile,0.5,5
2026-10-03,wk inc flu hosp,1,2026-10-10,11,quantile,0.55,6
2026-10-03,wk inc flu hosp,1,2026-10-10,11,quantile,0.6,7
2026-10-03,wk inc flu hosp,1,2026-10-10,11,quantile,0.65,7
2026-10-03,wk inc flu hosp,1,2026-10-10,11,quantile,0.7,8
2026-10-03,wk inc flu hosp,1,2026-10-10,11,quantile,0.75,9
2026-10-03,wk inc flu hosp,1,2026-10-10,11,quantile,0.8,10
2026-10-03,wk inc flu hosp,1,2026-10-10,11,quantile,0.85,11
2026-10-03,wk inc flu hosp,1,2026-10-10,11,quantile,0.9,13
2026-10-03,wk inc flu hosp,1,2026-10-10,11,quantile,0.95,16
2026-10-03,wk inc flu hosp,1,2026-10-10,11,quantile,0.975,20
2026-10-03,wk inc flu hosp,1,2026-10-10,11,quantile,0.99,25
2026-10-03,wk inc flu hosp,2,2026-10-17,11,quantile,0.01,0
2026-10-03,wk inc flu hosp,2,2026-10-17,11,quantile,0.025,1
2026-10-03,wk inc flu hosp,2,2026-10-17,11,quantile,0.05,1
2026-10-03,wk inc flu hosp,2,2026-10-17,11,quantile,0.1,2
2026-10-03,wk inc flu hosp,2,2026-10-17,11,quantile,0.15,3
2026-10-03,wk inc flu hosp,2,2026-10-17,11,quantile,0.2,3
2026-10-03,wk inc flu hosp,2,2026-10-17,11,quantile,0.25,4
2026-10-03,wk inc flu hosp,2,2026-10-17,11,quantile,0.3,4
2026-10-03,wk inc flu hosp,2,2026-10-17,11,quantile,0.35,5
2026-10-03,wk inc flu hosp,2,2026-10-17,11,quantile,0.4,5
2026-10-03,wk inc flu hosp,2,2026-10-17,11,quantile,0.45,6
2026-10-03,wk inc flu hosp,2,2026-10-17,11,quantile,0.5,6
2026-10-03,wk inc flu hosp,2,2026-10-17,11,quantile,0.55,7
2026-10-03,wk inc flu hosp,2,2026-10-17,11,quantile,0.6,8
2026-10-03,wk inc flu hosp,2,2026-10-17,11,quantile,0.65,9
2026-10-03,wk inc flu hosp,2,2026-10-17,11,quantile,0.7,10
2026-10-03,wk inc flu hosp,2,2026-10-17,11,quantile,0.75,11
2026-10-03,wk inc flu hosp,2,2026-10-17,11,quantile,0.8,12
2026-10-03,wk inc flu hosp,2,2026-10-17,11,quantile,0.85,14
2026-10-03,wk inc flu hosp,2,2026-10-17,11,quantile,0.9,17
2026-10-03,wk inc flu hosp,2,2026-10-17,11,quantile,0.95,22
2026-10-03,wk inc flu hosp,2,2026-10-17,11,quantile,0.975,28
2026-10-03,wk inc flu hosp,2,2026-10-17,11,quantile,0.99,37
2026-10-03,wk inc flu hosp,3,2026-10-24,11,quantile,0.01,0
2026-10-03,wk inc flu hosp,3,2026-10-24,11,quantile,0.025,1
2026-10-03,wk inc flu hosp,3,2026-10-24,11,quantile,0.05,1
2026-10-03,wk inc flu hosp,3,2026-10-24,11,quantile,0.1,2
2026-10-03,wk inc flu hosp,3,2026-10-24,11,quantile,0.15,3
2026-10-03,wk inc flu hosp,3,2026-10-24,11,quantile,0.2,4
2026-10-03,wk inc flu hosp,3,2026-10-24,11,quantile,0.25,4
2026-10-03,wk inc flu hosp,3,2026-10-24,11,quantile,0.3,5
2026-10-03,wk inc flu hosp,3,2026-10-24,11,quantile,0.35,6
2026-10-03,wk inc flu hosp,3,2026-10-24,11,quantile,0.4,6
2026-10-03,wk inc flu hosp,3,2026-10-24,11,quantile,0.45,7
2026-10-03,wk inc flu hosp,3,2026-10-24,11,quantile,0.5,8
2026-10-03,wk inc flu hosp,3,2026-10-24,11,quantile,0.55,9
2026-10-03,wk inc flu hosp,3,2026-10-24,11,quantile,0.6,10
2026-10-03,wk inc flu hosp,3,2026-10-24,11,quantile,0.65,11
2026-10-03,wk inc flu hosp,3,2026-10-24,11,quantile,0.7,12
2026-10-03,wk inc flu hosp,3,2026-10-24,11,quantile,0.75,14
2026-10-03,wk inc flu hosp,3,2026-10-24,11,quantile,0.8,16
2026-10-03,wk inc flu hosp,3,2026-10-24,11,quantile,0.85,19
2026-10-03,wk inc flu hosp,3,2026-10-24,11,quantile,0.9,23
2026-10-03,wk inc flu hosp,3,2026-10-24,11,quantile,0.95,31
2026-10-03,wk inc flu hosp,3,2026-10-24,11,quantile,0.975,39
2026-10-03,wk inc flu hosp,3,2026-10-24,11,quantile,0.99,53
2026-10-03,wk inc flu hosp,0,2026-10-03,12,quantile,0.01,163
2026-10-03,wk inc flu hosp,0,2026-10-03,12,quantile,0.025,190
2026-10-03,wk inc flu hosp,0,2026-10-03,12,quantile,0.05,216
2026-10-03,wk inc flu hosp,0,2026-10-03,12,quantile,0.1,251
2026-10-03,wk inc flu hosp,0,2026-10-03,12,quantile,0.15,277
2026-10-03,wk inc flu hosp,0,2026-10-03,12,quantile,0.2,300
2026-10-03,wk inc flu hosp,0,2026-10-03,12,quantile,0.25,321
2026-10-03,wk inc flu hosp,0,2026-10-03,12,quantile,0.3,342
2026-10-03,wk inc flu hosp,0,2026-10-03,12,quantile,0.35,362
2026-10-03,wk inc flu hosp,0,2026-10-03,12,quantile,0.4,382
2026-10-03,wk inc flu hosp,0,2026-10-03,12,quantile,0.45,402
2026-10-03,wk inc flu hosp,0,2026-10-03,12,quantile,0.5,424
2026-10-03,wk inc flu hosp,0,2026-10-03,12,quantile,0.55,446
2026-10-03,wk inc flu hosp,0,2026-10-03,12,quantile,0.6,470
2026-10-03,wk inc flu hosp,0,2026-10-03,12,quantile,0.65,496
2026-10-03,wk inc flu hosp,0,2026-10-03,12,quantile,0.7,525
2026-10-03,wk inc flu hosp,0,2026-10-03,12,quantile,0.75,558
2026-10-03,wk inc flu hosp,0,2026-10-03,12,quantile,0.8,598
2026-10-03,wk inc flu hosp,0,2026-10-03,12,quantile,0.85,647
2026-10-03,wk inc flu hosp,0,2026-10-03,12,quantile,0.9,715
2026-10-03,wk inc flu hosp,0,2026-10-03,12,quantile,0.95,830
2026-10-03,wk inc flu hosp,0,2026-10-03,12,quantile,0.975,944
2026-10-03,wk inc flu hosp,0,2026-10-03,12,quantile,0.99,1096
2026-10-03,wk inc flu hosp,1,2026-10-10,12,quantile,0.01,147
2026-10-03,wk inc flu hosp,1,2026-10-10,12,quantile,0.025,175
2026-10-03,wk inc flu hosp,1,2026-10-10,12,quantile,0.05,204
2026-10-03,wk inc flu hosp,1,2026-10-10,12,quantile,0.1,242
2026-10-03,wk inc flu hosp,1,2026-10-10,12,quantile,0.15,272
2026-10-03,wk inc flu hosp,1,2026-10-10,12,quantile,0.2,299
2026-10-03,wk inc flu hosp,1,2026-10-10,12,quantile,0.25,323
2026-10-03,wk inc flu hosp,1,2026-10-10,12,quantile,0.3,347
2026-10-03,wk inc flu hosp,1,2026-10-10,12,quantile,0.35,371
2026-10-03,wk inc flu hosp,1,2026-10-10,12,quantile,0.4,395
2026-10-03,wk inc flu hosp,1,2026-10-10,12,quantile,0.45,420
2026-10-03,wk inc flu hosp,1,2026-10-10,12,quantile,0.5,446
2026-10-03,wk inc flu hosp,1,2026-10-10,12,quantile,0.55,473
2026-10-03,wk inc flu hosp,1,2026-10-10,12,quantile,0.6,503
2026-10-03,wk inc flu hosp,1,2026-10-10,12,quantile,0.65,535
2026-10-03,wk inc flu hosp,1,2026-10-10,12,quantile,0.7,572
2026-10-03,wk inc flu hosp,1,2026-10-10,12,quantile,0.75,614
2026-10-03,wk inc flu hosp,1,2026-10-10,12,quantile,0.8,665
2026-10-03,wk inc flu hosp,1,2026-10-10,12,quantile,0.85,730
2026-10-03,wk inc flu hosp,1,2026-10-10,12,quantile,0.9,820
2026-10-03,wk inc flu hosp,1,2026-10-10,12,quantile,0.95,974
2026-10-03,wk inc flu hosp,1,2026-10-10,12,quantile,0.975,1132
2026-10-03,wk inc flu hosp,1,2026-10-10,12,quantile,0.99,1347
2026-10-03,wk inc flu hosp,2,2026-10-17,12,quantile,0.01,130
2026-10-03,wk inc flu hosp,2,2026-10-17,12,quantile,0.025,159
2026-10-03,wk inc flu hosp,2,2026-10-17,12,quantile,0.05,189
2026-10-03,wk inc flu hosp,2,2026-10-17,12,quantile,0.1,231
2026-10-03,wk inc flu hosp,2,2026-10-17,12,quantile,0.15,265
2026-10-03,wk inc flu hosp,2,2026-10-17,12,quantile,0.2,294
2026-10-03,wk inc flu hosp,2,2026-10-17,12,quantile,0.25,323
2026-10-03,wk inc flu hosp,2,2026-10-17,12,quantile,0.3,351
2026-10-03,wk inc flu hosp,2,2026-10-17,12,quantile,0.35,379
2026-10-03,wk inc flu hosp,2,2026-10-17,12,quantile,0.4,407
2026-10-03,wk inc flu hosp,2,2026-10-17,12,quantile,0.45,437
2026-10-03,wk inc flu hosp,2,2026-10-17,12,quantile,0.5,468
2026-10-03,wk inc flu hosp,2,2026-10-17,12,quantile,0.55,501
2026-10-03,wk inc flu hosp,2,2026-10-17,12,quantile,0.6,538
2026-10-03,wk inc flu hosp,2,2026-10-17,12,quantile,0.65,578
2026-10-03,wk inc flu hosp,2,2026-10-17,12,quantile,0.7,624
2026-10-03,wk inc flu hosp,2,2026-10-17,12,quantile,0.75,678
2026-10-03,wk inc flu hosp,2,2026-10-17,12,quantile,0.8,743
2026-10-03,wk inc flu hosp,2,2026-10-17,12,quantile,0.85,827
2026-10-03,wk inc flu hosp,2,2026-10-17,12,quantile,0.9,946
2026-10-03,wk inc flu hosp,2,2026-10-17,12,quantile,0.95,1155
2026-10-03,wk inc flu hosp,2,2026-10-17,12,quantile,0.975,1374
2026-10-03,wk inc flu hosp,2,2026-10-17,12,quantile,0.99,1680
2026-10-03,wk inc flu hosp,3,2026-10-24,12,quantile,0.01,114
2026-10-03,wk inc flu hosp,3,2026-10-24,12,quantile,0.025,143
2026-10-03,wk inc flu hosp,3,2026-10-24,12,quantile,0.05,174
2026-10-03,wk inc flu hosp,3,2026-10-24,12,quantile,0.1,217
2026-10-03,wk inc flu hosp,3,2026-10-24,12,quantile,0.15,253
2026-10-03,wk inc flu hosp,3,2026-10-24,12,quantile,0.2,285
2026-10-03,wk inc flu hosp,3,2026-10-24,12,quantile,0.25,316
2026-10-03,wk inc flu hosp,3,2026-10-24,12,quantile,0.3,347
2026-10-03,wk inc flu hosp,3,2026-10-24,12,quantile,0.35,378
2026-10-03,wk inc flu hosp,3,2026-10-24,12,quantile,0.4,409
2026-10-03,wk inc flu hosp,3,2026-10-24,12,quantile,0.45,443
2026-10-03,wk inc flu hosp,3,2026-10-24,12,quantile,0.5,478
2026-10-03,wk inc flu hosp,3,2026-10-24,12,quantile,0.55,517
2026-10-03,wk inc flu hosp,3,2026-10-24,12,quantile,0.6,559
2026-10-03,wk inc flu hosp,3,2026-10-24,12,quantile,0.65,606
2026-10-03,wk inc flu hosp,3,2026-10-24,12,quantile,0.7,661
2026-10-03,wk inc flu hosp,3,2026-10-24,12,quantile,0.75,724
2026-10-03,wk inc flu hosp,3,2026-10-24,12,quantile,0.8,803
2026-10-03,wk inc flu hosp,3,2026-10-24,12,quantile,0.85,905
2026-10-03,wk inc flu hosp,3,2026-10-24,12,quantile,0.9,1052
2026-10-03,wk inc flu hosp,3,2026-10-24,12,quantile,0.95,1315
2026-10-03,wk inc flu hosp,3,2026-10-24,12,quantile,0.975,1596
2026-10-03,wk inc flu hosp,3,2026-10-24,12,quantile,0.99,1998
2026-10-03,wk inc flu hosp,0,2026-10-03,13,quantile,0.01,13
2026-10-03,wk inc flu hosp,0,2026-10-03,13,quantile,0.025,16
2026-10-03,wk inc flu hosp,0,2026-10-03,13,quantile,0.05,18
2026-10-03,wk inc flu hosp,0,2026-10-03,13,quantile,0.1,22
2026-10-03,wk inc flu hosp,0,2026-10-03,13,quantile,0.15,25
2026-10-03,wk inc flu hosp,0,2026-10-03,13,quantile,0.2,27
2026-10-03,wk inc flu hosp,0,2026-10-03,13,quantile,0.25,29
2026-10-03,wk inc flu hosp,0,2026-10-03,13,quantile,0.3,31
2026-10-03,wk inc flu hosp,0,2026-10-03,13,quantile,0.35,34
2026-10-03,wk inc flu hosp,0,2026-10-03,13,quantile,0.4,36
2026-10-03,wk inc flu hosp,0,2026-10-03,13,quantile,0.45,38
2026-10-03,wk inc flu hosp,0,2026-10-03,13,quantile,0.5,40
2026-10-03,wk inc flu hosp,0,2026-10-03,13,quantile,0.55,43
2026-10-03,wk inc flu hosp,0,2026-10-03,13,quantile,0.6,45
2026-10-03,wk inc flu hosp,0,2026-10-03,13,quantile,0.65,48
2026-10-03,wk inc flu hosp,0,2026-10-03,13,quantile,0.7,52
2026-10-03,wk inc flu hosp,0,2026-10-03,13,quantile,0.75,55
2026-10-03,wk inc flu hosp,0,2026-10-03,13,quantile,0.8,60
2026-10-03,wk inc flu hosp,0,2026-10-03,13,quantile,0.85,66
2026-10-03,wk inc flu hosp,0,2026-10-03,13,quantile,0.9,74
2026-10-03,wk inc flu hosp,0,2026-10-03,13,quantile,0.95,87
2026-10-03,wk inc flu hosp,0,2026-10-03,13,quantile,0.975,101
2026-10-03,wk inc flu hosp,0,2026-10-03,13,quantile,0.99,120
2026-10-03,wk inc flu hosp,1,2026-10-10,13,quantile,0.01,12
2026-10-03,wk inc flu hosp,1,2026-10-10,13,quantile,0.025,15
2026-10-03,wk inc flu hosp,1,2026-10-10,13,quantile,0.05,18
2026-10-03,wk inc flu hosp,1,2026-10-10,13,quantile,0.1,22
2026-10-03,wk inc flu hosp,1,2026-10-10,13,quantile,0.15,25
2026-10-03,wk inc flu hosp,1,2026-10-10,13,quantile,0.2,28
2026-10-03,wk inc flu hosp,1,2026-10-10,13,quantile,0.25,30
2026-10-03,wk inc flu hosp,1,2026-10-10,13,quantile,0.3,33
2026-10-03,wk inc flu hosp,1,2026-10-10,13,quantile,0.35,36
2026-10-03,wk inc flu hosp,1,2026-10-10,13,quantile,0.4,38
2026-10-03,wk inc flu hosp,1,2026-10-10,13,quantile,0.45,41
2026-10-03,wk inc flu hosp,1,2026-10-10,13,quantile,0.5,44
2026-10-03,wk inc flu hosp,1,2026-10-10,13,quantile,0.55,47
2026-10-03,wk inc flu hosp,1,2026-10-10,13,quantile,0.6,51
2026-10-03,wk inc flu hosp,1,2026-10-10,13,quantile,0.65,54
2026-10-03,wk inc flu hosp,1,2026-10-10,13,quantile,0.7,59
2026-10-03,wk inc flu hosp,1,2026-10-10,13,quantile,0.75,64
2026-10-03,wk inc flu hosp,1,2026-10-10,13,quantile,0.8,70
2026-10-03,wk inc flu hosp,1,2026-10-10,13,quantile,0.85,78
2026-10-03,wk inc flu hosp,1,2026-10-10,13,quantile,0.9,89
2026-10-03,wk inc flu hosp,1,2026-10-10,13,quantile,0.95,108
2026-10-03,wk inc flu hosp,1,2026-10-10,13,quantile,0.975,128
2026-10-03,wk inc flu hosp,1,2026-10-10,13,quantile,0.99,156
2026-10-03,wk inc flu hosp,2,2026-10-17,13,quantile,0.01,11
2026-10-03,wk inc flu hosp,2,2026-10-17,13,quantile,0.025,14
2026-10-03,wk inc flu hosp,2,2026-10-17,13,quantile,0.05,17
2026-10-03,wk inc flu hosp,2,2026-10-17,13,quantile,0.1,21
2026-10-03,wk inc flu hosp,2,2026-10-17,13,quantile,0.15,25
2026-10-03,wk inc flu hosp,2,2026-10-17,13,quantile,0.2,28
2026-10-03,wk inc flu hosp,2,2026-10-17,13,quantile,0.25,31
2026-10-03,wk inc flu hosp,2,2026-10-17,13,quantile,0.3,34
2026-10-03,wk inc flu hosp,2,2026-10-17,13,quantile,0.35,38
2026-10-03,wk inc flu hosp,2,2026-10-17,13,quantile,0.4,41
2026-10-03,wk inc flu hosp,2,2026-10-17,13,quantile,0.45,44
2026-10-03,wk inc flu hosp,2,2026-10-17,13,quantile,0.5,48
2026-10-03,wk inc flu hosp,2,2026-10-17,13,quantile,0.55,52
2026-10-03,wk inc flu hosp,2,2026-10-17,13,quantile,0.6,56
2026-10-03,wk inc flu hosp,2,2026-10-17,13,quantile,0.65,61
2026-10-03,wk inc flu hosp,2,2026-10-17,13,quantile,0.7,67
2026-10-03,wk inc flu hosp,2,2026-10-17,13,quantile,0.75,73
2026-10-03,wk inc flu hosp,2,2026-10-17,13,quantile,0.8,82
2026-10-03,wk inc flu hosp,2,2026-10-17,13,quantile,0.85,92
2026-10-03,wk inc flu hosp,2,2026-10-17,13,quantile,0.9,107
2026-10-03,wk inc flu hosp,2,2026-10-17,13,quantile,0.95,135
2026-10-03,wk inc flu hosp,2,2026-10-17,13,quantile,0.975,164
2026-10-03,wk inc flu hosp,2,2026-10-17,13,quantile,0.99,206
2026-10-03,wk inc flu hosp,3,2026-10-24,13,quantile,0.01,10
2026-10-03,wk inc flu hosp,3,2026-10-24,13,quantile,0.025,13
2026-10-03,wk inc flu hosp,3,2026-10-24,13,quantile,0.05,16
2026-10-03,wk inc flu hosp,3,2026-10-24,13,quantile,0.1,21
2026-10-03,wk inc flu hosp,3,2026-10-24,13,quantile,0.15,25
2026-10-03,wk inc flu hosp,3,2026-10-24,13,quantile,0.2,29
2026-10-03,wk inc flu hosp,3,2026-10-24,13,quantile,0.25,32
2026-10-03,wk inc flu hosp,3,2026-10-24,13,quantile,0.3,36
2026-10-03,wk inc flu hosp,3,2026-10-24,13,quantile,0.35,40
2026-10-03,wk inc flu hosp,3,2026-10-24,13,quantile,0.4,44
2026-10-03,wk inc flu hosp,3,2026-10-24,13,quantile,0.45,48
2026-10-03,wk inc flu hosp,3,2026-10-24,13,quantile,0.5,52
2026-10-03,wk inc flu hosp,3,2026-10-24,13,quantile,0.55,57
2026-10-03,wk inc flu hosp,3,2026-10-24,13,quantile,0.6,63
2026-10-03,wk inc flu hosp,3,2026-10-24,13,quantile,0.65,69
2026-10-03,wk inc flu hosp,3,2026-10-24,13,quantile,0.7,76
2026-10-03,wk inc flu hosp,3,2026-10-24,13,quantile,0.75,84
2026-10-03,wk inc flu hosp,3,2026-10-24,13,quantile,0.8,95
2026-10-03,wk inc flu hosp,3,2026-10-24,13,quantile,0.85,109
2026-10-03,wk inc flu hosp,3,2026-10-24,13,quantile,0.9,129
2026-10-03,wk inc flu hosp,3,2026-10-24,13,quantile,0.95,166
2026-10-03,wk inc flu hosp,3,2026-10-24,13,quantile,0.975,207
2026-10-03,wk inc flu hosp,3,2026-10-24,13,quantile,0.99,267
2026-10-03,wk inc flu hosp,0,2026-10-03,15,quantile,0.01,7
2026-10-03,wk inc flu hosp,0,2026-10-03,15,quantile,0.025,9
2026-10-03,wk inc flu hosp,0,2026-10-03,15,quantile,0.05,11
2026-10-03,wk inc flu hosp,0,2026-10-03,15,quantile,0.1,13
2026-10-03,wk inc flu hosp,0,2026-10-03,15,quantile,0.15,15
2026-10-03,wk inc flu hosp,0,2026-10-03,15,quantile,0.2,17
2026-10-03,wk inc flu hosp,0,2026-10-03,15,quantile,0.25,19
2026-10-03,wk inc flu hosp,0,2026-10-03,15,quantile,0.3,20
2026-10-03,wk inc flu hosp,0,2026-10-03,15,quantile,0.35,22
2026-10-03,wk inc flu hosp,0,2026-10-03,15,quantile,0.4,24
2026-10-03,wk inc flu hosp,0,2026-10-03,15,quantile,0.45,26
2026-10-03,wk inc flu hosp,0,2026-10-03,15,quantile,0.5,28
2026-10-03,wk inc flu hosp,0,2026-10-03,15,quantile,0.55,30
2026-10-03,wk inc flu hosp,0,2026-10-03,15,quantile,0.6,32
2026-10-03,wk inc flu hosp,0,2026-10-03,15,quantile,0.65,34
2026-10-03,wk inc flu hosp,0,2026-10-03,15,quantile,0.7,37
2026-10-03,wk inc flu hosp,0,2026-10-03,15,quantile,0.75,40
2026-10-03,wk inc flu hosp,0,2026-10-03,15,quantile,0.8,44
2026-10-03,wk inc flu hosp,0,2026-10-03,15,quantile,0.85,49
2026-10-03,wk inc flu hosp,0,2026-10-03,15,quantile,0.9,56
2026-10-03,wk inc flu hosp,0,2026-10-03,15,quantile,0.95,69
2026-10-03,wk inc flu hosp,0,2026-10-03,15,quantile,0.975,82
2026-10-03,wk inc flu hosp,0,2026-10-03,15,quantile,0.99,100
2026-10-03,wk inc flu hosp,1,2026-10-10,15,quantile,0.01,6
2026-10-03,wk inc flu hosp,1,2026-10-10,15,quantile,0.025,8
2026-10-03,wk inc flu hosp,1,2026-10-10,15,quantile,0.05,10
2026-10-03,wk inc flu hosp,1,2026-10-10,15,quantile,0.1,13
2026-10-03,wk inc flu hosp,1,2026-10-10,15,quantile,0.15,15
2026-10-03,wk inc flu hosp,1,2026-10-10,15,quantile,0.2,18
2026-10-03,wk inc flu hosp,1,2026-10-10,15,quantile,0.25,20
2026-10-03,wk inc flu hosp,1,2026-10-10,15,quantile,0.3,22
2026-10-03,wk inc flu hosp,1,2026-10-10,15,quantile,0.35,24
2026-10-03,wk inc flu hosp,1,2026-10-10,15,quantile,0.4,26
2026-10-03,wk inc flu hosp,1,2026-10-10,15,quantile,0.45,28
2026-10-03,wk inc flu hosp,1,2026-10-10,15,quantile,0.5,31
2026-10-03,wk inc flu hosp,1,2026-10-10,15,quantile,0.55,33
2026-10-03,wk inc flu hosp,1,2026-10-10,15,quantile,0.6,36
2026-10-03,wk inc flu hosp,1,2026-10-10,15,quantile,0.65,39
2026-10-03,wk inc flu hosp,1,2026-10-10,15,quantile,0.7,43
2026-10-03,wk inc flu hosp,1,2026-10-10,15,quantile,0.75,47
2026-10-03,wk inc flu hosp,1,2026-10-10,15,quantile,0.8,53
2026-10-03,wk inc flu hosp,1,2026-10-10,15,quantile,0.85,60
2026-10-03,wk inc flu hosp,1,2026-10-10,15,quantile,0.9,70
2026-10-03,wk inc flu hosp,1,2026-10-10,15,quantile,0.95,88
2026-10-03,wk inc flu hosp,1,2026-10-10,15,quantile,0.975,108
2026-10-03,wk inc flu hosp,1,2026-10-10,15,quantile,0.99,136
2026-10-03,wk inc flu hosp,2,2026-10-17,15,quantile,0.01,6
2026-10-03,wk inc flu hosp,2,2026-10-17,15,quantile,0.025,8
2026-10-03,wk inc flu hosp,2,2026-10-17,15,quantile,0.05,10
2026-10-03,wk inc flu hosp,2,2026-10-17,15,quantile,0.1,13
2026-10-03,wk inc flu hosp,2,2026-10-17,15,quantile,0.15,16
2026-10-03,wk inc flu hosp,2,2026-10-17,15,quantile,0.2,19
2026-10-03,wk inc flu hosp,2,2026-10-17,15,quantile,0.25,21
2026-10-03,wk inc flu hosp,2,2026-10-17,15,quantile,0.3,24
2026-10-03,wk inc flu hosp,2,2026-10-17,15,quantile,0.35,26
2026-10-03,wk inc flu hosp,2,2026-10-17,15,quantile,0.4,29
2026-10-03,wk inc flu hosp,2,2026-10-17,15,quantile,0.45,32
2026-10-03,wk inc flu hosp,2,2026-10-17,15,quantile,0.5,35
2026-10-03,wk inc flu hosp,2,2026-10-17,15,quantile,0.55,39
2026-10-03,wk inc flu hosp,2,2026-10-17,15,quantile,0.6,42
2026-10-03,wk inc flu hosp,2,2026-10-17,15,quantile,0.65,47
2026-10-03,wk inc flu hosp,2,2026-10-17,15,quantile,0.7,52
2026-10-03,wk inc flu hosp,2,2026-10-17,15,quantile,0.75,58
2026-10-03,wk inc flu hosp,2,2026-10-17,15,quantile,0.8,66
2026-10-03,wk inc flu hosp,2,2026-10-17,15,quantile,0.85,76
2026-10-03,wk inc flu hosp,2,2026-10-17,15,quantile,0.9,91
2026-10-03,wk inc flu hosp,2,2026-10-17,15,quantile,0.95,119
2026-10-03,wk inc flu hosp,2,2026-10-17,15,quantile,0.975,150
2026-10-03,wk inc flu hosp,2,2026-10-17,15,quantile,0.99,197
2026-10-03,wk inc flu hosp,3,2026-10-24,15,quantile,0.01,5
2026-10-03,wk inc flu hosp,3,2026-10-24,15,quantile,0.025,7
2026-10-03,wk inc flu hosp,3,2026-10-24,15,quantile,0.05,9
2026-10-03,wk inc flu hosp,3,2026-10-24,15,quantile,0.1,13
2026-10-03,wk inc flu hosp,3,2026-10-24,15,quantile,0.15,16
2026-10-03,wk inc flu hosp,3,2026-10-24,15,quantile,0.2,19
2026-10-03,wk inc flu hosp,3,2026-10-24,15,quantile,0.25,21
2026-10-03,wk inc flu hosp,3,2026-10-24,15,quantile,0.3,24
2026-10-03,wk inc flu hosp,3,2026-10-24,15,quantile,0.35,27
2026-10-03,wk inc flu hosp,3,2026-10-24,15,quantile,0.4,31
2026-10-03,wk inc flu hosp,3,2026-10-24,15,quantile,0.45,34
2026-10-03,wk inc flu hosp,3,2026-10-24,15,quantile,0.5,38
2026-10-03,wk inc flu hosp,3,2026-10-24,15,quantile,0.55,42
2026-10-03,wk inc flu hosp,3,2026-10-24,15,quantile,0.6,47
2026-10-03,wk inc flu hosp,3,2026-10-24,15,quantile,0.65,53
2026-10-03,wk inc flu hosp,3,2026-10-24,15,quantile,0.7,59
2026-10-03,wk inc flu hosp,3,2026-10-24,15,quantile,0.75,67
2026-10-03,wk inc flu hosp,3,2026-10-24,15,quantile,0.8,77
2026-10-03,wk inc flu hosp,3,2026-10-24,15,quantile,0.85,90
2026-10-03,wk inc flu hosp,3,2026-10-24,15,quantile,0.9,110
2026-10-03,wk inc flu hosp,3,2026-10-24,15,quantile,0.95,149
2026-10-03,wk inc flu hosp,3,2026-10-24,15,quantile,0.975,193
2026-10-03,wk inc flu hosp,3,2026-10-24,15,quantile,0.99,261
2026-10-03,wk inc flu hosp,0,2026-10-03,16,quantile,0.01,4
2026-10-03,wk inc flu hosp,0,2026-10-03,16,quantile,0.025,5
2026-10-03,wk inc flu hosp,0,2026-10-03,16,quantile,0.05,6
2026-10-03,wk inc flu hosp,0,2026-10-03,16,quantile,0.1,8
2026-10-03,wk inc flu hosp,0,2026-10-03,16,quantile,0.15,9
2026-10-03,wk inc flu hosp,0,2026-10-03,16,quantile,0.2,10
2026-10-03,wk inc flu hosp,0,2026-10-03,16,quantile,0.25,10
2026-10-03,wk inc flu hosp,0,2026-10-03,16,quantile,0.3,11
2026-10-03,wk inc flu hosp,0,2026-10-03,16,quantile,0.35,12
2026-10-03,wk inc flu hosp,0,2026-10-03,16,quantile,0.4,13
2026-10-03,wk inc flu hosp,0,2026-10-03,16,quantile,0.45,14
2026-10-03,wk inc flu hosp,0,2026-10-03,16,quantile,0.5,15
2026-10-03,wk inc flu hosp,0,2026-10-03,16,quantile,0.55,15
2026-10-03,wk inc flu hosp,0,2026-10-03,16,quantile,0.6,16
2026-10-03,wk inc flu hosp,0,2026-10-03,16,quantile,0.65,18
2026-10-03,wk inc flu hosp,0,2026-10-03,16,quantile,0.7,19
2026-10-03,wk inc flu hosp,0,2026-10-03,16,quantile,0.75,20
2026-10-03,wk inc flu hosp,0,2026-10-03,16,quantile,0.8,22
2026-10-03,wk inc flu hosp,0,2026-10-03,16,quantile,0.85,24
2026-10-03,wk inc flu hosp,0,2026-10-03,16,quantile,0.9,27
2026-10-03,wk inc flu hosp,0,2026-10-03,16,quantile,0.95,32
2026-10-03,wk inc flu hosp,0,2026-10-03,16,quantile,0.975,37
2026-10-03,wk inc flu hosp,0,2026-10-03,16,quantile,0.99,44
2026-10-03,wk inc flu hosp,1,2026-10-10,16,quantile,0.01,4
2026-10-03,wk inc flu hosp,1,2026-10-10,16,quantile,0.025,5
2026-10-03,wk inc flu hosp,1,2026-10-10,16,quantile,0.05,6
2026-10-03,wk inc flu hosp,1,2026-10-10,16,quantile,0.1,8
2026-10-03,wk inc flu hosp,1,2026-10-10,16,quantile,0.15,9
2026-10-03,wk inc flu hosp,1,2026-10-10,16,quantile,0.2,10
2026-10-03,wk inc flu hosp,1,2026-10-10,16,quantile,0.25,11
2026-10-03,wk inc flu hosp,1,2026-10-10,16,quantile,0.3,12
2026-10-03,wk inc flu hosp,1,2026-10-10,16,quantile,0.35,13
2026-10-03,wk inc flu hosp,1,2026-10-10,16,quantile,0.4,14
2026-10-03,wk inc flu hosp,1,2026-10-10,16,quantile,0.45,15
2026-10-03,wk inc flu hosp,1,2026-10-10,16,quantile,0.5,16
2026-10-03,wk inc flu hosp,1,2026-10-10,16,quantile,0.55,18
2026-10-03,wk inc flu hosp,1,2026-10-10,16,quantile,0.6,19
2026-10-03,wk inc flu hosp,1,2026-10-10,16,quantile,0.65,20
2026-10-03,wk inc flu hosp,1,2026-10-10,16,quantile,0.7,22
2026-10-03,wk inc flu hosp,1,2026-10-10,16,quantile,0.75,24
2026-10-03,wk inc flu hosp,1,2026-10-10,16,quantile,0.8,26
2026-10-03,wk inc flu hosp,1,2026-10-10,16,quantile,0.85,29
2026-10-03,wk inc flu hosp,1,2026-10-10,16,quantile,0.9,33
2026-10-03,wk inc flu hosp,1,2026-10-10,16,quantile,0.95,41
2026-10-03,wk inc flu hosp,1,2026-10-10,16,quantile,0.975,49
2026-10-03,wk inc flu hosp,1,2026-10-10,16,quantile,0.99,59
2026-10-03,wk inc flu hosp,2,2026-10-17,16,quantile,0.01,3
2026-10-03,wk inc flu hosp,2,2026-10-17,16,quantile,0.025,5
2026-10-03,wk inc flu hosp,2,2026-10-17,16,quantile,0.05,6
2026-10-03,wk inc flu hosp,2,2026-10-17,16,quantile,0.1,8
2026-10-03,wk inc flu hosp,2,2026-10-17,16,quantile,0.15,9
2026-10-03,wk inc flu hosp,2,2026-10-17,16,quantile,0.2,10
2026-10-03,wk inc flu hosp,2,2026-10-17,16,quantile,0.25,11
2026-10-03,wk inc flu hosp,2,2026-10-17,16,quantile,0.3,13
2026-10-03,wk inc flu hosp,2,2026-10-17,16,quantile,0.35,14
2026-10-03,wk inc flu hosp,2,2026-10-17,16,quantile,0.4,15
2026-10-03,wk inc flu hosp,2,2026-10-17,16,quantile,0.45,16
2026-10-03,wk inc flu hosp,2,2026-10-17,16,quantile,0.5,18
2026-10-03,wk inc flu hosp,2,2026-10-17,16,quantile,0.55,19
2026-10-03,wk inc flu hosp,2,2026-10-17,16,quantile,0.6,21
2026-10-03,wk inc flu hosp,2,2026-10-17,16,quantile,0.65,23
2026-10-03,wk inc flu hosp,2,2026-10-17,16,quantile,0.7,25
2026-10-03,wk inc flu hosp,2,2026-10-17,16,quantile,0.75,28
2026-10-03,wk inc flu hosp,2,2026-10-17,16,quantile,0.8,31
2026-10-03,wk inc flu hosp,2,2026-10-17,16,quantile,0.85,35
2026-10-03,wk inc flu hosp,2,2026-10-17,16,quantile,0.9,41
2026-10-03,wk inc flu hosp,2,2026-10-17,16,quantile,0.95,51
2026-10-03,wk inc flu hosp,2,2026-10-17,16,quantile,0.975,62
2026-10-03,wk inc flu hosp,2,2026-10-17,16,quantile,0.99,79
2026-10-03,wk inc flu hosp,3,2026-10-24,16,quantile,0.01,3
2026-10-03,wk inc flu hosp,3,2026-10-24,16,quantile,0.025,5
2026-10-03,wk inc flu hosp,3,2026-10-24,16,quantile,0.05,6
2026-10-03,wk inc flu hosp,3,2026-10-24,16,quantile,0.1,8
2026-10-03,wk inc flu hosp,3,2026-10-24,16,quantile,0.15,9
2026-10-03,wk inc flu hosp,3,2026-10-24,16,quantile,0.2,11
2026-10-03,wk inc flu hosp,3,2026-10-24,16,quantile,0.25,12
2026-10-03,wk inc flu hosp,3,2026-10-24,16,quantile,0.3,14
2026-10-03,wk inc flu hosp,3,2026-10-24,16,quantile,0.35,15
2026-10-03,wk inc flu hosp,3,2026-10-24,16,quantile,0.4,17
2026-10-03,wk inc flu hosp,3,2026-10-24,16,quantile,0.45,19
2026-10-03,wk inc flu hosp,3,2026-10-24,16,quantile,0.5,20
2026-10-03,wk inc flu hosp,3,2026-10-24,16,quantile,0.55,22
2026-10-03,wk inc flu hosp,3,2026-10-24,16,quantile,0.6,24
2026-10-03,wk inc flu hosp,3,2026-10-24,16,quantile,0.65,27
2026-10-03,wk inc flu hosp,3,2026-10-24,16,quantile,0.7,30
2026-10-03,wk inc flu hosp,3,2026-10-24,16,quantile,0.75,33
2026-10-03,wk inc flu hosp,3,2026-10-24,16,quantile,0.8,37
2026-10-03,wk inc flu hosp,3,2026-10-24,16,quantile,0.85,43
2026-10-03,wk inc flu hosp,3,2026-10-24,16,quantile,0.9,51
2026-10-03,wk inc flu hosp,3,2026-10-24,16,quantile,0.95,66
2026-10-03,wk inc flu hosp,3,2026-10-24,16,quantile,0.975,82
2026-10-03,wk inc flu hosp,3,2026-10-24,16,quantile,0.99,106
2026-10-03,wk inc flu hosp,0,2026-10-03,17,quantile,0.01,16
2026-10-03,wk inc flu hosp,0,2026-10-03,17,quantile,0.025,20
2026-10-03,wk inc flu hosp,0,2026-10-03,17,quantile,0.05,25
2026-10-03,wk inc flu hosp,0,2026-10-03,17,quantile,0.1,32
2026-10-03,wk inc flu hosp,0,2026-10-03,17,quantile,0.15,37
2026-10-03,wk inc flu hosp,0,2026-10-03,17,quantile,0.2,42
2026-10-03,wk inc flu hosp,0,2026-10-03,17,quantile,0.25,47
2026-10-03,wk inc flu hosp,0,2026-10-03,17,quantile,0.3,52
2026-10-03,wk inc flu hosp,0,2026-10-03,17,quantile,0.35,57
2026-10-03,wk inc flu hosp,0,2026-10-03,17,quantile,0.4,62
2026-10-03,wk inc flu hosp,0,2026-10-03,17,quantile,0.45,67
2026-10-03,wk inc flu hosp,0,2026-10-03,17,quantile,0.5,72
2026-10-03,wk inc flu hosp,0,2026-10-03,17,quantile,0.55,79
2026-10-03,wk inc flu hosp,0,2026-10-03,17,quantile,0.6,85
2026-10-03,wk inc flu hosp,0,2026-10-03,17,quantile,0.65,93
2026-10-03,wk inc flu hosp,0,2026-10-03,17,quantile,0.7,101
2026-10-03,wk inc flu hosp,0,2026-10-03,17,quantile,0.75,111
2026-10-03,wk inc flu hosp,0,2026-10-03,17,quantile,0.8,124
2026-10-03,wk inc flu hosp,0,2026-10-03,17,quantile,0.85,140
2026-10-03,wk inc flu hosp,0,2026-10-03,17,quantile,0.9,164
2026-10-03,wk inc flu hosp,0,2026-10-03,17,quantile,0.95,206
2026-10-03,wk inc flu hosp,0,2026-10-03,17,quantile,0.975,251
2026-10-03,wk inc flu hosp,0,2026-10-03,17,quantile,0.99,317
2026-10-03,wk inc flu hosp,1,2026-10-10,17,quantile,0.01,14
2026-10-03,wk inc flu hosp,1,2026-10-10,17,quantile,0.025,18
2026-10-03,wk inc flu hosp,1,2026-10-10,17,quantile,0.05,23
2026-10-03,wk inc flu hosp,1,2026-10-10,17,quantile,0.1,30
2026-10-03,wk inc flu hosp,1,2026-10-10,17,quantile,0.15,36
2026-10-03,wk inc flu hosp,1,2026-10-10,17,quantile,0.2,42
2026-10-03,wk inc flu hosp,1,2026-10-10,17,quantile,0.25,48
2026-10-03,wk inc flu hosp,1,2026-10-10,17,quantile,0.3,53
2026-10-03,wk inc flu hosp,1,2026-10-10,17,quantile,0.35,59
2026-10-03,wk inc flu hosp,1,2026-10-10,17,quantile,0.4,65
2026-10-03,wk inc flu hosp,1,2026-10-10,17,quantile,0.45,72
2026-10-03,wk inc flu hosp,1,2026-10-10,17,quantile,0.5,79
2026-10-03,wk inc flu hosp,1,2026-10-10,17,quantile,0.55,87
2026-10-03,wk inc flu hosp,1,2026-10-10,17,quantile,0.6,95
2026-10-03,wk inc flu hosp,1,2026-10-10,17,quantile,0.65,105
2026-10-03,wk inc flu hosp,1,2026-10-10,17,quantile,0.7,116
2026-10-03,wk inc flu hosp,1,2026-10-10,17,quantile,0.75,130
2026-10-03,wk inc flu hosp,1,2026-10-10,17,quantile,0.8,147
2026-10-03,wk inc flu hosp,1,2026-10-10,17,quantile,0.85,170
2026-10-03,wk inc flu hosp,1,2026-10-10,17,quantile,0.9,203
2026-10-03,wk inc flu hosp,1,2026-10-10,17,quantile,0.95,266
2026-10-03,wk inc flu hosp,1,2026-10-10,17,quantile,0.975,335
2026-10-03,wk inc flu hosp,1,2026-10-10,17,quantile,0.99,438
2026-10-03,wk inc flu hosp,2,2026-10-17,17,quantile,0.01,11
2026-10-03,wk inc flu hosp,2,2026-10-17,17,quantile,0.025,15
2026-10-03,wk inc flu hosp,2,2026-10-17,17,quantile,0.05,20
2026-10-03,wk inc flu hosp,2,2026-10-17,17,quantile,0.1,27
2026-10-03,wk inc flu hosp,2,2026-10-17,17,quantile,0.15,33
2026-10-03,wk inc flu hosp,2,2026-10-17,17,quantile,0.2,40
2026-10-03,wk inc flu hosp,2,2026-10-17,17,quantile,0.25,46
2026-10-03,wk inc flu hosp,2,2026-10-17,17,quantile,0.3,52
2026-10-03,wk inc flu hosp,2,2026-10-17,17,quantile,0.35,59
2026-10-03,wk inc flu hosp,2,2026-10-17,17,quantile,0.4,66
2026-10-03,wk inc flu hosp,2,2026-10-17,17,quantile,0.45,74
2026-10-03,wk inc flu hosp,2,2026-10-17,17,quantile,0.5,82
2026-10-03,wk inc flu hosp,2,2026-10-17,17,quantile,0.55,91
2026-10-03,wk inc flu hosp,2,2026-10-17,17,quantile,0.6,102
2026-10-03,wk inc flu hosp,2,2026-10-17,17,quantile,0.65,114
2026-10-03,wk inc flu hosp,2,2026-10-17,17,quantile,0.7,128
2026-10-03,wk inc flu hosp,2,2026-10-17,17,quantile,0.75,146
2026-10-03,wk inc flu hosp,2,2026-10-17,17,quantile,0.8,168
2026-10-03,wk inc flu hosp,2,2026-10-17,17,quantile,0.85,198
2026-10-03,wk inc flu hosp,2,2026-10-17,17,quantile,0.9,244
2026-10-03,wk inc flu hosp,2,2026-10-17,17,quantile,0.95,333
2026-10-03,wk inc flu hosp,2,2026-10-17,17,quantile,0.975,435
2026-10-03,wk inc flu hosp,2,2026-10-17,17,quantile,0.99,593
2026-10-03,wk inc flu hosp,3,2026-10-24,17,quantile,0.01,9
2026-10-03,wk inc flu hosp,3,2026-10-24,17,quantile,0.025,13
2026-10-03,wk inc flu hosp,3,2026-10-24,17,quantile,0.05,18
2026-10-03,wk inc flu hosp,3,2026-10-24,17,quantile,0.1,25
2026-10-03,wk inc flu hosp,3,2026-10-24,17,quantile,0.15,32
2026-10-03,wk inc flu hosp,3,2026-10-24,17,quantile,0.2,39
2026-10-03,wk inc flu hosp,3,2026-10-24,17,quantile,0.25,46
2026-10-03,wk inc flu hosp,3,2026-10-24,17,quantile,0.3,53
2026-10-03,wk inc flu hosp,3,2026-10-24,17,quantile,0.35,61
2026-10-03,wk inc flu hosp,3,2026-10-24,17,quantile,0.4,69
2026-10-03,wk inc flu hosp,3,2026-10-24,17,quantile,0.45,78
2026-10-03,wk inc flu hosp,3,2026-10-24,17,quantile,0.5,88
2026-10-03,wk inc flu hosp,3,2026-10-24,17,quantile,0.55,99
2026-10-03,wk inc flu hosp,3,2026-10-24,17,quantile,0.6,112
2026-10-03,wk inc flu hosp,3,2026-10-24,17,quantile,0.65,127
2026-10-03,wk inc flu hosp,3,2026-10-24,17,quantile,0.7,145
2026-10-03,wk inc flu hosp,3,2026-10-24,17,quantile,0.75,167
2026-10-03,wk inc flu hosp,3,2026-10-24,17,quantile,0.8,196
2026-10-03,wk inc flu hosp,3,2026-10-24,17,quantile,0.85,236
2026-10-03,wk inc flu hosp,3,2026-10-24,17,quantile,0.9,298
2026-10-03,wk inc flu hosp,3,2026-10-24,17,quantile,0.95,421
2026-10-03,wk inc flu hosp,3,2026-10-24,17,quantile,0.975,567
2026-10-03,wk inc flu hosp,3,2026-10-24,17,quantile,0.99,803
2026-10-03,wk inc flu hosp,0,2026-10-03,18,quantile,0.01,12
2026-10-03,wk inc flu hosp,0,2026-10-03,18,quantile,0.025,14
2026-10-03,wk inc flu hosp,0,2026-10-03,18,quantile,0.05,17
2026-10-03,wk inc flu hosp,0,2026-10-03,18,quantile,0.1,20
2026-10-03,wk inc flu hosp,0,2026-10-03,18,quantile,0.15,22
2026-10-03,wk inc flu hosp,0,2026-10-03,18,quantile,0.2,25
2026-10-03,wk inc flu hosp,0,2026-10-03,18,quantile,0.25,27
2026-10-03,wk inc flu hosp,0,2026-10-03,18,quantile,0.3,29
2026-10-03,wk inc flu hosp,0,2026-10-03,18,quantile,0.35,31
2026-10-03,wk inc flu hosp,0,2026-10-03,18,quantile,0.4,33
2026-10-03,wk inc flu hosp,0,2026-10-03,18,quantile,0.45,35
2026-10-03,wk inc flu hosp,0,2026-10-03,18,quantile,0.5,38
2026-10-03,wk inc flu hosp,0,2026-10-03,18,quantile,0.55,40
2026-10-03,wk inc flu hosp,0,2026-10-03,18,quantile,0.6,42
2026-10-03,wk inc flu hosp,0,2026-10-03,18,quantile,0.65,45
2026-10-03,wk inc flu hosp,0,2026-10-03,18,quantile,0.7,48
2026-10-03,wk inc flu hosp,0,2026-10-03,18,quantile,0.75,52
2026-10-03,wk inc flu hosp,0,2026-10-03,18,quantile,0.8,57
2026-10-03,wk inc flu hosp,0,2026-10-03,18,quantile,0.85,62
2026-10-03,wk inc flu hosp,0,2026-10-03,18,quantile,0.9,70
2026-10-03,wk inc flu hosp,0,2026-10-03,18,quantile,0.95,84
2026-10-03,wk inc flu hosp,0,2026-10-03,18,quantile,0.975,97
2026-10-03,wk inc flu hosp,0,2026-10-03,18,quantile,0.99,116
2026-10-03,wk inc flu hosp,1,2026-10-10,18,quantile,0.01,11
2026-10-03,wk inc flu hosp,1,2026-10-10,18,quantile,0.025,14
2026-10-03,wk inc flu hosp,1,2026-10-10,18,quantile,0.05,16
2026-10-03,wk inc flu hosp,1,2026-10-10,18,quantile,0.1,20
2026-10-03,wk inc flu hosp,1,2026-10-10,18,quantile,0.15,23
2026-10-03,wk inc flu hosp,1,2026-10-10,18,quantile,0.2,26
2026-10-03,wk inc flu hosp,1,2026-10-10,18,quantile,0.25,29
2026-10-03,wk inc flu hosp,1,2026-10-10,18,quantile,0.3,31
2026-10-03,wk inc flu hosp,1,2026-10-10,18,quantile,0.35,34
2026-10-03,wk inc flu hosp,1,2026-10-10,18,quantile,0.4,36
2026-10-03,wk inc flu hosp,1,2026-10-10,18,quantile,0.45,39
2026-10-03,wk inc flu hosp,1,2026-10-10,18,quantile,0.5,42
2026-10-03,wk inc flu hosp,1,2026-10-10,18,quantile,0.55,45
2026-10-03,wk inc flu hosp,1,2026-10-10,18,quantile,0.6,49
2026-10-03,wk inc flu hosp,1,2026-10-10,18,quantile,0.65,52
2026-10-03,wk inc flu hosp,1,2026-10-10,18,quantile,0.7,57
2026-10-03,wk inc flu hosp,1,2026-10-10,18,quantile,0.75,62
2026-10-03,wk inc flu hosp,1,2026-10-10,18,quantile,0.8,68
2026-10-03,wk inc flu hosp,1,2026-10-10,18,quantile,0.85,76
2026-10-03,wk inc flu hosp,1,2026-10-10,18,quantile,0.9,87
2026-10-03,wk inc flu hosp,1,2026-10-10,18,quantile,0.95,107
2026-10-03,wk inc flu hosp,1,2026-10-10,18,quantile,0.975,127
2026-10-03,wk inc flu hosp,1,2026-10-10,18,quantile,0.99,156
2026-10-03,wk inc flu hosp,2,2026-10-17,18,quantile,0.01,10
2026-10-03,wk inc flu hosp,2,2026-10-17,18,quantile,0.025,12
2026-10-03,wk inc flu hosp,2,2026-10-17,18,quantile,0.05,15
2026-10-03,wk inc flu hosp,2,2026-10-17,18,quantile,0.1,20
2026-10-03,wk inc flu hosp,2,2026-10-17,18,quantile,0.15,23
2026-10-03,wk inc flu hosp,2,2026-10-17,18,quantile,0.2,26
2026-10-03,wk inc flu hosp,2,2026-10-17,18,quantile,0.25,29
2026-10-03,wk inc flu hosp,2,2026-10-17,18,quantile,0.3,33
2026-10-03,wk inc flu hosp,2,2026-10-17,18,quantile,0.35,36
2026-10-03,wk inc flu hosp,2,2026-10-17,18,quantile,0.4,39
2026-10-03,wk inc flu hosp,2,2026-10-17,18,quantile,0.45,42
2026-10-03,wk inc flu hosp,2,2026-10-17,18,quantile,0.5,46
2026-10-03,wk inc flu hosp,2,2026-10-17,18,quantile,0.55,50
2026-10-03,wk inc flu hosp,2,2026-10-17,18,quantile,0.6,54
2026-10-03,wk inc flu hosp,2,2026-10-17,18,quantile,0.65,59
2026-10-03,wk inc flu hosp,2,2026-10-17,18,quantile,0.7,65
2026-10-03,wk inc flu hosp,2,2026-10-17,18,quantile,0.75,71
2026-10-03,wk inc flu hosp,2,2026-10-17,18,quantile,0.8,80
2026-10-03,wk inc flu hosp,2,2026-10-17,18,quantile,0.85,90
2026-10-03,wk inc flu hosp,2,2026-10-17,18,quantile,0.9,106
2026-10-03,wk inc flu hosp,2,2026-10-17,18,quantile,0.95,134
2026-10-03,wk inc flu hosp,2,2026-10-17,18,quantile,0.975,165
2026-10-03,wk inc flu hosp,2,2026-10-17,18,quantile,0.99,208
2026-10-03,wk inc flu hosp,3,2026-10-24,18,quantile,0.01,9
2026-10-03,wk inc flu hosp,3,2026-10-24,18,quantile,0.025,12
2026-10-03,wk inc flu hosp,3,2026-10-24,18,quantile,0.05,15
2026-10-03,wk inc flu hosp,3,2026-10-24,18,quantile,0.1,20
2026-10-03,wk inc flu hosp,3,2026-10-24,18,quantile,0.15,24
2026-10-03,wk inc flu hosp,3,2026-10-24,18,quantile,0.2,27
2026-10-03,wk inc flu hosp,3,2026-10-24,18,quantile,0.25,31
2026-10-03,wk inc flu hosp,3,2026-10-24,18,quantile,0.3,35
2026-10-03,wk inc flu hosp,3,2026-10-24,18,quantile,0.35,38
2026-10-03,wk inc flu hosp,3,2026-10-24,18,quantile,0.4,42
2026-10-03,wk inc flu hosp,3,2026-10-24,18,quantile,0.45,46
2026-10-03,wk inc flu hosp,3,2026-10-24,18,quantile,0.5,51
2026-10-03,wk inc flu hosp,3,2026-10-24,18,quantile,0.55,56
2026-10-03,wk inc flu hosp,3,2026-10-24,18,quantile,0.6,61
2026-10-03,wk inc flu hosp,3,2026-10-24,18,quantile,0.65,68
2026-10-03,wk inc flu hosp,3,2026-10-24,18,quantile,0.7,75
2026-10-03,wk inc flu hosp,3,2026-10-24,18,quantile,0.75,83
2026-10-03,wk inc flu hosp,3,2026-10-24,18,quantile,0.8,94
2026-10-03,wk inc flu hosp,3,2026-10-24,18,quantile,0.85,108
2026-10-03,wk inc flu hosp,3,2026-10-24,18,quantile,0.9,129
2026-10-03,wk inc flu hosp,3,2026-10-24,18,quantile,0.95,168
2026-10-03,wk inc flu hosp,3,2026-10-24,18,quantile,0.975,211
2026-10-03,wk inc flu hosp,3,2026-10-24,18,quantile,0.99,275
2026-10-03,wk inc flu hosp,0,2026-10-03,19,quantile,0.01,1
2026-10-03,wk inc flu hosp,0,2026-10-03,19,quantile,0.025,1
2026-10-03,wk inc flu hosp,0,2026-10-03,19,quantile,0.05,2
2026-10-03,wk inc flu hosp,0,2026-10-03,19,quantile,0.1,2
2026-10-03,wk inc flu hosp,0,2026-10-03,19,quantile,0.15,3
2026-10-03,wk inc flu hosp,0,2026-10-03,19,quantile,0.2,4
2026-10-03,wk inc flu hosp,0,2026-10-03,19,quantile,0.25,4
2026-10-03,wk inc flu hosp,0,2026-10-03,19,quantile,0.3,5
2026-10-03,wk inc flu hosp,0,2026-10-03,19,quantile,0.35,6
2026-10-03,wk inc flu hosp,0,2026-10-03,19,quantile,0.4,7
2026-10-03,wk inc flu hosp,0,2026-10-03,19,quantile,0.45,7
2026-10-03,wk inc flu hosp,0,2026-10-03,19,quantile,0.5,8
2026-10-03,wk inc flu hosp,0,2026-10-03,19,quantile,0.55,9
2026-10-03,wk inc flu hosp,0,2026-10-03,19,quantile,0.6,10
2026-10-03,wk inc flu hosp,0,2026-10-03,19,quantile,0.65,11
2026-10-03,wk inc flu hosp,0,2026-10-03,19,quantile,0.7,13
2026-10-03,wk inc flu hosp,0,2026-10-03,19,quantile,0.75,14
2026-10-03,wk inc flu hosp,0,2026-10-03,19,quantile,0.8,16
2026-10-03,wk inc flu hosp,0,2026-10-03,19,quantile,0.85,19
2026-10-03,wk inc flu hosp,0,2026-10-03,19,quantile,0.9,23
2026-10-03,wk inc flu hosp,0,2026-10-03,19,quantile,0.95,31
2026-10-03,wk inc flu hosp,0,2026-10-03,19,quantile,0.975,39
2026-10-03,wk inc flu hosp,0,2026-10-03,19,quantile,0.99,52
2026-10-03,wk inc flu hosp,1,2026-10-10,19,quantile,0.01,0
2026-10-03,wk inc flu hosp,1,2026-10-10,19,quantile,0.025,1
2026-10-03,wk inc flu hosp,1,2026-10-10,19,quantile,0.05,1
2026-10-03,wk inc flu hosp,1,2026-10-10,19,quantile,0.1,2
2026-10-03,wk inc flu hosp,1,2026-10-10,19,quantile,0.15,3
2026-10-03,wk inc flu hosp,1,2026-10-10,19,quantile,0.2,4
2026-10-03,wk inc flu hosp,1,2026-10-10,19,quantile,0.25,4
2026-10-03,wk inc flu hosp,1,2026-10-10,19,quantile,0.3,5
2026-10-03,wk inc flu hosp,1,2026-10-10,19,quantile,0.35,6
2026-10-03,wk inc flu hosp,1,2026-10-10,19,quantile,0.4,7
2026-10-03,wk inc flu hosp,1,2026-10-10,19,quantile,0.45,8
2026-10-03,wk inc flu hosp,1,2026-10-10,19,quantile,0.5,9
2026-10-03,wk inc flu hosp,1,2026-10-10,19,quantile,0.55,10
2026-10-03,wk inc flu hosp,1,2026-10-10,19,quantile,0.6,11
2026-10-03,wk inc flu hosp,1,2026-10-10,19,quantile,0.65,13
2026-10-03,wk inc flu hosp,1,2026-10-10,19,quantile,0.7,15
2026-10-03,wk inc flu hosp,1,2026-10-10,19,quantile,0.75,17
2026-10-03,wk inc flu hosp,1,2026-10-10,19,quantile,0.8,20
2026-10-03,wk inc flu hosp,1,2026-10-10,19,quantile,0.85,24
2026-10-03,wk inc flu hosp,1,2026-10-10,19,quantile,0.9,30
2026-10-03,wk inc flu hosp,1,2026-10-10,19,quantile,0.95,41
2026-10-03,wk inc flu hosp,1,2026-10-10,19,quantile,0.975,55
2026-10-03,wk inc flu hosp,1,2026-10-10,19,quantile,0.99,76
2026-10-03,wk inc flu hosp,2,2026-10-17,19,quantile,0.01,0
2026-10-03,wk inc flu hosp,2,2026-10-17,19,quantile,0.025,1
2026-10-03,wk inc flu hosp,2,2026-10-17,19,quantile,0.05,1
2026-10-03,wk inc flu hosp,2,2026-10-17,19,quantile,0.1,2
2026-10-03,wk inc flu hosp,2,2026-10-17,19,quantile,0.15,3
2026-10-03,wk inc flu hosp,2,2026-10-17,19,quantile,0.2,4
2026-10-03,wk inc flu hosp,2,2026-10-17,19,quantile,0.25,5
2026-10-03,wk inc flu hosp,2,2026-10-17,19,quantile,0.3,6
2026-10-03,wk inc flu hosp,2,2026-10-17,19,quantile,0.35,7
2026-10-03,wk inc flu hosp,2,2026-10-17,19,quantile,0.4,8
2026-10-03,wk inc flu hosp,2,2026-10-17,19,quantile,0.45,9
2026-10-03,wk inc flu hosp,2,2026-10-17,19,quantile,0.5,10
2026-10-03,wk inc flu hosp,2,2026-10-17,19,quantile,0.55,12
2026-10-03,wk inc flu hosp,2,2026-10-17,19,quantile,0.6,14
2026-10-03,wk inc flu hosp,2,2026-10-17,19,quantile,0.65,16
2026-10-03,wk inc flu hosp,2,2026-10-17,19,quantile,0.7,18
2026-10-03,wk inc flu hosp,2,2026-10-17,19,quantile,0.75,22
2026-10-03,wk inc flu hosp,2,2026-10-17,19,quantile,0.8,26
2026-10-03,wk inc flu hosp,2,2026-10-17,19,quantile,0.85,32
2026-10-03,wk inc flu hosp,2,2026-10-17,19,quantile,0.9,41
2026-10-03,wk inc flu hosp,2,2026-10-17,19,quantile,0.95,60
2026-10-03,wk inc flu hosp,2,2026-10-17,19,quantile,0.975,83
2026-10-03,wk inc flu hosp,2,2026-10-17,19,quantile,0.99,121
2026-10-03,wk inc flu hosp,3,2026-10-24,19,quantile,0.01,0
2026-10-03,wk inc flu hosp,3,2026-10-24,19,quantile,0.025,0
2026-10-03,wk inc flu hosp,3,2026-10-24,19,quantile,0.05,1
2026-10-03,wk inc flu hosp,3,2026-10-24,19,quantile,0.1,2
2026-10-03,wk inc flu hosp,3,2026-10-24,19,quantile,0.15,3
2026-10-03,wk inc flu hosp,3,2026-10-24,19,quantile,0.2,4
2026-10-03,wk inc flu hosp,3,2026-10-24,19,quantile,0.25,5
2026-10-03,wk inc flu hosp,3,2026-10-24,19,quantile,0.3,6
2026-10-03,wk inc flu hosp,3,2026-10-24,19,quantile,0.35,7
2026-10-03,wk inc flu hosp,3,2026-10-24,19,quantile,0.4,8
2026-10-03,wk inc flu hosp,3,2026-10-24,19,quantile,0.45,10
2026-10-03,wk inc flu hosp,3,2026-10-24,19,quantile,0.5,12
2026-10-03,wk inc flu hosp,3,2026-10-24,19,quantile,0.55,13
2026-10-03,wk inc flu hosp,3,2026-10-24,19,quantile,0.6,16
2026-10-03,wk inc flu hosp,3,2026-10-24,19,quantile,0.65,18
2026-10-03,wk inc flu hosp,3,2026-10-24,19,quantile,0.7,22
2026-10-03,wk inc flu hosp,3,2026-10-24,19,quantile,0.75,26
2026-10-03,wk inc flu hosp,3,2026-10-24,19,quantile,0.8,32
2026-10-03,wk inc flu hosp,3,2026-10-24,19,quantile,0.85,40
2026-10-03,wk inc flu hosp,3,2026-10-24,19,quantile,0.9,53
2026-10-03,wk inc flu hosp,3,2026-10-24,19,quantile,0.95,81
2026-10-03,wk inc flu hosp,3,2026-10-24,19,quantile,0.975,116
2026-10-03,wk inc flu hosp,3,2026-10-24,19,quantile,0.99,177
2026-10-03,wk inc flu hosp,0,2026-10-03,20,quantile,0.01,2
2026-10-03,wk inc flu hosp,0,2026-10-03,20,quantile,0.025,3
2026-10-03,wk inc flu hosp,0,2026-10-03,20,quantile,0.05,3
2026-10-03,wk inc flu hosp,0,2026-10-03,20,quantile,0.1,4
2026-10-03,wk inc flu hosp,0,2026-10-03,20,quantile,0.15,5
2026-10-03,wk inc flu hosp,0,2026-10-03,20,quantile,0.2,6
2026-10-03,wk inc flu hosp,0,2026-10-03,20,quantile,0.25,6
2026-10-03,wk inc flu hosp,0,2026-10-03,20,quantile,0.3,7
2026-10-03,wk inc flu hosp,0,2026-10-03,20,quantile,0.35,7
2026-10-03,wk inc flu hosp,0,2026-10-03,20,quantile,0.4,8
2026-10-03,wk inc flu hosp,0,2026-10-03,20,quantile,0.45,8
2026-10-03,wk inc flu hosp,0,2026-10-03,20,quantile,0.5,9
2026-10-03,wk inc flu hosp,0,2026-10-03,20,quantile,0.55,9
2026-10-03,wk inc flu hosp,0,2026-10-03,20,quantile,0.6,10
2026-10-03,wk inc flu hosp,0,2026-10-03,20,quantile,0.65,11
2026-10-03,wk inc flu hosp,0,2026-10-03,20,quantile,0.7,12
2026-10-03,wk inc flu hosp,0,2026-10-03,20,quantile,0.75,13
2026-10-03,wk inc flu hosp,0,2026-10-03,20,quantile,0.8,14
2026-10-03,wk inc flu hosp,0,2026-10-03,20,quantile,0.85,15
2026-10-03,wk inc flu hosp,0,2026-10-03,20,quantile,0.9,17
2026-10-03,wk inc flu hosp,0,2026-10-03,20,quantile,0.95,21
2026-10-03,wk inc flu hosp,0,2026-10-03,20,quantile,0.975,24
2026-10-03,wk inc flu hosp,0,2026-10-03,20,quantile,0.99,29
2026-10-03,wk inc flu hosp,1,2026-10-10,20,quantile,0.01,2
2026-10-03,wk inc flu hosp,1,2026-10-10,20,quantile,0.025,3
2026-10-03,wk inc flu hosp,1,2026-10-10,20,quantile,0.05,3
2026-10-03,wk inc flu hosp,1,2026-10-10,20,quantile,0.1,4
2026-10-03,wk inc flu hosp,1,2026-10-10,20,quantile,0.15,5
2026-10-03,wk inc flu hosp,1,2026-10-10,20,quantile,0.2,6
2026-10-03,wk inc flu hosp,1,2026-10-10,20,quantile,0.25,7
2026-10-03,wk inc flu hosp,1,2026-10-10,20,quantile,0.3,7
2026-10-03,wk inc flu hosp,1,2026-10-10,20,quantile,0.35,8
2026-10-03,wk inc flu hosp,1,2026-10-10,20,quantile,0.4,9
2026-10-03,wk inc flu hosp,1,2026-10-10,20,quantile,0.45,9
2026-10-03,wk inc flu hosp,1,2026-10-10,20,quantile,0.5,10
2026-10-03,wk inc flu hosp,1,2026-10-10,20,quantile,0.55,11
2026-10-03,wk inc flu hosp,1,2026-10-10,20,quantile,0.6,12
2026-10-03,wk inc flu hosp,1,2026-10-10,20,quantile,0.65,13
2026-10-03,wk inc flu hosp,1,2026-10-10,20,quantile,0.7,14
2026-10-03,wk inc flu hosp,1,2026-10-10,20,quantile,0.75,15
2026-10-03,wk inc flu hosp,1,2026-10-10,20,quantile,0.8,17
2026-10-03,wk inc flu hosp,1,2026-10-10,20,quantile,0.85,19
2026-10-03,wk inc flu hosp,1,2026-10-10,20,quantile,0.9,22
2026-10-03,wk inc flu hosp,1,2026-10-10,20,quantile,0.95,27
2026-10-03,wk inc flu hosp,1,2026-10-10,20,quantile,0.975,32
2026-10-03,wk inc flu hosp,1,2026-10-10,20,quantile,0.99,39
2026-10-03,wk inc flu hosp,2,2026-10-17,20,quantile,0.01,2
2026-10-03,wk inc flu hosp,2,2026-10-17,20,quantile,0.025,3
2026-10-03,wk inc flu hosp,2,2026-10-17,20,quantile,0.05,3
2026-10-03,wk inc flu hosp,2,2026-10-17,20,quantile,0.1,5
2026-10-03,wk inc flu hosp,2,2026-10-17,20,quantile,0.15,5
2026-10-03,wk inc flu hosp,2,2026-10-17,20,quantile,0.2,6
2026-10-03,wk inc flu hosp,2,2026-10-17,20,quantile,0.25,7
2026-10-03,wk inc flu hosp,2,2026-10-17,20,quantile,0.3,8
2026-10-03,wk inc flu hosp,2,2026-10-17,20,quantile,0.35,9
2026-10-03,wk inc flu hosp,2,2026-10-17,20,quantile,0.4,10
2026-10-03,wk inc flu hosp,2,2026-10-17,20,quantile,0.45,11
2026-10-03,wk inc flu hosp,2,2026-10-17,20,quantile,0.5,12
2026-10-03,wk inc flu hosp,2,2026-10-17,20,quantile,0.55,13
2026-10-03,wk inc flu hosp,2,2026-10-17,20,quantile,0.6,14
2026-10-03,wk inc flu hosp,2,2026-10-17,20,quantile,0.65,15
2026-10-03,wk inc flu hosp,2,2026-10-17,20,quantile,0.7,17
2026-10-03,wk inc flu hosp,2,2026-10-17,20,quantile,0.75,18
2026-10-03,wk inc flu hosp,2,2026-10-17,20,quantile,0.8,21
2026-10-03,wk inc flu hosp,2,2026-10-17,20,quantile,0.85,23
2026-10-03,wk inc flu hosp,2,2026-10-17,20,quantile,0.9,28
2026-10-03,wk inc flu hosp,2,2026-10-17,20,quantile,0.95,35
2026-10-03,wk inc flu hosp,2,2026-10-17,20,quantile,0.975,43
2026-10-03,wk inc flu hosp,2,2026-10-17,20,quantile,0.99,55
2026-10-03,wk inc flu hosp,3,2026-10-24,20,quantile,0.01,2
2026-10-03,wk inc flu hosp,3,2026-10-24,20,quantile,0.025,2
2026-10-03,wk inc flu hosp,3,2026-10-24,20,quantile,0.05,3
2026-10-03,wk inc flu hosp,3,2026-10-24,20,quantile,0.1,5
2026-10-03,wk inc flu hosp,3,2026-10-24,20,quantile,0.15,6
2026-10-03,wk inc flu hosp,3,2026-10-24,20,quantile,0.2,7
2026-10-03,wk inc flu hosp,3,2026-10-24,20,quantile,0.25,8
2026-10-03,wk inc flu hosp,3,2026-10-24,20,quantile,0.3,9
2026-10-03,wk inc flu hosp,3,2026-10-24,20,quantile,0.35,10
2026-10-03,wk inc flu hosp,3,2026-10-24,20,quantile,0.4,11
2026-10-03,wk inc flu hosp,3,2026-10-24,20,quantile,0.45,12
2026-10-03,wk inc flu hosp,3,2026-10-24,20,quantile,0.5,13
2026-10-03,wk inc flu hosp,3,2026-10-24,20,quantile,0.55,15
2026-10-03,wk inc flu hosp,3,2026-10-24,20,quantile,0.6,16
2026-10-03,wk inc flu hosp,3,2026-10-24,20,quantile,0.65,18
2026-10-03,wk inc flu hosp,3,2026-10-24,20,quantile,0.7,20
2026-10-03,wk inc flu hosp,3,2026-10-24,20,quantile,0.75,22
2026-10-03,wk inc flu hosp,3,2026-10-24,20,quantile,0.8,25
2026-10-03,wk inc flu hosp,3,2026-10-24,20,quantile,0.85,29
2026-10-03,wk inc flu hosp,3,2026-10-24,20,quantile,0.9,35
2026-10-03,wk inc flu hosp,3,2026-10-24,20,quantile,0.95,45
2026-10-03,wk inc flu hosp,3,2026-10-24,20,quantile,0.975,57
2026-10-03,wk inc flu hosp,3,2026-10-24,20,quantile,0.99,75
2026-10-03,wk inc flu hosp,0,2026-10-03,21,quantile,0.01,5
2026-10-03,wk inc flu hosp,0,2026-10-03,21,quantile,0.025,6
2026-10-03,wk inc flu hosp,0,2026-10-03,21,quantile,0.05,8
2026-10-03,wk inc flu hosp,0,2026-10-03,21,quantile,0.1,9
2026-10-03,wk inc flu hosp,0,2026-10-03,21,quantile,0.15,11
2026-10-03,wk inc flu hosp,0,2026-10-03,21,quantile,0.2,12
2026-10-03,wk inc flu hosp,0,2026-10-03,21,quantile,0.25,14
2026-10-03,wk inc flu hosp,0,2026-10-03,21,quantile,0.3,15
2026-10-03,wk inc flu hosp,0,2026-10-03,21,quantile,0.35,16
2026-10-03,wk inc flu hosp,0,2026-10-03,21,quantile,0.4,18
2026-10-03,wk inc flu hosp,0,2026-10-03,21,quantile,0.45,19
2026-10-03,wk inc flu hosp,0,2026-10-03,21,quantile,0.5,20
2026-10-03,wk inc flu hosp,0,2026-10-03,21,quantile,0.55,22
2026-10-03,wk inc flu hosp,0,2026-10-03,21,quantile,0.6,24
2026-10-03,wk inc flu hosp,0,2026-10-03,21,quantile,0.65,25
2026-10-03,wk inc flu hosp,0,2026-10-03,21,quantile,0.7,28
2026-10-03,wk inc flu hosp,0,2026-10-03,21,quantile,0.75,30
2026-10-03,wk inc flu hosp,0,2026-10-03,21,quantile,0.8,33
2026-10-03,wk inc flu hosp,0,2026-10-03,21,quantile,0.85,37
2026-10-03,wk inc flu hosp,0,2026-10-03,21,quantile,0.9,42
2026-10-03,wk inc flu hosp,0,2026-10-03,21,quantile,0.95,52
2026-10-03,wk inc flu hosp,0,2026-10-03,21,quantile,0.975,62
2026-10-03,wk inc flu hosp,0,2026-10-03,21,quantile,0.99,77
2026-10-03,wk inc flu hosp,1,2026-10-10,21,quantile,0.01,4
2026-10-03,wk inc flu hosp,1,2026-10-10,21,quantile,0.025,6
2026-10-03,wk inc flu hosp,1,2026-10-10,21,quantile,0.05,7
2026-10-03,wk inc flu hosp,1,2026-10-10,21,quantile,0.1,9
2026-10-03,wk inc flu hosp,1,2026-10-10,21,quantile,0.15,11
2026-10-03,wk inc flu hosp,1,2026-10-10,21,quantile,0.2,12
2026-10-03,wk inc flu hosp,1,2026-10-10,21,quantile,0.25,14
2026-10-03,wk inc flu hosp,1,2026-10-10,21,quantile,0.3,16
2026-10-03,wk inc flu hosp,1,2026-10-10,21,quantile,0.35,17
2026-10-03,wk inc flu hosp,1,2026-10-10,21,quantile,0.4,19
2026-10-03,wk inc flu hosp,1,2026-10-10,21,quantile,0.45,20
2026-10-03,wk inc flu hosp,1,2026-10-10,21,quantile,0.5,22
2026-10-03,wk inc flu hosp,1,2026-10-10,21,quantile,0.55,24
2026-10-03,wk inc flu hosp,1,2026-10-10,21,quantile,0.6,26
2026-10-03,wk inc flu hosp,1,2026-10-10,21,quantile,0.65,29
2026-10-03,wk inc flu hosp,1,2026-10-10,21,quantile,0.7,32
2026-10-03,wk inc flu hosp,1,2026-10-10,21,quantile,0.75,35
2026-10-03,wk inc flu hosp,1,2026-10-10,21,quantile,0.8,39
2026-10-03,wk inc flu hosp,1,2026-10-10,21,quantile,0.85,44
2026-10-03,wk inc flu hosp,1,2026-10-10,21,quantile,0.9,52
2026-10-03,wk inc flu hosp,1,2026-10-10,21,quantile,0.95,66
2026-10-03,wk inc flu hosp,1,2026-10-10,21,quantile,0.975,82
2026-10-03,wk inc flu hosp,1,2026-10-10,21,quantile,0.99,104
2026-10-03,wk inc flu hosp,2,2026-10-17,21,quantile,0.01,4
2026-10-03,wk inc flu hosp,2,2026-10-17,21,quantile,0.025,5
2026-10-03,wk inc flu hosp,2,2026-10-17,21,quantile,0.05,7
2026-10-03,wk inc flu hosp,2,2026-10-17,21,quantile,0.1,9
2026-10-03,wk inc flu hosp,2,2026-10-17,21,quantile,0.15,11
2026-10-03,wk inc flu hosp,2,2026-10-17,21,quantile,0.2,13
2026-10-03,wk inc flu hosp,2,2026-10-17,21,quantile,0.25,15
2026-10-03,wk inc flu hosp,2,2026-10-17,21,quantile,0.3,16
2026-10-03,wk inc flu hosp,2,2026-10-17,21,quantile,0.35,18
2026-10-03,wk inc flu hosp,2,2026-10-17,21,quantile,0.4,20
2026-10-03,wk inc flu hosp,2,2026-10-17,21,quantile,0.45,22
2026-10-03,wk inc flu hosp,2,2026-10-17,21,quantile,0.5,25
2026-10-03,wk inc flu hosp,2,2026-10-17,21,quantile,0.55,27
2026-10-03,wk inc flu hosp,2,2026-10-17,21,quantile,0.6,30
2026-10-03,wk inc flu hosp,2,2026-10-17,21,quantile,0.65,33
2026-10-03,wk inc flu hosp,2,2026-10-17,21,quantile,0.7,37
2026-10-03,wk inc flu hosp,2,2026-10-17,21,quantile,0.75,42
2026-10-03,wk inc flu hosp,2,2026-10-17,21,quantile,0.8,47
2026-10-03,wk inc flu hosp,2,2026-10-17,21,quantile,0.85,55
2026-10-03,wk inc flu hosp,2,2026-10-17,21,quantile,0.9,66
2026-10-03,wk inc flu hosp,2,2026-10-17,21,quantile,0.95,87
2026-10-03,wk inc flu hosp,2,2026-10-17,21,quantile,0.975,110
2026-10-03,wk inc flu hosp,2,2026-10-17,21,quantile,0.99,146
2026-10-03,wk inc flu hosp,3,2026-10-24,21,quantile,0.01,3
2026-10-03,wk inc flu hosp,3,2026-10-24,21,quantile,0.025,4
2026-10-03,wk inc flu hosp,3,2026-10-24,21,quantile,0.05,6
2026-10-03,wk inc flu hosp,3,2026-10-24,21,quantile,0.1,9
2026-10-03,wk inc flu hosp,3,2026-10-24,21,quantile,0.15,11
2026-10-03,wk inc flu hosp,3,2026-10-24,21,quantile,0.2,13
2026-10-03,wk inc flu hosp,3,2026-10-24,21,quantile,0.25,15
2026-10-03,wk inc flu hosp,3,2026-10-24,21,quantile,0.3,17
2026-10-03,wk inc flu hosp,3,2026-10-24,21,quantile,0.35,20
2026-10-03,wk inc flu hosp,3,2026-10-24,21,quantile,0.4,22
2026-10-03,wk inc flu hosp,3,2026-10-24,21,quantile,0.45,25
2026-10-03,wk inc flu hosp,3,2026-10-24,21,quantile,0.5,27
2026-10-03,wk inc flu hosp,3,2026-10-24,21,quantile,0.55,30
2026-10-03,wk inc flu hosp,3,2026-10-24,21,quantile,0.6,34
2026-10-03,wk inc flu hosp,3,2026-10-24,21,quantile,0.65,38
2026-10-03,wk inc flu hosp,3,2026-10-24,21,quantile,0.7,43
2026-10-03,wk inc flu hosp,3,2026-10-24,21,quantile,0.75,49
2026-10-03,wk inc flu hosp,3,2026-10-24,21,quantile,0.8,56
2026-10-03,wk inc flu hosp,3,2026-10-24,21,quantile,0.85,66
2026-10-03,wk inc flu hosp,3,2026-10-24,21,quantile,0.9,82
2026-10-03,wk inc flu hosp,3,2026-10-24,21,quantile,0.95,111
2026-10-03,wk inc flu hosp,3,2026-10-24,21,quantile,0.975,145
2026-10-03,wk inc flu hosp,3,2026-10-24,21,quantile,0.99,197
2026-10-03,wk inc flu hosp,0,2026-10-03,22,quantile,0.01,22
2026-10-03,wk inc flu hosp,0,2026-10-03,22,quantile,0.025,25
2026-10-03,wk inc flu hosp,0,2026-10-03,22,quantile,0.05,29
2026-10-03,wk inc flu hosp,0,2026-10-03,22,quantile,0.1,34
2026-10-03,wk inc flu hosp,0,2026-10-03,22,quantile,0.15,38
2026-10-03,wk inc flu hosp,0,2026-10-03,22,quantile,0.2,41
2026-10-03,wk inc flu hosp,0,2026-10-03,22,quantile,0.25,45
2026-10-03,wk inc flu hosp,0,2026-10-03,22,quantile,0.3,48
2026-10-03,wk inc flu hosp,0,2026-10-03,22,quantile,0.35,50
2026-10-03,wk inc flu hosp,0,2026-10-03,22,quantile,0.4,53
2026-10-03,wk inc flu hosp,0,2026-10-03,22,quantile,0.45,56
2026-10-03,wk inc flu hosp,0,2026-10-03,22,quantile,0.5,60
2026-10-03,wk inc flu hosp,0,2026-10-03,22,quantile,0.55,63
2026-10-03,wk inc flu hosp,0,2026-10-03,22,quantile,0.6,67
2026-10-03,wk inc flu hosp,0,2026-10-03,22,quantile,0.65,70
2026-10-03,wk inc flu hosp,0,2026-10-03,22,quantile,0.7,75
2026-10-03,wk inc flu hosp,0,2026-10-03,22,quantile,0.75,80
2026-10-03,wk inc flu hosp,0,2026-10-03,22,quantile,0.8,86
2026-10-03,wk inc flu hosp,0,2026-10-03,22,quantile,0.85,93
2026-10-03,wk inc flu hosp,0,2026-10-03,22,quantile,0.9,103
2026-10-03,wk inc flu hosp,0,2026-10-03,22,quantile,0.95,121
2026-10-03,wk inc flu hosp,0,2026-10-03,22,quantile,0.975,138
2026-10-03,wk inc flu hosp,0,2026-10-03,22,quantile,0.99,162
2026-10-03,wk inc flu hosp,1,2026-10-10,22,quantile,0.01,20
2026-10-03,wk inc flu hosp,1,2026-10-10,22,quantile,0.025,24
2026-10-03,wk inc flu hosp,1,2026-10-10,22,quantile,0.05,28
2026-10-03,wk inc flu hosp,1,2026-10-10,22,quantile,0.1,34
2026-10-03,wk inc flu hosp,1,2026-10-10,22,quantile,0.15,38
2026-10-03,wk inc flu hosp,1,2026-10-10,22,quantile,0.2,42
2026-10-03,wk inc flu hosp,1,2026-10-10,22,quantile,0.25,46
2026-10-03,wk inc flu hosp,1,2026-10-10,22,quantile,0.3,50
2026-10-03,wk inc flu hosp,1,2026-10-10,22,quantile,0.35,53
2026-10-03,wk inc flu hosp,1,2026-10-10,22,quantile,0.4,57
2026-10-03,wk inc flu hosp,1,2026-10-10,22,quantile,0.45,61
2026-10-03,wk inc flu hosp,1,2026-10-10,22,quantile,0.5,65
2026-10-03,wk inc flu hosp,1,2026-10-10,22,quantile,0.55,69
2026-10-03,wk inc flu hosp,1,2026-10-10,22,quantile,0.6,73
2026-10-03,wk inc flu hosp,1,2026-10-10,22,quantile,0.65,78
2026-10-03,wk inc flu hosp,1,2026-10-10,22,quantile,0.7,84
2026-10-03,wk inc flu hosp,1,2026-10-10,22,quantile,0.75,91
2026-10-03,wk inc flu hosp,1,2026-10-10,22,quantile,0.8,98
2026-10-03,wk inc flu hosp,1,2026-10-10,22,quantile,0.85,108
2026-10-03,wk inc flu hosp,1,2026-10-10,22,quantile,0.9,123
2026-10-03,wk inc flu hosp,1,2026-10-10,22,quantile,0.95,147
2026-10-03,wk inc flu hosp,1,2026-10-10,22,quantile,0.975,172
2026-10-03,wk inc flu hosp,1,2026-10-10,22,quantile,0.99,206
2026-10-03,wk inc flu hosp,2,2026-10-17,22,quantile,0.01,18
2026-10-03,wk inc flu hosp,2,2026-10-17,22,quantile,0.025,22
2026-10-03,wk inc flu hosp,2,2026-10-17,22,quantile,0.05,27
2026-10-03,wk inc flu hosp,2,2026-10-17,22,quantile,0.1,33
2026-10-03,wk inc flu hosp,2,2026-10-17,22,quantile,0.15,38
2026-10-03,wk inc flu hosp,2,2026-10-17,22,quantile,0.2,43
2026-10-03,wk inc flu hosp,2,2026-10-17,22,quantile,0.25,48
2026-10-03,wk inc flu hosp,2,2026-10-17,22,quantile,0.3,52
2026-10-03,wk inc flu hosp,2,2026-10-17,22,quantile,0.35,56
2026-10-03,wk inc flu hosp,2,2026-10-17,22,quantile,0.4,61
2026-10-03,wk inc flu hosp,2,2026-10-17,22,quantile,0.45,65
2026-10-03,wk inc flu hosp,2,2026-10-17,22,quantile,0.5,70
2026-10-03,wk inc flu hosp,2,2026-10-17,22,quantile,0.55,76
2026-10-03,wk inc flu hosp,2,2026-10-17,22,quantile,0.6,81
2026-10-03,wk inc flu hosp,2,2026-10-17,22,quantile,0.65,88
2026-10-03,wk inc flu hosp,2,2026-10-17,22,quantile,0.7,95
2026-10-03,wk inc flu hosp,2,2026-10-17,22,quantile,0.75,104
2026-10-03,wk inc flu hosp,2,2026-10-17,22,quantile,0.8,114
2026-10-03,wk inc flu hosp,2,2026-10-17,22,quantile,0.85,128
2026-10-03,wk inc flu hosp,2,2026-10-17,22,quantile,0.9,147
2026-10-03,wk inc flu hosp,2,2026-10-17,22,quantile,0.95,181
2026-10-03,wk inc flu hosp,2,2026-10-17,22,quantile,0.975,217
2026-10-03,wk inc flu hosp,2,2026-10-17,22,quantile,0.99,268
2026-10-03,wk inc flu hosp,3,2026-10-24,22,quantile,0.01,16
2026-10-03,wk inc flu hosp,3,2026-10-24,22,quantile,0.025,21
2026-10-03,wk inc flu hosp,3,2026-10-24,22,quantile,0.05,26
2026-10-03,wk inc flu hosp,3,2026-10-24,22,quantile,0.1,33
2026-10-03,wk inc flu hosp,3,2026-10-24,22,quantile,0.15,39
2026-10-03,wk inc flu hosp,3,2026-10-24,22,quantile,0.2,44
2026-10-03,wk inc flu hosp,3,2026-10-24,22,quantile,0.25,49
2026-10-03,wk inc flu hosp,3,2026-10-24,22,quantile,0.3,54
2026-10-03,wk inc flu hosp,3,2026-10-24,22,quantile,0.35,59
2026-10-03,wk inc flu hosp,3,2026-10-24,22,quantile,0.4,64
2026-10-03,wk inc flu hosp,3,2026-10-24,22,quantile,0.45,70
2026-10-03,wk inc flu hosp,3,2026-10-24,22,quantile,0.5,76
2026-10-03,wk inc flu hosp,3,2026-10-24,22,quantile,0.55,82
2026-10-03,wk inc flu hosp,3,2026-10-24,22,quantile,0.6,89
2026-10-03,wk inc flu hosp,3,2026-10-24,22,quantile,0.65,97
2026-10-03,wk inc flu hosp,3,2026-10-24,22,quantile,0.7,106
2026-10-03,wk inc flu hosp,3,2026-10-24,22,quantile,0.75,117
2026-10-03,wk inc flu hosp,3,2026-10-24,22,quantile,0.8,130
2026-10-03,wk inc flu hosp,3,2026-10-24,22,quantile,0.85,148
2026-10-03,wk inc flu hosp,3,2026-10-24,22,quantile,0.9,173
2026-10-03,wk inc flu hosp,3,2026-10-24,22,quantile,0.95,218
2026-10-03,wk inc flu hosp,3,2026-10-24,22,quantile,0.975,267
2026-10-03,wk inc flu hosp,3,2026-10-24,22,quantile,0.99,338
2026-10-03,wk inc flu hosp,0,2026-10-03,23,quantile,0.01,1
2026-10-03,wk inc flu hosp,0,2026-10-03,23,quantile,0.025,2
2026-10-03,wk inc flu hosp,0,2026-10-03,23,quantile,0.05,2
2026-10-03,wk inc flu hosp,0,2026-10-03,23,quantile,0.1,3
2026-10-03,wk inc flu hosp,0,2026-10-03,23,quantile,0.15,4
2026-10-03,wk inc flu hosp,0,2026-10-03,23,quantile,0.2,4
2026-10-03,wk inc flu hosp,0,2026-10-03,23,quantile,0.25,5
2026-10-03,wk inc flu hosp,0,2026-10-03,23,quantile,0.3,5
2026-10-03,wk inc flu hosp,0,2026-10-03,23,quantile,0.35,6
2026-10-03,wk inc flu hosp,0,2026-10-03,23,quantile,0.4,6
2026-10-03,wk inc flu hosp,0,2026-10-03,23,quantile,0.45,7
2026-10-03,wk inc flu hosp,0,2026-10-03,23,quantile,0.5,7
2026-10-03,wk inc flu hosp,0,2026-10-03,23,quantile,0.55,8
2026-10-03,wk inc flu hosp,0,2026-10-03,23,quantile,0.6,9
2026-10-03,wk inc flu hosp,0,2026-10-03,23,quantile,0.65,9
2026-10-03,wk inc flu hosp,0,2026-10-03,23,quantile,0.7,10
2026-10-03,wk inc flu hosp,0,2026-10-03,23,quantile,0.75,11
2026-10-03,wk inc flu hosp,0,2026-10-03,23,quantile,0.8,12
2026-10-03,wk inc flu hosp,0,2026-10-03,23,quantile,0.85,14
2026-10-03,wk inc flu hosp,0,2026-10-03,23,quantile,0.9,16
2026-10-03,wk inc flu hosp,0,2026-10-03,23,quantile,0.95,19
2026-10-03,wk inc flu hosp,0,2026-10-03,23,quantile,0.975,23
2026-10-03,wk inc flu hosp,0,2026-10-03,23,quantile,0.99,29
2026-10-03,wk inc flu hosp,1,2026-10-10,23,quantile,0.01,1
2026-10-03,wk inc flu hosp,1,2026-10-10,23,quantile,0.025,2
2026-10-03,wk inc flu hosp,1,2026-10-10,23,quantile,0.05,2
2026-10-03,wk inc flu hosp,1,2026-10-10,23,quantile,0.1,3
2026-10-03,wk inc flu hosp,1,2026-10-10,23,quantile,0.15,4
2026-10-03,wk inc flu hosp,1,2026-10-10,23,quantile,0.2,5
2026-10-03,wk inc flu hosp,1,2026-10-10,23,quantile,0.25,5
2026-10-03,wk inc flu hosp,1,2026-10-10,23,quantile,0.3,6
2026-10-03,wk inc flu hosp,1,2026-10-10,23,quantile,0.35,6
2026-10-03,wk inc flu hosp,1,2026-10-10,23,quantile,0.4,7
2026-10-03,wk inc flu hosp,1,2026-10-10,23,quantile,0.45,8
2026-10-03,wk inc flu hosp,1,2026-10-10,23,quantile,0.5,8
2026-10-03,wk inc flu hosp,1,2026-10-10,23,quantile,0.55,9
2026-10-03,wk inc flu hosp,1,2026-10-10,23,quantile,0.6,10
2026-10-03,wk inc flu hosp,1,2026-10-10,23,quantile,0.65,11
2026-10-03,wk inc flu hosp,1,2026-10-10,23,quantile,0.7,12
2026-10-03,wk inc flu hosp,1,2026-10-10,23,quantile,0.75,14
2026-10-03,wk inc flu hosp,1,2026-10-10,23,quantile,0.8,15
2026-10-03,wk inc flu hosp,1,2026-10-10,23,quantile,0.85,17
2026-10-03,wk inc flu hosp,1,2026-10-10,23,quantile,0.9,20
2026-10-03,wk inc flu hosp,1,2026-10-10,23,quantile,0.95,26
2026-10-03,wk inc flu hosp,1,2026-10-10,23,quantile,0.975,32
2026-10-03,wk inc flu hosp,1,2026-10-10,23,quantile,0.99,41
2026-10-03,wk inc flu hosp,2,2026-10-17,23,quantile,0.01,1
2026-10-03,wk inc flu hosp,2,2026-10-17,23,quantile,0.025,2
2026-10-03,wk inc flu hosp,2,2026-10-17,23,quantile,0.05,2
2026-10-03,wk inc flu hosp,2,2026-10-17,23,quantile,0.1,3
2026-10-03,wk inc flu hosp,2,2026-10-17,23,quantile,0.15,4
2026-10-03,wk inc flu hosp,2,2026-10-17,23,quantile,0.2,5
2026-10-03,wk inc flu hosp,2,2026-10-17,23,quantile,0.25,5
2026-10-03,wk inc flu hosp,2,2026-10-17,23,quantile,0.3,6
2026-10-03,wk inc flu hosp,2,2026-10-17,23,quantile,0.35,7
2026-10-03,wk inc flu hosp,2,2026-10-17,23,quantile,0.4,8
2026-10-03,wk inc flu hosp,2,2026-10-17,23,quantile,0.45,9
2026-10-03,wk inc flu hosp,2,2026-10-17,23,quantile,0.5,10
2026-10-03,wk inc flu hosp,2,2026-10-17,23,quantile,0.55,11
2026-10-03,wk inc flu hosp,2,2026-10-17,23,quantile,0.6,12
2026-10-03,wk inc flu hosp,2,2026-10-17,23,quantile,0.65,13
2026-10-03,wk inc flu hosp,2,2026-10-17,23,quantile,0.7,15
2026-10-03,wk inc flu hosp,2,2026-10-17,23,quantile,0.75,16
2026-10-03,wk inc flu hosp,2,2026-10-17,23,quantile,0.8,19
2026-10-03,wk inc flu hosp,2,2026-10-17,23,quantile,0.85,22
2026-10-03,wk inc flu hosp,2,2026-10-17,23,quantile,0.9,26
2026-10-03,wk inc flu hosp,2,2026-10-17,23,quantile,0.95,35
2026-10-03,wk inc flu hosp,2,2026-10-17,23,quantile,0.975,44
2026-10-03,wk inc flu hosp,2,2026-10-17,23,quantile,0.99,58
2026-10-03,wk inc flu hosp,3,2026-10-24,23,quantile,0.01,1
2026-10-03,wk inc flu hosp,3,2026-10-24,23,quantile,0.025,1
2026-10-03,wk inc flu hosp,3,2026-10-24,23,quantile,0.05,2
2026-10-03,wk inc flu hosp,3,2026-10-24,23,quantile,0.1,3
2026-10-03,wk inc flu hosp,3,2026-10-24,23,quantile,0.15,4
2026-10-03,wk inc flu hosp,3,2026-10-24,23,quantile,0.2,5
2026-10-03,wk inc flu hosp,3,2026-10-24,23,quantile,0.25,6
2026-10-03,wk inc flu hosp,3,2026-10-24,23,quantile,0.3,7
2026-10-03,wk inc flu hosp,3,2026-10-24,23,quantile,0.35,8
2026-10-03,wk inc flu hosp,3,2026-10-24,23,quantile,0.4,9
2026-10-03,wk inc flu hosp,3,2026-10-24,23,quantile,0.45,10
2026-10-03,wk inc flu hosp,3,2026-10-24,23,quantile,0.5,11
2026-10-03,wk inc flu hosp,3,2026-10-24,23,quantile,0.55,12
2026-10-03,wk inc flu hosp,3,2026-10-24,23,quantile,0.6,14
2026-10-03,wk inc flu hosp,3,2026-10-24,23,quantile,0.65,15
2026-10-03,wk inc flu hosp,3,2026-10-24,23,quantile,0.7,17
2026-10-03,wk inc flu hosp,3,2026-10-24,23,quantile,0.75,20
2026-10-03,wk inc flu hosp,3,2026-10-24,23,quantile,0.8,23
2026-10-03,wk inc flu hosp,3,2026-10-24,23,quantile,0.85,27
2026-10-03,wk inc flu hosp,3,2026-10-24,23,quantile,0.9,33
2026-10-03,wk inc flu hosp,3,2026-10-24,23,quantile,0.95,45
2026-10-03,wk inc flu hosp,3,2026-10-24,23,quantile,0.975,59
2026-10-03,wk inc flu hosp,3,2026-10-24,23,quantile,0.99,80
2026-10-03,wk inc flu hosp,0,2026-10-03,24,quantile,0.01,7
2026-10-03,wk inc flu hosp,0,2026-10-03,24,quantile,0.025,9
2026-10-03,wk inc flu hosp,0,2026-10-03,24,quantile,0.05,11
2026-10-03,wk inc flu hosp,0,2026-10-03,24,quantile,0.1,13
2026-10-03,wk inc flu hosp,0,2026-10-03,24,quantile,0.15,15
2026-10-03,wk inc flu hosp,0,2026-10-03,24,quantile,0.2,16
2026-10-03,wk inc flu hosp,0,2026-10-03,24,quantile,0.25,18
2026-10-03,wk inc flu hosp,0,2026-10-03,24,quantile,0.3,19
2026-10-03,wk inc flu hosp,0,2026-10-03,24,quantile,0.35,21
2026-10-03,wk inc flu hosp,0,2026-10-03,24,quantile,0.4,22
2026-10-03,wk inc flu hosp,0,2026-10-03,24,quantile,0.45,24
2026-10-03,wk inc flu hosp,0,2026-10-03,24,quantile,0.5,25
2026-10-03,wk inc flu hosp,0,2026-10-03,24,quantile,0.55,27
2026-10-03,wk inc flu hosp,0,2026-10-03,24,quantile,0.6,28
2026-10-03,wk inc flu hosp,0,2026-10-03,24,quantile,0.65,30
2026-10-03,wk inc flu hosp,0,2026-10-03,24,quantile,0.7,33
2026-10-03,wk inc flu hosp,0,2026-10-03,24,quantile,0.75,35
2026-10-03,wk inc flu hosp,0,2026-10-03,24,quantile,0.8,38
2026-10-03,wk inc flu hosp,0,2026-10-03,24,quantile,0.85,42
2026-10-03,wk inc flu hosp,0,2026-10-03,24,quantile,0.9,47
2026-10-03,wk inc flu hosp,0,2026-10-03,24,quantile,0.95,57
2026-10-03,wk inc flu hosp,0,2026-10-03,24,quantile,0.975,66
2026-10-03,wk inc flu hosp,0,2026-10-03,24,quantile,0.99,79
2026-10-03,wk inc flu hosp,1,2026-10-10,24,quantile,0.01,7
2026-10-03,wk inc flu hosp,1,2026-10-10,24,quantile,0.025,8
2026-10-03,wk inc flu hosp,1,2026-10-10,24,quantile,0.05,10
2026-10-03,wk inc flu hosp,1,2026-10-10,24,quantile,0.1,13
2026-10-03,wk inc flu hosp,1,2026-10-10,24,quantile,0.15,15
2026-10-03,wk inc flu hosp,1,2026-10-10,24,quantile,0.2,17
2026-10-03,wk inc flu hosp,1,2026-10-10,24,quantile,0.25,19
2026-10-03,wk inc flu hosp,1,2026-10-10,24,quantile,0.3,20
2026-10-03,wk inc flu hosp,1,2026-10-10,24,quantile,0.35,22
2026-10-03,wk inc flu hosp,1,2026-10-10,24,quantile,0.4,24
2026-10-03,wk inc flu hosp,1,2026-10-10,24,quantile,0.45,26
2026-10-03,wk inc flu hosp,1,2026-10-10,24,quantile,0.5,28
2026-10-03,wk inc flu hosp,1,2026-10-10,24,quantile,0.55,30
2026-10-03,wk inc flu hosp,1,2026-10-10,24,quantile,0.6,32
2026-10-03,wk inc flu hosp,1,2026-10-10,24,quantile,0.65,34
2026-10-03,wk inc flu hosp,1,2026-10-10,24,quantile,0.7,37
2026-10-03,wk inc flu hosp,1,2026-10-10,24,quantile,0.75,41
2026-10-03,wk inc flu hosp,1,2026-10-10,24,quantile,0.8,45
2026-10-03,wk inc flu hosp,1,2026-10-10,24,quantile,0.85,50
2026-10-03,wk inc flu hosp,1,2026-10-10,24,quantile,0.9,58
2026-10-03,wk inc flu hosp,1,2026-10-10,24,quantile,0.95,71
2026-10-03,wk inc flu hosp,1,2026-10-10,24,quantile,0.975,85
2026-10-03,wk inc flu hosp,1,2026-10-10,24,quantile,0.99,104
2026-10-03,wk inc flu hosp,2,2026-10-17,24,quantile,0.01,6
2026-10-03,wk inc flu hosp,2,2026-10-17,24,quantile,0.025,8
2026-10-03,wk inc flu hosp,2,2026-10-17,24,quantile,0.05,10
2026-10-03,wk inc flu hosp,2,2026-10-17,24,quantile,0.1,13
2026-10-03,wk inc flu hosp,2,2026-10-17,24,quantile,0.15,15
2026-10-03,wk inc flu hosp,2,2026-10-17,24,quantile,0.2,17
2026-10-03,wk inc flu hosp,2,2026-10-17,24,quantile,0.25,19
2026-10-03,wk inc flu hosp,2,2026-10-17,24,quantile,0.3,21
2026-10-03,wk inc flu hosp,2,2026-10-17,24,quantile,0.35,23
2026-10-03,wk inc flu hosp,2,2026-10-17,24,quantile,0.4,25
2026-10-03,wk inc flu hosp,2,2026-10-17,24,quantile,0.45,28
2026-10-03,wk inc flu hosp,2,2026-10-17,24,quantile,0.5,30
2026-10-03,wk inc flu hosp,2,2026-10-17,24,quantile,0.55,33
2026-10-03,wk inc flu hosp,2,2026-10-17,24,quantile,0.6,36
2026-10-03,wk inc flu hosp,2,2026-10-17,24,quantile,0.65,39
2026-10-03,wk inc flu hosp,2,2026-10-17,24,quantile,0.7,43
2026-10-03,wk inc flu hosp,2,2026-10-17,24,quantile,0.75,47
2026-10-03,wk inc flu hosp,2,2026-10-17,24,quantile,0.8,53
2026-10-03,wk inc flu hosp,2,2026-10-17,24,quantile,0.85,60
2026-10-03,wk inc flu hosp,2,2026-10-17,24,quantile,0.9,71
2026-10-03,wk inc flu hosp,2,2026-10-17,24,quantile,0.95,90
2026-10-03,wk inc flu hosp,2,2026-10-17,24,quantile,0.975,110
2026-10-03,wk inc flu hosp,2,2026-10-17,24,quantile,0.99,140
2026-10-03,wk inc flu hosp,3,2026-10-24,24,quantile,0.01,5
2026-10-03,wk inc flu hosp,3,2026-10-24,24,quantile,0.025,7
2026-10-03,wk inc flu hosp,3,2026-10-24,24,quantile,0.05,9
2026-10-03,wk inc flu hosp,3,2026-10-24,24,quantile,0.1,13
2026-10-03,wk inc flu hosp,3,2026-10-24,24,quantile,0.15,15
2026-10-03,wk inc flu hosp,3,2026-10-24,24,quantile,0.2,18
2026-10-03,wk inc flu hosp,3,2026-10-24,24,quantile,0.25,20
2026-10-03,wk inc flu hosp,3,2026-10-24,24,quantile,0.3,22
2026-10-03,wk inc flu hosp,3,2026-10-24,24,quantile,0.35,25
2026-10-03,wk inc flu hosp,3,2026-10-24,24,quantile,0.4,28
2026-10-03,wk inc flu hosp,3,2026-10-24,24,quantile,0.45,30
2026-10-03,wk inc flu hosp,3,2026-10-24,24,quantile,0.5,33
2026-10-03,wk inc flu hosp,3,2026-10-24,24,quantile,0.55,37
2026-10-03,wk inc flu hosp,3,2026-10-24,24,quantile,0.6,40
2026-10-03,wk inc flu hosp,3,2026-10-24,24,quantile,0.65,44
2026-10-03,wk inc flu hosp,3,2026-10-24,24,quantile,0.7,49
2026-10-03,wk inc flu hosp,3,2026-10-24,24,quantile,0.75,55
2026-10-03,wk inc flu hosp,3,2026-10-24,24,quantile,0.8,62
2026-10-03,wk inc flu hosp,3,2026-10-24,24,quantile,0.85,72
2026-10-03,wk inc flu hosp,3,2026-10-24,24,quantile,0.9,86
2026-10-03,wk inc flu hosp,3,2026-10-24,24,quantile,0.95,112
2026-10-03,wk inc flu hosp,3,2026-10-24,24,quantile,0.975,141
2026-10-03,wk inc flu hosp,3,2026-10-24,24,quantile,0.99,184
2026-10-03,wk inc flu hosp,0,2026-10-03,25,quantile,0.01,2
2026-10-03,wk inc flu hosp,0,2026-10-03,25,quantile,0.025,3
2026-10-03,wk inc flu hosp,0,2026-10-03,25,quantile,0.05,4
2026-10-03,wk inc flu hosp,0,2026-10-03,25,quantile,0.1,5
2026-10-03,wk inc flu hosp,0,2026-10-03,25,quantile,0.15,5
2026-10-03,wk inc flu hosp,0,2026-10-03,25,quantile,0.2,6
2026-10-03,wk inc flu hosp,0,2026-10-03,25,quantile,0.25,7
2026-10-03,wk inc flu hosp,0,2026-10-03,25,quantile,0.3,7
2026-10-03,wk inc flu hosp,0,2026-10-03,25,quantile,0.35,8
2026-10-03,wk inc flu hosp,0,2026-10-03,25,quantile,0.4,9
2026-10-03,wk inc flu hosp,0,2026-10-03,25,quantile,0.45,10
2026-10-03,wk inc flu hosp,0,2026-10-03,25,quantile,0.5,10
2026-10-03,wk inc flu hosp,0,2026-10-03,25,quantile,0.55,11
2026-10-03,wk inc flu hosp,0,2026-10-03,25,quantile,0.6,12
2026-10-03,wk inc flu hosp,0,2026-10-03,25,quantile,0.65,13
2026-10-03,wk inc flu hosp,0,2026-10-03,25,quantile,0.7,14
2026-10-03,wk inc flu hosp,0,2026-10-03,25,quantile,0.75,15
2026-10-03,wk inc flu hosp,0,2026-10-03,25,quantile,0.8,17
2026-10-03,wk inc flu hosp,0,2026-10-03,25,quantile,0.85,19
2026-10-03,wk inc flu hosp,0,2026-10-03,25,quantile,0.9,22
2026-10-03,wk inc flu hosp,0,2026-10-03,25,quantile,0.95,27
2026-10-03,wk inc flu hosp,0,2026-10-03,25,quantile,0.975,32
2026-10-03,wk inc flu hosp,0,2026-10-03,25,quantile,0.99,40
2026-10-03,wk inc flu hosp,1,2026-10-10,25,quantile,0.01,2
2026-10-03,wk inc flu hosp,1,2026-10-10,25,quantile,0.025,3
2026-10-03,wk inc flu hosp,1,2026-10-10,25,quantile,0.05,3
2026-10-03,wk inc flu hosp,1,2026-10-10,25,quantile,0.1,4
2026-10-03,wk inc flu hosp,1,2026-10-10,25,quantile,0.15,5
2026-10-03,wk inc flu hosp,1,2026-10-10,25,quantile,0.2,6
2026-10-03,wk inc flu hosp,1,2026-10-10,25,quantile,0.25,7
2026-10-03,wk inc flu hosp,1,2026-10-10,25,quantile,0.3,8
2026-10-03,wk inc flu hosp,1,2026-10-10,25,quantile,0.35,9
2026-10-03,wk inc flu hosp,1,2026-10-10,25,quantile,0.4,10
2026-10-03,wk inc flu hosp,1,2026-10-10,25,quantile,0.45,11
2026-10-03,wk inc flu hosp,1,2026-10-10,25,quantile,0.5,12
2026-10-03,wk inc flu hosp,1,2026-10-10,25,quantile,0.55,13
2026-10-03,wk inc flu hosp,1,2026-10-10,25,quantile,0.6,14
2026-10-03,wk inc flu hosp,1,2026-10-10,25,quantile,0.65,15
2026-10-03,wk inc flu hosp,1,2026-10-10,25,quantile,0.7,17
2026-10-03,wk inc flu hosp,1,2026-10-10,25,quantile,0.75,18
2026-10-03,wk inc flu hosp,1,2026-10-10,25,quantile,0.8,21
2026-10-03,wk inc flu hosp,1,2026-10-10,25,quantile,0.85,23
2026-10-03,wk inc flu hosp,1,2026-10-10,25,quantile,0.9,28
2026-10-03,wk inc flu hosp,1,2026-10-10,25,quantile,0.95,35
2026-10-03,wk inc flu hosp,1,2026-10-10,25,quantile,0.975,43
2026-10-03,wk inc flu hosp,1,2026-10-10,25,quantile,0.99,55
2026-10-03,wk inc flu hosp,2,2026-10-17,25,quantile,0.01,1
2026-10-03,wk inc flu hosp,2,2026-10-17,25,quantile,0.025,2
2026-10-03,wk inc flu hosp,2,2026-10-17,25,quantile,0.05,3
2026-10-03,wk inc flu hosp,2,2026-10-17,25,quantile,0.1,4
2026-10-03,wk inc flu hosp,2,2026-10-17,25,quantile,0.15,6
2026-10-03,wk inc flu hosp,2,2026-10-17,25,quantile,0.2,7
2026-10-03,wk inc flu hosp,2,2026-10-17,25,quantile,0.25,8
2026-10-03,wk inc flu hosp,2,2026-10-17,25,quantile,0.3,9
2026-10-03,wk inc flu hosp,2,2026-10-17,25,quantile,0.35,10
2026-10-03,wk inc flu hosp,2,2026-10-17,25,quantile,0.4,11
2026-10-03,wk inc flu hosp,2,2026-10-17,25,quantile,0.45,12
2026-10-03,wk inc flu hosp,2,2026-10-17,25,quantile,0.5,13
2026-10-03,wk inc flu hosp,2,2026-10-17,25,quantile,0.55,15
2026-10-03,wk inc flu hosp,2,2026-10-17,25,quantile,0.6,16
2026-10-03,wk inc flu hosp,2,2026-10-17,25,quantile,0.65,18
2026-10-03,wk inc flu hosp,2,2026-10-17,25,quantile,0.7,20
2026-10-03,wk inc flu hosp,2,2026-10-17,25,quantile,0.75,22
2026-10-03,wk inc flu hosp,2,2026-10-17,25,quantile,0.8,25
2026-10-03,wk inc flu hosp,2,2026-10-17,25,quantile,0.85,30
2026-10-03,wk inc flu hosp,2,2026-10-17,25,quantile,0.9,36
2026-10-03,wk inc flu hosp,2,2026-10-17,25,quantile,0.95,47
2026-10-03,wk inc flu hosp,2,2026-10-17,25,quantile,0.975,60
2026-10-03,wk inc flu hosp,2,2026-10-17,25,quantile,0.99,79
2026-10-03,wk inc flu hosp,3,2026-10-24,25,quantile,0.01,1
2026-10-03,wk inc flu hosp,3,2026-10-24,25,quantile,0.025,2
2026-10-03,wk inc flu hosp,3,2026-10-24,25,quantile,0.05,3
2026-10-03,wk inc flu hosp,3,2026-10-24,25,quantile,0.1,4
2026-10-03,wk inc flu hosp,3,2026-10-24,25,quantile,0.15,6
2026-10-03,wk inc flu hosp,3,2026-10-24,25,quantile,0.2,7
2026-10-03,wk inc flu hosp,3,2026-10-24,25,quantile,0.25,8
2026-10-03,wk inc flu hosp,3,2026-10-24,25,quantile,0.3,9
2026-10-03,wk inc flu hosp,3,2026-10-24,25,quantile,0.35,10
2026-10-03,wk inc flu hosp,3,2026-10-24,25,quantile,0.4,12
2026-10-03,wk inc flu hosp,3,2026-10-24,25,quantile,0.45,13
2026-10-03,wk inc flu hosp,3,2026-10-24,25,quantile,0.5,15
2026-10-03,wk inc flu hosp,3,2026-10-24,25,quantile,0.55,16
2026-10-03,wk inc flu hosp,3,2026-10-24,25,quantile,0.6,18
2026-10-03,wk inc flu hosp,3,2026-10-24,25,quantile,0.65,21
2026-10-03,wk inc flu hosp,3,2026-10-24,25,quantile,0.7,23
2026-10-03,wk inc flu hosp,3,2026-10-24,25,quantile,0.75,27
2026-10-03,wk inc flu hosp,3,2026-10-24,25,quantile,0.8,31
2026-10-03,wk inc flu hosp,3,2026-10-24,25,quantile,0.85,36
2026-10-03,wk inc flu hosp,3,2026-10-24,25,quantile,0.9,45
2026-10-03,wk inc flu hosp,3,2026-10-24,25,quantile,0.95,61
2026-10-03,wk inc flu hosp,3,2026-10-24,25,quantile,0.975,80
2026-10-03,wk inc flu hosp,3,2026-10-24,25,quantile,0.99,108
2026-10-03,wk inc flu hosp,0,2026-10-03,26,quantile,0.01,12
2026-10-03,wk inc flu hosp,0,2026-10-03,26,quantile,0.025,14
2026-10-03,wk inc flu hosp,0,2026-10-03,26,quantile,0.05,17
2026-10-03,wk inc flu hosp,0,2026-10-03,26,quantile,0.1,20
2026-10-03,wk inc flu hosp,0,2026-10-03,26,quantile,0.15,23
2026-10-03,wk inc flu hosp,0,2026-10-03,26,quantile,0.2,26
2026-10-03,wk inc flu hosp,0,2026-10-03,26,quantile,0.25,28
2026-10-03,wk inc flu hosp,0,2026-10-03,26,quantile,0.3,30
2026-10-03,wk inc flu hosp,0,2026-10-03,26,quantile,0.35,32
2026-10-03,wk inc flu hosp,0,2026-10-03,26,quantile,0.4,34
2026-10-03,wk inc flu hosp,0,2026-10-03,26,quantile,0.45,37
2026-10-03,wk inc flu hosp,0,2026-10-03,26,quantile,0.5,39
2026-10-03,wk inc flu hosp,0,2026-10-03,26,quantile,0.55,42
2026-10-03,wk inc flu hosp,0,2026-10-03,26,quantile,0.6,44
2026-10-03,wk inc flu hosp,0,2026-10-03,26,quantile,0.65,47
2026-10-03,wk inc flu hosp,0,2026-10-03,26,quantile,0.7,51
2026-10-03,wk inc flu hosp,0,2026-10-03,26,quantile,0.75,55
2026-10-03,wk inc flu hosp,0,2026-10-03,26,quantile,0.8,59
2026-10-03,wk inc flu hosp,0,2026-10-03,26,quantile,0.85,66
2026-10-03,wk inc flu hosp,0,2026-10-03,26,quantile,0.9,74
2026-10-03,wk inc flu hosp,0,2026-10-03,26,quantile,0.95,89
2026-10-03,wk inc flu hosp,0,2026-10-03,26,quantile,0.975,104
2026-10-03,wk inc flu hosp,0,2026-10-03,26,quantile,0.99,124
2026-10-03,wk inc flu hosp,1,2026-10-10,26,quantile,0.01,10
2026-10-03,wk inc flu hosp,1,2026-10-10,26,quantile,0.025,13
2026-10-03,wk inc flu hosp,1,2026-10-10,26,quantile,0.05,16
2026-10-03,wk inc flu hosp,1,2026-10-10,26,quantile,0.1,20
2026-10-03,wk inc flu hosp,1,2026-10-10,26,quantile,0.15,23
2026-10-03,wk inc flu hosp,1,2026-10-10,26,quantile,0.2,26
2026-10-03,wk inc flu hosp,1,2026-10-10,26,quantile,0.25,28
2026-10-03,wk inc flu hosp,1,2026-10-10,26,quantile,0.3,31
2026-10-03,wk inc flu hosp,1,2026-10-10,26,quantile,0.35,33
2026-10-03,wk inc flu hosp,1,2026-10-10,26,quantile,0.4,36
2026-10-03,wk inc flu hosp,1,2026-10-10,26,quantile,0.45,39
2026-10-03,wk inc flu hosp,1,2026-10-10,26,quantile,0.5,42
2026-10-03,wk inc flu hosp,1,2026-10-10,26,quantile,0.55,45
2026-10-03,wk inc flu hosp,1,2026-10-10,26,quantile,0.6,49
2026-10-03,wk inc flu hosp,1,2026-10-10,26,quantile,0.65,52
2026-10-03,wk inc flu hosp,1,2026-10-10,26,quantile,0.7,57
2026-10-03,wk inc flu hosp,1,2026-10-10,26,quantile,0.75,62
2026-10-03,wk inc flu hosp,1,2026-10-10,26,quantile,0.8,68
2026-10-03,wk inc flu hosp,1,2026-10-10,26,quantile,0.85,76
2026-10-03,wk inc flu hosp,1,2026-10-10,26,quantile,0.9,88
2026-10-03,wk inc flu hosp,1,2026-10-10,26,quantile,0.95,108
2026-10-03,wk inc flu hosp,1,2026-10-10,26,quantile,0.975,130
2026-10-03,wk inc flu hosp,1,2026-10-10,26,quantile,0.99,160
2026-10-03,wk inc flu hosp,2,2026-10-17,26,quantile,0.01,9
2026-10-03,wk inc flu hosp,2,2026-10-17,26,quantile,0.025,12
2026-10-03,wk inc flu hosp,2,2026-10-17,26,quantile,0.05,15
2026-10-03,wk inc flu hosp,2,2026-10-17,26,quantile,0.1,19
2026-10-03,wk inc flu hosp,2,2026-10-17,26,quantile,0.15,22
2026-10-03,wk inc flu hosp,2,2026-10-17,26,quantile,0.2,26
2026-10-03,wk inc flu hosp,2,2026-10-17,26,quantile,0.25,29
2026-10-03,wk inc flu hosp,2,2026-10-17,26,quantile,0.3,32
2026-10-03,wk inc flu hosp,2,2026-10-17,26,quantile,0.35,35
2026-10-03,wk inc flu hosp,2,2026-10-17,26,quantile,0.4,38
2026-10-03,wk inc flu hosp,2,2026-10-17,26,quantile,0.45,42
2026-10-03,wk inc flu hosp,2,2026-10-17,26,quantile,0.5,45
2026-10-03,wk inc flu hosp,2,2026-10-17,26,quantile,0.55,49
2026-10-03,wk inc flu hosp,2,2026-10-17,26,quantile,0.6,54
2026-10-03,wk inc flu hosp,2,2026-10-17,26,quantile,0.65,59
2026-10-03,wk inc flu hosp,2,2026-10-17,26,quantile,0.7,64
2026-10-03,wk inc flu hosp,2,2026-10-17,26,quantile,0.75,71
2026-10-03,wk inc flu hosp,2,2026-10-17,26,quantile,0.8,80
2026-10-03,wk inc flu hosp,2,2026-10-17,26,quantile,0.85,91
2026-10-03,wk inc flu hosp,2,2026-10-17,26,quantile,0.9,107
2026-10-03,wk inc flu hosp,2,2026-10-17,26,quantile,0.95,136
2026-10-03,wk inc flu hosp,2,2026-10-17,26,quantile,0.975,167
2026-10-03,wk inc flu hosp,2,2026-10-17,26,quantile,0.99,213
2026-10-03,wk inc flu hosp,3,2026-10-24,26,quantile,0.01,8
2026-10-03,wk inc flu hosp,3,2026-10-24,26,quantile,0.025,11
2026-10-03,wk inc flu hosp,3,2026-10-24,26,quantile,0.05,14
2026-10-03,wk inc flu hosp,3,2026-10-24,26,quantile,0.1,18
2026-10-03,wk inc flu hosp,3,2026-10-24,26,quantile,0.15,22
2026-10-03,wk inc flu hosp,3,2026-10-24,26,quantile,0.2,26
2026-10-03,wk inc flu hosp,3,2026-10-24,26,quantile,0.25,29
2026-10-03,wk inc flu hosp,3,2026-10-24,26,quantile,0.3,33
2026-10-03,wk inc flu hosp,3,2026-10-24,26,quantile,0.35,36
2026-10-03,wk inc flu hosp,3,2026-10-24,26,quantile,0.4,40
2026-10-03,wk inc flu hosp,3,2026-10-24,26,quantile,0.45,44
2026-10-03,wk inc flu hosp,3,2026-10-24,26,quantile,0.5,49
2026-10-03,wk inc flu hosp,3,2026-10-24,26,quantile,0.55,54
2026-10-03,wk inc flu hosp,3,2026-10-24,26,quantile,0.6,59
2026-10-03,wk inc flu hosp,3,2026-10-24,26,quantile,0.65,65
2026-10-03,wk inc flu hosp,3,2026-10-24,26,quantile,0.7,72
2026-10-03,wk inc flu hosp,3,2026-10-24,26,quantile,0.75,81
2026-10-03,wk inc flu hosp,3,2026-10-24,26,quantile,0.8,92
2026-10-03,wk inc flu hosp,3,2026-10-24,26,quantile,0.85,106
2026-10-03,wk inc flu hosp,3,2026-10-24,26,quantile,0.9,127
2026-10-03,wk inc flu hosp,3,2026-10-24,26,quantile,0.95,166
2026-10-03,wk inc flu hosp,3,2026-10-24,26,quantile,0.975,210
2026-10-03,wk inc flu hosp,3,2026-10-24,26,quantile,0.99,275
2026-10-03,wk inc flu hosp,0,2026-10-03,27,quantile,0.01,8
2026-10-03,wk inc flu hosp,0,2026-10-03,27,quantile,0.025,9
2026-10-03,wk inc flu hosp,0,2026-10-03,27,quantile,0.05,11
2026-10-03,wk inc flu hosp,0,2026-10-03,27,quantile,0.1,13
2026-10-03,wk inc flu hosp,0,2026-10-03,27,quantile,0.15,15
2026-10-03,wk inc flu hosp,0,2026-10-03,27,quantile,0.2,16
2026-10-03,wk inc flu hosp,0,2026-10-03,27,quantile,0.25,17
2026-10-03,wk inc flu hosp,0,2026-10-03,27,quantile,0.3,19
2026-10-03,wk inc flu hosp,0,2026-10-03,27,quantile,0.35,20
2026-10-03,wk inc flu hosp,0,2026-10-03,27,quantile,0.4,21
2026-10-03,wk inc flu hosp,0,2026-10-03,27,quantile,0.45,22
2026-10-03,wk inc flu hosp,0,2026-10-03,27,quantile,0.5,24
2026-10-03,wk inc flu hosp,0,2026-10-03,27,quantile,0.55,25
2026-10-03,wk inc flu hosp,0,2026-10-03,27,quantile,0.6,27
2026-10-03,wk inc flu hosp,0,2026-10-03,27,quantile,0.65,28
2026-10-03,wk inc flu hosp,0,2026-10-03,27,quantile,0.7,30
2026-10-03,wk inc flu hosp,0,2026-10-03,27,quantile,0.75,32
2026-10-03,wk inc flu hosp,0,2026-10-03,27,quantile,0.8,35
2026-10-03,wk inc flu hosp,0,2026-10-03,27,quantile,0.85,38
2026-10-03,wk inc flu hosp,0,2026-10-03,27,quantile,0.9,43
2026-10-03,wk inc flu hosp,0,2026-10-03,27,quantile,0.95,50
2026-10-03,wk inc flu hosp,0,2026-10-03,27,quantile,0.975,58
2026-10-03,wk inc flu hosp,0,2026-10-03,27,quantile,0.99,68
2026-10-03,wk inc flu hosp,1,2026-10-10,27,quantile,0.01,7
2026-10-03,wk inc flu hosp,1,2026-10-10,27,quantile,0.025,9
2026-10-03,wk inc flu hosp,1,2026-10-10,27,quantile,0.05,11
2026-10-03,wk inc flu hosp,1,2026-10-10,27,quantile,0.1,13
2026-10-03,wk inc flu hosp,1,2026-10-10,27,quantile,0.15,15
2026-10-03,wk inc flu hosp,1,2026-10-10,27,quantile,0.2,16
2026-10-03,wk inc flu hosp,1,2026-10-10,27,quantile,0.25,18
2026-10-03,wk inc flu hosp,1,2026-10-10,27,quantile,0.3,20
2026-10-03,wk inc flu hosp,1,2026-10-10,27,quantile,0.35,21
2026-10-03,wk inc flu hosp,1,2026-10-10,27,quantile,0.4,23
2026-10-03,wk inc flu hosp,1,2026-10-10,27,quantile,0.45,24
2026-10-03,wk inc flu hosp,1,2026-10-10,27,quantile,0.5,26
2026-10-03,wk inc flu hosp,1,2026-10-10,27,quantile,0.55,28
2026-10-03,wk inc flu hosp,1,2026-10-10,27,quantile,0.6,30
2026-10-03,wk inc flu hosp,1,2026-10-10,27,quantile,0.65,32
2026-10-03,wk inc flu hosp,1,2026-10-10,27,quantile,0.7,34
2026-10-03,wk inc flu hosp,1,2026-10-10,27,quantile,0.75,37
2026-10-03,wk inc flu hosp,1,2026-10-10,27,quantile,0.8,40
2026-10-03,wk inc flu hosp,1,2026-10-10,27,quantile,0.85,45
2026-10-03,wk inc flu hosp,1,2026-10-10,27,quantile,0.9,51
2026-10-03,wk inc flu hosp,1,2026-10-10,27,quantile,0.95,61
2026-10-03,wk inc flu hosp,1,2026-10-10,27,quantile,0.975,72
2026-10-03,wk inc flu hosp,1,2026-10-10,27,quantile,0.99,87
2026-10-03,wk inc flu hosp,2,2026-10-17,27,quantile,0.01,7
2026-10-03,wk inc flu hosp,2,2026-10-17,27,quantile,0.025,8
2026-10-03,wk inc flu hosp,2,2026-10-17,27,quantile,0.05,10
2026-10-03,wk inc flu hosp,2,2026-10-17,27,quantile,0.1,13
2026-10-03,wk inc flu hosp,2,2026-10-17,27,quantile,0.15,15
2026-10-03,wk inc flu hosp,2,2026-10-17,27,quantile,0.2,17
2026-10-03,wk inc flu hosp,2,2026-10-17,27,quantile,0.25,19
2026-10-03,wk inc flu hosp,2,2026-10-17,27,quantile,0.3,21
2026-10-03,wk inc flu hosp,2,2026-10-17,27,quantile,0.35,23
2026-10-03,wk inc flu hosp,2,2026-10-17,27,quantile,0.4,25
2026-10-03,wk inc flu hosp,2,2026-10-17,27,quantile,0.45,27
2026-10-03,wk inc flu hosp,2,2026-10-17,27,quantile,0.5,29
2026-10-03,wk inc flu hosp,2,2026-10-17,27,quantile,0.55,31
2026-10-03,wk inc flu hosp,2,2026-10-17,27,quantile,0.6,34
2026-10-03,wk inc flu hosp,2,2026-10-17,27,quantile,0.65,36
2026-10-03,wk inc flu hosp,2,2026-10-17,27,quantile,0.7,40
2026-10-03,wk inc flu hosp,2,2026-10-17,27,quantile,0.75,43
2026-10-03,wk inc flu hosp,2,2026-10-17,27,quantile,0.8,48
2026-10-03,wk inc flu hosp,2,2026-10-17,27,quantile,0.85,54
2026-10-03,wk inc flu hosp,2,2026-10-17,27,quantile,0.9,62
2026-10-03,wk inc flu hosp,2,2026-10-17,27,quantile,0.95,78
2026-10-03,wk inc flu hosp,2,2026-10-17,27,quantile,0.975,94
2026-10-03,wk inc flu hosp,2,2026-10-17,27,quantile,0.99,116
2026-10-03,wk inc flu hosp,3,2026-10-24,27,quantile,0.01,6
2026-10-03,wk inc flu hosp,3,2026-10-24,27,quantile,0.025,8
2026-10-03,wk inc flu hosp,3,2026-10-24,27,quantile,0.05,10
2026-10-03,wk inc flu hosp,3,2026-10-24,27,quantile,0.1,12
2026-10-03,wk inc flu hosp,3,2026-10-24,27,quantile,0.15,15
2026-10-03,wk inc flu hosp,3,2026-10-24,27,quantile,0.2,17
2026-10-03,wk inc flu hosp,3,2026-10-24,27,quantile,0.25,19
2026-10-03,wk inc flu hosp,3,2026-10-24,27,quantile,0.3,21
2026-10-03,wk inc flu hosp,3,2026-10-24,27,quantile,0.35,23
2026-10-03,wk inc flu hosp,3,2026-10-24,27,quantile,0.4,25
2026-10-03,wk inc flu hosp,3,2026-10-24,27,quantile,0.45,28
2026-10-03,wk inc flu hosp,3,2026-10-24,27,quantile,0.5,30
2026-10-03,wk inc flu hosp,3,2026-10-24,27,quantile,0.55,33
2026-10-03,wk inc flu hosp,3,2026-10-24,27,quantile,0.6,36
2026-10-03,wk inc flu hosp,3,2026-10-24,27,quantile,0.65,39
2026-10-03,wk inc flu hosp,3,2026-10-24,27,quantile,0.7,43
2026-10-03,wk inc flu hosp,3,2026-10-24,27,quantile,0.75,48
2026-10-03,wk inc flu hosp,3,2026-10-24,27,quantile,0.8,53
2026-10-03,wk inc flu hosp,3,2026-10-24,27,quantile,0.85,61
2026-10-03,wk inc flu hosp,3,2026-10-24,27,quantile,0.9,72
2026-10-03,wk inc flu hosp,3,2026-10-24,27,quantile,0.95,92
2026-10-03,wk inc flu hosp,3,2026-10-24,27,quantile,0.975,113
2026-10-03,wk inc flu hosp,3,2026-10-24,27,quantile,0.99,144
2026-10-03,wk inc flu hosp,0,2026-10-03,28,quantile,0.01,6
2026-10-03,wk inc flu hosp,0,2026-10-03,28,quantile,0.025,7
2026-10-03,wk inc flu hosp,0,2026-10-03,28,quantile,0.05,9
2026-10-03,wk inc flu hosp,0,2026-10-03,28,quantile,0.1,11
2026-10-03,wk inc flu hosp,0,2026-10-03,28,quantile,0.15,13
2026-10-03,wk inc flu hosp,0,2026-10-03,28,quantile,0.2,15
2026-10-03,wk inc flu hosp,0,2026-10-03,28,quantile,0.25,16
2026-10-03,wk inc flu hosp,0,2026-10-03,28,quantile,0.3,18
2026-10-03,wk inc flu hosp,0,2026-10-03,28,quantile,0.35,19
2026-10-03,wk inc flu hosp,0,2026-10-03,28,quantile,0.4,21
2026-10-03,wk inc flu hosp,0,2026-10-03,28,quantile,0.45,22
2026-10-03,wk inc flu hosp,0,2026-10-03,28,quantile,0.5,24
2026-10-03,wk inc flu hosp,0,2026-10-03,28,quantile,0.55,26
2026-10-03,wk inc flu hosp,0,2026-10-03,28,quantile,0.6,28
2026-10-03,wk inc flu hosp,0,2026-10-03,28,quantile,0.65,30
2026-10-03,wk inc flu hosp,0,2026-10-03,28,quantile,0.7,33
2026-10-03,wk inc flu hosp,0,2026-10-03,28,quantile,0.75,36
2026-10-03,wk inc flu hosp,0,2026-10-03,28,quantile,0.8,39
2026-10-03,wk inc flu hosp,0,2026-10-03,28,quantile,0.85,44
2026-10-03,wk inc flu hosp,0,2026-10-03,28,quantile,0.9,50
2026-10-03,wk inc flu hosp,0,2026-10-03,28,quantile,0.95,62
2026-10-03,wk inc flu hosp,0,2026-10-03,28,quantile,0.975,74
2026-10-03,wk inc flu hosp,0,2026-10-03,28,quantile,0.99,91
2026-10-03,wk inc flu hosp,1,2026-10-10,28,quantile,0.01,5
2026-10-03,wk inc flu hosp,1,2026-10-10,28,quantile,0.025,7
2026-10-03,wk inc flu hosp,1,2026-10-10,28,quantile,0.05,9
2026-10-03,wk inc flu hosp,1,2026-10-10,28,quantile,0.1,11
2026-10-03,wk inc flu hosp,1,2026-10-10,28,quantile,0.15,13
2026-10-03,wk inc flu hosp,1,2026-10-10,28,quantile,0.2,15
2026-10-03,wk inc flu hosp,1,2026-10-10,28,quantile,0.25,17
2026-10-03,wk inc flu hosp,1,2026-10-10,28,quantile,0.3,19
2026-10-03,wk inc flu hosp,1,2026-10-10,28,quantile,0.35,21
2026-10-03,wk inc flu hosp,1,2026-10-10,28,quantile,0.4,23
2026-10-03,wk inc flu hosp,1,2026-10-10,28,quantile,0.45,25
2026-10-03,wk inc flu hosp,1,2026-10-10,28,quantile,0.5,27
2026-10-03,wk inc flu hosp,1,2026-10-10,28,quantile,0.55,29
2026-10-03,wk inc flu hosp,1,2026-10-10,28,quantile,0.6,32
2026-10-03,wk inc flu hosp,1,2026-10-10,28,quantile,0.65,35
2026-10-03,wk inc flu hosp,1,2026-10-10,28,quantile,0.7,38
2026-10-03,wk inc flu hosp,1,2026-10-10,28,quantile,0.75,42
2026-10-03,wk inc flu hosp,1,2026-10-10,28,quantile,0.8,47
2026-10-03,wk inc flu hosp,1,2026-10-10,28,quantile,0.85,54
2026-10-03,wk inc flu hosp,1,2026-10-10,28,quantile,0.9,63
2026-10-03,wk inc flu hosp,1,2026-10-10,28,quantile,0.95,80
2026-10-03,wk inc flu hosp,1,2026-10-10,28,quantile,0.975,99
2026-10-03,wk inc flu hosp,1,2026-10-10,28,quantile,0.99,125
2026-10-03,wk inc flu hosp,2,2026-10-17,28,quantile,0.01,4
2026-10-03,wk inc flu hosp,2,2026-10-17,28,quantile,0.025,6
2026-10-03,wk inc flu hosp,2,2026-10-17,28,quantile,0.05,8
2026-10-03,wk inc flu hosp,2,2026-10-17,28,quantile,0.1,11
2026-10-03,wk inc flu hosp,2,2026-10-17,28,quantile,0.15,13
2026-10-03,wk inc flu hosp,2,2026-10-17,28,quantile,0.2,15
2026-10-03,wk inc flu hosp,2,2026-10-17,28,quantile,0.25,17
2026-10-03,wk inc flu hosp,2,2026-10-17,28,quantile,0.3,20
2026-10-03,wk inc flu hosp,2,2026-10-17,28,quantile,0.35,22
2026-10-03,wk inc flu hosp,2,2026-10-17,28,quantile,0.4,24
2026-10-03,wk inc flu hosp,2,2026-10-17,28,quantile,0.45,27
2026-10-03,wk inc flu hosp,2,2026-10-17,28,quantile,0.5,30
2026-10-03,wk inc flu hosp,2,2026-10-17,28,quantile,0.55,33
2026-10-03,wk inc flu hosp,2,2026-10-17,28,quantile,0.6,36
2026-10-03,wk inc flu hosp,2,2026-10-17,28,quantile,0.65,40
2026-10-03,wk inc flu hosp,2,2026-10-17,28,quantile,0.7,44
2026-10-03,wk inc flu hosp,2,2026-10-17,28,quantile,0.75,50
2026-10-03,wk inc flu hosp,2,2026-10-17,28,quantile,0.8,57
2026-10-03,wk inc flu hosp,2,2026-10-17,28,quantile,0.85,66
2026-10-03,wk inc flu hosp,2,2026-10-17,28,quantile,0.9,79
2026-10-03,wk inc flu hosp,2,2026-10-17,28,quantile,0.95,105
2026-10-03,wk inc flu hosp,2,2026-10-17,28,quantile,0.975,133
2026-10-03,wk inc flu hosp,2,2026-10-17,28,quantile,0.99,175
2026-10-03,wk inc flu hosp,3,2026-10-24,28,quantile,0.01,4
2026-10-03,wk inc flu hosp,3,2026-10-24,28,quantile,0.025,6
2026-10-03,wk inc flu hosp,3,2026-10-24,28,quantile,0.05,8
2026-10-03,wk inc flu hosp,3,2026-10-24,28,quantile,0.1,11
2026-10-03,wk inc flu hosp,3,2026-10-24,28,quantile,0.15,13
2026-10-03,wk inc flu hosp,3,2026-10-24,28,quantile,0.2,16
2026-10-03,wk inc flu hosp,3,2026-10-24,28,quantile,0.25,19
2026-10-03,wk inc flu hosp,3,2026-10-24,28,quantile,0.3,21
2026-10-03,wk inc flu hosp,3,2026-10-24,28,quantile,0.35,24
2026-10-03,wk inc flu hosp,3,2026-10-24,28,quantile,0.4,27
2026-10-03,wk inc flu hosp,3,2026-10-24,28,quantile,0.45,30
2026-10-03,wk inc flu hosp,3,2026-10-24,28,quantile,0.5,33
2026-10-03,wk inc flu hosp,3,2026-10-24,28,quantile,0.55,37
2026-10-03,wk inc flu hosp,3,2026-10-24,28,quantile,0.6,42
2026-10-03,wk inc flu hosp,3,2026-10-24,28,quantile,0.65,47
2026-10-03,wk inc flu hosp,3,2026-10-24,28,quantile,0.7,53
2026-10-03,wk inc flu hosp,3,2026-10-24,28,quantile,0.75,60
2026-10-03,wk inc flu hosp,3,2026-10-24,28,quantile,0.8,69
2026-10-03,wk inc flu hosp,3,2026-10-24,28,quantile,0.85,81
2026-10-03,wk inc flu hosp,3,2026-10-24,28,quantile,0.9,100
2026-10-03,wk inc flu hosp,3,2026-10-24,28,quantile,0.95,137
2026-10-03,wk inc flu hosp,3,2026-10-24,28,quantile,0.975,178
2026-10-03,wk inc flu hosp,3,2026-10-24,28,quantile,0.99,243
2026-10-03,wk inc flu hosp,0,2026-10-03,29,quantile,0.01,12
2026-10-03,wk inc flu hosp,0,2026-10-03,29,quantile,0.025,14
2026-10-03,wk inc flu hosp,0,2026-10-03,29,quantile,0.05,17
2026-10-03,wk inc flu hosp,0,2026-10-03,29,quantile,0.1,21
2026-10-03,wk inc flu hosp,0,2026-10-03,29,quantile,0.15,24
2026-10-03,wk inc flu hosp,0,2026-10-03,29,quantile,0.2,26
2026-10-03,wk inc flu hosp,0,2026-10-03,29,quantile,0.25,28
2026-10-03,wk inc flu hosp,0,2026-10-03,29,quantile,0.3,31
2026-10-03,wk inc flu hosp,0,2026-10-03,29,quantile,0.35,33
2026-10-03,wk inc flu hosp,0,2026-10-03,29,quantile,0.4,36
2026-10-03,wk inc flu hosp,0,2026-10-03,29,quantile,0.45,38
2026-10-03,wk inc flu hosp,0,2026-10-03,29,quantile,0.5,41
2026-10-03,wk inc flu hosp,0,2026-10-03,29,quantile,0.55,43
2026-10-03,wk inc flu hosp,0,2026-10-03,29,quantile,0.6,46
2026-10-03,wk inc flu hosp,0,2026-10-03,29,quantile,0.65,50
2026-10-03,wk inc flu hosp,0,2026-10-03,29,quantile,0.7,53
2026-10-03,wk inc flu hosp,0,2026-10-03,29,quantile,0.75,58
2026-10-03,wk inc flu hosp,0,2026-10-03,29,quantile,0.8,63
2026-10-03,wk inc flu hosp,0,2026-10-03,29,quantile,0.85,69
2026-10-03,wk inc flu hosp,0,2026-10-03,29,quantile,0.9,79
2026-10-03,wk inc flu hosp,0,2026-10-03,29,quantile,0.95,95
2026-10-03,wk inc flu hosp,0,2026-10-03,29,quantile,0.975,112
2026-10-03,wk inc flu hosp,0,2026-10-03,29,quantile,0.99,135
2026-10-03,wk inc flu hosp,1,2026-10-10,29,quantile,0.01,10
2026-10-03,wk inc flu hosp,1,2026-10-10,29,quantile,0.025,13
2026-10-03,wk inc flu hosp,1,2026-10-10,29,quantile,0.05,16
2026-10-03,wk inc flu hosp,1,2026-10-10,29,quantile,0.1,20
2026-10-03,wk inc flu hosp,1,2026-10-10,29,quantile,0.15,24
2026-10-03,wk inc flu hosp,1,2026-10-10,29,quantile,0.2,27
2026-10-03,wk inc flu hosp,1,2026-10-10,29,quantile,0.25,29
2026-10-03,wk inc flu hosp,1,2026-10-10,29,quantile,0.3,32
2026-10-03,wk inc flu hosp,1,2026-10-10,29,quantile,0.35,35
2026-10-03,wk inc flu hosp,1,2026-10-10,29,quantile,0.4,38
2026-10-03,wk inc flu hosp,1,2026-10-10,29,quantile,0.45,41
2026-10-03,wk inc flu hosp,1,2026-10-10,29,quantile,0.5,44
2026-10-03,wk inc flu hosp,1,2026-10-10,29,quantile,0.55,48
2026-10-03,wk inc flu hosp,1,2026-10-10,29,quantile,0.6,52
2026-10-03,wk inc flu hosp,1,2026-10-10,29,quantile,0.65,56
2026-10-03,wk inc flu hosp,1,2026-10-10,29,quantile,0.7,61
2026-10-03,wk inc flu hosp,1,2026-10-10,29,quantile,0.75,67
2026-10-03,wk inc flu hosp,1,2026-10-10,29,quantile,0.8,74
2026-10-03,wk inc flu hosp,1,2026-10-10,29,quantile,0.85,83
2026-10-03,wk inc flu hosp,1,2026-10-10,29,quantile,0.9,96
2026-10-03,wk inc flu hosp,1,2026-10-10,29,quantile,0.95,119
2026-10-03,wk inc flu hosp,1,2026-10-10,29,quantile,0.975,144
2026-10-03,wk inc flu hosp,1,2026-10-10,29,quantile,0.99,179
2026-10-03,wk inc flu hosp,2,2026-10-17,29,quantile,0.01,9
2026-10-03,wk inc flu hosp,2,2026-10-17,29,quantile,0.025,12
2026-10-03,wk inc flu hosp,2,2026-10-17,29,quantile,0.05,15
2026-10-03,wk inc flu hosp,2,2026-10-17,29,quantile,0.1,20
2026-10-03,wk inc flu hosp,2,2026-10-17,29,quantile,0.15,24
2026-10-03,wk inc flu hosp,2,2026-10-17,29,quantile,0.2,27
2026-10-03,wk inc flu hosp,2,2026-10-17,29,quantile,0.25,31
2026-10-03,wk inc flu hosp,2,2026-10-17,29,quantile,0.3,34
2026-10-03,wk inc flu hosp,2,2026-10-17,29,quantile,0.35,38
2026-10-03,wk inc flu hosp,2,2026-10-17,29,quantile,0.4,41
2026-10-03,wk inc flu hosp,2,2026-10-17,29,quantile,0.45,45
2026-10-03,wk inc flu hosp,2,2026-10-17,29,quantile,0.5,49
2026-10-03,wk inc flu hosp,2,2026-10-17,29,quantile,0.55,54
2026-10-03,wk inc flu hosp,2,2026-10-17,29,quantile,0.6,59
2026-10-03,wk inc flu hosp,2,2026-10-17,29,quantile,0.65,65
2026-10-03,wk inc flu hosp,2,2026-10-17,29,quantile,0.7,71
2026-10-03,wk inc flu hosp,2,2026-10-17,29,quantile,0.75,79
2026-10-03,wk inc flu hosp,2,2026-10-17,29,quantile,0.8,89
2026-10-03,wk inc flu hosp,2,2026-10-17,29,quantile,0.85,102
2026-10-03,wk inc flu hosp,2,2026-10-17,29,quantile,0.9,120
2026-10-03,wk inc flu hosp,2,2026-10-17,29,quantile,0.95,155
2026-10-03,wk inc flu hosp,2,2026-10-17,29,quantile,0.975,192
2026-10-03,wk inc flu hosp,2,2026-10-17,29,quantile,0.99,247
2026-10-03,wk inc flu hosp,3,2026-10-24,29,quantile,0.01,8
2026-10-03,wk inc flu hosp,3,2026-10-24,29,quantile,0.025,11
2026-10-03,wk inc flu hosp,3,2026-10-24,29,quantile,0.05,14
2026-10-03,wk inc flu hosp,3,2026-10-24,29,quantile,0.1,19
2026-10-03,wk inc flu hosp,3,2026-10-24,29,quantile,0.15,24
2026-10-03,wk inc flu hosp,3,2026-10-24,29,quantile,0.2,28
2026-10-03,wk inc flu hosp,3,2026-10-24,29,quantile,0.25,31
2026-10-03,wk inc flu hosp,3,2026-10-24,29,quantile,0.3,35
2026-10-03,wk inc flu hosp,3,2026-10-24,29,quantile,0.35,40
2026-10-03,wk inc flu hosp,3,2026-10-24,29,quantile,0.4,44
2026-10-03,wk inc flu hosp,3,2026-10-24,29,quantile,0.45,48
2026-10-03,wk inc flu hosp,3,2026-10-24,29,quantile,0.5,53
2026-10-03,wk inc flu hosp,3,2026-10-24,29,quantile,0.55,59
2026-10-03,wk inc flu hosp,3,2026-10-24,29,quantile,0.6,65
2026-10-03,wk inc flu hosp,3,2026-10-24,29,quantile,0.65,72
2026-10-03,wk inc flu hosp,3,2026-10-24,29,quantile,0.7,80
2026-10-03,wk inc flu hosp,3,2026-10-24,29,quantile,0.75,90
2026-10-03,wk inc flu hosp,3,2026-10-24,29,quantile,0.8,103
2026-10-03,wk inc flu hosp,3,2026-10-24,29,quantile,0.85,119
2026-10-03,wk inc flu hosp,3,2026-10-24,29,quantile,0.9,144
2026-10-03,wk inc flu hosp,3,2026-10-24,29,quantile,0.95,191
2026-10-03,wk inc flu hosp,3,2026-10-24,29,quantile,0.975,243
2026-10-03,wk inc flu hosp,3,2026-10-24,29,quantile,0.99,323
2026-10-03,wk inc flu hosp,0,2026-10-03,30,quantile,0.01,3
2026-10-03,wk inc flu hosp,0,2026-10-03,30,quantile,0.025,5
2026-10-03,wk inc flu hosp,0,2026-10-03,30,quantile,0.05,6
2026-10-03,wk inc flu hosp,0,2026-10-03,30,quantile,0.1,8
2026-10-03,wk inc flu hosp,0,2026-10-03,30,quantile,0.15,10
2026-10-03,wk inc flu hosp,0,2026-10-03,30,quantile,0.2,12
2026-10-03,wk inc flu hosp,0,2026-10-03,30,quantile,0.25,14
2026-10-03,wk inc flu hosp,0,2026-10-03,30,quantile,0.3,15
2026-10-03,wk inc flu hosp,0,2026-10-03,30,quantile,0.35,17
2026-10-03,wk inc flu hosp,0,2026-10-03,30,quantile,0.4,19
2026-10-03,wk inc flu hosp,0,2026-10-03,30,quantile,0.45,21
2026-10-03,wk inc flu hosp,0,2026-10-03,30,quantile,0.5,23
2026-10-03,wk inc flu hosp,0,2026-10-03,30,quantile,0.55,25
2026-10-03,wk inc flu hosp,0,2026-10-03,30,quantile,0.6,28
2026-10-03,wk inc flu hosp,0,2026-10-03,30,quantile,0.65,30
2026-10-03,wk inc flu hosp,0,2026-10-03,30,quantile,0.7,34
2026-10-03,wk inc flu hosp,0,2026-10-03,30,quantile,0.75,38
2026-10-03,wk inc flu hosp,0,2026-10-03,30,quantile,0.8,43
2026-10-03,wk inc flu hosp,0,2026-10-03,30,quantile,0.85,49
2026-10-03,wk inc flu hosp,0,2026-10-03,30,quantile,0.9,59
2026-10-03,wk inc flu hosp,0,2026-10-03,30,quantile,0.95,77
2026-10-03,wk inc flu hosp,0,2026-10-03,30,quantile,0.975,98
2026-10-03,wk inc flu hosp,0,2026-10-03,30,quantile,0.99,128
2026-10-03,wk inc flu hosp,1,2026-10-10,30,quantile,0.01,3
2026-10-03,wk inc flu hosp,1,2026-10-10,30,quantile,0.025,4
2026-10-03,wk inc flu hosp,1,2026-10-10,30,quantile,0.05,6
2026-10-03,wk inc flu hosp,1,2026-10-10,30,quantile,0.1,8
2026-10-03,wk inc flu hosp,1,2026-10-10,30,quantile,0.15,10
2026-10-03,wk inc flu hosp,1,2026-10-10,30,quantile,0.2,12
2026-10-03,wk inc flu hosp,1,2026-10-10,30,quantile,0.25,14
2026-10-03,wk inc flu hosp,1,2026-10-10,30,quantile,0.3,16
2026-10-03,wk inc flu hosp,1,2026-10-10,30,quantile,0.35,18
2026-10-03,wk inc flu hosp,1,2026-10-10,30,quantile,0.4,21
2026-10-03,wk inc flu hosp,1,2026-10-10,30,quantile,0.45,23
2026-10-03,wk inc flu hosp,1,2026-10-10,30,quantile,0.5,26
2026-10-03,wk inc flu hosp,1,2026-10-10,30,quantile,0.55,29
2026-10-03,wk inc flu hosp,1,2026-10-10,30,quantile,0.6,32
2026-10-03,wk inc flu hosp,1,2026-10-10,30,quantile,0.65,36
2026-10-03,wk inc flu hosp,1,2026-10-10,30,quantile,0.7,41
2026-10-03,wk inc flu hosp,1,2026-10-10,30,quantile,0.75,46
2026-10-03,wk inc flu hosp,1,2026-10-10,30,quantile,0.8,54
2026-10-03,wk inc flu hosp,1,2026-10-10,30,quantile,0.85,63
2026-10-03,wk inc flu hosp,1,2026-10-10,30,quantile,0.9,78
2026-10-03,wk inc flu hosp,1,2026-10-10,30,quantile,0.95,107
2026-10-03,wk inc flu hosp,1,2026-10-10,30,quantile,0.975,140
2026-10-03,wk inc flu hosp,1,2026-10-10,30,quantile,0.99,191
2026-10-03,wk inc flu hosp,2,2026-10-17,30,quantile,0.01,2
2026-10-03,wk inc flu hosp,2,2026-10-17,30,quantile,0.025,3
2026-10-03,wk inc flu hosp,2,2026-10-17,30,quantile,0.05,5
2026-10-03,wk inc flu hosp,2,2026-10-17,30,quantile,0.1,7
2026-10-03,wk inc flu hosp,2,2026-10-17,30,quantile,0.15,10
2026-10-03,wk inc flu hosp,2,2026-10-17,30,quantile,0.2,12
2026-10-03,wk inc flu hosp,2,2026-10-17,30,quantile,0.25,14
2026-10-03,wk inc flu hosp,2,2026-10-17,30,quantile,0.3,17
2026-10-03,wk inc flu hosp,2,2026-10-17,30,quantile,0.35,19
2026-10-03,wk inc flu hosp,2,2026-10-17,30,quantile,0.4,22
2026-10-03,wk inc flu hosp,2,2026-10-17,30,quantile,0.45,25
2026-10-03,wk inc flu hosp,2,2026-10-17,30,quantile,0.5,28
2026-10-03,wk inc flu hosp,2,2026-10-17,30,quantile,0.55,32
2026-10-03,wk inc flu hosp,2,2026-10-17,30,quantile,0.6,36
2026-10-03,wk inc flu hosp,2,2026-10-17,30,quantile,0.65,42
2026-10-03,wk inc flu hosp,2,2026-10-17,30,quantile,0.7,48
2026-10-03,wk inc flu hosp,2,2026-10-17,30,quantile,0.75,55
2026-10-03,wk inc flu hosp,2,2026-10-17,30,quantile,0.8,65
2026-10-03,wk inc flu hosp,2,2026-10-17,30,quantile,0.85,79
2026-10-03,wk inc flu hosp,2,2026-10-17,30,quantile,0.9,101
2026-10-03,wk inc flu hosp,2,2026-10-17,30,quantile,0.95,144
2026-10-03,wk inc flu hosp,2,2026-10-17,30,quantile,0.975,197
2026-10-03,wk inc flu hosp,2,2026-10-17,30,quantile,0.99,282
2026-10-03,wk inc flu hosp,3,2026-10-24,30,quantile,0.01,1
2026-10-03,wk inc flu hosp,3,2026-10-24,30,quantile,0.025,3
2026-10-03,wk inc flu hosp,3,2026-10-24,30,quantile,0.05,4
2026-10-03,wk inc flu hosp,3,2026-10-24,30,quantile,0.1,7
2026-10-03,wk inc flu hosp,3,2026-10-24,30,quantile,0.15,9
2026-10-03,wk inc flu hosp,3,2026-10-24,30,quantile,0.2,11
2026-10-03,wk inc flu hosp,3,2026-10-24,30,quantile,0.25,14
2026-10-03,wk inc flu hosp,3,2026-10-24,30,quantile,0.3,17
2026-10-03,wk inc flu hosp,3,2026-10-24,30,quantile,0.35,19
2026-10-03,wk inc flu hosp,3,2026-10-24,30,quantile,0.4,23
2026-10-03,wk inc flu hosp,3,2026-10-24,30,quantile,0.45,26
2026-10-03,wk inc flu hosp,3,2026-10-24,30,quantile,0.5,30
2026-10-03,wk inc flu hosp,3,2026-10-24,30,quantile,0.55,35
2026-10-03,wk inc flu hosp,3,2026-10-24,30,quantile,0.6,40
2026-10-03,wk inc flu hosp,3,2026-10-24,30,quantile,0.65,47
2026-10-03,wk inc flu hosp,3,2026-10-24,30,quantile,0.7,54
2026-10-03,wk inc flu hosp,3,2026-10-24,30,quantile,0.75,64
2026-10-03,wk inc flu hosp,3,2026-10-24,30,quantile,0.8,77
2026-10-03,wk inc flu hosp,3,2026-10-24,30,quantile,0.85,96
2026-10-03,wk inc flu hosp,3,2026-10-24,30,quantile,0.9,125
2026-10-03,wk inc flu hosp,3,2026-10-24,30,quantile,0.95,187
2026-10-03,wk inc flu hosp,3,2026-10-24,30,quantile,0.975,264
2026-10-03,wk inc flu hosp,3,2026-10-24,30,quantile,0.99,395
2026-10-03,wk inc flu hosp,0,2026-10-03,31,quantile,0.01,0
2026-10-03,wk inc flu hosp,0,2026-10-03,31,quantile,0.025,0
2026-10-03,wk inc flu hosp,0,2026-10-03,31,quantile,0.05,1
2026-10-03,wk inc flu hosp,0,2026-10-03,31,quantile,0.1,1
2026-10-03,wk inc flu hosp,0,2026-10-03,31,quantile,0.15,1
2026-10-03,wk inc flu hosp,0,2026-10-03,31,quantile,0.2,2
2026-10-03,wk inc flu hosp,0,2026-10-03,31,quantile,0.25,2
2026-10-03,wk inc flu hosp,0,2026-10-03,31,quantile,0.3,2
2026-10-03,wk inc flu hosp,0,2026-10-03,31,quantile,0.35,3
2026-10-03,wk inc flu hosp,0,2026-10-03,31,quantile,0.4,3
2026-10-03,wk inc flu hosp,0,2026-10-03,31,quantile,0.45,4
2026-10-03,wk inc flu hosp,0,2026-10-03,31,quantile,0.5,4
2026-10-03,wk inc flu hosp,0,2026-10-03,31,quantile,0.55,5
2026-10-03,wk inc flu hosp,0,2026-10-03,31,quantile,0.6,5
2026-10-03,wk inc flu hosp,0,2026-10-03,31,quantile,0.65,6
2026-10-03,wk inc flu hosp,0,2026-10-03,31,quantile,0.7,6
2026-10-03,wk inc flu hosp,0,2026-10-03,31,quantile,0.75,7
2026-10-03,wk inc flu hosp,0,2026-10-03,31,quantile,0.8,8
2026-10-03,wk inc flu hosp,0,2026-10-03,31,quantile,0.85,10
2026-10-03,wk inc flu hosp,0,2026-10-03,31,quantile,0.9,12
2026-10-03,wk inc flu hosp,0,2026-10-03,31,quantile,0.95,15
2026-10-03,wk inc flu hosp,0,2026-10-03,31,quantile,0.975,19
2026-10-03,wk inc flu hosp,0,2026-10-03,31,quantile,0.99,25
2026-10-03,wk inc flu hosp,1,2026-10-10,31,quantile,0.01,0
2026-10-03,wk inc flu hosp,1,2026-10-10,31,quantile,0.025,0
2026-10-03,wk inc flu hosp,1,2026-10-10,31,quantile,0.05,0
2026-10-03,wk inc flu hosp,1,2026-10-10,31,quantile,0.1,1
2026-10-03,wk inc flu hosp,1,2026-10-10,31,quantile,0.15,1
2026-10-03,wk inc flu hosp,1,2026-10-10,31,quantile,0.2,2
2026-10-03,wk inc flu hosp,1,2026-10-10,31,quantile,0.25,2
2026-10-03,wk inc flu hosp,1,2026-10-10,31,quantile,0.3,3
2026-10-03,wk inc flu hosp,1,2026-10-10,31,quantile,0.35,3
2026-10-03,wk inc flu hosp,1,2026-10-10,31,quantile,0.4,4
2026-10-03,wk inc flu hosp,1,2026-10-10,31,quantile,0.45,4
2026-10-03,wk inc flu hosp,1,2026-10-10,31,quantile,0.5,5
2026-10-03,wk inc flu hosp,1,2026-10-10,31,quantile,0.55,5
2026-10-03,wk inc flu hosp,1,2026-10-10,31,quantile,0.6,6
2026-10-03,wk inc flu hosp,1,2026-10-10,31,quantile,0.65,7
2026-10-03,wk inc flu hosp,1,2026-10-10,31,quantile,0.7,8
2026-10-03,wk inc flu hosp,1,2026-10-10,31,quantile,0.75,9
2026-10-03,wk inc flu hosp,1,2026-10-10,31,quantile,0.8,10
2026-10-03,wk inc flu hosp,1,2026-10-10,31,quantile,0.85,12
2026-10-03,wk inc flu hosp,1,2026-10-10,31,quantile,0.9,15
2026-10-03,wk inc flu hosp,1,2026-10-10,31,quantile,0.95,21
2026-10-03,wk inc flu hosp,1,2026-10-10,31,quantile,0.975,27
2026-10-03,wk inc flu hosp,1,2026-10-10,31,quantile,0.99,37
2026-10-03,wk inc flu hosp,2,2026-10-17,31,quantile,0.01,0
2026-10-03,wk inc flu hosp,2,2026-10-17,31,quantile,0.025,0
2026-10-03,wk inc flu hosp,2,2026-10-17,31,quantile,0.05,0
2026-10-03,wk inc flu hosp,2,2026-10-17,31,quantile,0.1,1
2026-10-03,wk inc flu hosp,2,2026-10-17,31,quantile,0.15,1
2026-10-03,wk inc flu hosp,2,2026-10-17,31,quantile,0.2,2
2026-10-03,wk inc flu hosp,2,2026-10-17,31,quantile,0.25,2
2026-10-03,wk inc flu hosp,2,2026-10-17,31,quantile,0.3,3
2026-10-03,wk inc flu hosp,2,2026-10-17,31,quantile,0.35,3
2026-10-03,wk inc flu hosp,2,2026-10-17,31,quantile,0.4,4
2026-10-03,wk inc flu hosp,2,2026-10-17,31,quantile,0.45,5
2026-10-03,wk inc flu hosp,2,2026-10-17,31,quantile,0.5,5
2026-10-03,wk inc flu hosp,2,2026-10-17,31,quantile,0.55,6
2026-10-03,wk inc flu hosp,2,2026-10-17,31,quantile,0.6,7
2026-10-03,wk inc flu hosp,2,2026-10-17,31,quantile,0.65,8
2026-10-03,wk inc flu hosp,2,2026-10-17,31,quantile,0.7,10
2026-10-03,wk inc flu hosp,2,2026-10-17,31,quantile,0.75,11
2026-10-03,wk inc flu hosp,2,2026-10-17,31,quantile,0.8,13
2026-10-03,wk inc flu hosp,2,2026-10-17,31,quantile,0.85,16
2026-10-03,wk inc flu hosp,2,2026-10-17,31,quantile,0.9,21
2026-10-03,wk inc flu hosp,2,2026-10-17,31,quantile,0.95,30
2026-10-03,wk inc flu hosp,2,2026-10-17,31,quantile,0.975,41
2026-10-03,wk inc flu hosp,2,2026-10-17,31,quantile,0.99,59
2026-10-03,wk inc flu hosp,3,2026-10-24,31,quantile,0.01,0
2026-10-03,wk inc flu hosp,3,2026-10-24,31,quantile,0.025,0
2026-10-03,wk inc flu hosp,3,2026-10-24,31,quantile,0.05,0
2026-10-03,wk inc flu hosp,3,2026-10-24,31,quantile,0.1,1
2026-10-03,wk inc flu hosp,3,2026-10-24,31,quantile,0.15,1
2026-10-03,wk inc flu hosp,3,2026-10-24,31,quantile,0.2,2
2026-10-03,wk inc flu hosp,3,2026-10-24,31,quantile,0.25,3
2026-10-03,wk inc flu hosp,3,2026-10-24,31,quantile,0.3,3
2026-10-03,wk inc flu hosp,3,2026-10-24,31,quantile,0.35,4
2026-10-03,wk inc flu hosp,3,2026-10-24,31,quantile,0.4,5
2026-10-03,wk inc flu hosp,3,2026-10-24,31,quantile,0.45,5
2026-10-03,wk inc flu hosp,3,2026-10-24,31,quantile,0.5,6
2026-10-03,wk inc flu hosp,3,2026-10-24,31,quantile,0.55,7
2026-10-03,wk inc flu hosp,3,2026-10-24,31,quantile,0.6,9
2026-10-03,wk inc flu hosp,3,2026-10-24,31,quantile,0.65,10
2026-10-03,wk inc flu hosp,3,2026-10-24,31,quantile,0.7,12
2026-10-03,wk inc flu hosp,3,2026-10-24,31,quantile,0.75,14
2026-10-03,wk inc flu hosp,3,2026-10-24,31,quantile,0.8,17
2026-10-03,wk inc flu hosp,3,2026-10-24,31,quantile,0.85,21
2026-10-03,wk inc flu hosp,3,2026-10-24,31,quantile,0.9,28
2026-10-03,wk inc flu hosp,3,2026-10-24,31,quantile,0.95,42
2026-10-03,wk inc flu hosp,3,2026-10-24,31,quantile,0.975,59
2026-10-03,wk inc flu hosp,3,2026-10-24,31,quantile,0.99,87
2026-10-03,wk inc flu hosp,0,2026-10-03,32,quantile,0.01,11
2026-10-03,wk inc flu hosp,0,2026-10-03,32,quantile,0.025,13
2026-10-03,wk inc flu hosp,0,2026-10-03,32,quantile,0.05,16
2026-10-03,wk inc flu hosp,0,2026-10-03,32,quantile,0.1,19
2026-10-03,wk inc flu hosp,0,2026-10-03,32,quantile,0.15,22
2026-10-03,wk inc flu hosp,0,2026-10-03,32,quantile,0.2,24
2026-10-03,wk inc flu hosp,0,2026-10-03,32,quantile,0.25,26
2026-10-03,wk inc flu hosp,0,2026-10-03,32,quantile,0.3,28
2026-10-03,wk inc flu hosp,0,2026-10-03,32,quantile,0.35,30
2026-10-03,wk inc flu hosp,0,2026-10-03,32,quantile,0.4,33
2026-10-03,wk inc flu hosp,0,2026-10-03,32,quantile,0.45,35
2026-10-03,wk inc flu hosp,0,2026-10-03,32,quantile,0.5,37
2026-10-03,wk inc flu hosp,0,2026-10-03,32,quantile,0.55,40
2026-10-03,wk inc flu hosp,0,2026-10-03,32,quantile,0.6,42
2026-10-03,wk inc flu hosp,0,2026-10-03,32,quantile,0.65,45
2026-10-03,wk inc flu hosp,0,2026-10-03,32,quantile,0.7,48
2026-10-03,wk inc flu hosp,0,2026-10-03,32,quantile,0.75,52
2026-10-03,wk inc flu hosp,0,2026-10-03,32,quantile,0.8,57
2026-10-03,wk inc flu hosp,0,2026-10-03,32,quantile,0.85,63
2026-10-03,wk inc flu hosp,0,2026-10-03,32,quantile,0.9,71
2026-10-03,wk inc flu hosp,0,2026-10-03,32,quantile,0.95,86
2026-10-03,wk inc flu hosp,0,2026-10-03,32,quantile,0.975,100
2026-10-03,wk inc flu hosp,0,2026-10-03,32,quantile,0.99,121
2026-10-03,wk inc flu hosp,1,2026-10-10,32,quantile,0.01,10
2026-10-03,wk inc flu hosp,1,2026-10-10,32,quantile,0.025,12
2026-10-03,wk inc flu hosp,1,2026-10-10,32,quantile,0.05,15
2026-10-03,wk inc flu hosp,1,2026-10-10,32,quantile,0.1,19
2026-10-03,wk inc flu hosp,1,2026-10-10,32,quantile,0.15,22
2026-10-03,wk inc flu hosp,1,2026-10-10,32,quantile,0.2,25
2026-10-03,wk inc flu hosp,1,2026-10-10,32,quantile,0.25,27
2026-10-03,wk inc flu hosp,1,2026-10-10,32,quantile,0.3,30
2026-10-03,wk inc flu hosp,1,2026-10-10,32,quantile,0.35,32
2026-10-03,wk inc flu hosp,1,2026-10-10,32,quantile,0.4,35
2026-10-03,wk inc flu hosp,1,2026-10-10,32,quantile,0.45,38
2026-10-03,wk inc flu hosp,1,2026-10-10,32,quantile,0.5,41
2026-10-03,wk inc flu hosp,1,2026-10-10,32,quantile,0.55,44
2026-10-03,wk inc flu hosp,1,2026-10-10,32,quantile,0.6,47
2026-10-03,wk inc flu hosp,1,2026-10-10,32,quantile,0.65,51
2026-10-03,wk inc flu hosp,1,2026-10-10,32,quantile,0.7,56
2026-10-03,wk inc flu hosp,1,2026-10-10,32,quantile,0.75,61
2026-10-03,wk inc flu hosp,1,2026-10-10,32,quantile,0.8,67
2026-10-03,wk inc flu hosp,1,2026-10-10,32,quantile,0.85,75
2026-10-03,wk inc flu hosp,1,2026-10-10,32,quantile,0.9,87
2026-10-03,wk inc flu hosp,1,2026-10-10,32,quantile,0.95,108
2026-10-03,wk inc flu hosp,1,2026-10-10,32,quantile,0.975,129
2026-10-03,wk inc flu hosp,1,2026-10-10,32,quantile,0.99,160
2026-10-03,wk inc flu hosp,2,2026-10-17,32,quantile,0.01,9
2026-10-03,wk inc flu hosp,2,2026-10-17,32,quantile,0.025,11
2026-10-03,wk inc flu hosp,2,2026-10-17,32,quantile,0.05,14
2026-10-03,wk inc flu hosp,2,2026-10-17,32,quantile,0.1,19
2026-10-03,wk inc flu hosp,2,2026-10-17,32,quantile,0.15,22
2026-10-03,wk inc flu hosp,2,2026-10-17,32,quantile,0.2,25
2026-10-03,wk inc flu hosp,2,2026-10-17,32,quantile,0.25,29
2026-10-03,wk inc flu hosp,2,2026-10-17,32,quantile,0.3,32
2026-10-03,wk inc flu hosp,2,2026-10-17,32,quantile,0.35,35
2026-10-03,wk inc flu hosp,2,2026-10-17,32,quantile,0.4,38
2026-10-03,wk inc flu hosp,2,2026-10-17,32,quantile,0.45,42
2026-10-03,wk inc flu hosp,2,2026-10-17,32,quantile,0.5,46
2026-10-03,wk inc flu hosp,2,2026-10-17,32,quantile,0.55,50
2026-10-03,wk inc flu hosp,2,2026-10-17,32,quantile,0.6,54
2026-10-03,wk inc flu hosp,2,2026-10-17,32,quantile,0.65,59
2026-10-03,wk inc flu hosp,2,2026-10-17,32,quantile,0.7,65
2026-10-03,wk inc flu hosp,2,2026-10-17,32,quantile,0.75,72
2026-10-03,wk inc flu hosp,2,2026-10-17,32,quantile,0.8,81
2026-10-03,wk inc flu hosp,2,2026-10-17,32,quantile,0.85,92
2026-10-03,wk inc flu hosp,2,2026-10-17,32,quantile,0.9,109
2026-10-03,wk inc flu hosp,2,2026-10-17,32,quantile,0.95,140
2026-10-03,wk inc flu hosp,2,2026-10-17,32,quantile,0.975,173
2026-10-03,wk inc flu hosp,2,2026-10-17,32,quantile,0.99,221
2026-10-03,wk inc flu hosp,3,2026-10-24,32,quantile,0.01,8
2026-10-03,wk inc flu hosp,3,2026-10-24,32,quantile,0.025,11
2026-10-03,wk inc flu hosp,3,2026-10-24,32,quantile,0.05,14
2026-10-03,wk inc flu hosp,3,2026-10-24,32,quantile,0.1,18
2026-10-03,wk inc flu hosp,3,2026-10-24,32,quantile,0.15,22
2026-10-03,wk inc flu hosp,3,2026-10-24,32,quantile,0.2,26
2026-10-03,wk inc flu hosp,3,2026-10-24,32,quantile,0.25,29
2026-10-03,wk inc flu hosp,3,2026-10-24,32,quantile,0.3,33
2026-10-03,wk inc flu hosp,3,2026-10-24,32,quantile,0.35,37
2026-10-03,wk inc flu hosp,3,2026-10-24,32,quantile,0.4,41
2026-10-03,wk inc flu hosp,3,2026-10-24,32,quantile,0.45,45
2026-10-03,wk inc flu hosp,3,2026-10-24,32,quantile,0.5,49
2026-10-03,wk inc flu hosp,3,2026-10-24,32,quantile,0.55,54
2026-10-03,wk inc flu hosp,3,2026-10-24,32,quantile,0.6,60
2026-10-03,wk inc flu hosp,3,2026-10-24,32,quantile,0.65,66
2026-10-03,wk inc flu hosp,3,2026-10-24,32,quantile,0.7,74
2026-10-03,wk inc flu hosp,3,2026-10-24,32,quantile,0.75,83
2026-10-03,wk inc flu hosp,3,2026-10-24,32,quantile,0.8,94
2026-10-03,wk inc flu hosp,3,2026-10-24,32,quantile,0.85,109
2026-10-03,wk inc flu hosp,3,2026-10-24,32,quantile,0.9,131
2026-10-03,wk inc flu hosp,3,2026-10-24,32,quantile,0.95,173
2026-10-03,wk inc flu hosp,3,2026-10-24,32,quantile,0.975,219
2026-10-03,wk inc flu hosp,3,2026-10-24,32,quantile,0.99,289
2026-10-03,wk inc flu hosp,0,2026-10-03,33,quantile,0.01,0
2026-10-03,wk inc flu hosp,0,2026-10-03,33,quantile,0.025,0
2026-10-03,wk inc flu hosp,0,2026-10-03,33,quantile,0.05,0
2026-10-03,wk inc flu hosp,0,2026-10-03,33,quantile,0.1,1
2026-10-03,wk inc flu hosp,0,2026-10-03,33,quantile,0.15,1
2026-10-03,wk inc flu hosp,0,2026-10-03,33,quantile,0.2,1
2026-10-03,wk inc flu hosp,0,2026-10-03,33,quantile,0.25,2
2026-10-03,wk inc flu hosp,0,2026-10-03,33,quantile,0.3,2
2026-10-03,wk inc flu hosp,0,2026-10-03,33,quantile,0.35,2
2026-10-03,wk inc flu hosp,0,2026-10-03,33,quantile,0.4,3
2026-10-03,wk inc flu hosp,0,2026-10-03,33,quantile,0.45,3
2026-10-03,wk inc flu hosp,0,2026-10-03,33,quantile,0.5,3
2026-10-03,wk inc flu hosp,0,2026-10-03,33,quantile,0.55,4
2026-10-03,wk inc flu hosp,0,2026-10-03,33,quantile,0.6,4
2026-10-03,wk inc flu hosp,0,2026-10-03,33,quantile,0.65,5
2026-10-03,wk inc flu hosp,0,2026-10-03,33,quantile,0.7,6
2026-10-03,wk inc flu hosp,0,2026-10-03,33,quantile,0.75,7
2026-10-03,wk inc flu hosp,0,2026-10-03,33,quantile,0.8,8
2026-10-03,wk inc flu hosp,0,2026-10-03,33,quantile,0.85,9
2026-10-03,wk inc flu hosp,0,2026-10-03,33,quantile,0.9,11
2026-10-03,wk inc flu hosp,0,2026-10-03,33,quantile,0.95,16
2026-10-03,wk inc flu hosp,0,2026-10-03,33,quantile,0.975,20
2026-10-03,wk inc flu hosp,0,2026-10-03,33,quantile,0.99,27
2026-10-03,wk inc flu hosp,1,2026-10-10,33,quantile,0.01,0
2026-10-03,wk inc flu hosp,1,2026-10-10,33,quantile,0.025,0
2026-10-03,wk inc flu hosp,1,2026-10-10,33,quantile,0.05,0
2026-10-03,wk inc flu hosp,1,2026-10-10,33,quantile,0.1,1
2026-10-03,wk inc flu hosp,1,2026-10-10,33,quantile,0.15,1
2026-10-03,wk inc flu hosp,1,2026-10-10,33,quantile,0.2,1
2026-10-03,wk inc flu hosp,1,2026-10-10,33,quantile,0.25,2
2026-10-03,wk inc flu hosp,1,2026-10-10,33,quantile,0.3,2
2026-10-03,wk inc flu hosp,1,2026-10-10,33,quantile,0.35,3
2026-10-03,wk inc flu hosp,1,2026-10-10,33,quantile,0.4,3
2026-10-03,wk inc flu hosp,1,2026-10-10,33,quantile,0.45,4
2026-10-03,wk inc flu hosp,1,2026-10-10,33,quantile,0.5,4
2026-10-03,wk inc flu hosp,1,2026-10-10,33,quantile,0.55,5
2026-10-03,wk inc flu hosp,1,2026-10-10,33,quantile,0.6,6
2026-10-03,wk inc flu hosp,1,2026-10-10,33,quantile,0.65,6
2026-10-03,wk inc flu hosp,1,2026-10-10,33,quantile,0.7,7
2026-10-03,wk inc flu hosp,1,2026-10-10,33,quantile,0.75,9
2026-10-03,wk inc flu hosp,1,2026-10-10,33,quantile,0.8,10
2026-10-03,wk inc flu hosp,1,2026-10-10,33,quantile,0.85,13
2026-10-03,wk inc flu hosp,1,2026-10-10,33,quantile,0.9,16
2026-10-03,wk inc flu hosp,1,2026-10-10,33,quantile,0.95,23
2026-10-03,wk inc flu hosp,1,2026-10-10,33,quantile,0.975,31
2026-10-03,wk inc flu hosp,1,2026-10-10,33,quantile,0.99,44
2026-10-03,wk inc flu hosp,2,2026-10-17,33,quantile,0.01,0
2026-10-03,wk inc flu hosp,2,2026-10-17,33,quantile,0.025,0
2026-10-03,wk inc flu hosp,2,2026-10-17,33,quantile,0.05,0
2026-10-03,wk inc flu hosp,2,2026-10-17,33,quantile,0.1,1
2026-10-03,wk inc flu hosp,2,2026-10-17,33,quantile,0.15,1
2026-10-03,wk inc flu hosp,2,2026-10-17,33,quantile,0.2,2
2026-10-03,wk inc flu hosp,2,2026-10-17,33,quantile,0.25,2
2026-10-03,wk inc flu hosp,2,2026-10-17,33,quantile,0.3,3
2026-10-03,wk inc flu hosp,2,2026-10-17,33,quantile,0.35,3
2026-10-03,wk inc flu hosp,2,2026-10-17,33,quantile,0.4,4
2026-10-03,wk inc flu hosp,2,2026-10-17,33,quantile,0.45,5
2026-10-03,wk inc flu hosp,2,2026-10-17,33,quantile,0.5,5
2026-10-03,wk inc flu hosp,2,2026-10-17,33,quantile,0.55,6
2026-10-03,wk inc flu hosp,2,2026-10-17,33,quantile,0.6,7
2026-10-03,wk inc flu hosp,2,2026-10-17,33,quantile,0.65,9
2026-10-03,wk inc flu hosp,2,2026-10-17,33,quantile,0.7,10
2026-10-03,wk inc flu hosp,2,2026-10-17,33,quantile,0.75,12
2026-10-03,wk inc flu hosp,2,2026-10-17,33,quantile,0.8,15
2026-10-03,wk inc flu hosp,2,2026-10-17,33,quantile,0.85,18
2026-10-03,wk inc flu hosp,2,2026-10-17,33,quantile,0.9,24
2026-10-03,wk inc flu hosp,2,2026-10-17,33,quantile,0.95,36
2026-10-03,wk inc flu hosp,2,2026-10-17,33,quantile,0.975,51
2026-10-03,wk inc flu hosp,2,2026-10-17,33,quantile,0.99,76
2026-10-03,wk inc flu hosp,3,2026-10-24,33,quantile,0.01,0
2026-10-03,wk inc flu hosp,3,2026-10-24,33,quantile,0.025,0
2026-10-03,wk inc flu hosp,3,2026-10-24,33,quantile,0.05,0
2026-10-03,wk inc flu hosp,3,2026-10-24,33,quantile,0.1,1
2026-10-03,wk inc flu hosp,3,2026-10-24,33,quantile,0.15,1
2026-10-03,wk inc flu hosp,3,2026-10-24,33,quantile,0.2,2
2026-10-03,wk inc flu hosp,3,2026-10-24,33,quantile,0.25,2
2026-10-03,wk inc flu hosp,3,2026-10-24,33,quantile,0.3,3
2026-10-03,wk inc flu hosp,3,2026-10-24,33,quantile,0.35,4
2026-10-03,wk inc flu hosp,3,2026-10-24,33,quantile,0.4,5
2026-10-03,wk inc flu hosp,3,2026-10-24,33,quantile,0.45,6
2026-10-03,wk inc flu hosp,3,2026-10-24,33,quantile,0.5,7
2026-10-03,wk inc flu hosp,3,2026-10-24,33,quantile,0.55,8
2026-10-03,wk inc flu hosp,3,2026-10-24,33,quantile,0.6,9
2026-10-03,wk inc flu hosp,3,2026-10-24,33,quantile,0.65,11
2026-10-03,wk inc flu hosp,3,2026-10-24,33,quantile,0.7,13
2026-10-03,wk inc flu hosp,3,2026-10-24,33,quantile,0.75,16
2026-10-03,wk inc flu hosp,3,2026-10-24,33,quantile,0.8,20
2026-10-03,wk inc flu hosp,3,2026-10-24,33,quantile,0.85,25
2026-10-03,wk inc flu hosp,3,2026-10-24,33,quantile,0.9,34
2026-10-03,wk inc flu hosp,3,2026-10-24,33,quantile,0.95,53
2026-10-03,wk inc flu hosp,3,2026-10-24,33,quantile,0.975,78
2026-10-03,wk inc flu hosp,3,2026-10-24,33,quantile,0.99,122
2026-10-03,wk inc flu hosp,0,2026-10-03,34,quantile,0.01,18
2026-10-03,wk inc flu hosp,0,2026-10-03,34,quantile,0.025,23
2026-10-03,wk inc flu hosp,0,2026-10-03,34,quantile,0.05,27
2026-10-03,wk inc flu hosp,0,2026-10-03,34,quantile,0.1,33
2026-10-03,wk inc flu hosp,0,2026-10-03,34,quantile,0.15,38
2026-10-03,wk inc flu hosp,0,2026-10-03,34,quantile,0.2,42
2026-10-03,wk inc flu hosp,0,2026-10-03,34,quantile,0.25,47
2026-10-03,wk inc flu hosp,0,2026-10-03,34,quantile,0.3,51
2026-10-03,wk inc flu hosp,0,2026-10-03,34,quantile,0.35,55
2026-10-03,wk inc flu hosp,0,2026-10-03,34,quantile,0.4,59
2026-10-03,wk inc flu hosp,0,2026-10-03,34,quantile,0.45,63
2026-10-03,wk inc flu hosp,0,2026-10-03,34,quantile,0.5,68
2026-10-03,wk inc flu hosp,0,2026-10-03,34,quantile,0.55,72
2026-10-03,wk inc flu hosp,0,2026-10-03,34,quantile,0.6,78
2026-10-03,wk inc flu hosp,0,2026-10-03,34,quantile,0.65,83
2026-10-03,wk inc flu hosp,0,2026-10-03,34,quantile,0.7,90
2026-10-03,wk inc flu hosp,0,2026-10-03,34,quantile,0.75,98
2026-10-03,wk inc flu hosp,0,2026-10-03,34,quantile,0.8,107
2026-10-03,wk inc flu hosp,0,2026-10-03,34,quantile,0.85,119
2026-10-03,wk inc flu hosp,0,2026-10-03,34,quantile,0.9,136
2026-10-03,wk inc flu hosp,0,2026-10-03,34,quantile,0.95,166
2026-10-03,wk inc flu hosp,0,2026-10-03,34,quantile,0.975,198
2026-10-03,wk inc flu hosp,0,2026-10-03,34,quantile,0.99,241
2026-10-03,wk inc flu hosp,1,2026-10-10,34,quantile,0.01,16
2026-10-03,wk inc flu hosp,1,2026-10-10,34,quantile,0.025,20
2026-10-03,wk inc flu hosp,1,2026-10-10,34,quantile,0.05,25
2026-10-03,wk inc flu hosp,1,2026-10-10,34,quantile,0.1,32
2026-10-03,wk inc flu hosp,1,2026-10-10,34,quantile,0.15,37
2026-10-03,wk inc flu hosp,1,2026-10-10,34,quantile,0.2,42
2026-10-03,wk inc flu hosp,1,2026-10-10,34,quantile,0.25,47
2026-10-03,wk inc flu hosp,1,2026-10-10,34,quantile,0.3,52
2026-10-03,wk inc flu hosp,1,2026-10-10,34,quantile,0.35,57
2026-10-03,wk inc flu hosp,1,2026-10-10,34,quantile,0.4,62
2026-10-03,wk inc flu hosp,1,2026-10-10,34,quantile,0.45,67
2026-10-03,wk inc flu hosp,1,2026-10-10,34,quantile,0.5,72
2026-10-03,wk inc flu hosp,1,2026-10-10,34,quantile,0.55,79
2026-10-03,wk inc flu hosp,1,2026-10-10,34,quantile,0.6,85
2026-10-03,wk inc flu hosp,1,2026-10-10,34,quantile,0.65,93
2026-10-03,wk inc flu hosp,1,2026-10-10,34,quantile,0.7,101
2026-10-03,wk inc flu hosp,1,2026-10-10,34,quantile,0.75,111
2026-10-03,wk inc flu hosp,1,2026-10-10,34,quantile,0.8,124
2026-10-03,wk inc flu hosp,1,2026-10-10,34,quantile,0.85,140
2026-10-03,wk inc flu hosp,1,2026-10-10,34,quantile,0.9,164
2026-10-03,wk inc flu hosp,1,2026-10-10,34,quantile,0.95,207
2026-10-03,wk inc flu hosp,1,2026-10-10,34,quantile,0.975,252
2026-10-03,wk inc flu hosp,1,2026-10-10,34,quantile,0.99,318
2026-10-03,wk inc flu hosp,2,2026-10-17,34,quantile,0.01,14
2026-10-03,wk inc flu hosp,2,2026-10-17,34,quantile,0.025,18
2026-10-03,wk inc flu hosp,2,2026-10-17,34,quantile,0.05,23
2026-10-03,wk inc flu hosp,2,2026-10-17,34,quantile,0.1,30
2026-10-03,wk inc flu hosp,2,2026-10-17,34,quantile,0.15,37
2026-10-03,wk inc flu hosp,2,2026-10-17,34,quantile,0.2,42
2026-10-03,wk inc flu hosp,2,2026-10-17,34,quantile,0.25,48
2026-10-03,wk inc flu hosp,2,2026-10-17,34,quantile,0.3,54
2026-10-03,wk inc flu hosp,2,2026-10-17,34,quantile,0.35,59
2026-10-03,wk inc flu hosp,2,2026-10-17,34,quantile,0.4,66
2026-10-03,wk inc flu hosp,2,2026-10-17,34,quantile,0.45,72
2026-10-03,wk inc flu hosp,2,2026-10-17,34,quantile,0.5,79
2026-10-03,wk inc flu hosp,2,2026-10-17,34,quantile,0.55,87
2026-10-03,wk inc flu hosp,2,2026-10-17,34,quantile,0.6,95
2026-10-03,wk inc flu hosp,2,2026-10-17,34,quantile,0.65,105
2026-10-03,wk inc flu hosp,2,2026-10-17,34,quantile,0.7,116
2026-10-03,wk inc flu hosp,2,2026-10-17,34,quantile,0.75,130
2026-10-03,wk inc flu hosp,2,2026-10-17,34,quantile,0.8,147
2026-10-03,wk inc flu hosp,2,2026-10-17,34,quantile,0.85,170
2026-10-03,wk inc flu hosp,2,2026-10-17,34,quantile,0.9,203
2026-10-03,wk inc flu hosp,2,2026-10-17,34,quantile,0.95,265
2026-10-03,wk inc flu hosp,2,2026-10-17,34,quantile,0.975,334
2026-10-03,wk inc flu hosp,2,2026-10-17,34,quantile,0.99,436
2026-10-03,wk inc flu hosp,3,2026-10-24,34,quantile,0.01,12
2026-10-03,wk inc flu hosp,3,2026-10-24,34,quantile,0.025,16
2026-10-03,wk inc flu hosp,3,2026-10-24,34,quantile,0.05,21
2026-10-03,wk inc flu hosp,3,2026-10-24,34,quantile,0.1,29
2026-10-03,wk inc flu hosp,3,2026-10-24,34,quantile,0.15,36
2026-10-03,wk inc flu hosp,3,2026-10-24,34,quantile,0.2,42
2026-10-03,wk inc flu hosp,3,2026-10-24,34,quantile,0.25,48
2026-10-03,wk inc flu hosp,3,2026-10-24,34,quantile,0.3,55
2026-10-03,wk inc flu hosp,3,2026-10-24,34,quantile,0.35,61
2026-10-03,wk inc flu hosp,3,2026-10-24,34,quantile,0.4,69
2026-10-03,wk inc flu hosp,3,2026-10-24,34,quantile,0.45,76
2026-10-03,wk inc flu hosp,3,2026-10-24,34,quantile,0.5,84
2026-10-03,wk inc flu hosp,3,2026-10-24,34,quantile,0.55,94
2026-10-03,wk inc flu hosp,3,2026-10-24,34,quantile,0.6,104
2026-10-03,wk inc flu hosp,3,2026-10-24,34,quantile,0.65,116
2026-10-03,wk inc flu hosp,3,2026-10-24,34,quantile,0.7,130
2026-10-03,wk inc flu hosp,3,2026-10-24,34,quantile,0.75,147
2026-10-03,wk inc flu hosp,3,2026-10-24,34,quantile,0.8,169
2026-10-03,wk inc flu hosp,3,2026-10-24,34,quantile,0.85,198
2026-10-03,wk inc flu hosp,3,2026-10-24,34,quantile,0.9,242
2026-10-03,wk inc flu hosp,3,2026-10-24,34,quantile,0.95,326
2026-10-03,wk inc flu hosp,3,2026-10-24,34,quantile,0.975,422
2026-10-03,wk inc flu hosp,3,2026-10-24,34,quantile,0.99,570
2026-10-03,wk inc flu hosp,0,2026-10-03,35,quantile,0.01,2
2026-10-03,wk inc flu hosp,0,2026-10-03,35,quantile,0.025,3
2026-10-03,wk inc flu hosp,0,2026-10-03,35,quantile,0.05,4
2026-10-03,wk inc flu hosp,0,2026-10-03,35,quantile,0.1,5
2026-10-03,wk inc flu hosp,0,2026-10-03,35,quantile,0.15,5
2026-10-03,wk inc flu hosp,0,2026-10-03,35,quantile,0.2,6
2026-10-03,wk inc flu hosp,0,2026-10-03,35,quantile,0.25,7
2026-10-03,wk inc flu hosp,0,2026-10-03,35,quantile,0.3,7
2026-10-03,wk inc flu hosp,0,2026-10-03,35,quantile,0.35,8
2026-10-03,wk inc flu hosp,0,2026-10-03,35,quantile,0.4,9
2026-10-03,wk inc flu hosp,0,2026-10-03,35,quantile,0.45,9
2026-10-03,wk inc flu hosp,0,2026-10-03,35,quantile,0.5,10
2026-10-03,wk inc flu hosp,0,2026-10-03,35,quantile,0.55,11
2026-10-03,wk inc flu hosp,0,2026-10-03,35,quantile,0.6,12
2026-10-03,wk inc flu hosp,0,2026-10-03,35,quantile,0.65,13
2026-10-03,wk inc flu hosp,0,2026-10-03,35,quantile,0.7,14
2026-10-03,wk inc flu hosp,0,2026-10-03,35,quantile,0.75,15
2026-10-03,wk inc flu hosp,0,2026-10-03,35,quantile,0.8,17
2026-10-03,wk inc flu hosp,0,2026-10-03,35,quantile,0.85,18
2026-10-03,wk inc flu hosp,0,2026-10-03,35,quantile,0.9,21
2026-10-03,wk inc flu hosp,0,2026-10-03,35,quantile,0.95,26
2026-10-03,wk inc flu hosp,0,2026-10-03,35,quantile,0.975,31
2026-10-03,wk inc flu hosp,0,2026-10-03,35,quantile,0.99,38
2026-10-03,wk inc flu hosp,1,2026-10-10,35,quantile,0.01,2
2026-10-03,wk inc flu hosp,1,2026-10-10,35,quantile,0.025,2
2026-10-03,wk inc flu hosp,1,2026-10-10,35,quantile,0.05,3
2026-10-03,wk inc flu hosp,1,2026-10-10,35,quantile,0.1,4
2026-10-03,wk inc flu hosp,1,2026-10-10,35,quantile,0.15,5
2026-10-03,wk inc flu hosp,1,2026-10-10,35,quantile,0.2,6
2026-10-03,wk inc flu hosp,1,2026-10-10,35,quantile,0.25,7
2026-10-03,wk inc flu hosp,1,2026-10-10,35,quantile,0.3,8
2026-10-03,wk inc flu hosp,1,2026-10-10,35,quantile,0.35,8
2026-10-03,wk inc flu hosp,1,2026-10-10,35,quantile,0.4,9
2026-10-03,wk inc flu hosp,1,2026-10-10,35,quantile,0.45,10
2026-10-03,wk inc flu hosp,1,2026-10-10,35,quantile,0.5,11
2026-10-03,wk inc flu hosp,1,2026-10-10,35,quantile,0.55,12
2026-10-03,wk inc flu hosp,1,2026-10-10,35,quantile,0.6,13
2026-10-03,wk inc flu hosp,1,2026-10-10,35,quantile,0.65,14
2026-10-03,wk inc flu hosp,1,2026-10-10,35,quantile,0.7,16
2026-10-03,wk inc flu hosp,1,2026-10-10,35,quantile,0.75,18
2026-10-03,wk inc flu hosp,1,2026-10-10,35,quantile,0.8,20
2026-10-03,wk inc flu hosp,1,2026-10-10,35,quantile,0.85,22
2026-10-03,wk inc flu hosp,1,2026-10-10,35,quantile,0.9,26
2026-10-03,wk inc flu hosp,1,2026-10-10,35,quantile,0.95,33
2026-10-03,wk inc flu hosp,1,2026-10-10,35,quantile,0.975,41
2026-10-03,wk inc flu hosp,1,2026-10-10,35,quantile,0.99,52
2026-10-03,wk inc flu hosp,2,2026-10-17,35,quantile,0.01,2
2026-10-03,wk inc flu hosp,2,2026-10-17,35,quantile,0.025,2
2026-10-03,wk inc flu hosp,2,2026-10-17,35,quantile,0.05,3
2026-10-03,wk inc flu hosp,2,2026-10-17,35,quantile,0.1,4
2026-10-03,wk inc flu hosp,2,2026-10-17,35,quantile,0.15,5
2026-10-03,wk inc flu hosp,2,2026-10-17,35,quantile,0.2,6
2026-10-03,wk inc flu hosp,2,2026-10-17,35,quantile,0.25,7
2026-10-03,wk inc flu hosp,2,2026-10-17,35,quantile,0.3,8
2026-10-03,wk inc flu hosp,2,2026-10-17,35,quantile,0.35,9
2026-10-03,wk inc flu hosp,2,2026-10-17,35,quantile,0.4,10
2026-10-03,wk inc flu hosp,2,2026-10-17,35,quantile,0.45,12
2026-10-03,wk inc flu hosp,2,2026-10-17,35,quantile,0.5,13
2026-10-03,wk inc flu hosp,2,2026-10-17,35,quantile,0.55,14
2026-10-03,wk inc flu hosp,2,2026-10-17,35,quantile,0.6,16
2026-10-03,wk inc flu hosp,2,2026-10-17,35,quantile,0.65,17
2026-10-03,wk inc flu hosp,2,2026-10-17,35,quantile,0.7,19
2026-10-03,wk inc flu hosp,2,2026-10-17,35,quantile,0.75,22
2026-10-03,wk inc flu hosp,2,2026-10-17,35,quantile,0.8,25
2026-10-03,wk inc flu hosp,2,2026-10-17,35,quantile,0.85,29
2026-10-03,wk inc flu hosp,2,2026-10-17,35,quantile,0.9,34
2026-10-03,wk inc flu hosp,2,2026-10-17,35,quantile,0.95,45
2026-10-03,wk inc flu hosp,2,2026-10-17,35,quantile,0.975,57
2026-10-03,wk inc flu hosp,2,2026-10-17,35,quantile,0.99,75
2026-10-03,wk inc flu hosp,3,2026-10-24,35,quantile,0.01,1
2026-10-03,wk inc flu hosp,3,2026-10-24,35,quantile,0.025,2
2026-10-03,wk inc flu hosp,3,2026-10-24,35,quantile,0.05,3
2026-10-03,wk inc flu hosp,3,2026-10-24,35,quantile,0.1,4
2026-10-03,wk inc flu hosp,3,2026-10-24,35,quantile,0.15,5
2026-10-03,wk inc flu hosp,3,2026-10-24,35,quantile,0.2,7
2026-10-03,wk inc flu hosp,3,2026-10-24,35,quantile,0.25,8
2026-10-03,wk inc flu hosp,3,2026-10-24,35,quantile,0.3,9
2026-10-03,wk inc flu hosp,3,2026-10-24,35,quantile,0.35,10
2026-10-03,wk inc flu hosp,3,2026-10-24,35,quantile,0.4,11
2026-10-03,wk inc flu hosp,3,2026-10-24,35,quantile,0.45,13
2026-10-03,wk inc flu hosp,3,2026-10-24,35,quantile,0.5,14
2026-10-03,wk inc flu hosp,3,2026-10-24,35,quantile,0.55,16
2026-10-03,wk inc flu hosp,3,2026-10-24,35,quantile,0.6,18
2026-10-03,wk inc flu hosp,3,2026-10-24,35,quantile,0.65,20
2026-10-03,wk inc flu hosp,3,2026-10-24,35,quantile,0.7,22
2026-10-03,wk inc flu hosp,3,2026-10-24,35,quantile,0.75,25
2026-10-03,wk inc flu hosp,3,2026-10-24,35,quantile,0.8,29
2026-10-03,wk inc flu hosp,3,2026-10-24,35,quantile,0.85,35
2026-10-03,wk inc flu hosp,3,2026-10-24,35,quantile,0.9,42
2026-10-03,wk inc flu hosp,3,2026-10-24,35,quantile,0.95,57
2026-10-03,wk inc flu hosp,3,2026-10-24,35,quantile,0.975,75
2026-10-03,wk inc flu hosp,3,2026-10-24,35,quantile,0.99,101
2026-10-03,wk inc flu hosp,0,2026-10-03,36,quantile,0.01,35
2026-10-03,wk inc flu hosp,0,2026-10-03,36,quantile,0.025,42
2026-10-03,wk inc flu hosp,0,2026-10-03,36,quantile,0.05,48
2026-10-03,wk inc flu hosp,0,2026-10-03,36,quantile,0.1,56
2026-10-03,wk inc flu hosp,0,2026-10-03,36,quantile,0.15,62
2026-10-03,wk inc flu hosp,0,2026-10-03,36,quantile,0.2,68
2026-10-03,wk inc flu hosp,0,2026-10-03,36,quantile,0.25,73
2026-10-03,wk inc flu hosp,0,2026-10-03,36,quantile,0.3,78
2026-10-03,wk inc flu hosp,0,2026-10-03,36,quantile,0.35,83
2026-10-03,wk inc flu hosp,0,2026-10-03,36,quantile,0.4,87
2026-10-03,wk inc flu hosp,0,2026-10-03,36,quantile,0.45,92
2026-10-03,wk inc flu hosp,0,2026-10-03,36,quantile,0.5,98
2026-10-03,wk inc flu hosp,0,2026-10-03,36,quantile,0.55,103
2026-10-03,wk inc flu hosp,0,2026-10-03,36,quantile,0.6,109
2026-10-03,wk inc flu hosp,0,2026-10-03,36,quantile,0.65,115
2026-10-03,wk inc flu hosp,0,2026-10-03,36,quantile,0.7,122
2026-10-03,wk inc flu hosp,0,2026-10-03,36,quantile,0.75,131
2026-10-03,wk inc flu hosp,0,2026-10-03,36,quantile,0.8,140
2026-10-03,wk inc flu hosp,0,2026-10-03,36,quantile,0.85,153
2026-10-03,wk inc flu hosp,0,2026-10-03,36,quantile,0.9,170
2026-10-03,wk inc flu hosp,0,2026-10-03,36,quantile,0.95,198
2026-10-03,wk inc flu hosp,0,2026-10-03,36,quantile,0.975,227
2026-10-03,wk inc flu hosp,0,2026-10-03,36,quantile,0.99,266
2026-10-03,wk inc flu hosp,1,2026-10-10,36,quantile,0.01,32
2026-10-03,wk inc flu hosp,1,2026-10-10,36,quantile,0.025,39
2026-10-03,wk inc flu hosp,1,2026-10-10,36,quantile,0.05,46
2026-10-03,wk inc flu hosp,1,2026-10-10,36,quantile,0.1,55
2026-10-03,wk inc flu hosp,1,2026-10-10,36,quantile,0.15,62
2026-10-03,wk inc flu hosp,1,2026-10-10,36,quantile,0.2,69
2026-10-03,wk inc flu hosp,1,2026-10-10,36,quantile,0.25,75
2026-10-03,wk inc flu hosp,1,2026-10-10,36,quantile,0.3,81
2026-10-03,wk inc flu hosp,1,2026-10-10,36,quantile,0.35,87
2026-10-03,wk inc flu hosp,1,2026-10-10,36,quantile,0.4,92
2026-10-03,wk inc flu hosp,1,2026-10-10,36,quantile,0.45,99
2026-10-03,wk inc flu hosp,1,2026-10-10,36,quantile,0.5,105
2026-10-03,wk inc flu hosp,1,2026-10-10,36,quantile,0.55,112
2026-10-03,wk inc flu hosp,1,2026-10-10,36,quantile,0.6,119
2026-10-03,wk inc flu hosp,1,2026-10-10,36,quantile,0.65,128
2026-10-03,wk inc flu hosp,1,2026-10-10,36,quantile,0.7,137
2026-10-03,wk inc flu hosp,1,2026-10-10,36,quantile,0.75,147
2026-10-03,wk inc flu hosp,1,2026-10-10,36,quantile,0.8,160
2026-10-03,wk inc flu hosp,1,2026-10-10,36,quantile,0.85,177
2026-10-03,wk inc flu hosp,1,2026-10-10,36,quantile,0.9,200
2026-10-03,wk inc flu hosp,1,2026-10-10,36,quantile,0.95,240
2026-10-03,wk inc flu hosp,1,2026-10-10,36,quantile,0.975,281
2026-10-03,wk inc flu hosp,1,2026-10-10,36,quantile,0.99,337
2026-10-03,wk inc flu hosp,2,2026-10-17,36,quantile,0.01,29
2026-10-03,wk inc flu hosp,2,2026-10-17,36,quantile,0.025,36
2026-10-03,wk inc flu hosp,2,2026-10-17,36,quantile,0.05,43
2026-10-03,wk inc flu hosp,2,2026-10-17,36,quantile,0.1,53
2026-10-03,wk inc flu hosp,2,2026-10-17,36,quantile,0.15,62
2026-10-03,wk inc flu hosp,2,2026-10-17,36,quantile,0.2,69
2026-10-03,wk inc flu hosp,2,2026-10-17,36,quantile,0.25,76
2026-10-03,wk inc flu hosp,2,2026-10-17,36,quantile,0.3,83
2026-10-03,wk inc flu hosp,2,2026-10-17,36,quantile,0.35,90
2026-10-03,wk inc flu hosp,2,2026-10-17,36,quantile,0.4,97
2026-10-03,wk inc flu hosp,2,2026-10-17,36,quantile,0.45,105
2026-10-03,wk inc flu hosp,2,2026-10-17,36,quantile,0.5,113
2026-10-03,wk inc flu hosp,2,2026-10-17,36,quantile,0.55,121
2026-10-03,wk inc flu hosp,2,2026-10-17,36,quantile,0.6,131
2026-10-03,wk inc flu hosp,2,2026-10-17,36,quantile,0.65,141
2026-10-03,wk inc flu hosp,2,2026-10-17,36,quantile,0.7,153
2026-10-03,wk inc flu hosp,2,2026-10-17,36,quantile,0.75,167
2026-10-03,wk inc flu hosp,2,2026-10-17,36,quantile,0.8,184
2026-10-03,wk inc flu hosp,2,2026-10-17,36,quantile,0.85,206
2026-10-03,wk inc flu hosp,2,2026-10-17,36,quantile,0.9,237
2026-10-03,wk inc flu hosp,2,2026-10-17,36,quantile,0.95,293
2026-10-03,wk inc flu hosp,2,2026-10-17,36,quantile,0.975,351
2026-10-03,wk inc flu hosp,2,2026-10-17,36,quantile,0.99,434
2026-10-03,wk inc flu hosp,3,2026-10-24,36,quantile,0.01,26
2026-10-03,wk inc flu hosp,3,2026-10-24,36,quantile,0.025,33
2026-10-03,wk inc flu hosp,3,2026-10-24,36,quantile,0.05,40
2026-10-03,wk inc flu hosp,3,2026-10-24,36,quantile,0.1,51
2026-10-03,wk inc flu hosp,3,2026-10-24,36,quantile,0.15,60
2026-10-03,wk inc flu hosp,3,2026-10-24,36,quantile,0.2,68
2026-10-03,wk inc flu hosp,3,2026-10-24,36,quantile,0.25,76
2026-10-03,wk inc flu hosp,3,2026-10-24,36,quantile,0.3,84
2026-10-03,wk inc flu hosp,3,2026-10-24,36,quantile,0.35,92
2026-10-03,wk inc flu hosp,3,2026-10-24,36,quantile,0.4,100
2026-10-03,wk inc flu hosp,3,2026-10-24,36,quantile,0.45,109
2026-10-03,wk inc flu hosp,3,2026-10-24,36,quantile,0.5,118
2026-10-03,wk inc flu hosp,3,2026-10-24,36,quantile,0.55,128
2026-10-03,wk inc flu hosp,3,2026-10-24,36,quantile,0.6,139
2026-10-03,wk inc flu hosp,3,2026-10-24,36,quantile,0.65,152
2026-10-03,wk inc flu hosp,3,2026-10-24,36,quantile,0.7,166
2026-10-03,wk inc flu hosp,3,2026-10-24,36,quantile,0.75,183
2026-10-03,wk inc flu hosp,3,2026-10-24,36,quantile,0.8,204
2026-10-03,wk inc flu hosp,3,2026-10-24,36,quantile,0.85,231
2026-10-03,wk inc flu hosp,3,2026-10-24,36,quantile,0.9,271
2026-10-03,wk inc flu hosp,3,2026-10-24,36,quantile,0.95,343
2026-10-03,wk inc flu hosp,3,2026-10-24,36,quantile,0.975,420
2026-10-03,wk inc flu hosp,3,2026-10-24,36,quantile,0.99,532
2026-10-03,wk inc flu hosp,0,2026-10-03,37,quantile,0.01,15
2026-10-03,wk inc flu hosp,0,2026-10-03,37,quantile,0.025,19
2026-10-03,wk inc flu hosp,0,2026-10-03,37,quantile,0.05,22
2026-10-03,wk inc flu hosp,0,2026-10-03,37,quantile,0.1,26
2026-10-03,wk inc flu hosp,0,2026-10-03,37,quantile,0.15,30
2026-10-03,wk inc flu hosp,0,2026-10-03,37,quantile,0.2,33
2026-10-03,wk inc flu hosp,0,2026-10-03,37,quantile,0.25,36
2026-10-03,wk inc flu hosp,0,2026-10-03,37,quantile,0.3,38
2026-10-03,wk inc flu hosp,0,2026-10-03,37,quantile,0.35,41
2026-10-03,wk inc flu hosp,0,2026-10-03,37,quantile,0.4,44
2026-10-03,wk inc flu hosp,0,2026-10-03,37,quantile,0.45,47
2026-10-03,wk inc flu hosp,0,2026-10-03,37,quantile,0.5,50
2026-10-03,wk inc flu hosp,0,2026-10-03,37,quantile,0.55,53
2026-10-03,wk inc flu hosp,0,2026-10-03,37,quantile,0.6,56
2026-10-03,wk inc flu hosp,0,2026-10-03,37,quantile,0.65,60
2026-10-03,wk inc flu hosp,0,2026-10-03,37,quantile,0.7,64
2026-10-03,wk inc flu hosp,0,2026-10-03,37,quantile,0.75,69
2026-10-03,wk inc flu hosp,0,2026-10-03,37,quantile,0.8,75
2026-10-03,wk inc flu hosp,0,2026-10-03,37,quantile,0.85,83
2026-10-03,wk inc flu hosp,0,2026-10-03,37,quantile,0.9,94
2026-10-03,wk inc flu hosp,0,2026-10-03,37,quantile,0.95,112
2026-10-03,wk inc flu hosp,0,2026-10-03,37,quantile,0.975,131
2026-10-03,wk inc flu hosp,0,2026-10-03,37,quantile,0.99,156
2026-10-03,wk inc flu hosp,1,2026-10-10,37,quantile,0.01,14
2026-10-03,wk inc flu hosp,1,2026-10-10,37,quantile,0.025,17
2026-10-03,wk inc flu hosp,1,2026-10-10,37,quantile,0.05,21
2026-10-03,wk inc flu hosp,1,2026-10-10,37,quantile,0.1,26
2026-10-03,wk inc flu hosp,1,2026-10-10,37,quantile,0.15,30
2026-10-03,wk inc flu hosp,1,2026-10-10,37,quantile,0.2,34
2026-10-03,wk inc flu hosp,1,2026-10-10,37,quantile,0.25,37
2026-10-03,wk inc flu hosp,1,2026-10-10,37,quantile,0.3,40
2026-10-03,wk inc flu hosp,1,2026-10-10,37,quantile,0.35,44
2026-10-03,wk inc flu hosp,1,2026-10-10,37,quantile,0.4,47
2026-10-03,wk inc flu hosp,1,2026-10-10,37,quantile,0.45,51
2026-10-03,wk inc flu hosp,1,2026-10-10,37,quantile,0.5,55
2026-10-03,wk inc flu hosp,1,2026-10-10,37,quantile,0.55,59
2026-10-03,wk inc flu hosp,1,2026-10-10,37,quantile,0.6,63
2026-10-03,wk inc flu hosp,1,2026-10-10,37,quantile,0.65,68
2026-10-03,wk inc flu hosp,1,2026-10-10,37,quantile,0.7,74
2026-10-03,wk inc flu hosp,1,2026-10-10,37,quantile,0.75,80
2026-10-03,wk inc flu hosp,1,2026-10-10,37,quantile,0.8,88
2026-10-03,wk inc flu hosp,1,2026-10-10,37,quantile,0.85,99
2026-10-03,wk inc flu hosp,1,2026-10-10,37,quantile,0.9,114
2026-10-03,wk inc flu hosp,1,2026-10-10,37,quantile,0.95,140
2026-10-03,wk inc flu hosp,1,2026-10-10,37,quantile,0.975,167
2026-10-03,wk inc flu hosp,1,2026-10-10,37,quantile,0.99,206
2026-10-03,wk inc flu hosp,2,2026-10-17,37,quantile,0.01,12
2026-10-03,wk inc flu hosp,2,2026-10-17,37,quantile,0.025,16
2026-10-03,wk inc flu hosp,2,2026-10-17,37,quantile,0.05,20
2026-10-03,wk inc flu hosp,2,2026-10-17,37,quantile,0.1,25
2026-10-03,wk inc flu hosp,2,2026-10-17,37,quantile,0.15,30
2026-10-03,wk inc flu hosp,2,2026-10-17,37,quantile,0.2,34
2026-10-03,wk inc flu hosp,2,2026-10-17,37,quantile,0.25,38
2026-10-03,wk inc flu hosp,2,2026-10-17,37,quantile,0.3,42
2026-10-03,wk inc flu hosp,2,2026-10-17,37,quantile,0.35,46
2026-10-03,wk inc flu hosp,2,2026-10-17,37,quantile,0.4,51
2026-10-03,wk inc flu hosp,2,2026-10-17,37,quantile,0.45,55
2026-10-03,wk inc flu hosp,2,2026-10-17,37,quantile,0.5,60
2026-10-03,wk inc flu hosp,2,2026-10-17,37,quantile,0.55,65
2026-10-03,wk inc flu hosp,2,2026-10-17,37,quantile,0.6,71
2026-10-03,wk inc flu hosp,2,2026-10-17,37,quantile,0.65,77
2026-10-03,wk inc flu hosp,2,2026-10-17,37,quantile,0.7,85
2026-10-03,wk inc flu hosp,2,2026-10-17,37,quantile,0.75,93
2026-10-03,wk inc flu hosp,2,2026-10-17,37,quantile,0.8,104
2026-10-03,wk inc flu hosp,2,2026-10-17,37,quantile,0.85,119
2026-10-03,wk inc flu hosp,2,2026-10-17,37,quantile,0.9,139
2026-10-03,wk inc flu hosp,2,2026-10-17,37,quantile,0.95,177
2026-10-03,wk inc flu hosp,2,2026-10-17,37,quantile,0.975,218
2026-10-03,wk inc flu hosp,2,2026-10-17,37,quantile,0.99,277
2026-10-03,wk inc flu hosp,3,2026-10-24,37,quantile,0.01,11
2026-10-03,wk inc flu hosp,3,2026-10-24,37,quantile,0.025,15
2026-10-03,wk inc flu hosp,3,2026-10-24,37,quantile,0.05,19
2026-10-03,wk inc flu hosp,3,2026-10-24,37,quantile,0.1,25
2026-10-03,wk inc flu hosp,3,2026-10-24,37,quantile,0.15,30
2026-10-03,wk inc flu hosp,3,2026-10-24,37,quantile,0.2,35
2026-10-03,wk inc flu hosp,3,2026-10-24,37,quantile,0.25,39
2026-10-03,wk inc flu hosp,3,2026-10-24,37,quantile,0.3,44
2026-10-03,wk inc flu hosp,3,2026-10-24,37,quantile,0.35,49
2026-10-03,wk inc flu hosp,3,2026-10-24,37,quantile,0.4,54
2026-10-03,wk inc flu hosp,3,2026-10-24,37,quantile,0.45,59
2026-10-03,wk inc flu hosp,3,2026-10-24,37,quantile,0.5,65
2026-10-03,wk inc flu hosp,3,2026-10-24,37,quantile,0.55,71
2026-10-03,wk inc flu hosp,3,2026-10-24,37,quantile,0.6,78
2026-10-03,wk inc flu hosp,3,2026-10-24,37,quantile,0.65,86
2026-10-03,wk inc flu hosp,3,2026-10-24,37,quantile,0.7,95
2026-10-03,wk inc flu hosp,3,2026-10-24,37,quantile,0.75,106
2026-10-03,wk inc flu hosp,3,2026-10-24,37,quantile,0.8,120
2026-10-03,wk inc flu hosp,3,2026-10-24,37,quantile,0.85,139
2026-10-03,wk inc flu hosp,3,2026-10-24,37,quantile,0.9,166
2026-10-03,wk inc flu hosp,3,2026-10-24,37,quantile,0.95,217
2026-10-03,wk inc flu hosp,3,2026-10-24,37,quantile,0.975,274
2026-10-03,wk inc flu hosp,3,2026-10-24,37,quantile,0.99,358
2026-10-03,wk inc flu hosp,0,2026-10-03,38,quantile,0.01,1
2026-10-03,wk inc flu hosp,0,2026-10-03,38,quantile,0.025,1
2026-10-03,wk inc flu hosp,0,2026-10-03,38,quantile,0.05,2
2026-10-03,wk inc flu hosp,0,2026-10-03,38,quantile,0.1,2
2026-10-03,wk inc flu hosp,0,2026-10-03,38,quantile,0.15,3
2026-10-03,wk inc flu hosp,0,2026-10-03,38,quantile,0.2,3
2026-10-03,wk inc flu hosp,0,2026-10-03,38,quantile,0.25,4
2026-10-03,wk inc flu hosp,0,2026-10-03,38,quantile,0.3,4
2026-10-03,wk inc flu hosp,0,2026-10-03,38,quantile,0.35,5
2026-10-03,wk inc flu hosp,0,2026-10-03,38,quantile,0.4,5
2026-10-03,wk inc flu hosp,0,2026-10-03,38,quantile,0.45,6
2026-10-03,wk inc flu hosp,0,2026-10-03,38,quantile,0.5,6
2026-10-03,wk inc flu hosp,0,2026-10-03,38,quantile,0.55,7
2026-10-03,wk inc flu hosp,0,2026-10-03,38,quantile,0.6,7
2026-10-03,wk inc flu hosp,0,2026-10-03,38,quantile,0.65,8
2026-10-03,wk inc flu hosp,0,2026-10-03,38,quantile,0.7,9
2026-10-03,wk inc flu hosp,0,2026-10-03,38,quantile,0.75,10
2026-10-03,wk inc flu hosp,0,2026-10-03,38,quantile,0.8,11
2026-10-03,wk inc flu hosp,0,2026-10-03,38,quantile,0.85,12
2026-10-03,wk inc flu hosp,0,2026-10-03,38,quantile,0.9,14
2026-10-03,wk inc flu hosp,0,2026-10-03,38,quantile,0.95,18
2026-10-03,wk inc flu hosp,0,2026-10-03,38,quantile,0.975,22
2026-10-03,wk inc flu hosp,0,2026-10-03,38,quantile,0.99,28
2026-10-03,wk inc flu hosp,1,2026-10-10,38,quantile,0.01,1
2026-10-03,wk inc flu hosp,1,2026-10-10,38,quantile,0.025,1
2026-10-03,wk inc flu hosp,1,2026-10-10,38,quantile,0.05,2
2026-10-03,wk inc flu hosp,1,2026-10-10,38,quantile,0.1,2
2026-10-03,wk inc flu hosp,1,2026-10-10,38,quantile,0.15,3
2026-10-03,wk inc flu hosp,1,2026-10-10,38,quantile,0.2,4
2026-10-03,wk inc flu hosp,1,2026-10-10,38,quantile,0.25,4
2026-10-03,wk inc flu hosp,1,2026-10-10,38,quantile,0.3,5
2026-10-03,wk inc flu hosp,1,2026-10-10,38,quantile,0.35,5
2026-10-03,wk inc flu hosp,1,2026-10-10,38,quantile,0.4,6
2026-10-03,wk inc flu hosp,1,2026-10-10,38,quantile,0.45,7
2026-10-03,wk inc flu hosp,1,2026-10-10,38,quantile,0.5,7
2026-10-03,wk inc flu hosp,1,2026-10-10,38,quantile,0.55,8
2026-10-03,wk inc flu hosp,1,2026-10-10,38,quantile,0.6,9
2026-10-03,wk inc flu hosp,1,2026-10-10,38,quantile,0.65,10
2026-10-03,wk inc flu hosp,1,2026-10-10,38,quantile,0.7,11
2026-10-03,wk inc flu hosp,1,2026-10-10,38,quantile,0.75,12
2026-10-03,wk inc flu hosp,1,2026-10-10,38,quantile,0.8,14
2026-10-03,wk inc flu hosp,1,2026-10-10,38,quantile,0.85,16
2026-10-03,wk inc flu hosp,1,2026-10-10,38,quantile,0.9,19
2026-10-03,wk inc flu hosp,1,2026-10-10,38,quantile,0.95,25
2026-10-03,wk inc flu hosp,1,2026-10-10,38,quantile,0.975,31
2026-10-03,wk inc flu hosp,1,2026-10-10,38,quantile,0.99,41
2026-10-03,wk inc flu hosp,2,2026-10-17,38,quantile,0.01,0
2026-10-03,wk inc flu hosp,2,2026-10-17,38,quantile,0.025,1
2026-10-03,wk inc flu hosp,2,2026-10-17,38,quantile,0.05,2
2026-10-03,wk inc flu hosp,2,2026-10-17,38,quantile,0.1,2
2026-10-03,wk inc flu hosp,2,2026-10-17,38,quantile,0.15,3
2026-10-03,wk inc flu hosp,2,2026-10-17,38,quantile,0.2,4
2026-10-03,wk inc flu hosp,2,2026-10-17,38,quantile,0.25,5
2026-10-03,wk inc flu hosp,2,2026-10-17,38,quantile,0.3,5
2026-10-03,wk inc flu hosp,2,2026-10-17,38,quantile,0.35,6
2026-10-03,wk inc flu hosp,2,2026-10-17,38,quantile,0.4,7
2026-10-03,wk inc flu hosp,2,2026-10-17,38,quantile,0.45,8
2026-10-03,wk inc flu hosp,2,2026-10-17,38,quantile,0.5,9
2026-10-03,wk inc flu hosp,2,2026-10-17,38,quantile,0.55,10
2026-10-03,wk inc flu hosp,2,2026-10-17,38,quantile,0.6,11
2026-10-03,wk inc flu hosp,2,2026-10-17,38,quantile,0.65,12
2026-10-03,wk inc flu hosp,2,2026-10-17,38,quantile,0.7,14
2026-10-03,wk inc flu hosp,2,2026-10-17,38,quantile,0.75,15
2026-10-03,wk inc flu hosp,2,2026-10-17,38,quantile,0.8,18
2026-10-03,wk inc flu hosp,2,2026-10-17,38,quantile,0.85,21
2026-10-03,wk inc flu hosp,2,2026-10-17,38,quantile,0.9,26
2026-10-03,wk inc flu hosp,2,2026-10-17,38,quantile,0.95,35
2026-10-03,wk inc flu hosp,2,2026-10-17,38,quantile,0.975,45
2026-10-03,wk inc flu hosp,2,2026-10-17,38,quantile,0.99,61
2026-10-03,wk inc flu hosp,3,2026-10-24,38,quantile,0.01,0
2026-10-03,wk inc flu hosp,3,2026-10-24,38,quantile,0.025,1
2026-10-03,wk inc flu hosp,3,2026-10-24,38,quantile,0.05,2
2026-10-03,wk inc flu hosp,3,2026-10-24,38,quantile,0.1,3
2026-10-03,wk inc flu hosp,3,2026-10-24,38,quantile,0.15,3
2026-10-03,wk inc flu hosp,3,2026-10-24,38,quantile,0.2,4
2026-10-03,wk inc flu hosp,3,2026-10-24,38,quantile,0.25,5
2026-10-03,wk inc flu hosp,3,2026-10-24,38,quantile,0.3,6
2026-10-03,wk inc flu hosp,3,2026-10-24,38,quantile,0.35,7
2026-10-03,wk inc flu hosp,3,2026-10-24,38,quantile,0.4,8
2026-10-03,wk inc flu hosp,3,2026-10-24,38,quantile,0.45,9
2026-10-03,wk inc flu hosp,3,2026-10-24,38,quantile,0.5,10
2026-10-03,wk inc flu hosp,3,2026-10-24,38,quantile,0.55,12
2026-10-03,wk inc flu hosp,3,2026-10-24,38,quantile,0.6,13
2026-10-03,wk inc flu hosp,3,2026-10-24,38,quantile,0.65,15
2026-10-03,wk inc flu hosp,3,2026-10-24,38,quantile,0.7,17
2026-10-03,wk inc flu hosp,3,2026-10-24,38,quantile,0.75,20
2026-10-03,wk inc flu hosp,3,2026-10-24,38,quantile,0.8,23
2026-10-03,wk inc flu hosp,3,2026-10-24,38,quantile,0.85,28
2026-10-03,wk inc flu hosp,3,2026-10-24,38,quantile,0.9,35
2026-10-03,wk inc flu hosp,3,2026-10-24,38,quantile,0.95,49
2026-10-03,wk inc flu hosp,3,2026-10-24,38,quantile,0.975,65
2026-10-03,wk inc flu hosp,3,2026-10-24,38,quantile,0.99,91
2026-10-03,wk inc flu hosp,0,2026-10-03,39,quantile,0.01,15
2026-10-03,wk inc flu hosp,0,2026-10-03,39,quantile,0.025,18
2026-10-03,wk inc flu hosp,0,2026-10-03,39,quantile,0.05,21
2026-10-03,wk inc flu hosp,0,2026-10-03,39,quantile,0.1,25
2026-10-03,wk inc flu hosp,0,2026-10-03,39,quantile,0.15,28
2026-10-03,wk inc flu hosp,0,2026-10-03,39,quantile,0.2,30
2026-10-03,wk inc flu hosp,0,2026-10-03,39,quantile,0.25,33
2026-10-03,wk inc flu hosp,0,2026-10-03,39,quantile,0.3,36
2026-10-03,wk inc flu hosp,0,2026-10-03,39,quantile,0.35,38
2026-10-03,wk inc flu hosp,0,2026-10-03,39,quantile,0.4,41
2026-10-03,wk inc flu hosp,0,2026-10-03,39,quantile,0.45,43
2026-10-03,wk inc flu hosp,0,2026-10-03,39,quantile,0.5,46
2026-10-03,wk inc flu hosp,0,2026-10-03,39,quantile,0.55,49
2026-10-03,wk inc flu hosp,0,2026-10-03,39,quantile,0.6,52
2026-10-03,wk inc flu hosp,0,2026-10-03,39,quantile,0.65,55
2026-10-03,wk inc flu hosp,0,2026-10-03,39,quantile,0.7,59
2026-10-03,wk inc flu hosp,0,2026-10-03,39,quantile,0.75,63
2026-10-03,wk inc flu hosp,0,2026-10-03,39,quantile,0.8,68
2026-10-03,wk inc flu hosp,0,2026-10-03,39,quantile,0.85,75
2026-10-03,wk inc flu hosp,0,2026-10-03,39,quantile,0.9,84
2026-10-03,wk inc flu hosp,0,2026-10-03,39,quantile,0.95,100
2026-10-03,wk inc flu hosp,0,2026-10-03,39,quantile,0.975,117
2026-10-03,wk inc flu hosp,0,2026-10-03,39,quantile,0.99,139
2026-10-03,wk inc flu hosp,1,2026-10-10,39,quantile,0.01,13
2026-10-03,wk inc flu hosp,1,2026-10-10,39,quantile,0.025,17
2026-10-03,wk inc flu hosp,1,2026-10-10,39,quantile,0.05,20
2026-10-03,wk inc flu hosp,1,2026-10-10,39,quantile,0.1,25
2026-10-03,wk inc flu hosp,1,2026-10-10,39,quantile,0.15,28
2026-10-03,wk inc flu hosp,1,2026-10-10,39,quantile,0.2,31
2026-10-03,wk inc flu hosp,1,2026-10-10,39,quantile,0.25,35
2026-10-03,wk inc flu hosp,1,2026-10-10,39,quantile,0.3,38
2026-10-03,wk inc flu hosp,1,2026-10-10,39,quantile,0.35,41
2026-10-03,wk inc flu hosp,1,2026-10-10,39,quantile,0.4,44
2026-10-03,wk inc flu hosp,1,2026-10-10,39,quantile,0.45,47
2026-10-03,wk inc flu hosp,1,2026-10-10,39,quantile,0.5,50
2026-10-03,wk inc flu hosp,1,2026-10-10,39,quantile,0.55,54
2026-10-03,wk inc flu hosp,1,2026-10-10,39,quantile,0.6,58
2026-10-03,wk inc flu hosp,1,2026-10-10,39,quantile,0.65,63
2026-10-03,wk inc flu hosp,1,2026-10-10,39,quantile,0.7,68
2026-10-03,wk inc flu hosp,1,2026-10-10,39,quantile,0.75,73
2026-10-03,wk inc flu hosp,1,2026-10-10,39,quantile,0.8,81
2026-10-03,wk inc flu hosp,1,2026-10-10,39,quantile,0.85,90
2026-10-03,wk inc flu hosp,1,2026-10-10,39,quantile,0.9,103
2026-10-03,wk inc flu hosp,1,2026-10-10,39,quantile,0.95,126
2026-10-03,wk inc flu hosp,1,2026-10-10,39,quantile,0.975,149
2026-10-03,wk inc flu hosp,1,2026-10-10,39,quantile,0.99,183
2026-10-03,wk inc flu hosp,2,2026-10-17,39,quantile,0.01,12
2026-10-03,wk inc flu hosp,2,2026-10-17,39,quantile,0.025,15
2026-10-03,wk inc flu hosp,2,2026-10-17,39,quantile,0.05,19
2026-10-03,wk inc flu hosp,2,2026-10-17,39,quantile,0.1,24
2026-10-03,wk inc flu hosp,2,2026-10-17,39,quantile,0.15,28
2026-10-03,wk inc flu hosp,2,2026-10-17,39,quantile,0.2,32
2026-10-03,wk inc flu hosp,2,2026-10-17,39,quantile,0.25,36
2026-10-03,wk inc flu hosp,2,2026-10-17,39,quantile,0.3,40
2026-10-03,wk inc flu hosp,2,2026-10-17,39,quantile,0.35,43
2026-10-03,wk inc flu hosp,2,2026-10-17,39,quantile,0.4,47
2026-10-03,wk inc flu hosp,2,2026-10-17,39,quantile,0.45,51
2026-10-03,wk inc flu hosp,2,2026-10-17,39,quantile,0.5,55
2026-10-03,wk inc flu hosp,2,2026-10-17,39,quantile,0.55,60
2026-10-03,wk inc flu hosp,2,2026-10-17,39,quantile,0.6,65
2026-10-03,wk inc flu hosp,2,2026-10-17,39,quantile,0.65,71
2026-10-03,wk inc flu hosp,2,2026-10-17,39,quantile,0.7,78
2026-10-03,wk inc flu hosp,2,2026-10-17,39,quantile,0.75,86
2026-10-03,wk inc flu hosp,2,2026-10-17,39,quantile,0.8,95
2026-10-03,wk inc flu hosp,2,2026-10-17,39,quantile,0.85,108
2026-10-03,wk inc flu hosp,2,2026-10-17,39,quantile,0.9,126
2026-10-03,wk inc flu hosp,2,2026-10-17,39,quantile,0.95,159
2026-10-03,wk inc flu hosp,2,2026-10-17,39,quantile,0.975,194
2026-10-03,wk inc flu hosp,2,2026-10-17,39,quantile,0.99,245
2026-10-03,wk inc flu hosp,3,2026-10-24,39,quantile,0.01,11
2026-10-03,wk inc flu hosp,3,2026-10-24,39,quantile,0.025,14
2026-10-03,wk inc flu hosp,3,2026-10-24,39,quantile,0.05,18
2026-10-03,wk inc flu hosp,3,2026-10-24,39,quantile,0.1,24
2026-10-03,wk inc flu hosp,3,2026-10-24,39,quantile,0.15,28
2026-10-03,wk inc flu hosp,3,2026-10-24,39,quantile,0.2,32
2026-10-03,wk inc flu hosp,3,2026-10-24,39,quantile,0.25,37
2026-10-03,wk inc flu hosp,3,2026-10-24,39,quantile,0.3,41
2026-10-03,wk inc flu hosp,3,2026-10-24,39,quantile,0.35,45
2026-10-03,wk inc flu hosp,3,2026-10-24,39,quantile,0.4,50
2026-10-03,wk inc flu hosp,3,2026-10-24,39,quantile,0.45,55
2026-10-03,wk inc flu hosp,3,2026-10-24,39,quantile,0.5,60
2026-10-03,wk inc flu hosp,3,2026-10-24,39,quantile,0.55,65
2026-10-03,wk inc flu hosp,3,2026-10-24,39,quantile,0.6,72
2026-10-03,wk inc flu hosp,3,2026-10-24,39,quantile,0.65,79
2026-10-03,wk inc flu hosp,3,2026-10-24,39,quantile,0.7,87
2026-10-03,wk inc flu hosp,3,2026-10-24,39,quantile,0.75,97
2026-10-03,wk inc flu hosp,3,2026-10-24,39,quantile,0.8,109
2026-10-03,wk inc flu hosp,3,2026-10-24,39,quantile,0.85,125
2026-10-03,wk inc flu hosp,3,2026-10-24,39,quantile,0.9,149
2026-10-03,wk inc flu hosp,3,2026-10-24,39,quantile,0.95,193
2026-10-03,wk inc flu hosp,3,2026-10-24,39,quantile,0.975,242
2026-10-03,wk inc flu hosp,3,2026-10-24,39,quantile,0.99,314
2026-10-03,wk inc flu hosp,0,2026-10-03,40,quantile,0.01,4
2026-10-03,wk inc flu hosp,0,2026-10-03,40,quantile,0.025,5
2026-10-03,wk inc flu hosp,0,2026-10-03,40,quantile,0.05,6
2026-10-03,wk inc flu hosp,0,2026-10-03,40,quantile,0.1,8
2026-10-03,wk inc flu hosp,0,2026-10-03,40,quantile,0.15,9
2026-10-03,wk inc flu hosp,0,2026-10-03,40,quantile,0.2,10
2026-10-03,wk inc flu hosp,0,2026-10-03,40,quantile,0.25,11
2026-10-03,wk inc flu hosp,0,2026-10-03,40,quantile,0.3,12
2026-10-03,wk inc flu hosp,0,2026-10-03,40,quantile,0.35,13
2026-10-03,wk inc flu hosp,0,2026-10-03,40,quantile,0.4,14
2026-10-03,wk inc flu hosp,0,2026-10-03,40,quantile,0.45,15
2026-10-03,wk inc flu hosp,0,2026-10-03,40,quantile,0.5,16
2026-10-03,wk inc flu hosp,0,2026-10-03,40,quantile,0.55,17
2026-10-03,wk inc flu hosp,0,2026-10-03,40,quantile,0.6,19
2026-10-03,wk inc flu hosp,0,2026-10-03,40,quantile,0.65,20
2026-10-03,wk inc flu hosp,0,2026-10-03,40,quantile,0.7,22
2026-10-03,wk inc flu hosp,0,2026-10-03,40,quantile,0.75,24
2026-10-03,wk inc flu hosp,0,2026-10-03,40,quantile,0.8,26
2026-10-03,wk inc flu hosp,0,2026-10-03,40,quantile,0.85,29
2026-10-03,wk inc flu hosp,0,2026-10-03,40,quantile,0.9,33
2026-10-03,wk inc flu hosp,0,2026-10-03,40,quantile,0.95,40
2026-10-03,wk inc flu hosp,0,2026-10-03,40,quantile,0.975,48
2026-10-03,wk inc flu hosp,0,2026-10-03,40,quantile,0.99,58
2026-10-03,wk inc flu hosp,1,2026-10-10,40,quantile,0.01,4
2026-10-03,wk inc flu hosp,1,2026-10-10,40,quantile,0.025,5
2026-10-03,wk inc flu hosp,1,2026-10-10,40,quantile,0.05,6
2026-10-03,wk inc flu hosp,1,2026-10-10,40,quantile,0.1,8
2026-10-03,wk inc flu hosp,1,2026-10-10,40,quantile,0.15,9
2026-10-03,wk inc flu hosp,1,2026-10-10,40,quantile,0.2,10
2026-10-03,wk inc flu hosp,1,2026-10-10,40,quantile,0.25,12
2026-10-03,wk inc flu hosp,1,2026-10-10,40,quantile,0.3,13
2026-10-03,wk inc flu hosp,1,2026-10-10,40,quantile,0.35,14
2026-10-03,wk inc flu hosp,1,2026-10-10,40,quantile,0.4,16
2026-10-03,wk inc flu hosp,1,2026-10-10,40,quantile,0.45,17
2026-10-03,wk inc flu hosp,1,2026-10-10,40,quantile,0.5,18
2026-10-03,wk inc flu hosp,1,2026-10-10,40,quantile,0.55,20
2026-10-03,wk inc flu hosp,1,2026-10-10,40,quantile,0.6,22
2026-10-03,wk inc flu hosp,1,2026-10-10,40,quantile,0.65,23
2026-10-03,wk inc flu hosp,1,2026-10-10,40,quantile,0.7,26
2026-10-03,wk inc flu hosp,1,2026-10-10,40,quantile,0.75,28
2026-10-03,wk inc flu hosp,1,2026-10-10,40,quantile,0.8,31
2026-10-03,wk inc flu hosp,1,2026-10-10,40,quantile,0.85,36
2026-10-03,wk inc flu hosp,1,2026-10-10,40,quantile,0.9,42
2026-10-03,wk inc flu hosp,1,2026-10-10,40,quantile,0.95,52
2026-10-03,wk inc flu hosp,1,2026-10-10,40,quantile,0.975,64
2026-10-03,wk inc flu hosp,1,2026-10-10,40,quantile,0.99,80
2026-10-03,wk inc flu hosp,2,2026-10-17,40,quantile,0.01,3
2026-10-03,wk inc flu hosp,2,2026-10-17,40,quantile,0.025,5
2026-10-03,wk inc flu hosp,2,2026-10-17,40,quantile,0.05,6
2026-10-03,wk inc flu hosp,2,2026-10-17,40,quantile,0.1,8
2026-10-03,wk inc flu hosp,2,2026-10-17,40,quantile,0.15,10
2026-10-03,wk inc flu hosp,2,2026-10-17,40,quantile,0.2,11
2026-10-03,wk inc flu hosp,2,2026-10-17,40,quantile,0.25,13
2026-10-03,wk inc flu hosp,2,2026-10-17,40,quantile,0.3,14
2026-10-03,wk inc flu hosp,2,2026-10-17,40,quantile,0.35,16
2026-10-03,wk inc flu hosp,2,2026-10-17,40,quantile,0.4,18
2026-10-03,wk inc flu hosp,2,2026-10-17,40,quantile,0.45,19
2026-10-03,wk inc flu hosp,2,2026-10-17,40,quantile,0.5,21
2026-10-03,wk inc flu hosp,2,2026-10-17,40,quantile,0.55,23
2026-10-03,wk inc flu hosp,2,2026-10-17,40,quantile,0.6,26
2026-10-03,wk inc flu hosp,2,2026-10-17,40,quantile,0.65,28
2026-10-03,wk inc flu hosp,2,2026-10-17,40,quantile,0.7,31
2026-10-03,wk inc flu hosp,2,2026-10-17,40,quantile,0.75,35
2026-10-03,wk inc flu hosp,2,2026-10-17,40,quantile,0.8,40
2026-10-03,wk inc flu hosp,2,2026-10-17,40,quantile,0.85,46
2026-10-03,wk inc flu hosp,2,2026-10-17,40,quantile,0.9,55
2026-10-03,wk inc flu hosp,2,2026-10-17,40,quantile,0.95,71
2026-10-03,wk inc flu hosp,2,2026-10-17,40,quantile,0.975,90
2026-10-03,wk inc flu hosp,2,2026-10-17,40,quantile,0.99,117
2026-10-03,wk inc flu hosp,3,2026-10-24,40,quantile,0.01,3
2026-10-03,wk inc flu hosp,3,2026-10-24,40,quantile,0.025,4
2026-10-03,wk inc flu hosp,3,2026-10-24,40,quantile,0.05,6
2026-10-03,wk inc flu hosp,3,2026-10-24,40,quantile,0.1,8
2026-10-03,wk inc flu hosp,3,2026-10-24,40,quantile,0.15,10
2026-10-03,wk inc flu hosp,3,2026-10-24,40,quantile,0.2,12
2026-10-03,wk inc flu hosp,3,2026-10-24,40,quantile,0.25,14
2026-10-03,wk inc flu hosp,3,2026-10-24,40,quantile,0.3,16
2026-10-03,wk inc flu hosp,3,2026-10-24,40,quantile,0.35,18
2026-10-03,wk inc flu hosp,3,2026-10-24,40,quantile,0.4,20
2026-10-03,wk inc flu hosp,3,2026-10-24,40,quantile,0.45,22
2026-10-03,wk inc flu hosp,3,2026-10-24,40,quantile,0.5,24
2026-10-03,wk inc flu hosp,3,2026-10-24,40,quantile,0.55,27
2026-10-03,wk inc flu hosp,3,2026-10-24,40,quantile,0.6,30
2026-10-03,wk inc flu hosp,3,2026-10-24,40,quantile,0.65,33
2026-10-03,wk inc flu hosp,3,2026-10-24,40,quantile,0.7,38
2026-10-03,wk inc flu hosp,3,2026-10-24,40,quantile,0.75,42
2026-10-03,wk inc flu hosp,3,2026-10-24,40,quantile,0.8,49
2026-10-03,wk inc flu hosp,3,2026-10-24,40,quantile,0.85,57
2026-10-03,wk inc flu hosp,3,2026-10-24,40,quantile,0.9,70
2026-10-03,wk inc flu hosp,3,2026-10-24,40,quantile,0.95,93
2026-10-03,wk inc flu hosp,3,2026-10-24,40,quantile,0.975,120
2026-10-03,wk inc flu hosp,3,2026-10-24,40,quantile,0.99,162
2026-10-03,wk inc flu hosp,0,2026-10-03,41,quantile,0.01,10
2026-10-03,wk inc flu hosp,0,2026-10-03,41,quantile,0.025,12
2026-10-03,wk inc flu hosp,0,2026-10-03,41,quantile,0.05,14
2026-10-03,wk inc flu hosp,0,2026-10-03,41,quantile,0.1,17
2026-10-03,wk inc flu hosp,0,2026-10-03,41,quantile,0.15,19
2026-10-03,wk inc flu hosp,0,2026-10-03,41,quantile,0.2,21
2026-10-03,wk inc flu hosp,0,2026-10-03,41,quantile,0.25,23
2026-10-03,wk inc flu hosp,0,2026-10-03,41,quantile,0.3,25
2026-10-03,wk inc flu hosp,0,2026-10-03,41,quantile,0.35,26
2026-10-03,wk inc flu hosp,0,2026-10-03,41,quantile,0.4,28
2026-10-03,wk inc flu hosp,0,2026-10-03,41,quantile,0.45,30
2026-10-03,wk inc flu hosp,0,2026-10-03,41,quantile,0.5,32
2026-10-03,wk inc flu hosp,0,2026-10-03,41,quantile,0.55,34
2026-10-03,wk inc flu hosp,0,2026-10-03,41,quantile,0.6,36
2026-10-03,wk inc flu hosp,0,2026-10-03,41,quantile,0.65,39
2026-10-03,wk inc flu hosp,0,2026-10-03,41,quantile,0.7,42
2026-10-03,wk inc flu hosp,0,2026-10-03,41,quantile,0.75,45
2026-10-03,wk inc flu hosp,0,2026-10-03,41,quantile,0.8,49
2026-10-03,wk inc flu hosp,0,2026-10-03,41,quantile,0.85,54
2026-10-03,wk inc flu hosp,0,2026-10-03,41,quantile,0.9,61
2026-10-03,wk inc flu hosp,0,2026-10-03,41,quantile,0.95,73
2026-10-03,wk inc flu hosp,0,2026-10-03,41,quantile,0.975,85
2026-10-03,wk inc flu hosp,0,2026-10-03,41,quantile,0.99,102
2026-10-03,wk inc flu hosp,1,2026-10-10,41,quantile,0.01,9
2026-10-03,wk inc flu hosp,1,2026-10-10,41,quantile,0.025,11
2026-10-03,wk inc flu hosp,1,2026-10-10,41,quantile,0.05,13
2026-10-03,wk inc flu hosp,1,2026-10-10,41,quantile,0.1,16
2026-10-03,wk inc flu hosp,1,2026-10-10,41,quantile,0.15,19
2026-10-03,wk inc flu hosp,1,2026-10-10,41,quantile,0.2,21
2026-10-03,wk inc flu hosp,1,2026-10-10,41,quantile,0.25,24
2026-10-03,wk inc flu hosp,1,2026-10-10,41,quantile,0.3,26
2026-10-03,wk inc flu hosp,1,2026-10-10,41,quantile,0.35,28
2026-10-03,wk inc flu hosp,1,2026-10-10,41,quantile,0.4,30
2026-10-03,wk inc flu hosp,1,2026-10-10,41,quantile,0.45,33
2026-10-03,wk inc flu hosp,1,2026-10-10,41,quantile,0.5,35
2026-10-03,wk inc flu hosp,1,2026-10-10,41,quantile,0.55,38
2026-10-03,wk inc flu hosp,1,2026-10-10,41,quantile,0.6,41
2026-10-03,wk inc flu hosp,1,2026-10-10,41,quantile,0.65,44
2026-10-03,wk inc flu hosp,1,2026-10-10,41,quantile,0.7,47
2026-10-03,wk inc flu hosp,1,2026-10-10,41,quantile,0.75,52
2026-10-03,wk inc flu hosp,1,2026-10-10,41,quantile,0.8,57
2026-10-03,wk inc flu hosp,1,2026-10-10,41,quantile,0.85,64
2026-10-03,wk inc flu hosp,1,2026-10-10,41,quantile,0.9,73
2026-10-03,wk inc flu hosp,1,2026-10-10,41,quantile,0.95,90
2026-10-03,wk inc flu hosp,1,2026-10-10,41,quantile,0.975,108
2026-10-03,wk inc flu hosp,1,2026-10-10,41,quantile,0.99,133
2026-10-03,wk inc flu hosp,2,2026-10-17,41,quantile,0.01,7
2026-10-03,wk inc flu hosp,2,2026-10-17,41,quantile,0.025,10
2026-10-03,wk inc flu hosp,2,2026-10-17,41,quantile,0.05,12
2026-10-03,wk inc flu hosp,2,2026-10-17,41,quantile,0.1,16
2026-10-03,wk inc flu hosp,2,2026-10-17,41,quantile,0.15,19
2026-10-03,wk inc flu hosp,2,2026-10-17,41,quantile,0.2,21
2026-10-03,wk inc flu hosp,2,2026-10-17,41,quantile,0.25,24
2026-10-03,wk inc flu hosp,2,2026-10-17,41,quantile,0.3,26
2026-10-03,wk inc flu hosp,2,2026-10-17,41,quantile,0.35,29
2026-10-03,wk inc flu hosp,2,2026-10-17,41,quantile,0.4,32
2026-10-03,wk inc flu hosp,2,2026-10-17,41,quantile,0.45,34
2026-10-03,wk inc flu hosp,2,2026-10-17,41,quantile,0.5,37
2026-10-03,wk inc flu hosp,2,2026-10-17,41,quantile,0.55,41
2026-10-03,wk inc flu hosp,2,2026-10-17,41,quantile,0.6,44
2026-10-03,wk inc flu hosp,2,2026-10-17,41,quantile,0.65,49
2026-10-03,wk inc flu hosp,2,2026-10-17,41,quantile,0.7,53
2026-10-03,wk inc flu hosp,2,2026-10-17,41,quantile,0.75,59
2026-10-03,wk inc flu hosp,2,2026-10-17,41,quantile,0.8,66
2026-10-03,wk inc flu hosp,2,2026-10-17,41,quantile,0.85,75
2026-10-03,wk inc flu hosp,2,2026-10-17,41,quantile,0.9,88
2026-10-03,wk inc flu hosp,2,2026-10-17,41,quantile,0.95,112
2026-10-03,wk inc flu hosp,2,2026-10-17,41,quantile,0.975,138
2026-10-03,wk inc flu hosp,2,2026-10-17,41,quantile,0.99,175
2026-10-03,wk inc flu hosp,3,2026-10-24,41,quantile,0.01,6
2026-10-03,wk inc flu hosp,3,2026-10-24,41,quantile,0.025,9
2026-10-03,wk inc flu hosp,3,2026-10-24,41,quantile,0.05,11
2026-10-03,wk inc flu hosp,3,2026-10-24,41,quantile,0.1,15
2026-10-03,wk inc flu hosp,3,2026-10-24,41,quantile,0.15,18
2026-10-03,wk inc flu hosp,3,2026-10-24,41,quantile,0.2,21
2026-10-03,wk inc flu hosp,3,2026-10-24,41,quantile,0.25,24
2026-10-03,wk inc flu hosp,3,2026-10-24,41,quantile,0.3,26
2026-10-03,wk inc flu hosp,3,2026-10-24,41,quantile,0.35,29
2026-10-03,wk inc flu hosp,3,2026-10-24,41,quantile,0.4,32
2026-10-03,wk inc flu hosp,3,2026-10-24,41,quantile,0.45,36
2026-10-03,wk inc flu hosp,3,2026-10-24,41,quantile,0.5,39
2026-10-03,wk inc flu hosp,3,2026-10-24,41,quantile,0.55,43
2026-10-03,wk inc flu hosp,3,2026-10-24,41,quantile,0.6,47
2026-10-03,wk inc flu hosp,3,2026-10-24,41,quantile,0.65,52
2026-10-03,wk inc flu hosp,3,2026-10-24,41,quantile,0.7,58
2026-10-03,wk inc flu hosp,3,2026-10-24,41,quantile,0.75,65
2026-10-03,wk inc flu hosp,3,2026-10-24,41,quantile,0.8,74
2026-10-03,wk inc flu hosp,3,2026-10-24,41,quantile,0.85,85
2026-10-03,wk inc flu hosp,3,2026-10-24,41,quantile,0.9,102
2026-10-03,wk inc flu hosp,3,2026-10-24,41,quantile,0.95,133
2026-10-03,wk inc flu hosp,3,2026-10-24,41,quantile,0.975,168
2026-10-03,wk inc flu hosp,3,2026-10-24,41,quantile,0.99,220
2026-10-03,wk inc flu hosp,0,2026-10-03,42,quantile,0.01,79
2026-10-03,wk inc flu hosp,0,2026-10-03,42,quantile,0.025,92
2026-10-03,wk inc flu hosp,0,2026-10-03,42,quantile,0.05,106
2026-10-03,wk inc flu hosp,0,2026-10-03,42,quantile,0.1,123
2026-10-03,wk inc flu hosp,0,2026-10-03,42,quantile,0.15,137
2026-10-03,wk inc flu hosp,0,2026-10-03,42,quantile,0.2,149
2026-10-03,wk inc flu hosp,0,2026-10-03,42,quantile,0.25,159
2026-10-03,wk inc flu hosp,0,2026-10-03,42,quantile,0.3,170
2026-10-03,wk inc flu hosp,0,2026-10-03,42,quantile,0.35,180
2026-10-03,wk inc flu hosp,0,2026-10-03,42,quantile,0.4,190
2026-10-03,wk inc flu hosp,0,2026-10-03,42,quantile,0.45,201
2026-10-03,wk inc flu hosp,0,2026-10-03,42,quantile,0.5,212
2026-10-03,wk inc flu hosp,0,2026-10-03,42,quantile,0.55,224
2026-10-03,wk inc flu hosp,0,2026-10-03,42,quantile,0.6,236
2026-10-03,wk inc flu hosp,0,2026-10-03,42,quantile,0.65,249
2026-10-03,wk inc flu hosp,0,2026-10-03,42,quantile,0.7,265
2026-10-03,wk inc flu hosp,0,2026-10-03,42,quantile,0.75,282
2026-10-03,wk inc flu hosp,0,2026-10-03,42,quantile,0.8,302
2026-10-03,wk inc flu hosp,0,2026-10-03,42,quantile,0.85,328
2026-10-03,wk inc flu hosp,0,2026-10-03,42,quantile,0.9,364
2026-10-03,wk inc flu hosp,0,2026-10-03,42,quantile,0.95,424
2026-10-03,wk inc flu hosp,0,2026-10-03,42,quantile,0.975,484
2026-10-03,wk inc flu hosp,0,2026-10-03,42,quantile,0.99,565
2026-10-03,wk inc flu hosp,1,2026-10-10,42,quantile,0.01,72
2026-10-03,wk inc flu hosp,1,2026-10-10,42,quantile,0.025,86
2026-10-03,wk inc flu hosp,1,2026-10-10,42,quantile,0.05,100
2026-10-03,wk inc flu hosp,1,2026-10-10,42,quantile,0.1,120
2026-10-03,wk inc flu hosp,1,2026-10-10,42,quantile,0.15,135
2026-10-03,wk inc flu hosp,1,2026-10-10,42,quantile,0.2,149
2026-10-03,wk inc flu hosp,1,2026-10-10,42,quantile,0.25,162
2026-10-03,wk inc flu hosp,1,2026-10-10,42,quantile,0.3,174
2026-10-03,wk inc flu hosp,1,2026-10-10,42,quantile,0.35,186
2026-10-03,wk inc flu hosp,1,2026-10-10,42,quantile,0.4,199
2026-10-03,wk inc flu hosp,1,2026-10-10,42,quantile,0.45,212
2026-10-03,wk inc flu hosp,1,2026-10-10,42,quantile,0.5,225
2026-10-03,wk inc flu hosp,1,2026-10-10,42,quantile,0.55,239
2026-10-03,wk inc flu hosp,1,2026-10-10,42,quantile,0.6,255
2026-10-03,wk inc flu hosp,1,2026-10-10,42,quantile,0.65,272
2026-10-03,wk inc flu hosp,1,2026-10-10,42,quantile,0.7,291
2026-10-03,wk inc flu hosp,1,2026-10-10,42,quantile,0.75,313
2026-10-03,wk inc flu hosp,1,2026-10-10,42,quantile,0.8,340
2026-10-03,wk inc flu hosp,1,2026-10-10,42,quantile,0.85,374
2026-10-03,wk inc flu hosp,1,2026-10-10,42,quantile,0.9,422
2026-10-03,wk inc flu hosp,1,2026-10-10,42,quantile,0.95,504
2026-10-03,wk inc flu hosp,1,2026-10-10,42,quantile,0.975,588
2026-10-03,wk inc flu hosp,1,2026-10-10,42,quantile,0.99,704
2026-10-03,wk inc flu hosp,2,2026-10-17,42,quantile,0.01,64
2026-10-03,wk inc flu hosp,2,2026-10-17,42,quantile,0.025,79
2026-10-03,wk inc flu hosp,2,2026-10-17,42,quantile,0.05,95
2026-10-03,wk inc flu hosp,2,2026-10-17,42,quantile,0.1,117
2026-10-03,wk inc flu hosp,2,2026-10-17,42,quantile,0.15,135
2026-10-03,wk inc flu hosp,2,2026-10-17,42,quantile,0.2,150
2026-10-03,wk inc flu hosp,2,2026-10-17,42,quantile,0.25,165
2026-10-03,wk inc flu hosp,2,2026-10-17,42,quantile,0.3,180
2026-10-03,wk inc flu hosp,2,2026-10-17,42,quantile,0.35,195
2026-10-03,wk inc flu hosp,2,2026-10-17,42,quantile,0.4,210
2026-10-03,wk inc flu hosp,2,2026-10-17,42,quantile,0.45,226
2026-10-03,wk inc flu hosp,2,2026-10-17,42,quantile,0.5,243
2026-10-03,wk inc flu hosp,2,2026-10-17,42,quantile,0.55,260
2026-10-03,wk inc flu hosp,2,2026-10-17,42,quantile,0.6,280
2026-10-03,wk inc flu hosp,2,2026-10-17,42,quantile,0.65,302
2026-10-03,wk inc flu hosp,2,2026-10-17,42,quantile,0.7,327
2026-10-03,wk inc flu hosp,2,2026-10-17,42,quantile,0.75,355
2026-10-03,wk inc flu hosp,2,2026-10-17,42,quantile,0.8,391
2026-10-03,wk inc flu hosp,2,2026-10-17,42,quantile,0.85,436
2026-10-03,wk inc flu hosp,2,2026-10-17,42,quantile,0.9,501
2026-10-03,wk inc flu hosp,2,2026-10-17,42,quantile,0.95,616
2026-10-03,wk inc flu hosp,2,2026-10-17,42,quantile,0.975,736
2026-10-03,wk inc flu hosp,2,2026-10-17,42,quantile,0.99,906
2026-10-03,wk inc flu hosp,3,2026-10-24,42,quantile,0.01,59
2026-10-03,wk inc flu hosp,3,2026-10-24,42,quantile,0.025,74
2026-10-03,wk inc flu hosp,3,2026-10-24,42,quantile,0.05,91
2026-10-03,wk inc flu hosp,3,2026-10-24,42,quantile,0.1,114
2026-10-03,wk inc flu hosp,3,2026-10-24,42,quantile,0.15,133
2026-10-03,wk inc flu hosp,3,2026-10-24,42,quantile,0.2,151
2026-10-03,wk inc flu hosp,3,2026-10-24,42,quantile,0.25,168
2026-10-03,wk inc flu hosp,3,2026-10-24,42,quantile,0.3,185
2026-10-03,wk inc flu hosp,3,2026-10-24,42,quantile,0.35,202
2026-10-03,wk inc flu hosp,3,2026-10-24,42,quantile,0.4,220
2026-10-03,wk inc flu hosp,3,2026-10-24,42,quantile,0.45,238
2026-10-03,wk inc flu hosp,3,2026-10-24,42,quantile,0.5,258
2026-10-03,wk inc flu hosp,3,2026-10-24,42,quantile,0.55,279
2026-10-03,wk inc flu hosp,3,2026-10-24,42,quantile,0.6,303
2026-10-03,wk inc flu hosp,3,2026-10-24,42,quantile,0.65,329
2026-10-03,wk inc flu hosp,3,2026-10-24,42,quantile,0.7,359
2026-10-03,wk inc flu hosp,3,2026-10-24,42,quantile,0.75,395
2026-10-03,wk inc flu hosp,3,2026-10-24,42,quantile,0.8,440
2026-10-03,wk inc flu hosp,3,2026-10-24,42,quantile,0.85,497
2026-10-03,wk inc flu hosp,3,2026-10-24,42,quantile,0.9,581
2026-10-03,wk inc flu hosp,3,2026-10-24,42,quantile,0.95,731
2026-10-03,wk inc flu hosp,3,2026-10-24,42,quantile,0.975,892
2026-10-03,wk inc flu hosp,3,2026-10-24,42,quantile,0.99,1125
2026-10-03,wk inc flu hosp,0,2026-10-03,44,quantile,0.01,0
2026-10-03,wk inc flu hosp,0,2026-10-03,44,quantile,0.025,0
2026-10-03,wk inc flu hosp,0,2026-10-03,44,quantile,0.05,1
2026-10-03,wk inc flu hosp,0,2026-10-03,44,quantile,0.1,1
2026-10-03,wk inc flu hosp,0,2026-10-03,44,quantile,0.15,1
2026-10-03,wk inc flu hosp,0,2026-10-03,44,quantile,0.2,2
2026-10-03,wk inc flu hosp,0,2026-10-03,44,quantile,0.25,2
2026-10-03,wk inc flu hosp,0,2026-10-03,44,quantile,0.3,2
2026-10-03,wk inc flu hosp,0,2026-10-03,44,quantile,0.35,3
2026-10-03,wk inc flu hosp,0,2026-10-03,44,quantile,0.4,3
2026-10-03,wk inc flu hosp,0,2026-10-03,44,quantile,0.45,3
2026-10-03,wk inc flu hosp,0,2026-10-03,44,quantile,0.5,3
2026-10-03,wk inc flu hosp,0,2026-10-03,44,quantile,0.55,4
2026-10-03,wk inc flu hosp,0,2026-10-03,44,quantile,0.6,4
2026-10-03,wk inc flu hosp,0,2026-10-03,44,quantile,0.65,5
2026-10-03,wk inc flu hosp,0,2026-10-03,44,quantile,0.7,5
2026-10-03,wk inc flu hosp,0,2026-10-03,44,quantile,0.75,6
2026-10-03,wk inc flu hosp,0,2026-10-03,44,quantile,0.8,6
2026-10-03,wk inc flu hosp,0,2026-10-03,44,quantile,0.85,7
2026-10-03,wk inc flu hosp,0,2026-10-03,44,quantile,0.9,8
2026-10-03,wk inc flu hosp,0,2026-10-03,44,quantile,0.95,11
2026-10-03,wk inc flu hosp,0,2026-10-03,44,quantile,0.975,13
2026-10-03,wk inc flu hosp,0,2026-10-03,44,quantile,0.99,16
2026-10-03,wk inc flu hosp,1,2026-10-10,44,quantile,0.01,0
2026-10-03,wk inc flu hosp,1,2026-10-10,44,quantile,0.025,0
2026-10-03,wk inc flu hosp,1,2026-10-10,44,quantile,0.05,1
2026-10-03,wk inc flu hosp,1,2026-10-10,44,quantile,0.1,1
2026-10-03,wk inc flu hosp,1,2026-10-10,44,quantile,0.15,1
2026-10-03,wk inc flu hosp,1,2026-10-10,44,quantile,0.2,2
2026-10-03,wk inc flu hosp,1,2026-10-10,44,quantile,0.25,2
2026-10-03,wk inc flu hosp,1,2026-10-10,44,quantile,0.3,2
2026-10-03,wk inc flu hosp,1,2026-10-10,44,quantile,0.35,3
2026-10-03,wk inc flu hosp,1,2026-10-10,44,quantile,0.4,3
2026-10-03,wk inc flu hosp,1,2026-10-10,44,quantile,0.45,4
2026-10-03,wk inc flu hosp,1,2026-10-10,44,quantile,0.5,4
2026-10-03,wk inc flu hosp,1,2026-10-10,44,quantile,0.55,4
2026-10-03,wk inc flu hosp,1,2026-10-10,44,quantile,0.6,5
2026-10-03,wk inc flu hosp,1,2026-10-10,44,quantile,0.65,5
2026-10-03,wk inc flu hosp,1,2026-10-10,44,quantile,0.7,6
2026-10-03,wk inc flu hosp,1,2026-10-10,44,quantile,0.75,7
2026-10-03,wk inc flu hosp,1,2026-10-10,44,quantile,0.8,8
2026-10-03,wk inc flu hosp,1,2026-10-10,44,quantile,0.85,9
2026-10-03,wk inc flu hosp,1,2026-10-10,44,quantile,0.9,11
2026-10-03,wk inc flu hosp,1,2026-10-10,44,quantile,0.95,14
2026-10-03,wk inc flu hosp,1,2026-10-10,44,quantile,0.975,18
2026-10-03,wk inc flu hosp,1,2026-10-10,44,quantile,0.99,23
2026-10-03,wk inc flu hosp,2,2026-10-17,44,quantile,0.01,0
2026-10-03,wk inc flu hosp,2,2026-10-17,44,quantile,0.025,0
2026-10-03,wk inc flu hosp,2,2026-10-17,44,quantile,0.05,1
2026-10-03,wk inc flu hosp,2,2026-10-17,44,quantile,0.1,1
2026-10-03,wk inc flu hosp,2,2026-10-17,44,quantile,0.15,2
2026-10-03,wk inc flu hosp,2,2026-10-17,44,quantile,0.2,2
2026-10-03,wk inc flu hosp,2,2026-10-17,44,quantile,0.25,2
2026-10-03,wk inc flu hosp,2,2026-10-17,44,quantile,0.3,3
2026-10-03,wk inc flu hosp,2,2026-10-17,44,quantile,0.35,3
2026-10-03,wk inc flu hosp,2,2026-10-17,44,quantile,0.4,4
2026-10-03,wk inc flu hosp,2,2026-10-17,44,quantile,0.45,4
2026-10-03,wk inc flu hosp,2,2026-10-17,44,quantile,0.5,5
2026-10-03,wk inc flu hosp,2,2026-10-17,44,quantile,0.55,5
2026-10-03,wk inc flu hosp,2,2026-10-17,44,quantile,0.6,6
2026-10-03,wk inc flu hosp,2,2026-10-17,44,quantile,0.65,7
2026-10-03,wk inc flu hosp,2,2026-10-17,44,quantile,0.7,8
2026-10-03,wk inc flu hosp,2,2026-10-17,44,quantile,0.75,9
2026-10-03,wk inc flu hosp,2,2026-10-17,44,quantile,0.8,10
2026-10-03,wk inc flu hosp,2,2026-10-17,44,quantile,0.85,12
2026-10-03,wk inc flu hosp,2,2026-10-17,44,quantile,0.9,14
2026-10-03,wk inc flu hosp,2,2026-10-17,44,quantile,0.95,20
2026-10-03,wk inc flu hosp,2,2026-10-17,44,quantile,0.975,25
2026-10-03,wk inc flu hosp,2,2026-10-17,44,quantile,0.99,34
2026-10-03,wk inc flu hosp,3,2026-10-24,44,quantile,0.01,0
2026-10-03,wk inc flu hosp,3,2026-10-24,44,quantile,0.025,0
2026-10-03,wk inc flu hosp,3,2026-10-24,44,quantile,0.05,1
2026-10-03,wk inc flu hosp,3,2026-10-24,44,quantile,0.1,1
2026-10-03,wk inc flu hosp,3,2026-10-24,44,quantile,0.15,2
2026-10-03,wk inc flu hosp,3,2026-10-24,44,quantile,0.2,2
2026-10-03,wk inc flu hosp,3,2026-10-24,44,quantile,0.25,3
2026-10-03,wk inc flu hosp,3,2026-10-24,44,quantile,0.3,3
2026-10-03,wk inc flu hosp,3,2026-10-24,44,quantile,0.35,4
2026-10-03,wk inc flu hosp,3,2026-10-24,44,quantile,0.4,4
2026-10-03,wk inc flu hosp,3,2026-10-24,44,quantile,0.45,5
2026-10-03,wk inc flu hosp,3,2026-10-24,44,quantile,0.5,5
2026-10-03,wk inc flu hosp,3,2026-10-24,44,quantile,0.55,6
2026-10-03,wk inc flu hosp,3,2026-10-24,44,quantile,0.6,7
2026-10-03,wk inc flu hosp,3,2026-10-24,44,quantile,0.65,8
2026-10-03,wk inc flu hosp,3,2026-10-24,44,quantile,0.7,9
2026-10-03,wk inc flu hosp,3,2026-10-24,44,quantile,0.75,11
2026-10-03,wk inc flu hosp,3,2026-10-24,44,quantile,0.8,12
2026-10-03,wk inc flu hosp,3,2026-10-24,44,quantile,0.85,15
2026-10-03,wk inc flu hosp,3,2026-10-24,44,quantile,0.9,19
2026-10-03,wk inc flu hosp,3,2026-10-24,44,quantile,0.95,26
2026-10-03,wk inc flu hosp,3,2026-10-24,44,quantile,0.975,35
2026-10-03,wk inc flu hosp,3,2026-10-24,44,quantile,0.99,48
2026-10-03,wk inc flu hosp,0,2026-10-03,45,quantile,0.01,9
2026-10-03,wk inc flu hosp,0,2026-10-03,45,quantile,0.025,11
2026-10-03,wk inc flu hosp,0,2026-10-03,45,quantile,0.05,14
2026-10-03,wk inc flu hosp,0,2026-10-03,45,quantile,0.1,16
2026-10-03,wk inc flu hosp,0,2026-10-03,45,quantile,0.15,19
2026-10-03,wk inc flu hosp,0,2026-10-03,45,quantile,0.2,20
2026-10-03,wk inc flu hosp,0,2026-10-03,45,quantile,0.25,22
2026-10-03,wk inc flu hosp,0,2026-10-03,45,quantile,0.3,24
2026-10-03,wk inc flu hosp,0,2026-10-03,45,quantile,0.35,26
2026-10-03,wk inc flu hosp,0,2026-10-03,45,quantile,0.4,28
2026-10-03,wk inc flu hosp,0,2026-10-03,45,quantile,0.45,29
2026-10-03,wk inc flu hosp,0,2026-10-03,45,quantile,0.5,31
2026-10-03,wk inc flu hosp,0,2026-10-03,45,quantile,0.55,33
2026-10-03,wk inc flu hosp,0,2026-10-03,45,quantile,0.6,36
2026-10-03,wk inc flu hosp,0,2026-10-03,45,quantile,0.65,38
2026-10-03,wk inc flu hosp,0,2026-10-03,45,quantile,0.7,41
2026-10-03,wk inc flu hosp,0,2026-10-03,45,quantile,0.75,44
2026-10-03,wk inc flu hosp,0,2026-10-03,45,quantile,0.8,48
2026-10-03,wk inc flu hosp,0,2026-10-03,45,quantile,0.85,53
2026-10-03,wk inc flu hosp,0,2026-10-03,45,quantile,0.9,60
2026-10-03,wk inc flu hosp,0,2026-10-03,45,quantile,0.95,71
2026-10-03,wk inc flu hosp,0,2026-10-03,45,quantile,0.975,84
2026-10-03,wk inc flu hosp,0,2026-10-03,45,quantile,0.99,100
2026-10-03,wk inc flu hosp,1,2026-10-10,45,quantile,0.01,8
2026-10-03,wk inc flu hosp,1,2026-10-10,45,quantile,0.025,11
2026-10-03,wk inc flu hosp,1,2026-10-10,45,quantile,0.05,13
2026-10-03,wk inc flu hosp,1,2026-10-10,45,quantile,0.1,16
2026-10-03,wk inc flu hosp,1,2026-10-10,45,quantile,0.15,19
2026-10-03,wk inc flu hosp,1,2026-10-10,45,quantile,0.2,21
2026-10-03,wk inc flu hosp,1,2026-10-10,45,quantile,0.25,23
2026-10-03,wk inc flu hosp,1,2026-10-10,45,quantile,0.3,25
2026-10-03,wk inc flu hosp,1,2026-10-10,45,quantile,0.35,27
2026-10-03,wk inc flu hosp,1,2026-10-10,45,quantile,0.4,30
2026-10-03,wk inc flu hosp,1,2026-10-10,45,quantile,0.45,32
2026-10-03,wk inc flu hosp,1,2026-10-10,45,quantile,0.5,34
2026-10-03,wk inc flu hosp,1,2026-10-10,45,quantile,0.55,37
2026-10-03,wk inc flu hosp,1,2026-10-10,45,quantile,0.6,40
2026-10-03,wk inc flu hosp,1,2026-10-10,45,quantile,0.65,43
2026-10-03,wk inc flu hosp,1,2026-10-10,45,quantile,0.7,47
2026-10-03,wk inc flu hosp,1,2026-10-10,45,quantile,0.75,51
2026-10-03,wk inc flu hosp,1,2026-10-10,45,quantile,0.8,56
2026-10-03,wk inc flu hosp,1,2026-10-10,45,quantile,0.85,63
2026-10-03,wk inc flu hosp,1,2026-10-10,45,quantile,0.9,72
2026-10-03,wk inc flu hosp,1,2026-10-10,45,quantile,0.95,89
2026-10-03,wk inc flu hosp,1,2026-10-10,45,quantile,0.975,107
2026-10-03,wk inc flu hosp,1,2026-10-10,45,quantile,0.99,132
2026-10-03,wk inc flu hosp,2,2026-10-17,45,quantile,0.01,7
2026-10-03,wk inc flu hosp,2,2026-10-17,45,quantile,0.025,10
2026-10-03,wk inc flu hosp,2,2026-10-17,45,quantile,0.05,12
2026-10-03,wk inc flu hosp,2,2026-10-17,45,quantile,0.1,16
2026-10-03,wk inc flu hosp,2,2026-10-17,45,quantile,0.15,19
2026-10-03,wk inc flu hosp,2,2026-10-17,45,quantile,0.2,21
2026-10-03,wk inc flu hosp,2,2026-10-17,45,quantile,0.25,24
2026-10-03,wk inc flu hosp,2,2026-10-17,45,quantile,0.3,26
2026-10-03,wk inc flu hosp,2,2026-10-17,45,quantile,0.35,29
2026-10-03,wk inc flu hosp,2,2026-10-17,45,quantile,0.4,32
2026-10-03,wk inc flu hosp,2,2026-10-17,45,quantile,0.45,35
2026-10-03,wk inc flu hosp,2,2026-10-17,45,quantile,0.5,38
2026-10-03,wk inc flu hosp,2,2026-10-17,45,quantile,0.55,41
2026-10-03,wk inc flu hosp,2,2026-10-17,45,quantile,0.6,45
2026-10-03,wk inc flu hosp,2,2026-10-17,45,quantile,0.65,49
2026-10-03,wk inc flu hosp,2,2026-10-17,45,quantile,0.7,53
2026-10-03,wk inc flu hosp,2,2026-10-17,45,quantile,0.75,59
2026-10-03,wk inc flu hosp,2,2026-10-17,45,quantile,0.8,66
2026-10-03,wk inc flu hosp,2,2026-10-17,45,quantile,0.85,75
2026-10-03,wk inc flu hosp,2,2026-10-17,45,quantile,0.9,89
2026-10-03,wk inc flu hosp,2,2026-10-17,45,quantile,0.95,113
2026-10-03,wk inc flu hosp,2,2026-10-17,45,quantile,0.975,139
2026-10-03,wk inc flu hosp,2,2026-10-17,45,quantile,0.99,177
2026-10-03,wk inc flu hosp,3,2026-10-24,45,quantile,0.01,7
2026-10-03,wk inc flu hosp,3,2026-10-24,45,quantile,0.025,9
2026-10-03,wk inc flu hosp,3,2026-10-24,45,quantile,0.05,11
2026-10-03,wk inc flu hosp,3,2026-10-24,45,quantile,0.1,15
2026-10-03,wk inc flu hosp,3,2026-10-24,45,quantile,0.15,18
2026-10-03,wk inc flu hosp,3,2026-10-24,45,quantile,0.2,21
2026-10-03,wk inc flu hosp,3,2026-10-24,45,quantile,0.25,24
2026-10-03,wk inc flu hosp,3,2026-10-24,45,quantile,0.3,27
2026-10-03,wk inc flu hosp,3,2026-10-24,45,quantile,0.35,30
2026-10-03,wk inc flu hosp,3,2026-10-24,45,quantile,0.4,34
2026-10-03,wk inc flu hosp,3,2026-10-24,45,quantile,0.45,37
2026-10-03,wk inc flu hosp,3,2026-10-24,45,quantile,0.5,41
2026-10-03,wk inc flu hosp,3,2026-10-24,45,quantile,0.55,45
2026-10-03,wk inc flu hosp,3,2026-10-24,45,quantile,0.6,49
2026-10-03,wk inc flu hosp,3,2026-10-24,45,quantile,0.65,54
2026-10-03,wk inc flu hosp,3,2026-10-24,45,quantile,0.7,60
2026-10-03,wk inc flu hosp,3,2026-10-24,45,quantile,0.75,67
2026-10-03,wk inc flu hosp,3,2026-10-24,45,quantile,0.8,76
2026-10-03,wk inc flu hosp,3,2026-10-24,45,quantile,0.85,88
2026-10-03,wk inc flu hosp,3,2026-10-24,45,quantile,0.9,106
2026-10-03,wk inc flu hosp,3,2026-10-24,45,quantile,0.95,138
2026-10-03,wk inc flu hosp,3,2026-10-24,45,quantile,0.975,175
2026-10-03,wk inc flu hosp,3,2026-10-24,45,quantile,0.99,229
2026-10-03,wk inc flu hosp,0,2026-10-03,46,quantile,0.01,0
2026-10-03,wk inc flu hosp,0,2026-10-03,46,quantile,0.025,0
2026-10-03,wk inc flu hosp,0,2026-10-03,46,quantile,0.05,0
2026-10-03,wk inc flu hosp,0,2026-10-03,46,quantile,0.1,1
2026-10-03,wk inc flu hosp,0,2026-10-03,46,quantile,0.15,1
2026-10-03,wk inc flu hosp,0,2026-10-03,46,quantile,0.2,1
2026-10-03,wk inc flu hosp,0,2026-10-03,46,quantile,0.25,2
2026-10-03,wk inc flu hosp,0,2026-10-03,46,quantile,0.3,2
2026-10-03,wk inc flu hosp,0,2026-10-03,46,quantile,0.35,2
2026-10-03,wk inc flu hosp,0,2026-10-03,46,quantile,0.4,2
2026-10-03,wk inc flu hosp,0,2026-10-03,46,quantile,0.45,3
2026-10-03,wk inc flu hosp,0,2026-10-03,46,quantile,0.5,3
2026-10-03,wk inc flu hosp,0,2026-10-03,46,quantile,0.55,3
2026-10-03,wk inc flu hosp,0,2026-10-03,46,quantile,0.6,4
2026-10-03,wk inc flu hosp,0,2026-10-03,46,quantile,0.65,4
2026-10-03,wk inc flu hosp,0,2026-10-03,46,quantile,0.7,4
2026-10-03,wk inc flu hosp,0,2026-10-03,46,quantile,0.75,5
2026-10-03,wk inc flu hosp,0,2026-10-03,46,quantile,0.8,6
2026-10-03,wk inc flu hosp,0,2026-10-03,46,quantile,0.85,7
2026-10-03,wk inc flu hosp,0,2026-10-03,46,quantile,0.9,8
2026-10-03,wk inc flu hosp,0,2026-10-03,46,quantile,0.95,10
2026-10-03,wk inc flu hosp,0,2026-10-03,46,quantile,0.975,13
2026-10-03,wk inc flu hosp,0,2026-10-03,46,quantile,0.99,16
2026-10-03,wk inc flu hosp,1,2026-10-10,46,quantile,0.01,0
2026-10-03,wk inc flu hosp,1,2026-10-10,46,quantile,0.025,0
2026-10-03,wk inc flu hosp,1,2026-10-10,46,quantile,0.05,0
2026-10-03,wk inc flu hosp,1,2026-10-10,46,quantile,0.1,1
2026-10-03,wk inc flu hosp,1,2026-10-10,46,quantile,0.15,1
2026-10-03,wk inc flu hosp,1,2026-10-10,46,quantile,0.2,1
2026-10-03,wk inc flu hosp,1,2026-10-10,46,quantile,0.25,2
2026-10-03,wk inc flu hosp,1,2026-10-10,46,quantile,0.3,2
2026-10-03,wk inc flu hosp,1,2026-10-10,46,quantile,0.35,2
2026-10-03,wk inc flu hosp,1,2026-10-10,46,quantile,0.4,3
2026-10-03,wk inc flu hosp,1,2026-10-10,46,quantile,0.45,3
2026-10-03,wk inc flu hosp,1,2026-10-10,46,quantile,0.5,3
2026-10-03,wk inc flu hosp,1,2026-10-10,46,quantile,0.55,4
2026-10-03,wk inc flu hosp,1,2026-10-10,46,quantile,0.6,4
2026-10-03,wk inc flu hosp,1,2026-10-10,46,quantile,0.65,5
2026-10-03,wk inc flu hosp,1,2026-10-10,46,quantile,0.7,5
2026-10-03,wk inc flu hosp,1,2026-10-10,46,quantile,0.75,6
2026-10-03,wk inc flu hosp,1,2026-10-10,46,quantile,0.8,7
2026-10-03,wk inc flu hosp,1,2026-10-10,46,quantile,0.85,8
2026-10-03,wk inc flu hosp,1,2026-10-10,46,quantile,0.9,10
2026-10-03,wk inc flu hosp,1,2026-10-10,46,quantile,0.95,14
2026-10-03,wk inc flu hosp,1,2026-10-10,46,quantile,0.975,18
2026-10-03,wk inc flu hosp,1,2026-10-10,46,quantile,0.99,23
2026-10-03,wk inc flu hosp,2,2026-10-17,46,quantile,0.01,0
2026-10-03,wk inc flu hosp,2,2026-10-17,46,quantile,0.025,0
2026-10-03,wk inc flu hosp,2,2026-10-17,46,quantile,0.05,0
2026-10-03,wk inc flu hosp,2,2026-10-17,46,quantile,0.1,1
2026-10-03,wk inc flu hosp,2,2026-10-17,46,quantile,0.15,1
2026-10-03,wk inc flu hosp,2,2026-10-17,46,quantile,0.2,1
2026-10-03,wk inc flu hosp,2,2026-10-17,46,quantile,0.25,2
2026-10-03,wk inc flu hosp,2,2026-10-17,46,quantile,0.3,2
2026-10-03,wk inc flu hosp,2,2026-10-17,46,quantile,0.35,3
2026-10-03,wk inc flu hosp,2,2026-10-17,46,quantile,0.4,3
2026-10-03,wk inc flu hosp,2,2026-10-17,46,quantile,0.45,3
2026-10-03,wk inc flu hosp,2,2026-10-17,46,quantile,0.5,4
2026-10-03,wk inc flu hosp,2,2026-10-17,46,quantile,0.55,5
2026-10-03,wk inc flu hosp,2,2026-10-17,46,quantile,0.6,5
2026-10-03,wk inc flu hosp,2,2026-10-17,46,quantile,0.65,6
2026-10-03,wk inc flu hosp,2,2026-10-17,46,quantile,0.7,7
2026-10-03,wk inc flu hosp,2,2026-10-17,46,quantile,0.75,8
2026-10-03,wk inc flu hosp,2,2026-10-17,46,quantile,0.8,9
2026-10-03,wk inc flu hosp,2,2026-10-17,46,quantile,0.85,11
2026-10-03,wk inc flu hosp,2,2026-10-17,46,quantile,0.9,14
2026-10-03,wk inc flu hosp,2,2026-10-17,46,quantile,0.95,19
2026-10-03,wk inc flu hosp,2,2026-10-17,46,quantile,0.975,26
2026-10-03,wk inc flu hosp,2,2026-10-17,46,quantile,0.99,35
2026-10-03,wk inc flu hosp,3,2026-10-24,46,quantile,0.01,0
2026-10-03,wk inc flu hosp,3,2026-10-24,46,quantile,0.025,0
2026-10-03,wk inc flu hosp,3,2026-10-24,46,quantile,0.05,0
2026-10-03,wk inc flu hosp,3,2026-10-24,46,quantile,0.1,1
2026-10-03,wk inc flu hosp,3,2026-10-24,46,quantile,0.15,1
2026-10-03,wk inc flu hosp,3,2026-10-24,46,quantile,0.2,2
2026-10-03,wk inc flu hosp,3,2026-10-24,46,quantile,0.25,2
2026-10-03,wk inc flu hosp,3,2026-10-24,46,quantile,0.3,3
2026-10-03,wk inc flu hosp,3,2026-10-24,46,quantile,0.35,3
2026-10-03,wk inc flu hosp,3,2026-10-24,46,quantile,0.4,4
2026-10-03,wk inc flu hosp,3,2026-10-24,46,quantile,0.45,4
2026-10-03,wk inc flu hosp,3,2026-10-24,46,quantile,0.5,5
2026-10-03,wk inc flu hosp,3,2026-10-24,46,quantile,0.55,6
2026-10-03,wk inc flu hosp,3,2026-10-24,46,quantile,0.6,6
2026-10-03,wk inc flu hosp,3,2026-10-24,46,quantile,0.65,7
2026-10-03,wk inc flu hosp,3,2026-10-24,46,quantile,0.7,9
2026-10-03,wk inc flu hosp,3,2026-10-24,46,quantile,0.75,10
2026-10-03,wk inc flu hosp,3,2026-10-24,46,quantile,0.8,12
2026-10-03,wk inc flu hosp,3,2026-10-24,46,quantile,0.85,15
2026-10-03,wk inc flu hosp,3,2026-10-24,46,quantile,0.9,19
2026-10-03,wk inc flu hosp,3,2026-10-24,46,quantile,0.95,27
2026-10-03,wk inc flu hosp,3,2026-10-24,46,quantile,0.975,37
2026-10-03,wk inc flu hosp,3,2026-10-24,46,quantile,0.99,53
2026-10-03,wk inc flu hosp,0,2026-10-03,47,quantile,0.01,25
2026-10-03,wk inc flu hosp,0,2026-10-03,47,quantile,0.025,29
2026-10-03,wk inc flu hosp,0,2026-10-03,47,quantile,0.05,34
2026-10-03,wk inc flu hosp,0,2026-10-03,47,quantile,0.1,40
2026-10-03,wk inc flu hosp,0,2026-10-03,47,quantile,0.15,44
2026-10-03,wk inc flu hosp,0,2026-10-03,47,quantile,0.2,48
2026-10-03,wk inc flu hosp,0,2026-10-03,47,quantile,0.25,52
2026-10-03,wk inc flu hosp,0,2026-10-03,47,quantile,0.3,56
2026-10-03,wk inc flu hosp,0,2026-10-03,47,quantile,0.35,59
2026-10-03,wk inc flu hosp,0,2026-10-03,47,quantile,0.4,63
2026-10-03,wk inc flu hosp,0,2026-10-03,47,quantile,0.45,67
2026-10-03,wk inc flu hosp,0,2026-10-03,47,quantile,0.5,70
2026-10-03,wk inc flu hosp,0,2026-10-03,47,quantile,0.55,74
2026-10-03,wk inc flu hosp,0,2026-10-03,47,quantile,0.6,79
2026-10-03,wk inc flu hosp,0,2026-10-03,47,quantile,0.65,84
2026-10-03,wk inc flu hosp,0,2026-10-03,47,quantile,0.7,89
2026-10-03,wk inc flu hosp,0,2026-10-03,47,quantile,0.75,95
2026-10-03,wk inc flu hosp,0,2026-10-03,47,quantile,0.8,102
2026-10-03,wk inc flu hosp,0,2026-10-03,47,quantile,0.85,112
2026-10-03,wk inc flu hosp,0,2026-10-03,47,quantile,0.9,124
2026-10-03,wk inc flu hosp,0,2026-10-03,47,quantile,0.95,146
2026-10-03,wk inc flu hosp,0,2026-10-03,47,quantile,0.975,168
2026-10-03,wk inc flu hosp,0,2026-10-03,47,quantile,0.99,197
2026-10-03,wk inc flu hosp,1,2026-10-10,47,quantile,0.01,22
2026-10-03,wk inc flu hosp,1,2026-10-10,47,quantile,0.025,27
2026-10-03,wk inc flu hosp,1,2026-10-10,47,quantile,0.05,32
2026-10-03,wk inc flu hosp,1,2026-10-10,47,quantile,0.1,39
2026-10-03,wk inc flu hosp,1,2026-10-10,47,quantile,0.15,44
2026-10-03,wk inc flu hosp,1,2026-10-10,47,quantile,0.2,49
2026-10-03,wk inc flu hosp,1,2026-10-10,47,quantile,0.25,53
2026-10-03,wk inc flu hosp,1,2026-10-10,47,quantile,0.3,57
2026-10-03,wk inc flu hosp,1,2026-10-10,47,quantile,0.35,62
2026-10-03,wk inc flu hosp,1,2026-10-10,47,quantile,0.4,66
2026-10-03,wk inc flu hosp,1,2026-10-10,47,quantile,0.45,71
2026-10-03,wk inc flu hosp,1,2026-10-10,47,quantile,0.5,75
2026-10-03,wk inc flu hosp,1,2026-10-10,47,quantile,0.55,80
2026-10-03,wk inc flu hosp,1,2026-10-10,47,quantile,0.6,86
2026-10-03,wk inc flu hosp,1,2026-10-10,47,quantile,0.65,92
2026-10-03,wk inc flu hosp,1,2026-10-10,47,quantile,0.7,99
2026-10-03,wk inc flu hosp,1,2026-10-10,47,quantile,0.75,107
2026-10-03,wk inc flu hosp,1,2026-10-10,47,quantile,0.8,116
2026-10-03,wk inc flu hosp,1,2026-10-10,47,quantile,0.85,129
2026-10-03,wk inc flu hosp,1,2026-10-10,47,quantile,0.9,146
2026-10-03,wk inc flu hosp,1,2026-10-10,47,quantile,0.95,176
2026-10-03,wk inc flu hosp,1,2026-10-10,47,quantile,0.975,206
2026-10-03,wk inc flu hosp,1,2026-10-10,47,quantile,0.99,249
2026-10-03,wk inc flu hosp,2,2026-10-17,47,quantile,0.01,20
2026-10-03,wk inc flu hosp,2,2026-10-17,47,quantile,0.025,25
2026-10-03,wk inc flu hosp,2,2026-10-17,47,quantile,0.05,31
2026-10-03,wk inc flu hosp,2,2026-10-17,47,quantile,0.1,38
2026-10-03,wk inc flu hosp,2,2026-10-17,47,quantile,0.15,44
2026-10-03,wk inc flu hosp,2,2026-10-17,47,quantile,0.2,50
2026-10-03,wk inc flu hosp,2,2026-10-17,47,quantile,0.25,55
2026-10-03,wk inc flu hosp,2,2026-10-17,47,quantile,0.3,60
2026-10-03,wk inc flu hosp,2,2026-10-17,47,quantile,0.35,65
2026-10-03,wk inc flu hosp,2,2026-10-17,47,quantile,0.4,71
2026-10-03,wk inc flu hosp,2,2026-10-17,47,quantile,0.45,76
2026-10-03,wk inc flu hosp,2,2026-10-17,47,quantile,0.5,82
2026-10-03,wk inc flu hosp,2,2026-10-17,47,quantile,0.55,89
2026-10-03,wk inc flu hosp,2,2026-10-17,47,quantile,0.6,96
2026-10-03,wk inc flu hosp,2,2026-10-17,47,quantile,0.65,103
2026-10-03,wk inc flu hosp,2,2026-10-17,47,quantile,0.7,112
2026-10-03,wk inc flu hosp,2,2026-10-17,47,quantile,0.75,123
2026-10-03,wk inc flu hosp,2,2026-10-17,47,quantile,0.8,136
2026-10-03,wk inc flu hosp,2,2026-10-17,47,quantile,0.85,152
2026-10-03,wk inc flu hosp,2,2026-10-17,47,quantile,0.9,176
2026-10-03,wk inc flu hosp,2,2026-10-17,47,quantile,0.95,219
2026-10-03,wk inc flu hosp,2,2026-10-17,47,quantile,0.975,263
2026-10-03,wk inc flu hosp,2,2026-10-17,47,quantile,0.99,327
2026-10-03,wk inc flu hosp,3,2026-10-24,47,quantile,0.01,18
2026-10-03,wk inc flu hosp,3,2026-10-24,47,quantile,0.025,23
2026-10-03,wk inc flu hosp,3,2026-10-24,47,quantile,0.05,29
2026-10-03,wk inc flu hosp,3,2026-10-24,47,quantile,0.1,37
2026-10-03,wk inc flu hosp,3,2026-10-24,47,quantile,0.15,44
2026-10-03,wk inc flu hosp,3,2026-10-24,47,quantile,0.2,50
2026-10-03,wk inc flu hosp,3,2026-10-24,47,quantile,0.25,56
2026-10-03,wk inc flu hosp,3,2026-10-24,47,quantile,0.3,62
2026-10-03,wk inc flu hosp,3,2026-10-24,47,quantile,0.35,68
2026-10-03,wk inc flu hosp,3,2026-10-24,47,quantile,0.4,74
2026-10-03,wk inc flu hosp,3,2026-10-24,47,quantile,0.45,80
2026-10-03,wk inc flu hosp,3,2026-10-24,47,quantile,0.5,87
2026-10-03,wk inc flu hosp,3,2026-10-24,47,quantile,0.55,95
2026-10-03,wk inc flu hosp,3,2026-10-24,47,quantile,0.6,104
2026-10-03,wk inc flu hosp,3,2026-10-24,47,quantile,0.65,113
2026-10-03,wk inc flu hosp,3,2026-10-24,47,quantile,0.7,124
2026-10-03,wk inc flu hosp,3,2026-10-24,47,quantile,0.75,137
2026-10-03,wk inc flu hosp,3,2026-10-24,47,quantile,0.8,153
2026-10-03,wk inc flu hosp,3,2026-10-24,47,quantile,0.85,174
2026-10-03,wk inc flu hosp,3,2026-10-24,47,quantile,0.9,205
2026-10-03,wk inc flu hosp,3,2026-10-24,47,quantile,0.95,261
2026-10-03,wk inc flu hosp,3,2026-10-24,47,quantile,0.975,321
2026-10-03,wk inc flu hosp,3,2026-10-24,47,quantile,0.99,409
2026-10-03,wk inc flu hosp,0,2026-10-03,48,quantile,0.01,98
2026-10-03,wk inc flu hosp,0,2026-10-03,48,quantile,0.025,115
2026-10-03,wk inc flu hosp,0,2026-10-03,48,quantile,0.05,132
2026-10-03,wk inc flu hosp,0,2026-10-03,48,quantile,0.1,154
2026-10-03,wk inc flu hosp,0,2026-10-03,48,quantile,0.15,172
2026-10-03,wk inc flu hosp,0,2026-10-03,48,quantile,0.2,187
2026-10-03,wk inc flu hosp,0,2026-10-03,48,quantile,0.25,201
2026-10-03,wk inc flu hosp,0,2026-10-03,48,quantile,0.3,215
2026-10-03,wk inc flu hosp,0,2026-10-03,48,quantile,0.35,228
2026-10-03,wk inc flu hosp,0,2026-10-03,48,quantile,0.4,242
2026-10-03,wk inc flu hosp,0,2026-10-03,48,quantile,0.45,255
2026-10-03,wk inc flu hosp,0,2026-10-03,48,quantile,0.5,270
2026-10-03,wk inc flu hosp,0,2026-10-03,48,quantile,0.55,285
2026-10-03,wk inc flu hosp,0,2026-10-03,48,quantile,0.6,301
2026-10-03,wk inc flu hosp,0,2026-10-03,48,quantile,0.65,319
2026-10-03,wk inc flu hosp,0,2026-10-03,48,quantile,0.7,339
2026-10-03,wk inc flu hosp,0,2026-10-03,48,quantile,0.75,362
2026-10-03,wk inc flu hosp,0,2026-10-03,48,quantile,0.8,389
2026-10-03,wk inc flu hosp,0,2026-10-03,48,quantile,0.85,424
2026-10-03,wk inc flu hosp,0,2026-10-03,48,quantile,0.9,471
2026-10-03,wk inc flu hosp,0,2026-10-03,48,quantile,0.95,552
2026-10-03,wk inc flu hosp,0,2026-10-03,48,quantile,0.975,633
2026-10-03,wk inc flu hosp,0,2026-10-03,48,quantile,0.99,742
2026-10-03,wk inc flu hosp,1,2026-10-10,48,quantile,0.01,87
2026-10-03,wk inc flu hosp,1,2026-10-10,48,quantile,0.025,105
2026-10-03,wk inc flu hosp,1,2026-10-10,48,quantile,0.05,123
2026-10-03,wk inc flu hosp,1,2026-10-10,48,quantile,0.1,148
2026-10-03,wk inc flu hosp,1,2026-10-10,48,quantile,0.15,167
2026-10-03,wk inc flu hosp,1,2026-10-10,48,quantile,0.2,185
2026-10-03,wk inc flu hosp,1,2026-10-10,48,quantile,0.25,201
2026-10-03,wk inc flu hosp,1,2026-10-10,48,quantile,0.3,217
2026-10-03,wk inc flu hosp,1,2026-10-10,48,quantile,0.35,233
2026-10-03,wk inc flu hosp,1,2026-10-10,48,quantile,0.4,249
2026-10-03,wk inc flu hosp,1,2026-10-10,48,quantile,0.45,265
2026-10-03,wk inc flu hosp,1,2026-10-10,48,quantile,0.5,283
2026-10-03,wk inc flu hosp,1,2026-10-10,48,quantile,0.55,302
2026-10-03,wk inc flu hosp,1,2026-10-10,48,quantile,0.6,322
2026-10-03,wk inc flu hosp,1,2026-10-10,48,quantile,0.65,344
2026-10-03,wk inc flu hosp,1,2026-10-10,48,quantile,0.7,369
2026-10-03,wk inc flu hosp,1,2026-10-10,48,quantile,0.75,398
2026-10-03,wk inc flu hosp,1,2026-10-10,48,quantile,0.8,433
2026-10-03,wk inc flu hosp,1,2026-10-10,48,quantile,0.85,478
2026-10-03,wk inc flu hosp,1,2026-10-10,48,quantile,0.9,541
2026-10-03,wk inc flu hosp,1,2026-10-10,48,quantile,0.95,650
2026-10-03,wk inc flu hosp,1,2026-10-10,48,quantile,0.975,762
2026-10-03,wk inc flu hosp,1,2026-10-10,48,quantile,0.99,917
2026-10-03,wk inc flu hosp,2,2026-10-17,48,quantile,0.01,76
2026-10-03,wk inc flu hosp,2,2026-10-17,48,quantile,0.025,94
2026-10-03,wk inc flu hosp,2,2026-10-17,48,quantile,0.05,113
2026-10-03,wk inc flu hosp,2,2026-10-17,48,quantile,0.1,140
2026-10-03,wk inc flu hosp,2,2026-10-17,48,quantile,0.15,161
2026-10-03,wk inc flu hosp,2,2026-10-17,48,quantile,0.2,181
2026-10-03,wk inc flu hosp,2,2026-10-17,48,quantile,0.25,200
2026-10-03,wk inc flu hosp,2,2026-10-17,48,quantile,0.3,218
2026-10-03,wk inc flu hosp,2,2026-10-17,48,quantile,0.35,236
2026-10-03,wk inc flu hosp,2,2026-10-17,48,quantile,0.4,255
2026-10-03,wk inc flu hosp,2,2026-10-17,48,quantile,0.45,275
2026-10-03,wk inc flu hosp,2,2026-10-17,48,quantile,0.5,296
2026-10-03,wk inc flu hosp,2,2026-10-17,48,quantile,0.55,319
2026-10-03,wk inc flu hosp,2,2026-10-17,48,quantile,0.6,344
2026-10-03,wk inc flu hosp,2,2026-10-17,48,quantile,0.65,371
2026-10-03,wk inc flu hosp,2,2026-10-17,48,quantile,0.7,403
2026-10-03,wk inc flu hosp,2,2026-10-17,48,quantile,0.75,440
2026-10-03,wk inc flu hosp,2,2026-10-17,48,quantile,0.8,485
2026-10-03,wk inc flu hosp,2,2026-10-17,48,quantile,0.85,543
2026-10-03,wk inc flu hosp,2,2026-10-17,48,quantile,0.9,627
2026-10-03,wk inc flu hosp,2,2026-10-17,48,quantile,0.95,775
2026-10-03,wk inc flu hosp,2,2026-10-17,48,quantile,0.975,932
2026-10-03,wk inc flu hosp,2,2026-10-17,48,quantile,0.99,1154
2026-10-03,wk inc flu hosp,3,2026-10-24,48,quantile,0.01,66
2026-10-03,wk inc flu hosp,3,2026-10-24,48,quantile,0.025,84
2026-10-03,wk inc flu hosp,3,2026-10-24,48,quantile,0.05,104
2026-10-03,wk inc flu hosp,3,2026-10-24,48,quantile,0.1,132
2026-10-03,wk inc flu hosp,3,2026-10-24,48,quantile,0.15,155
2026-10-03,wk inc flu hosp,3,2026-10-24,48,quantile,0.2,176
2026-10-03,wk inc flu hosp,3,2026-10-24,48,quantile,0.25,197
2026-10-03,wk inc flu hosp,3,2026-10-24,48,quantile,0.3,217
2026-10-03,wk inc flu hosp,3,2026-10-24,48,quantile,0.35,238
2026-10-03,wk inc flu hosp,3,2026-10-24,48,quantile,0.4,259
2026-10-03,wk inc flu hosp,3,2026-10-24,48,quantile,0.45,282
2026-10-03,wk inc flu hosp,3,2026-10-24,48,quantile,0.5,306
2026-10-03,wk inc flu hosp,3,2026-10-24,48,quantile,0.55,332
2026-10-03,wk inc flu hosp,3,2026-10-24,48,quantile,0.6,361
2026-10-03,wk inc flu hosp,3,2026-10-24,48,quantile,0.65,394
2026-10-03,wk inc flu hosp,3,2026-10-24,48,quantile,0.7,431
2026-10-03,wk inc flu hosp,3,2026-10-24,48,quantile,0.75,476
2026-10-03,wk inc flu hosp,3,2026-10-24,48,quantile,0.8,531
2026-10-03,wk inc flu hosp,3,2026-10-24,48,quantile,0.85,603
2026-10-03,wk inc flu hosp,3,2026-10-24,48,quantile,0.9,707
2026-10-03,wk inc flu hosp,3,2026-10-24,48,quantile,0.95,897
2026-10-03,wk inc flu hosp,3,2026-10-24,48,quantile,0.975,1102
2026-10-03,wk inc flu hosp,3,2026-10-24,48,quantile,0.99,1399
2026-10-03,wk inc flu hosp,0,2026-10-03,49,quantile,0.01,7
2026-10-03,wk inc flu hosp,0,2026-10-03,49,quantile,0.025,8
2026-10-03,wk inc flu hosp,0,2026-10-03,49,quantile,0.05,10
2026-10-03,wk inc flu hosp,0,2026-10-03,49,quantile,0.1,12
2026-10-03,wk inc flu hosp,0,2026-10-03,49,quantile,0.15,13
2026-10-03,wk inc flu hosp,0,2026-10-03,49,quantile,0.2,14
2026-10-03,wk inc flu hosp,0,2026-10-03,49,quantile,0.25,16
2026-10-03,wk inc flu hosp,0,2026-10-03,49,quantile,0.3,17
2026-10-03,wk inc flu hosp,0,2026-10-03,49,quantile,0.35,18
2026-10-03,wk inc flu hosp,0,2026-10-03,49,quantile,0.4,19
2026-10-03,wk inc flu hosp,0,2026-10-03,49,quantile,0.45,20
2026-10-03,wk inc flu hosp,0,2026-10-03,49,quantile,0.5,22
2026-10-03,wk inc flu hosp,0,2026-10-03,49,quantile,0.55,23
2026-10-03,wk inc flu hosp,0,2026-10-03,49,quantile,0.6,25
2026-10-03,wk inc flu hosp,0,2026-10-03,49,quantile,0.65,26
2026-10-03,wk inc flu hosp,0,2026-10-03,49,quantile,0.7,28
2026-10-03,wk inc flu hosp,0,2026-10-03,49,quantile,0.75,30
2026-10-03,wk inc flu hosp,0,2026-10-03,49,quantile,0.8,32
2026-10-03,wk inc flu hosp,0,2026-10-03,49,quantile,0.85,36
2026-10-03,wk inc flu hosp,0,2026-10-03,49,quantile,0.9,40
2026-10-03,wk inc flu hosp,0,2026-10-03,49,quantile,0.95,47
2026-10-03,wk inc flu hosp,0,2026-10-03,49,quantile,0.975,55
2026-10-03,wk inc flu hosp,0,2026-10-03,49,quantile,0.99,65
2026-10-03,wk inc flu hosp,1,2026-10-10,49,quantile,0.01,6
2026-10-03,wk inc flu hosp,1,2026-10-10,49,quantile,0.025,7
2026-10-03,wk inc flu hosp,1,2026-10-10,49,quantile,0.05,9
2026-10-03,wk inc flu hosp,1,2026-10-10,49,quantile,0.1,11
2026-10-03,wk inc flu hosp,1,2026-10-10,49,quantile,0.15,13
2026-10-03,wk inc flu hosp,1,2026-10-10,49,quantile,0.2,14
2026-10-03,wk inc flu hosp,1,2026-10-10,49,quantile,0.25,16
2026-10-03,wk inc flu hosp,1,2026-10-10,49,quantile,0.3,17
2026-10-03,wk inc flu hosp,1,2026-10-10,49,quantile,0.35,19
2026-10-03,wk inc flu hosp,1,2026-10-10,49,quantile,0.4,20
2026-10-03,wk inc flu hosp,1,2026-10-10,49,quantile,0.45,22
2026-10-03,wk inc flu hosp,1,2026-10-10,49,quantile,0.5,23
2026-10-03,wk inc flu hosp,1,2026-10-10,49,quantile,0.55,25
2026-10-03,wk inc flu hosp,1,2026-10-10,49,quantile,0.6,27
2026-10-03,wk inc flu hosp,1,2026-10-10,49,quantile,0.65,29
2026-10-03,wk inc flu hosp,1,2026-10-10,49,quantile,0.7,31
2026-10-03,wk inc flu hosp,1,2026-10-10,49,quantile,0.75,34
2026-10-03,wk inc flu hosp,1,2026-10-10,49,quantile,0.8,37
2026-10-03,wk inc flu hosp,1,2026-10-10,49,quantile,0.85,41
2026-10-03,wk inc flu hosp,1,2026-10-10,49,quantile,0.9,47
2026-10-03,wk inc flu hosp,1,2026-10-10,49,quantile,0.95,57
2026-10-03,wk inc flu hosp,1,2026-10-10,49,quantile,0.975,68
2026-10-03,wk inc flu hosp,1,2026-10-10,49,quantile,0.99,83
2026-10-03,wk inc flu hosp,2,2026-10-17,49,quantile,0.01,5
2026-10-03,wk inc flu hosp,2,2026-10-17,49,quantile,0.025,7
2026-10-03,wk inc flu hosp,2,2026-10-17,49,quantile,0.05,8
2026-10-03,wk inc flu hosp,2,2026-10-17,49,quantile,0.1,11
2026-10-03,wk inc flu hosp,2,2026-10-17,49,quantile,0.15,13
2026-10-03,wk inc flu hosp,2,2026-10-17,49,quantile,0.2,14
2026-10-03,wk inc flu hosp,2,2026-10-17,49,quantile,0.25,16
2026-10-03,wk inc flu hosp,2,2026-10-17,49,quantile,0.3,18
2026-10-03,wk inc flu hosp,2,2026-10-17,49,quantile,0.35,19
2026-10-03,wk inc flu hosp,2,2026-10-17,49,quantile,0.4,21
2026-10-03,wk inc flu hosp,2,2026-10-17,49,quantile,0.45,23
2026-10-03,wk inc flu hosp,2,2026-10-17,49,quantile,0.5,25
2026-10-03,wk inc flu hosp,2,2026-10-17,49,quantile,0.55,27
2026-10-03,wk inc flu hosp,2,2026-10-17,49,quantile,0.6,29
2026-10-03,wk inc flu hosp,2,2026-10-17,49,quantile,0.65,32
2026-10-03,wk inc flu hosp,2,2026-10-17,49,quantile,0.7,35
2026-10-03,wk inc flu hosp,2,2026-10-17,49,quantile,0.75,38
2026-10-03,wk inc flu hosp,2,2026-10-17,49,quantile,0.8,43
2026-10-03,wk inc flu hosp,2,2026-10-17,49,quantile,0.85,48
2026-10-03,wk inc flu hosp,2,2026-10-17,49,quantile,0.9,56
2026-10-03,wk inc flu hosp,2,2026-10-17,49,quantile,0.95,71
2026-10-03,wk inc flu hosp,2,2026-10-17,49,quantile,0.975,86
2026-10-03,wk inc flu hosp,2,2026-10-17,49,quantile,0.99,108
2026-10-03,wk inc flu hosp,3,2026-10-24,49,quantile,0.01,4
2026-10-03,wk inc flu hosp,3,2026-10-24,49,quantile,0.025,6
2026-10-03,wk inc flu hosp,3,2026-10-24,49,quantile,0.05,8
2026-10-03,wk inc flu hosp,3,2026-10-24,49,quantile,0.1,10
2026-10-03,wk inc flu hosp,3,2026-10-24,49,quantile,0.15,12
2026-10-03,wk inc flu hosp,3,2026-10-24,49,quantile,0.2,14
2026-10-03,wk inc flu hosp,3,2026-10-24,49,quantile,0.25,16
2026-10-03,wk inc flu hosp,3,2026-10-24,49,quantile,0.3,18
2026-10-03,wk inc flu hosp,3,2026-10-24,49,quantile,0.35,20
2026-10-03,wk inc flu hosp,3,2026-10-24,49,quantile,0.4,22
2026-10-03,wk inc flu hosp,3,2026-10-24,49,quantile,0.45,24
2026-10-03,wk inc flu hosp,3,2026-10-24,49,quantile,0.5,26
2026-10-03,wk inc flu hosp,3,2026-10-24,49,quantile,0.55,29
2026-10-03,wk inc flu hosp,3,2026-10-24,49,quantile,0.6,32
2026-10-03,wk inc flu hosp,3,2026-10-24,49,quantile,0.65,35
2026-10-03,wk inc flu hosp,3,2026-10-24,49,quantile,0.7,38
2026-10-03,wk inc flu hosp,3,2026-10-24,49,quantile,0.75,43
2026-10-03,wk inc flu hosp,3,2026-10-24,49,quantile,0.8,48
2026-10-03,wk inc flu hosp,3,2026-10-24,49,quantile,0.85,55
2026-10-03,wk inc flu hosp,3,2026-10-24,49,quantile,0.9,66
2026-10-03,wk inc flu hosp,3,2026-10-24,49,quantile,0.95,85
2026-10-03,wk inc flu hosp,3,2026-10-24,49,quantile,0.975,106
2026-10-03,wk inc flu hosp,3,2026-10-24,49,quantile,0.99,136
2026-10-03,wk inc flu hosp,0,2026-10-03,50,quantile,0.01,0
2026-10-03,wk inc flu hosp,0,2026-10-03,50,quantile,0.025,0
2026-10-03,wk inc flu hosp,0,2026-10-03,50,quantile,0.05,1
2026-10-03,wk inc flu hosp,0,2026-10-03,50,quantile,0.1,1
2026-10-03,wk inc flu hosp,0,2026-10-03,50,quantile,0.15,1
2026-10-03,wk inc flu hosp,0,2026-10-03,50,quantile,0.2,2
2026-10-03,wk inc flu hosp,0,2026-10-03,50,quantile,0.25,2
2026-10-03,wk inc flu hosp,0,2026-10-03,50,quantile,0.3,2
2026-10-03,wk inc flu hosp,0,2026-10-03,50,quantile,0.35,2
2026-10-03,wk inc flu hosp,0,2026-10-03,50,quantile,0.4,3
2026-10-03,wk inc flu hosp,0,2026-10-03,50,quantile,0.45,3
2026-10-03,wk inc flu hosp,0,2026-10-03,50,quantile,0.5,3
2026-10-03,wk inc flu hosp,0,2026-10-03,50,quantile,0.55,3
2026-10-03,wk inc flu hosp,0,2026-10-03,50,quantile,0.6,4
2026-10-03,wk inc flu hosp,0,2026-10-03,50,quantile,0.65,4
2026-10-03,wk inc flu hosp,0,2026-10-03,50,quantile,0.7,5
2026-10-03,wk inc flu hosp,0,2026-10-03,50,quantile,0.75,5
2026-10-03,wk inc flu hosp,0,2026-10-03,50,quantile,0.8,6
2026-10-03,wk inc flu hosp,0,2026-10-03,50,quantile,0.85,7
2026-10-03,wk inc flu hosp,0,2026-10-03,50,quantile,0.9,8
2026-10-03,wk inc flu hosp,0,2026-10-03,50,quantile,0.95,10
2026-10-03,wk inc flu hosp,0,2026-10-03,50,quantile,0.975,12
2026-10-03,wk inc flu hosp,0,2026-10-03,50,quantile,0.99,15
2026-10-03,wk inc flu hosp,1,2026-10-10,50,quantile,0.01,0
2026-10-03,wk inc flu hosp,1,2026-10-10,50,quantile,0.025,0
2026-10-03,wk inc flu hosp,1,2026-10-10,50,quantile,0.05,1
2026-10-03,wk inc flu hosp,1,2026-10-10,50,quantile,0.1,1
2026-10-03,wk inc flu hosp,1,2026-10-10,50,quantile,0.15,1
2026-10-03,wk inc flu hosp,1,2026-10-10,50,quantile,0.2,2
2026-10-03,wk inc flu hosp,1,2026-10-10,50,quantile,0.25,2
2026-10-03,wk inc flu hosp,1,2026-10-10,50,quantile,0.3,2
2026-10-03,wk inc flu hosp,1,2026-10-10,50,quantile,0.35,3
2026-10-03,wk inc flu hosp,1,2026-10-10,50,quantile,0.4,3
2026-10-03,wk inc flu hosp,1,2026-10-10,50,quantile,0.45,3
2026-10-03,wk inc flu hosp,1,2026-10-10,50,quantile,0.5,4
2026-10-03,wk inc flu hosp,1,2026-10-10,50,quantile,0.55,4
2026-10-03,wk inc flu hosp,1,2026-10-10,50,quantile,0.6,5
2026-10-03,wk inc flu hosp,1,2026-10-10,50,quantile,0.65,5
2026-10-03,wk inc flu hosp,1,2026-10-10,50,quantile,0.7,6
2026-10-03,wk inc flu hosp,1,2026-10-10,50,quantile,0.75,6
2026-10-03,wk inc flu hosp,1,2026-10-10,50,quantile,0.8,7
2026-10-03,wk inc flu hosp,1,2026-10-10,50,quantile,0.85,9
2026-10-03,wk inc flu hosp,1,2026-10-10,50,quantile,0.9,10
2026-10-03,wk inc flu hosp,1,2026-10-10,50,quantile,0.95,13
2026-10-03,wk inc flu hosp,1,2026-10-10,50,quantile,0.975,17
2026-10-03,wk inc flu hosp,1,2026-10-10,50,quantile,0.99,22
2026-10-03,wk inc flu hosp,2,2026-10-17,50,quantile,0.01,0
2026-10-03,wk inc flu hosp,2,2026-10-17,50,quantile,0.025,0
2026-10-03,wk inc flu hosp,2,2026-10-17,50,quantile,0.05,0
2026-10-03,wk inc flu hosp,2,2026-10-17,50,quantile,0.1,1
2026-10-03,wk inc flu hosp,2,2026-10-17,50,quantile,0.15,1
2026-10-03,wk inc flu hosp,2,2026-10-17,50,quantile,0.2,2
2026-10-03,wk inc flu hosp,2,2026-10-17,50,quantile,0.25,2
2026-10-03,wk inc flu hosp,2,2026-10-17,50,quantile,0.3,3
2026-10-03,wk inc flu hosp,2,2026-10-17,50,quantile,0.35,3
2026-10-03,wk inc flu hosp,2,2026-10-17,50,quantile,0.4,4
2026-10-03,wk inc flu hosp,2,2026-10-17,50,quantile,0.45,4
2026-10-03,wk inc flu hosp,2,2026-10-17,50,quantile,0.5,5
2026-10-03,wk inc flu hosp,2,2026-10-17,50,quantile,0.55,5
2026-10-03,wk inc flu hosp,2,2026-10-17,50,quantile,0.6,6
2026-10-03,wk inc flu hosp,2,2026-10-17,50,quantile,0.65,6
2026-10-03,wk inc flu hosp,2,2026-10-17,50,quantile,0.7,7
2026-10-03,wk inc flu hosp,2,2026-10-17,50,quantile,0.75,8
2026-10-03,wk inc flu hosp,2,2026-10-17,50,quantile,0.8,10
2026-10-03,wk inc flu hosp,2,2026-10-17,50,quantile,0.85,12
2026-10-03,wk inc flu hosp,2,2026-10-17,50,quantile,0.9,14
2026-10-03,wk inc flu hosp,2,2026-10-17,50,quantile,0.95,19
2026-10-03,wk inc flu hosp,2,2026-10-17,50,quantile,0.975,25
2026-10-03,wk inc flu hosp,2,2026-10-17,50,quantile,0.99,34
2026-10-03,wk inc flu hosp,3,2026-10-24,50,quantile,0.01,0
2026-10-03,wk inc flu hosp,3,2026-10-24,50,quantile,0.025,0
2026-10-03,wk inc flu hosp,3,2026-10-24,50,quantile,0.05,0
2026-10-03,wk inc flu hosp,3,2026-10-24,50,quantile,0.1,1
2026-10-03,wk inc flu hosp,3,2026-10-24,50,quantile,0.15,1
2026-10-03,wk inc flu hosp,3,2026-10-24,50,quantile,0.2,2
2026-10-03,wk inc flu hosp,3,2026-10-24,50,quantile,0.25,2
2026-10-03,wk inc flu hosp,3,2026-10-24,50,quantile,0.3,3
2026-10-03,wk inc flu hosp,3,2026-10-24,50,quantile,0.35,3
2026-10-03,wk inc flu hosp,3,2026-10-24,50,quantile,0.4,4
2026-10-03,wk inc flu hosp,3,2026-10-24,50,quantile,0.45,5
2026-10-03,wk inc flu hosp,3,2026-10-24,50,quantile,0.5,5
2026-10-03,wk inc flu hosp,3,2026-10-24,50,quantile,0.55,6
2026-10-03,wk inc flu hosp,3,2026-10-24,50,quantile,0.6,7
2026-10-03,wk inc flu hosp,3,2026-10-24,50,quantile,0.65,8
2026-10-03,wk inc flu hosp,3,2026-10-24,50,quantile,0.7,9
2026-10-03,wk inc flu hosp,3,2026-10-24,50,quantile,0.75,10
2026-10-03,wk inc flu hosp,3,2026-10-24,50,quantile,0.8,12
2026-10-03,wk inc flu hosp,3,2026-10-24,50,quantile,0.85,15
2026-10-03,wk inc flu hosp,3,2026-10-24,50,quantile,0.9,18
2026-10-03,wk inc flu hosp,3,2026-10-24,50,quantile,0.95,26
2026-10-03,wk inc flu hosp,3,2026-10-24,50,quantile,0.975,35
2026-10-03,wk inc flu hosp,3,2026-10-24,50,quantile,0.99,48
2026-10-03,wk inc flu hosp,0,2026-10-03,51,quantile,0.01,12
2026-10-03,wk inc flu hosp,0,2026-10-03,51,quantile,0.025,14
2026-10-03,wk inc flu hosp,0,2026-10-03,51,quantile,0.05,17
2026-10-03,wk inc flu hosp,0,2026-10-03,51,quantile,0.1,20
2026-10-03,wk inc flu hosp,0,2026-10-03,51,quantile,0.15,23
2026-10-03,wk inc flu hosp,0,2026-10-03,51,quantile,0.2,26
2026-10-03,wk inc flu hosp,0,2026-10-03,51,quantile,0.25,28
2026-10-03,wk inc flu hosp,0,2026-10-03,51,quantile,0.3,31
2026-10-03,wk inc flu hosp,0,2026-10-03,51,quantile,0.35,33
2026-10-03,wk inc flu hosp,0,2026-10-03,51,quantile,0.4,35
2026-10-03,wk inc flu hosp,0,2026-10-03,51,quantile,0.45,38
2026-10-03,wk inc flu hosp,0,2026-10-03,51,quantile,0.5,40
2026-10-03,wk inc flu hosp,0,2026-10-03,51,quantile,0.55,43
2026-10-03,wk inc flu hosp,0,2026-10-03,51,quantile,0.6,46
2026-10-03,wk inc flu hosp,0,2026-10-03,51,quantile,0.65,49
2026-10-03,wk inc flu hosp,0,2026-10-03,51,quantile,0.7,53
2026-10-03,wk inc flu hosp,0,2026-10-03,51,quantile,0.75,57
2026-10-03,wk inc flu hosp,0,2026-10-03,51,quantile,0.8,62
2026-10-03,wk inc flu hosp,0,2026-10-03,51,quantile,0.85,69
2026-10-03,wk inc flu hosp,0,2026-10-03,51,quantile,0.9,78
2026-10-03,wk inc flu hosp,0,2026-10-03,51,quantile,0.95,94
2026-10-03,wk inc flu hosp,0,2026-10-03,51,quantile,0.975,111
2026-10-03,wk inc flu hosp,0,2026-10-03,51,quantile,0.99,134
2026-10-03,wk inc flu hosp,1,2026-10-10,51,quantile,0.01,10
2026-10-03,wk inc flu hosp,1,2026-10-10,51,quantile,0.025,13
2026-10-03,wk inc flu hosp,1,2026-10-10,51,quantile,0.05,16
2026-10-03,wk inc flu hosp,1,2026-10-10,51,quantile,0.1,20
2026-10-03,wk inc flu hosp,1,2026-10-10,51,quantile,0.15,23
2026-10-03,wk inc flu hosp,1,2026-10-10,51,quantile,0.2,26
2026-10-03,wk inc flu hosp,1,2026-10-10,51,quantile,0.25,29
2026-10-03,wk inc flu hosp,1,2026-10-10,51,quantile,0.3,32
2026-10-03,wk inc flu hosp,1,2026-10-10,51,quantile,0.35,35
2026-10-03,wk inc flu hosp,1,2026-10-10,51,quantile,0.4,38
2026-10-03,wk inc flu hosp,1,2026-10-10,51,quantile,0.45,41
2026-10-03,wk inc flu hosp,1,2026-10-10,51,quantile,0.5,44
2026-10-03,wk inc flu hosp,1,2026-10-10,51,quantile,0.55,47
2026-10-03,wk inc flu hosp,1,2026-10-10,51,quantile,0.6,51
2026-10-03,wk inc flu hosp,1,2026-10-10,51,quantile,0.65,55
2026-10-03,wk inc flu hosp,1,2026-10-10,51,quantile,0.7,60
2026-10-03,wk inc flu hosp,1,2026-10-10,51,quantile,0.75,66
2026-10-03,wk inc flu hosp,1,2026-10-10,51,quantile,0.8,73
2026-10-03,wk inc flu hosp,1,2026-10-10,51,quantile,0.85,82
2026-10-03,wk inc flu hosp,1,2026-10-10,51,quantile,0.9,95
2026-10-03,wk inc flu hosp,1,2026-10-10,51,quantile,0.95,118
2026-10-03,wk inc flu hosp,1,2026-10-10,51,quantile,0.975,142
2026-10-03,wk inc flu hosp,1,2026-10-10,51,quantile,0.99,177
2026-10-03,wk inc flu hosp,2,2026-10-17,51,quantile,0.01,9
2026-10-03,wk inc flu hosp,2,2026-10-17,51,quantile,0.025,12
2026-10-03,wk inc flu hosp,2,2026-10-17,51,quantile,0.05,15
2026-10-03,wk inc flu hosp,2,2026-10-17,51,quantile,0.1,20
2026-10-03,wk inc flu hosp,2,2026-10-17,51,quantile,0.15,23
2026-10-03,wk inc flu hosp,2,2026-10-17,51,quantile,0.2,27
2026-10-03,wk inc flu hosp,2,2026-10-17,51,quantile,0.25,30
2026-10-03,wk inc flu hosp,2,2026-10-17,51,quantile,0.3,34
2026-10-03,wk inc flu hosp,2,2026-10-17,51,quantile,0.35,37
2026-10-03,wk inc flu hosp,2,2026-10-17,51,quantile,0.4,41
2026-10-03,wk inc flu hosp,2,2026-10-17,51,quantile,0.45,45
2026-10-03,wk inc flu hosp,2,2026-10-17,51,quantile,0.5,49
2026-10-03,wk inc flu hosp,2,2026-10-17,51,quantile,0.55,53
2026-10-03,wk inc flu hosp,2,2026-10-17,51,quantile,0.6,58
2026-10-03,wk inc flu hosp,2,2026-10-17,51,quantile,0.65,64
2026-10-03,wk inc flu hosp,2,2026-10-17,51,quantile,0.7,70
2026-10-03,wk inc flu hosp,2,2026-10-17,51,quantile,0.75,78
2026-10-03,wk inc flu hosp,2,2026-10-17,51,quantile,0.8,87
2026-10-03,wk inc flu hosp,2,2026-10-17,51,quantile,0.85,100
2026-10-03,wk inc flu hosp,2,2026-10-17,51,quantile,0.9,118
2026-10-03,wk inc flu hosp,2,2026-10-17,51,quantile,0.95,152
2026-10-03,wk inc flu hosp,2,2026-10-17,51,quantile,0.975,189
2026-10-03,wk inc flu hosp,2,2026-10-17,51,quantile,0.99,243
2026-10-03,wk inc flu hosp,3,2026-10-24,51,quantile,0.01,8
2026-10-03,wk inc flu hosp,3,2026-10-24,51,quantile,0.025,11
2026-10-03,wk inc flu hosp,3,2026-10-24,51,quantile,0.05,14
2026-10-03,wk inc flu hosp,3,2026-10-24,51,quantile,0.1,19
2026-10-03,wk inc flu hosp,3,2026-10-24,51,quantile,0.15,23
2026-10-03,wk inc flu hosp,3,2026-10-24,51,quantile,0.2,27
2026-10-03,wk inc flu hosp,3,2026-10-24,51,quantile,0.25,31
2026-10-03,wk inc flu hosp,3,2026-10-24,51,quantile,0.3,35
2026-10-03,wk inc flu hosp,3,2026-10-24,51,quantile,0.35,39
2026-10-03,wk inc flu hosp,3,2026-10-24,51,quantile,0.4,43
2026-10-03,wk inc flu hosp,3,2026-10-24,51,quantile,0.45,48
2026-10-03,wk inc flu hosp,3,2026-10-24,51,quantile,0.5,53
2026-10-03,wk inc flu hosp,3,2026-10-24,51,quantile,0.55,58
2026-10-03,wk inc flu hosp,3,2026-10-24,51,quantile,0.6,64
2026-10-03,wk inc flu hosp,3,2026-10-24,51,quantile,0.65,71
2026-10-03,wk inc flu hosp,3,2026-10-24,51,quantile,0.7,80
2026-10-03,wk inc flu hosp,3,2026-10-24,51,quantile,0.75,89
2026-10-03,wk inc flu hosp,3,2026-10-24,51,quantile,0.8,102
2026-10-03,wk inc flu hosp,3,2026-10-24,51,quantile,0.85,118
2026-10-03,wk inc flu hosp,3,2026-10-24,51,quantile,0.9,143
2026-10-03,wk inc flu hosp,3,2026-10-24,51,quantile,0.95,189
2026-10-03,wk inc flu hosp,3,2026-10-24,51,quantile,0.975,240
2026-10-03,wk inc flu hosp,3,2026-10-24,51,quantile,0.99,318
2026-10-03,wk inc flu hosp,0,2026-10-03,53,quantile,0.01,38
2026-10-03,wk inc flu hosp,0,2026-10-03,53,quantile,0.025,44
2026-10-03,wk inc flu hosp,0,2026-10-03,53,quantile,0.05,51
2026-10-03,wk inc flu hosp,0,2026-10-03,53,quantile,0.1,60
2026-10-03,wk inc flu hosp,0,2026-10-03,53,quantile,0.15,67
2026-10-03,wk inc flu hosp,0,2026-10-03,53,quantile,0.2,73
2026-10-03,wk inc flu hosp,0,2026-10-03,53,quantile,0.25,79
2026-10-03,wk inc flu hosp,0,2026-10-03,53,quantile,0.3,84
2026-10-03,wk inc flu hosp,0,2026-10-03,53,quantile,0.35,89
2026-10-03,wk inc flu hosp,0,2026-10-03,53,quantile,0.4,95
2026-10-03,wk inc flu hosp,0,2026-10-03,53,quantile,0.45,100
2026-10-03,wk inc flu hosp,0,2026-10-03,53,quantile,0.5,106
2026-10-03,wk inc flu hosp,0,2026-10-03,53,quantile,0.55,112
2026-10-03,wk inc flu hosp,0,2026-10-03,53,quantile,0.6,119
2026-10-03,wk inc flu hosp,0,2026-10-03,53,quantile,0.65,126
2026-10-03,wk inc flu hosp,0,2026-10-03,53,quantile,0.7,134
2026-10-03,wk inc flu hosp,0,2026-10-03,53,quantile,0.75,143
2026-10-03,wk inc flu hosp,0,2026-10-03,53,quantile,0.8,154
2026-10-03,wk inc flu hosp,0,2026-10-03,53,quantile,0.85,168
2026-10-03,wk inc flu hosp,0,2026-10-03,53,quantile,0.9,187
2026-10-03,wk inc flu hosp,0,2026-10-03,53,quantile,0.95,219
2026-10-03,wk inc flu hosp,0,2026-10-03,53,quantile,0.975,252
2026-10-03,wk inc flu hosp,0,2026-10-03,53,quantile,0.99,296
2026-10-03,wk inc flu hosp,1,2026-10-10,53,quantile,0.01,34
2026-10-03,wk inc flu hosp,1,2026-10-10,53,quantile,0.025,41
2026-10-03,wk inc flu hosp,1,2026-10-10,53,quantile,0.05,48
2026-10-03,wk inc flu hosp,1,2026-10-10,53,quantile,0.1,58
2026-10-03,wk inc flu hosp,1,2026-10-10,53,quantile,0.15,66
2026-10-03,wk inc flu hosp,1,2026-10-10,53,quantile,0.2,73
2026-10-03,wk inc flu hosp,1,2026-10-10,53,quantile,0.25,80
2026-10-03,wk inc flu hosp,1,2026-10-10,53,quantile,0.3,86
2026-10-03,wk inc flu hosp,1,2026-10-10,53,quantile,0.35,92
2026-10-03,wk inc flu hosp,1,2026-10-10,53,quantile,0.4,99
2026-10-03,wk inc flu hosp,1,2026-10-10,53,quantile,0.45,106
2026-10-03,wk inc flu hosp,1,2026-10-10,53,quantile,0.5,113
2026-10-03,wk inc flu hosp,1,2026-10-10,53,quantile,0.55,120
2026-10-03,wk inc flu hosp,1,2026-10-10,53,quantile,0.6,128
2026-10-03,wk inc flu hosp,1,2026-10-10,53,quantile,0.65,137
2026-10-03,wk inc flu hosp,1,2026-10-10,53,quantile,0.7,147
2026-10-03,wk inc flu hosp,1,2026-10-10,53,quantile,0.75,159
2026-10-03,wk inc flu hosp,1,2026-10-10,53,quantile,0.8,173
2026-10-03,wk inc flu hosp,1,2026-10-10,53,quantile,0.85,192
2026-10-03,wk inc flu hosp,1,2026-10-10,53,quantile,0.9,217
2026-10-03,wk inc flu hosp,1,2026-10-10,53,quantile,0.95,262
2026-10-03,wk inc flu hosp,1,2026-10-10,53,quantile,0.975,307
2026-10-03,wk inc flu hosp,1,2026-10-10,53,quantile,0.99,371
2026-10-03,wk inc flu hosp,2,2026-10-17,53,quantile,0.01,29
2026-10-03,wk inc flu hosp,2,2026-10-17,53,quantile,0.025,36
2026-10-03,wk inc flu hosp,2,2026-10-17,53,quantile,0.05,43
2026-10-03,wk inc flu hosp,2,2026-10-17,53,quantile,0.1,54
2026-10-03,wk inc flu hosp,2,2026-10-17,53,quantile,0.15,63
2026-10-03,wk inc flu hosp,2,2026-10-17,53,quantile,0.2,70
2026-10-03,wk inc flu hosp,2,2026-10-17,53,quantile,0.25,78
2026-10-03,wk inc flu hosp,2,2026-10-17,53,quantile,0.3,85
2026-10-03,wk inc flu hosp,2,2026-10-17,53,quantile,0.35,92
2026-10-03,wk inc flu hosp,2,2026-10-17,53,quantile,0.4,100
2026-10-03,wk inc flu hosp,2,2026-10-17,53,quantile,0.45,108
2026-10-03,wk inc flu hosp,2,2026-10-17,53,quantile,0.5,116
2026-10-03,wk inc flu hosp,2,2026-10-17,53,quantile,0.55,125
2026-10-03,wk inc flu hosp,2,2026-10-17,53,quantile,0.6,135
2026-10-03,wk inc flu hosp,2,2026-10-17,53,quantile,0.65,146
2026-10-03,wk inc flu hosp,2,2026-10-17,53,quantile,0.7,159
2026-10-03,wk inc flu hosp,2,2026-10-17,53,quantile,0.75,173
2026-10-03,wk inc flu hosp,2,2026-10-17,53,quantile,0.8,191
2026-10-03,wk inc flu hosp,2,2026-10-17,53,quantile,0.85,215
2026-10-03,wk inc flu hosp,2,2026-10-17,53,quantile,0.9,248
2026-10-03,wk inc flu hosp,2,2026-10-17,53,quantile,0.95,308
2026-10-03,wk inc flu hosp,2,2026-10-17,53,quantile,0.975,371
2026-10-03,wk inc flu hosp,2,2026-10-17,53,quantile,0.99,460
2026-10-03,wk inc flu hosp,3,2026-10-24,53,quantile,0.01,25
2026-10-03,wk inc flu hosp,3,2026-10-24,53,quantile,0.025,32
2026-10-03,wk inc flu hosp,3,2026-10-24,53,quantile,0.05,40
2026-10-03,wk inc flu hosp,3,2026-10-24,53,quantile,0.1,51
2026-10-03,wk inc flu hosp,3,2026-10-24,53,quantile,0.15,60
2026-10-03,wk inc flu hosp,3,2026-10-24,53,quantile,0.2,68
2026-10-03,wk inc flu hosp,3,2026-10-24,53,quantile,0.25,76
2026-10-03,wk inc flu hosp,3,2026-10-24,53,quantile,0.3,84
2026-10-03,wk inc flu hosp,3,2026-10-24,53,quantile,0.35,93
2026-10-03,wk inc flu hosp,3,2026-10-24,53,quantile,0.4,101
2026-10-03,wk inc flu hosp,3,2026-10-24,53,quantile,0.45,110
2026-10-03,wk inc flu hosp,3,2026-10-24,53,quantile,0.5,120
2026-10-03,wk inc flu hosp,3,2026-10-24,53,quantile,0.55,130
2026-10-03,wk inc flu hosp,3,2026-10-24,53,quantile,0.6,142
2026-10-03,wk inc flu hosp,3,2026-10-24,53,quantile,0.65,155
2026-10-03,wk inc flu hosp,3,2026-10-24,53,quantile,0.7,169
2026-10-03,wk inc flu hosp,3,2026-10-24,53,quantile,0.75,187
2026-10-03,wk inc flu hosp,3,2026-10-24,53,quantile,0.8,209
2026-10-03,wk inc flu hosp,3,2026-10-24,53,quantile,0.85,238
2026-10-03,wk inc flu hosp,3,2026-10-24,53,quantile,0.9,280
2026-10-03,wk inc flu hosp,3,2026-10-24,53,quantile,0.95,356
2026-10-03,wk inc flu hosp,3,2026-10-24,53,quantile,0.975,438
2026-10-03,wk inc flu hosp,3,2026-10-24,53,quantile,0.99,558
2026-10-03,wk inc flu hosp,0,2026-10-03,54,quantile,0.01,1
2026-10-03,wk inc flu hosp,0,2026-10-03,54,quantile,0.025,1
2026-10-03,wk inc flu hosp,0,2026-10-03,54,quantile,0.05,2
2026-10-03,wk inc flu hosp,0,2026-10-03,54,quantile,0.1,2
2026-10-03,wk inc flu hosp,0,2026-10-03,54,quantile,0.15,3
2026-10-03,wk inc flu hosp,0,2026-10-03,54,quantile,0.2,3
2026-10-03,wk inc flu hosp,0,2026-10-03,54,quantile,0.25,3
2026-10-03,wk inc flu hosp,0,2026-10-03,54,quantile,0.3,4
2026-10-03,wk inc flu hosp,0,2026-10-03,54,quantile,0.35,4
2026-10-03,wk inc flu hosp,0,2026-10-03,54,quantile,0.4,5
2026-10-03,wk inc flu hosp,0,2026-10-03,54,quantile,0.45,5
2026-10-03,wk inc flu hosp,0,2026-10-03,54,quantile,0.5,5
2026-10-03,wk inc flu hosp,0,2026-10-03,54,quantile,0.55,6
2026-10-03,wk inc flu hosp,0,2026-10-03,54,quantile,0.6,6
2026-10-03,wk inc flu hosp,0,2026-10-03,54,quantile,0.65,7
2026-10-03,wk inc flu hosp,0,2026-10-03,54,quantile,0.7,7
2026-10-03,wk inc flu hosp,0,2026-10-03,54,quantile,0.75,8
2026-10-03,wk inc flu hosp,0,2026-10-03,54,quantile,0.8,9
2026-10-03,wk inc flu hosp,0,2026-10-03,54,quantile,0.85,9
2026-10-03,wk inc flu hosp,0,2026-10-03,54,quantile,0.9,11
2026-10-03,wk inc flu hosp,0,2026-10-03,54,quantile,0.95,13
2026-10-03,wk inc flu hosp,0,2026-10-03,54,quantile,0.975,16
2026-10-03,wk inc flu hosp,0,2026-10-03,54,quantile,0.99,19
2026-10-03,wk inc flu hosp,1,2026-10-10,54,quantile,0.01,1
2026-10-03,wk inc flu hosp,1,2026-10-10,54,quantile,0.025,1
2026-10-03,wk inc flu hosp,1,2026-10-10,54,quantile,0.05,2
2026-10-03,wk inc flu hosp,1,2026-10-10,54,quantile,0.1,2
2026-10-03,wk inc flu hosp,1,2026-10-10,54,quantile,0.15,3
2026-10-03,wk inc flu hosp,1,2026-10-10,54,quantile,0.2,3
2026-10-03,wk inc flu hosp,1,2026-10-10,54,quantile,0.25,4
2026-10-03,wk inc flu hosp,1,2026-10-10,54,quantile,0.3,4
2026-10-03,wk inc flu hosp,1,2026-10-10,54,quantile,0.35,5
2026-10-03,wk inc flu hosp,1,2026-10-10,54,quantile,0.4,5
2026-10-03,wk inc flu hosp,1,2026-10-10,54,quantile,0.45,5
2026-10-03,wk inc flu hosp,1,2026-10-10,54,quantile,0.5,6
2026-10-03,wk inc flu hosp,1,2026-10-10,54,quantile,0.55,6
2026-10-03,wk inc flu hosp,1,2026-10-10,54,quantile,0.6,7
2026-10-03,wk inc flu hosp,1,2026-10-10,54,quantile,0.65,8
2026-10-03,wk inc flu hosp,1,2026-10-10,54,quantile,0.7,8
2026-10-03,wk inc flu hosp,1,2026-10-10,54,quantile,0.75,9
2026-10-03,wk inc flu hosp,1,2026-10-10,54,quantile,0.8,10
2026-10-03,wk inc flu hosp,1,2026-10-10,54,quantile,0.85,12
2026-10-03,wk inc flu hosp,1,2026-10-10,54,quantile,0.9,13
2026-10-03,wk inc flu hosp,1,2026-10-10,54,quantile,0.95,17
2026-10-03,wk inc flu hosp,1,2026-10-10,54,quantile,0.975,20
2026-10-03,wk inc flu hosp,1,2026-10-10,54,quantile,0.99,25
2026-10-03,wk inc flu hosp,2,2026-10-17,54,quantile,0.01,1
2026-10-03,wk inc flu hosp,2,2026-10-17,54,quantile,0.025,1
2026-10-03,wk inc flu hosp,2,2026-10-17,54,quantile,0.05,2
2026-10-03,wk inc flu hosp,2,2026-10-17,54,quantile,0.1,3
2026-10-03,wk inc flu hosp,2,2026-10-17,54,quantile,0.15,3
2026-10-03,wk inc flu hosp,2,2026-10-17,54,quantile,0.2,4
2026-10-03,wk inc flu hosp,2,2026-10-17,54,quantile,0.25,4
2026-10-03,wk inc flu hosp,2,2026-10-17,54,quantile,0.3,5
2026-10-03,wk inc flu hosp,2,2026-10-17,54,quantile,0.35,5
2026-10-03,wk inc flu hosp,2,2026-10-17,54,quantile,0.4,6
2026-10-03,wk inc flu hosp,2,2026-10-17,54,quantile,0.45,7
2026-10-03,wk inc flu hosp,2,2026-10-17,54,quantile,0.5,7
2026-10-03,wk inc flu hosp,2,2026-10-17,54,quantile,0.55,8
2026-10-03,wk inc flu hosp,2,2026-10-17,54,quantile,0.6,9
2026-10-03,wk inc flu hosp,2,2026-10-17,54,quantile,0.65,10
2026-10-03,wk inc flu hosp,2,2026-10-17,54,quantile,0.7,11
2026-10-03,wk inc flu hosp,2,2026-10-17,54,quantile,0.75,12
2026-10-03,wk inc flu hosp,2,2026-10-17,54,quantile,0.8,13
2026-10-03,wk inc flu hosp,2,2026-10-17,54,quantile,0.85,15
2026-10-03,wk inc flu hosp,2,2026-10-17,54,quantile,0.9,18
2026-10-03,wk inc flu hosp,2,2026-10-17,54,quantile,0.95,24
2026-10-03,wk inc flu hosp,2,2026-10-17,54,quantile,0.975,29
2026-10-03,wk inc flu hosp,2,2026-10-17,54,quantile,0.99,38
2026-10-03,wk inc flu hosp,3,2026-10-24,54,quantile,0.01,1
2026-10-03,wk inc flu hosp,3,2026-10-24,54,quantile,0.025,1
2026-10-03,wk inc flu hosp,3,2026-10-24,54,quantile,0.05,2
2026-10-03,wk inc flu hosp,3,2026-10-24,54,quantile,0.1,3
2026-10-03,wk inc flu hosp,3,2026-10-24,54,quantile,0.15,3
2026-10-03,wk inc flu hosp,3,2026-10-24,54,quantile,0.2,4
2026-10-03,wk inc flu hosp,3,2026-10-24,54,quantile,0.25,5
2026-10-03,wk inc flu hosp,3,2026-10-24,54,quantile,0.3,5
2026-10-03,wk inc flu hosp,3,2026-10-24,54,quantile,0.35,6
2026-10-03,wk inc flu hosp,3,2026-10-24,54,quantile,0.4,7
2026-10-03,wk inc flu hosp,3,2026-10-24,54,quantile,0.45,7
2026-10-03,wk inc flu hosp,3,2026-10-24,54,quantile,0.5,8
2026-10-03,wk inc flu hosp,3,2026-10-24,54,quantile,0.55,9
2026-10-03,wk inc flu hosp,3,2026-10-24,54,quantile,0.6,10
2026-10-03,wk inc flu hosp,3,2026-10-24,54,quantile,0.65,11
2026-10-03,wk inc flu hosp,3,2026-10-24,54,quantile,0.7,13
2026-10-03,wk inc flu hosp,3,2026-10-24,54,quantile,0.75,14
2026-10-03,wk inc flu hosp,3,2026-10-24,54,quantile,0.8,16
2026-10-03,wk inc flu hosp,3,2026-10-24,54,quantile,0.85,19
2026-10-03,wk inc flu hosp,3,2026-10-24,54,quantile,0.9,23
2026-10-03,wk inc flu hosp,3,2026-10-24,54,quantile,0.95,31
2026-10-03,wk inc flu hosp,3,2026-10-24,54,quantile,0.975,39
2026-10-03,wk inc flu hosp,3,2026-10-24,54,quantile,0.99,51
2026-10-03,wk inc flu hosp,0,2026-10-03,55,quantile,0.01,12
2026-10-03,wk inc flu hosp,0,2026-10-03,55,quantile,0.025,15
2026-10-03,wk inc flu hosp,0,2026-10-03,55,quantile,0.05,18
2026-10-03,wk inc flu hosp,0,2026-10-03,55,quantile,0.1,21
2026-10-03,wk inc flu hosp,0,2026-10-03,55,quantile,0.15,24
2026-10-03,wk inc flu hosp,0,2026-10-03,55,quantile,0.2,27
2026-10-03,wk inc flu hosp,0,2026-10-03,55,quantile,0.25,29
2026-10-03,wk inc flu hosp,0,2026-10-03,55,quantile,0.3,31
2026-10-03,wk inc flu hosp,0,2026-10-03,55,quantile,0.35,33
2026-10-03,wk inc flu hosp,0,2026-10-03,55,quantile,0.4,36
2026-10-03,wk inc flu hosp,0,2026-10-03,55,quantile,0.45,38
2026-10-03,wk inc flu hosp,0,2026-10-03,55,quantile,0.5,40
2026-10-03,wk inc flu hosp,0,2026-10-03,55,quantile,0.55,43
2026-10-03,wk inc flu hosp,0,2026-10-03,55,quantile,0.6,46
2026-10-03,wk inc flu hosp,0,2026-10-03,55,quantile,0.65,49
2026-10-03,wk inc flu hosp,0,2026-10-03,55,quantile,0.7,52
2026-10-03,wk inc flu hosp,0,2026-10-03,55,quantile,0.75,56
2026-10-03,wk inc flu hosp,0,2026-10-03,55,quantile,0.8,61
2026-10-03,wk inc flu hosp,0,2026-10-03,55,quantile,0.85,67
2026-10-03,wk inc flu hosp,0,2026-10-03,55,quantile,0.9,76
2026-10-03,wk inc flu hosp,0,2026-10-03,55,quantile,0.95,91
2026-10-03,wk inc flu hosp,0,2026-10-03,55,quantile,0.975,106
2026-10-03,wk inc flu hosp,0,2026-10-03,55,quantile,0.99,127
2026-10-03,wk inc flu hosp,1,2026-10-10,55,quantile,0.01,11
2026-10-03,wk inc flu hosp,1,2026-10-10,55,quantile,0.025,14
2026-10-03,wk inc flu hosp,1,2026-10-10,55,quantile,0.05,17
2026-10-03,wk inc flu hosp,1,2026-10-10,55,quantile,0.1,21
2026-10-03,wk inc flu hosp,1,2026-10-10,55,quantile,0.15,24
2026-10-03,wk inc flu hosp,1,2026-10-10,55,quantile,0.2,27
2026-10-03,wk inc flu hosp,1,2026-10-10,55,quantile,0.25,30
2026-10-03,wk inc flu hosp,1,2026-10-10,55,quantile,0.3,33
2026-10-03,wk inc flu hosp,1,2026-10-10,55,quantile,0.35,35
2026-10-03,wk inc flu hosp,1,2026-10-10,55,quantile,0.4,38
2026-10-03,wk inc flu hosp,1,2026-10-10,55,quantile,0.45,41
2026-10-03,wk inc flu hosp,1,2026-10-10,55,quantile,0.5,44
2026-10-03,wk inc flu hosp,1,2026-10-10,55,quantile,0.55,47
2026-10-03,wk inc flu hosp,1,2026-10-10,55,quantile,0.6,51
2026-10-03,wk inc flu hosp,1,2026-10-10,55,quantile,0.65,55
2026-10-03,wk inc flu hosp,1,2026-10-10,55,quantile,0.7,60
2026-10-03,wk inc flu hosp,1,2026-10-10,55,quantile,0.75,65
2026-10-03,wk inc flu hosp,1,2026-10-10,55,quantile,0.8,71
2026-10-03,wk inc flu hosp,1,2026-10-10,55,quantile,0.85,80
2026-10-03,wk inc flu hosp,1,2026-10-10,55,quantile,0.9,92
2026-10-03,wk inc flu hosp,1,2026-10-10,55,quantile,0.95,113
2026-10-03,wk inc flu hosp,1,2026-10-10,55,quantile,0.975,135
2026-10-03,wk inc flu hosp,1,2026-10-10,55,quantile,0.99,166
2026-10-03,wk inc flu hosp,2,2026-10-17,55,quantile,0.01,10
2026-10-03,wk inc flu hosp,2,2026-10-17,55,quantile,0.025,12
2026-10-03,wk inc flu hosp,2,2026-10-17,55,quantile,0.05,16
2026-10-03,wk inc flu hosp,2,2026-10-17,55,quantile,0.1,20
2026-10-03,wk inc flu hosp,2,2026-10-17,55,quantile,0.15,24
2026-10-03,wk inc flu hosp,2,2026-10-17,55,quantile,0.2,27
2026-10-03,wk inc flu hosp,2,2026-10-17,55,quantile,0.25,30
2026-10-03,wk inc flu hosp,2,2026-10-17,55,quantile,0.3,33
2026-10-03,wk inc flu hosp,2,2026-10-17,55,quantile,0.35,37
2026-10-03,wk inc flu hosp,2,2026-10-17,55,quantile,0.4,40
2026-10-03,wk inc flu hosp,2,2026-10-17,55,quantile,0.45,43
2026-10-03,wk inc flu hosp,2,2026-10-17,55,quantile,0.5,47
2026-10-03,wk inc flu hosp,2,2026-10-17,55,quantile,0.55,51
2026-10-03,wk inc flu hosp,2,2026-10-17,55,quantile,0.6,56
2026-10-03,wk inc flu hosp,2,2026-10-17,55,quantile,0.65,61
2026-10-03,wk inc flu hosp,2,2026-10-17,55,quantile,0.7,67
2026-10-03,wk inc flu hosp,2,2026-10-17,55,quantile,0.75,74
2026-10-03,wk inc flu hosp,2,2026-10-17,55,quantile,0.8,82
2026-10-03,wk inc flu hosp,2,2026-10-17,55,quantile,0.85,94
2026-10-03,wk inc flu hosp,2,2026-10-17,55,quantile,0.9,110
2026-10-03,wk inc flu hosp,2,2026-10-17,55,quantile,0.95,140
2026-10-03,wk inc flu hosp,2,2026-10-17,55,quantile,0.975,172
2026-10-03,wk inc flu hosp,2,2026-10-17,55,quantile,0.99,218
2026-10-03,wk inc flu hosp,3,2026-10-24,55,quantile,0.01,8
2026-10-03,wk inc flu hosp,3,2026-10-24,55,quantile,0.025,11
2026-10-03,wk inc flu hosp,3,2026-10-24,55,quantile,0.05,14
2026-10-03,wk inc flu hosp,3,2026-10-24,55,quantile,0.1,19
2026-10-03,wk inc flu hosp,3,2026-10-24,55,quantile,0.15,23
2026-10-03,wk inc flu hosp,3,2026-10-24,55,quantile,0.2,26
2026-10-03,wk inc flu hosp,3,2026-10-24,55,quantile,0.25,30
2026-10-03,wk inc flu hosp,3,2026-10-24,55,quantile,0.3,34
2026-10-03,wk inc flu hosp,3,2026-10-24,55,quantile,0.35,37
2026-10-03,wk inc flu hosp,3,2026-10-24,55,quantile,0.4,41
2026-10-03,wk inc flu hosp,3,2026-10-24,55,quantile,0.45,45
2026-10-03,wk inc flu hosp,3,2026-10-24,55,quantile,0.5,50
2026-10-03,wk inc flu hosp,3,2026-10-24,55,quantile,0.55,54
2026-10-03,wk inc flu hosp,3,2026-10-24,55,quantile,0.6,60
2026-10-03,wk inc flu hosp,3,2026-10-24,55,quantile,0.65,66
2026-10-03,wk inc flu hosp,3,2026-10-24,55,quantile,0.7,73
2026-10-03,wk inc flu hosp,3,2026-10-24,55,quantile,0.75,82
2026-10-03,wk inc flu hosp,3,2026-10-24,55,quantile,0.8,92
2026-10-03,wk inc flu hosp,3,2026-10-24,55,quantile,0.85,106
2026-10-03,wk inc flu hosp,3,2026-10-24,55,quantile,0.9,127
2026-10-03,wk inc flu hosp,3,2026-10-24,55,quantile,0.95,166
2026-10-03,wk inc flu hosp,3,2026-10-24,55,quantile,0.975,209
2026-10-03,wk inc flu hosp,3,2026-10-24,55,quantile,0.99,273
2026-10-03,wk inc flu hosp,0,2026-10-03,56,quantile,0.01,0
2026-10-03,wk inc flu hosp,0,2026-10-03,56,quantile,0.025,0
2026-10-03,wk inc flu hosp,0,2026-10-03,56,quantile,0.05,0
2026-10-03,wk inc flu hosp,0,2026-10-03,56,quantile,0.1,1
2026-10-03,wk inc flu hosp,0,2026-10-03,56,quantile,0.15,1
2026-10-03,wk inc flu hosp,0,2026-10-03,56,quantile,0.2,1
2026-10-03,wk inc flu hosp,0,2026-10-03,56,quantile,0.25,2
2026-10-03,wk inc flu hosp,0,2026-10-03,56,quantile,0.3,2
2026-10-03,wk inc flu hosp,0,2026-10-03,56,quantile,0.35,2
2026-10-03,wk inc flu hosp,0,2026-10-03,56,quantile,0.4,2
2026-10-03,wk inc flu hosp,0,2026-10-03,56,quantile,0.45,3
2026-10-03,wk inc flu hosp,0,2026-10-03,56,quantile,0.5,3
2026-10-03,wk inc flu hosp,0,2026-10-03,56,quantile,0.55,3
2026-10-03,wk inc flu hosp,0,2026-10-03,56,quantile,0.6,4
2026-10-03,wk inc flu hosp,0,2026-10-03,56,quantile,0.65,4
2026-10-03,wk inc flu hosp,0,2026-10-03,56,quantile,0.7,5
2026-10-03,wk inc flu hosp,0,2026-10-03,56,quantile,0.75,5
2026-10-03,wk inc flu hosp,0,2026-10-03,56,quantile,0.8,6
2026-10-03,wk inc flu hosp,0,2026-10-03,56,quantile,0.85,7
2026-10-03,wk inc flu hosp,0,2026-10-03,56,quantile,0.9,8
2026-10-03,wk inc flu hosp,0,2026-10-03,56,quantile,0.95,10
2026-10-03,wk inc flu hosp,0,2026-10-03,56,quantile,0.975,13
2026-10-03,wk inc flu hosp,0,2026-10-03,56,quantile,0.99,16
2026-10-03,wk inc flu hosp,1,2026-10-10,56,quantile,0.01,0
2026-10-03,wk inc flu hosp,1,2026-10-10,56,quantile,0.025,0
2026-10-03,wk inc flu hosp,1,2026-10-10,56,quantile,0.05,0
2026-10-03,wk inc flu hosp,1,2026-10-10,56,quantile,0.1,1
2026-10-03,wk inc flu hosp,1,2026-10-10,56,quantile,0.15,1
2026-10-03,wk inc flu hosp,1,2026-10-10,56,quantile,0.2,1
2026-10-03,wk inc flu hosp,1,2026-10-10,56,quantile,0.25,2
2026-10-03,wk inc flu hosp,1,2026-10-10,56,quantile,0.3,2
2026-10-03,wk inc flu hosp,1,2026-10-10,56,quantile,0.35,2
2026-10-03,wk inc flu hosp,1,2026-10-10,56,quantile,0.4,3
2026-10-03,wk inc flu hosp,1,2026-10-10,56,quantile,0.45,3
2026-10-03,wk inc flu hosp,1,2026-10-10,56,quantile,0.5,4
2026-10-03,wk inc flu hosp,1,2026-10-10,56,quantile,0.55,4
2026-10-03,wk inc flu hosp,1,2026-10-10,56,quantile,0.6,5
2026-10-03,wk inc flu hosp,1,2026-10-10,56,quantile,0.65,5
2026-10-03,wk inc flu hosp,1,2026-10-10,56,quantile,0.7,6
2026-10-03,wk inc flu hosp,1,2026-10-10,56,quantile,0.75,7
2026-10-03,wk inc flu hosp,1,2026-10-10,56,quantile,0.8,8
2026-10-03,wk inc flu hosp,1,2026-10-10,56,quantile,0.85,9
2026-10-03,wk inc flu hosp,1,2026-10-10,56,quantile,0.9,11
2026-10-03,wk inc flu hosp,1,2026-10-10,56,quantile,0.95,14
2026-10-03,wk inc flu hosp,1,2026-10-10,56,quantile,0.975,18
2026-10-03,wk inc flu hosp,1,2026-10-10,56,quantile,0.99,24
2026-10-03,wk inc flu hosp,2,2026-10-17,56,quantile,0.01,0
2026-10-03,wk inc flu hosp,2,2026-10-17,56,quantile,0.025,0
2026-10-03,wk inc flu hosp,2,2026-10-17,56,quantile,0.05,0
2026-10-03,wk inc flu hosp,2,2026-10-17,56,quantile,0.1,1
2026-10-03,wk inc flu hosp,2,2026-10-17,56,quantile,0.15,1
2026-10-03,wk inc flu hosp,2,2026-10-17,56,quantile,0.2,2
2026-10-03,wk inc flu hosp,2,2026-10-17,56,quantile,0.25,2
2026-10-03,wk inc flu hosp,2,2026-10-17,56,quantile,0.3,2
2026-10-03,wk inc flu hosp,2,2026-10-17,56,quantile,0.35,3
2026-10-03,wk inc flu hosp,2,2026-10-17,56,quantile,0.4,3
2026-10-03,wk inc flu hosp,2,2026-10-17,56,quantile,0.45,4
2026-10-03,wk inc flu hosp,2,2026-10-17,56,quantile,0.5,4
2026-10-03,wk inc flu hosp,2,2026-10-17,56,quantile,0.55,5
2026-10-03,wk inc flu hosp,2,2026-10-17,56,quantile,0.6,6
2026-10-03,wk inc flu hosp,2,2026-10-17,56,quantile,0.65,6
2026-10-03,wk inc flu hosp,2,2026-10-17,56,quantile,0.7,7
2026-10-03,wk inc flu hosp,2,2026-10-17,56,quantile,0.75,8
2026-10-03,wk inc flu hosp,2,2026-10-17,56,quantile,0.8,10
2026-10-03,wk inc flu hosp,2,2026-10-17,56,quantile,0.85,12
2026-10-03,wk inc flu hosp,2,2026-10-17,56,quantile,0.9,15
2026-10-03,wk inc flu hosp,2,2026-10-17,56,quantile,0.95,21
2026-10-03,wk inc flu hosp,2,2026-10-17,56,quantile,0.975,27
2026-10-03,wk inc flu hosp,2,2026-10-17,56,quantile,0.99,38
2026-10-03,wk inc flu hosp,3,2026-10-24,56,quantile,0.01,0
2026-10-03,wk inc flu hosp,3,2026-10-24,56,quantile,0.025,0
2026-10-03,wk inc flu hosp,3,2026-10-24,56,quantile,0.05,0
2026-10-03,wk inc flu hosp,3,2026-10-24,56,quantile,0.1,1
2026-10-03,wk inc flu hosp,3,2026-10-24,56,quantile,0.15,1
2026-10-03,wk inc flu hosp,3,2026-10-24,56,quantile,0.2,2
2026-10-03,wk inc flu hosp,3,2026-10-24,56,quantile,0.25,2
2026-10-03,wk inc flu hosp,3,2026-10-24,56,quantile,0.3,3
2026-10-03,wk inc flu hosp,3,2026-10-24,56,quantile,0.35,3
2026-10-03,wk inc flu hosp,3,2026-10-24,56,quantile,0.4,4
2026-10-03,wk inc flu hosp,3,2026-10-24,56,quantile,0.45,5
2026-10-03,wk inc flu hosp,3,2026-10-24,56,quantile,0.5,5
2026-10-03,wk inc flu hosp,3,2026-10-24,56,quantile,0.55,6
2026-10-03,wk inc flu hosp,3,2026-10-24,56,quantile,0.6,7
2026-10-03,wk inc flu hosp,3,2026-10-24,56,quantile,0.65,8
2026-10-03,wk inc flu hosp,3,2026-10-24,56,quantile,0.7,9
2026-10-03,wk inc flu hosp,3,2026-10-24,56,quantile,0.75,11
2026-10-03,wk inc flu hosp,3,2026-10-24,56,quantile,0.8,13
2026-10-03,wk inc flu hosp,3,2026-10-24,56,quantile,0.85,16
2026-10-03,wk inc flu hosp,3,2026-10-24,56,quantile,0.9,20
2026-10-03,wk inc flu hosp,3,2026-10-24,56,quantile,0.95,29
2026-10-03,wk inc flu hosp,3,2026-10-24,56,quantile,0.975,39
2026-10-03,wk inc flu hosp,3,2026-10-24,56,quantile,0.99,56
2026-10-03,wk inc flu hosp,0,2026-10-03,72,quantile,0.01,43
2026-10-03,wk inc flu hosp,0,2026-10-03,72,quantile,0.025,51
2026-10-03,wk inc flu hosp,0,2026-10-03,72,quantile,0.05,58
2026-10-03,wk inc flu hosp,0,2026-10-03,72,quantile,0.1,68
2026-10-03,wk inc flu hosp,0,2026-10-03,72,quantile,0.15,76
2026-10-03,wk inc flu hosp,0,2026-10-03,72,quantile,0.2,83
2026-10-03,wk inc flu hosp,0,2026-10-03,72,quantile,0.25,89
2026-10-03,wk inc flu hosp,0,2026-10-03,72,quantile,0.3,95
2026-10-03,wk inc flu hosp,0,2026-10-03,72,quantile,0.35,101
2026-10-03,wk inc flu hosp,0,2026-10-03,72,quantile,0.4,106
2026-10-03,wk inc flu hosp,0,2026-10-03,72,quantile,0.45,112
2026-10-03,wk inc flu hosp,0,2026-10-03,72,quantile,0.5,119
2026-10-03,wk inc flu hosp,0,2026-10-03,72,quantile,0.55,125
2026-10-03,wk inc flu hosp,0,2026-10-03,72,quantile,0.6,132
2026-10-03,wk inc flu hosp,0,2026-10-03,72,quantile,0.65,140
2026-10-03,wk inc flu hosp,0,2026-10-03,72,quantile,0.7,149
2026-10-03,wk inc flu hosp,0,2026-10-03,72,quantile,0.75,159
2026-10-03,wk inc flu hosp,0,2026-10-03,72,quantile,0.8,170
2026-10-03,wk inc flu hosp,0,2026-10-03,72,quantile,0.85,185
2026-10-03,wk inc flu hosp,0,2026-10-03,72,quantile,0.9,206
2026-10-03,wk inc flu hosp,0,2026-10-03,72,quantile,0.95,240
2026-10-03,wk inc flu hosp,0,2026-10-03,72,quantile,0.975,275
2026-10-03,wk inc flu hosp,0,2026-10-03,72,quantile,0.99,321
2026-10-03,wk inc flu hosp,1,2026-10-10,72,quantile,0.01,40
2026-10-03,wk inc flu hosp,1,2026-10-10,72,quantile,0.025,48
2026-10-03,wk inc flu hosp,1,2026-10-10,72,quantile,0.05,56
2026-10-03,wk inc flu hosp,1,2026-10-10,72,quantile,0.1,67
2026-10-03,wk inc flu hosp,1,2026-10-10,72,quantile,0.15,76
2026-10-03,wk inc flu hosp,1,2026-10-10,72,quantile,0.2,84
2026-10-03,wk inc flu hosp,1,2026-10-10,72,quantile,0.25,91
2026-10-03,wk inc flu hosp,1,2026-10-10,72,quantile,0.3,99
2026-10-03,wk inc flu hosp,1,2026-10-10,72,quantile,0.35,106
2026-10-03,wk inc flu hosp,1,2026-10-10,72,quantile,0.4,113
2026-10-03,wk inc flu hosp,1,2026-10-10,72,quantile,0.45,120
2026-10-03,wk inc flu hosp,1,2026-10-10,72,quantile,0.5,128
2026-10-03,wk inc flu hosp,1,2026-10-10,72,quantile,0.55,136
2026-10-03,wk inc flu hosp,1,2026-10-10,72,quantile,0.6,145
2026-10-03,wk inc flu hosp,1,2026-10-10,72,quantile,0.65,155
2026-10-03,wk inc flu hosp,1,2026-10-10,72,quantile,0.7,166
2026-10-03,wk inc flu hosp,1,2026-10-10,72,quantile,0.75,179
2026-10-03,wk inc flu hosp,1,2026-10-10,72,quantile,0.8,195
2026-10-03,wk inc flu hosp,1,2026-10-10,72,quantile,0.85,214
2026-10-03,wk inc flu hosp,1,2026-10-10,72,quantile,0.9,242
2026-10-03,wk inc flu hosp,1,2026-10-10,72,quantile,0.95,290
2026-10-03,wk inc flu hosp,1,2026-10-10,72,quantile,0.975,339
2026-10-03,wk inc flu hosp,1,2026-10-10,72,quantile,0.99,407
2026-10-03,wk inc flu hosp,2,2026-10-17,72,quantile,0.01,35
2026-10-03,wk inc flu hosp,2,2026-10-17,72,quantile,0.025,44
2026-10-03,wk inc flu hosp,2,2026-10-17,72,quantile,0.05,53
2026-10-03,wk inc flu hosp,2,2026-10-17,72,quantile,0.1,65
2026-10-03,wk inc flu hosp,2,2026-10-17,72,quantile,0.15,75
2026-10-03,wk inc flu hosp,2,2026-10-17,72,quantile,0.2,84
2026-10-03,wk inc flu hosp,2,2026-10-17,72,quantile,0.25,93
2026-10-03,wk inc flu hosp,2,2026-10-17,72,quantile,0.3,101
2026-10-03,wk inc flu hosp,2,2026-10-17,72,quantile,0.35,109
2026-10-03,wk inc flu hosp,2,2026-10-17,72,quantile,0.4,118
2026-10-03,wk inc flu hosp,2,2026-10-17,72,quantile,0.45,127
2026-10-03,wk inc flu hosp,2,2026-10-17,72,quantile,0.5,137
2026-10-03,wk inc flu hosp,2,2026-10-17,72,quantile,0.55,147
2026-10-03,wk inc flu hosp,2,2026-10-17,72,quantile,0.6,158
2026-10-03,wk inc flu hosp,2,2026-10-17,72,quantile,0.65,170
2026-10-03,wk inc flu hosp,2,2026-10-17,72,quantile,0.7,185
2026-10-03,wk inc flu hosp,2,2026-10-17,72,quantile,0.75,201
2026-10-03,wk inc flu hosp,2,2026-10-17,72,quantile,0.8,222
2026-10-03,wk inc flu hosp,2,2026-10-17,72,quantile,0.85,248
2026-10-03,wk inc flu hosp,2,2026-10-17,72,quantile,0.9,285
2026-10-03,wk inc flu hosp,2,2026-10-17,72,quantile,0.95,352
2026-10-03,wk inc flu hosp,2,2026-10-17,72,quantile,0.975,421
2026-10-03,wk inc flu hosp,2,2026-10-17,72,quantile,0.99,520
2026-10-03,wk inc flu hosp,3,2026-10-24,72,quantile,0.01,32
2026-10-03,wk inc flu hosp,3,2026-10-24,72,quantile,0.025,40
2026-10-03,wk inc flu hosp,3,2026-10-24,72,quantile,0.05,49
2026-10-03,wk inc flu hosp,3,2026-10-24,72,quantile,0.1,63
2026-10-03,wk inc flu hosp,3,2026-10-24,72,quantile,0.15,73
2026-10-03,wk inc flu hosp,3,2026-10-24,72,quantile,0.2,83
2026-10-03,wk inc flu hosp,3,2026-10-24,72,quantile,0.25,93
2026-10-03,wk inc flu hosp,3,2026-10-24,72,quantile,0.3,102
2026-10-03,wk inc flu hosp,3,2026-10-24,72,quantile,0.35,112
2026-10-03,wk inc flu hosp,3,2026-10-24,72,quantile,0.4,122
2026-10-03,wk inc flu hosp,3,2026-10-24,72,quantile,0.45,132
2026-10-03,wk inc flu hosp,3,2026-10-24,72,quantile,0.5,143
2026-10-03,wk inc flu hosp,3,2026-10-24,72,quantile,0.55,155
2026-10-03,wk inc flu hosp,3,2026-10-24,72,quantile,0.6,169
2026-10-03,wk inc flu hosp,3,2026-10-24,72,quantile,0.65,184
2026-10-03,wk inc flu hosp,3,2026-10-24,72,quantile,0.7,201
2026-10-03,wk inc flu hosp,3,2026-10-24,72,quantile,0.75,221
2026-10-03,wk inc flu hosp,3,2026-10-24,72,quantile,0.8,246
2026-10-03,wk inc flu hosp,3,2026-10-24,72,quantile,0.85,279
2026-10-03,wk inc flu hosp,3,2026-10-24,72,quantile,0.9,327
2026-10-03,wk inc flu hosp,3,2026-10-24,72,quantile,0.95,413
2026-10-03,wk inc flu hosp,3,2026-10-24,72,quantile,0.975,505
2026-10-03,wk inc flu hosp,3,2026-10-24,72,quantile,0.99,639
2026-10-03,wk inc flu hosp,0,2026-10-03,US,quantile,0.01,1182
2026-10-03,wk inc flu hosp,0,2026-10-03,US,quantile,0.025,1361
2026-10-03,wk inc flu hosp,0,2026-10-03,US,quantile,0.05,1536
2026-10-03,wk inc flu hosp,0,2026-10-03,US,quantile,0.1,1765
2026-10-03,wk inc flu hosp,0,2026-10-03,US,quantile,0.15,1939
2026-10-03,wk inc flu hosp,0,2026-10-03,US,quantile,0.2,2089
2026-10-03,wk inc flu hosp,0,2026-10-03,US,quantile,0.25,2228
2026-10-03,wk inc flu hosp,0,2026-10-03,US,quantile,0.3,2360
2026-10-03,wk inc flu hosp,0,2026-10-03,US,quantile,0.35,2489
2026-10-03,wk inc flu hosp,0,2026-10-03,US,quantile,0.4,2618
2026-10-03,wk inc flu hosp,0,2026-10-03,US,quantile,0.45,2749
2026-10-03,wk inc flu hosp,0,2026-10-03,US,quantile,0.5,2885
2026-10-03,wk inc flu hosp,0,2026-10-03,US,quantile,0.55,3028
2026-10-03,wk inc flu hosp,0,2026-10-03,US,quantile,0.6,3179
2026-10-03,wk inc flu hosp,0,2026-10-03,US,quantile,0.65,3344
2026-10-03,wk inc flu hosp,0,2026-10-03,US,quantile,0.7,3528
2026-10-03,wk inc flu hosp,0,2026-10-03,US,quantile,0.75,3737
2026-10-03,wk inc flu hosp,0,2026-10-03,US,quantile,0.8,3984
2026-10-03,wk inc flu hosp,0,2026-10-03,US,quantile,0.85,4293
2026-10-03,wk inc flu hosp,0,2026-10-03,US,quantile,0.9,4715
2026-10-03,wk inc flu hosp,0,2026-10-03,US,quantile,0.95,5420
2026-10-03,wk inc flu hosp,0,2026-10-03,US,quantile,0.975,6116
2026-10-03,wk inc flu hosp,0,2026-10-03,US,quantile,0.99,7038
2026-10-03,wk inc flu hosp,1,2026-10-10,US,quantile,0.01,1042
2026-10-03,wk inc flu hosp,1,2026-10-10,US,quantile,0.025,1227
2026-10-03,wk inc flu hosp,1,2026-10-10,US,quantile,0.05,1412
2026-10-03,wk inc flu hosp,1,2026-10-10,US,quantile,0.1,1660
2026-10-03,wk inc flu hosp,1,2026-10-10,US,quantile,0.15,1852
2026-10-03,wk inc flu hosp,1,2026-10-10,US,quantile,0.2,2020
2026-10-03,wk inc flu hosp,1,2026-10-10,US,quantile,0.25,2176
2026-10-03,wk inc flu hosp,1,2026-10-10,US,quantile,0.3,2327
2026-10-03,wk inc flu hosp,1,2026-10-10,US,quantile,0.35,2476
2026-10-03,wk inc flu hosp,1,2026-10-10,US,quantile,0.4,2626
2026-10-03,wk inc flu hosp,1,2026-10-10,US,quantile,0.45,2779
2026-10-03,wk inc flu hosp,1,2026-10-10,US,quantile,0.5,2939
2026-10-03,wk inc flu hosp,1,2026-10-10,US,quantile,0.55,3109
2026-10-03,wk inc flu hosp,1,2026-10-10,US,quantile,0.6,3291
2026-10-03,wk inc flu hosp,1,2026-10-10,US,quantile,0.65,3490
2026-10-03,wk inc flu hosp,1,2026-10-10,US,quantile,0.7,3713
2026-10-03,wk inc flu hosp,1,2026-10-10,US,quantile,0.75,3970
2026-10-03,wk inc flu hosp,1,2026-10-10,US,quantile,0.8,4277
2026-10-03,wk inc flu hosp,1,2026-10-10,US,quantile,0.85,4665
2026-10-03,wk inc flu hosp,1,2026-10-10,US,quantile,0.9,5203
2026-10-03,wk inc flu hosp,1,2026-10-10,US,quantile,0.95,6118
2026-10-03,wk inc flu hosp,1,2026-10-10,US,quantile,0.975,7040
2026-10-03,wk inc flu hosp,1,2026-10-10,US,quantile,0.99,8289
2026-10-03,wk inc flu hosp,2,2026-10-17,US,quantile,0.01,881
2026-10-03,wk inc flu hosp,2,2026-10-17,US,quantile,0.025,1065
2026-10-03,wk inc flu hosp,2,2026-10-17,US,quantile,0.05,1253
2026-10-03,wk inc flu hosp,2,2026-10-17,US,quantile,0.1,1510
2026-10-03,wk inc flu hosp,2,2026-10-17,US,quantile,0.15,1714
2026-10-03,wk inc flu hosp,2,2026-10-17,US,quantile,0.2,1895
2026-10-03,wk inc flu hosp,2,2026-10-17,US,quantile,0.25,2065
2026-10-03,wk inc flu hosp,2,2026-10-17,US,quantile,0.3,2232
2026-10-03,wk inc flu hosp,2,2026-10-17,US,quantile,0.35,2397
2026-10-03,wk inc flu hosp,2,2026-10-17,US,quantile,0.4,2566
2026-10-03,wk inc flu hosp,2,2026-10-17,US,quantile,0.45,2741
2026-10-03,wk inc flu hosp,2,2026-10-17,US,quantile,0.5,2924
2026-10-03,wk inc flu hosp,2,2026-10-17,US,quantile,0.55,3120
2026-10-03,wk inc flu hosp,2,2026-10-17,US,quantile,0.6,3332
2026-10-03,wk inc flu hosp,2,2026-10-17,US,quantile,0.65,3566
2026-10-03,wk inc flu hosp,2,2026-10-17,US,quantile,0.7,3831
2026-10-03,wk inc flu hosp,2,2026-10-17,US,quantile,0.75,4139
2026-10-03,wk inc flu hosp,2,2026-10-17,US,quantile,0.8,4512
2026-10-03,wk inc flu hosp,2,2026-10-17,US,quantile,0.85,4988
2026-10-03,wk inc flu hosp,2,2026-10-17,US,quantile,0.9,5659
2026-10-03,wk inc flu hosp,2,2026-10-17,US,quantile,0.95,6825
2026-10-03,wk inc flu hosp,2,2026-10-17,US,quantile,0.975,8028
2026-10-03,wk inc flu hosp,2,2026-10-17,US,quantile,0.99,9695
2026-10-03,wk inc flu hosp,3,2026-10-24,US,quantile,0.01,749
2026-10-03,wk inc flu hosp,3,2026-10-24,US,quantile,0.025,925
2026-10-03,wk inc flu hosp,3,2026-10-24,US,quantile,0.05,1110
2026-10-03,wk inc flu hosp,3,2026-10-24,US,quantile,0.1,1368
2026-10-03,wk inc flu hosp,3,2026-10-24,US,quantile,0.15,1576
2026-10-03,wk inc flu hosp,3,2026-10-24,US,quantile,0.2,1763
2026-10-03,wk inc flu hosp,3,2026-10-24,US,quantile,0.25,1942
2026-10-03,wk inc flu hosp,3,2026-10-24,US,quantile,0.3,2117
2026-10-03,wk inc flu hosp,3,2026-10-24,US,quantile,0.35,2294
2026-10-03,wk inc flu hosp,3,2026-10-24,US,quantile,0.4,2475
2026-10-03,wk inc flu hosp,3,2026-10-24,US,quantile,0.45,2664
2026-10-03,wk inc flu hosp,3,2026-10-24,US,quantile,0.5,2864
2026-10-03,wk inc flu hosp,3,2026-10-24,US,quantile,0.55,3080
2026-10-03,wk inc flu hosp,3,2026-10-24,US,quantile,0.6,3315
2026-10-03,wk inc flu hosp,3,2026-10-24,US,quantile,0.65,3577
2026-10-03,wk inc flu hosp,3,2026-10-24,US,quantile,0.7,3875
2026-10-03,wk inc flu hosp,3,2026-10-24,US,quantile,0.75,4225
2026-10-03,wk inc flu hosp,3,2026-10-24,US,quantile,0.8,4653
2026-10-03,wk inc flu hosp,3,2026-10-24,US,quantile,0.85,5205
2026-10-03,wk inc flu hosp,3,2026-10-24,US,quantile,0.9,5995
2026-10-03,wk inc flu hosp,3,2026-10-24,US,quantile,0.95,7391
2026-10-03,wk inc flu hosp,3,2026-10-24,US,quantile,0.975,8863
2026-10-03,wk inc flu hosp,3,2026-10-24,US,quantile,0.99,10946
